?cls	?def	?xrefs
<http://purl.obolibrary.org/obo/XAO_0001102>	"Second of two pancreatic primordia that give rise to a ventral pancreatic bud."	
<http://purl.obolibrary.org/obo/XAO_0004494>	"A prominent, slender, rod-like projection of the iliac bone located close to the acetabiulum and directed posteriorly."	
<http://purl.obolibrary.org/obo/XAO_0004334>	"Hyoid arch muscle that connects Meckel's cartilage with the palatoquadrate and supports the opening of the mouth by depressing Meckel's cartilage."	
<http://purl.obolibrary.org/obo/XAO_0004466>	"Multi-tissue structure that comprises a secretory epithelial layer and a connective tissue layer."	
<http://purl.obolibrary.org/obo/XAO_0004414>	"The 2nd most anterior of the hind digits, consisting of a single metatarsal, 3 phalanges, and a claw."	
<http://purl.obolibrary.org/obo/XAO_0005210>	"The side of an organism that is left of the sagittal plane."	
<http://purl.obolibrary.org/obo/XAO_0005158>	"The stomach tissue region which surrounds and controls the distal outlet of the stomach, which opens into the duodenum, and contains the pyloric glands."	"UBERON:0001166"
<http://purl.obolibrary.org/obo/XAO_0004135>	"The interface between the dorsal neuroepithelium and the roof plate of the fourth ventricle. The source of a number of migratory neuron populations of the hindbrain."	"UBERON:0006215"
<http://purl.obolibrary.org/obo/XAO_0004159>	"Vein that drains the dorsal longitudinal vessel and the caudal portions of the venous capillary network of the medulla oblongata. The cerebral veins cross the head dorsally at NF stage 37-38. It drains into the vena capitis lateralis."	
<http://purl.obolibrary.org/obo/XAO_0000063>	"Duct that drains urine from the pronephros and connects it to the cloaca. It is thought that the pronephric duct may play a key role in the induction of the mesonephric (adult) kidney. The most anterior part of the pronephric duct shows distinct gene expression patterns and is sometimes referred to as DT2."	"UBERON:0003060"
<http://purl.obolibrary.org/obo/XAO_0004465>	"Canal that connects the membranous labyrinth of the ear with the endolymphatic sac."	
<http://purl.obolibrary.org/obo/XAO_0004297>	"Limb segment that is the middle part of the forelimb (i.e. the radio-ulna and surrounding tissues)."	
<http://purl.obolibrary.org/obo/XAO_0003080>	"Skeletal element in the midline of the pelvic girdle that arises from somites 10-13. It is a rodlike caudal bony structure unique to anurans that lies within a compartment formed by the elongated, anteriorly oriented pelvic girdle. It is formed by the fusion of the neural arches of the 10th-13th vertebrae, and the posterior-most remnants of the hypochord. Timing of complete ossification varies between NF stages 62 and 66."	"UBERON:0003106"
<http://purl.obolibrary.org/obo/XAO_0005182>	"An interneuron which grows from the soma in a descending (from head to tail) direction."	
<http://purl.obolibrary.org/obo/XAO_0004163>	"A precursor cell of the vascular endothelium which organizes into the primitive blood vessels during embryogenesis."	"CL:0000566"
<http://purl.obolibrary.org/obo/XAO_0005166>	"Somatostatin-producing cell that is found in the stomach, intestine and the pancreatic islets."	"CL:0000502"
<http://purl.obolibrary.org/obo/XAO_0003240>	"A type of cell, found in the digestive tract, that secrete enzymes that break down polymeric macromolecules into their smaller building blocks, in order to facilitate their absorption by the body."	"CL:0000470"
<http://purl.obolibrary.org/obo/XAO_0004217>	"An efferent neuron that passes from the central nervous system or a ganglion toward or to a muscle and conducts an impulse that causes movement."	"CL:0000100"
<http://purl.obolibrary.org/obo/XAO_0004433>	"The presumptive cells of the interhyoideus muscle."	
<http://purl.obolibrary.org/obo/XAO_0005184>	"An ascending neuron, originating in the spinal cord, that is involved in the touch sensory pathway and lies adjacent to the Rohon-Beard neurons and close to the roof plate of the spinal cord."	
<http://purl.obolibrary.org/obo/XAO_0005048>	"A series of nuclei forming a column of grey matter embedded in the medulla, through the center of which runs the solitary tract. The solitary tract and nucleus are structures that carry and receive visceral sensation and taste from the facial (VII), glossopharyngeal (IX) and vagus (X) cranial nerves."	"UBERON:0009050"
<http://purl.obolibrary.org/obo/XAO_0003182>	"Skeletal and cartilaginous elements of the second branchial or pharyngeal arch."	
<http://purl.obolibrary.org/obo/XAO_0004008>	"Unilaminar epithelium that consists of a single layer of columnar cells."	"UBERON:0000485 CARO:0000068"
<http://purl.obolibrary.org/obo/XAO_0000340>	"Of the paired ventral aortas in the tadpole, the one that branches into the right aortic arches."	
<http://purl.obolibrary.org/obo/XAO_0006027>	"A progenitor cell that is part of the immune system, develops from the common myeloid progenitor, and develops into a granulocyte, macrophage, dendritic cell, basophil, eosinophil, or neutrophil."	
<http://purl.obolibrary.org/obo/XAO_0000173>	"A fibrous, strong, connective tissue that connects muscle to bone."	"UBERON:0000043"
<http://purl.obolibrary.org/obo/XAO_0004180>	"Part of the telencephalon, comprising paired anterior outgrowths of either of the cerebral hemispheres in which the olfactory nerve exits. The olfactory bulbs begin to fuse at NF stage 50, and fusion is complete around NF stage 58. The cerebral vein loops around the olfactory bulb by NF stage 43."	"UBERON:0002264"
<http://purl.obolibrary.org/obo/XAO_1000010>	"Xenopus developmental stage that corresponds to a sexually immature post-tadpole animal."	"UBERON:0000112"
<http://purl.obolibrary.org/obo/XAO_0005065>	"Nerve that provides the connection to the nervous system for nearly the whole of the skin of the leg, the muscles of the back of the thigh, and those of the leg and foot."	"UBERON:0001322"
<http://purl.obolibrary.org/obo/XAO_0006020>	"A membrane-bounded organelle that receives incoming material from primary endocytic vesicles that have been generated by clathrin-dependent and clathrin-independent endocytosis; vesicles fuse with the early endosome to deliver cargo for sorting into recycling or degradation pathways."	"GO:0005769"
<http://purl.obolibrary.org/obo/XAO_0005159>	"The section of the stomach which is attached to the esophagus and contains the cardiac glands."	"UBERON:0001162"
<http://purl.obolibrary.org/obo/XAO_0004013>	"Skeletal element that is composed of cartilage tissue and may be permanent or transient."	"UBERON:0007844"
<http://purl.obolibrary.org/obo/XAO_0004023>	"Cranial skeleton derived from neural crest cells."	
<http://purl.obolibrary.org/obo/XAO_0000363>	"One of paired arteries that extends dorsally from the systemic arch to supply the muscles of the jaw and back."	
<http://purl.obolibrary.org/obo/XAO_0003133>	"Compartment of trunk somite 13 that is a precursor of the axial skeleton."	
<http://purl.obolibrary.org/obo/XAO_0004257>	"Vein that drains Jacobson's organ."	
<http://purl.obolibrary.org/obo/XAO_0004519>	"The distal segment of the pronephric tubule, functioning in water resorption, with urine passing through it into the pronephric duct."	
<http://purl.obolibrary.org/obo/XAO_0005090>	"Blastomere which lies adjacent to the prospective dorsal midline of the vegetal hemisphere at the 16-cell stage."	
<http://purl.obolibrary.org/obo/XAO_0003187>	"Spatial concept pertaining to being toward the middle or inside."	
<http://purl.obolibrary.org/obo/XAO_0006025>	"A cell with extensive dendritic processes found in the B cell areas (primary follicles and germinal centers) of lymphoid tissue."	"CL:0000442"
<http://purl.obolibrary.org/obo/XAO_0003126>	"Compartment of trunk somite 9 that is a precursor of the axial skeleton."	
<http://purl.obolibrary.org/obo/XAO_0000447>	"The most anterior, or first, pharygeal/branchial arch, composed of the mandibular process, forming the posterior border of the stomodeum, and the maxillary process anterior to the stomodeum, containing the first aortic arch."	"UBERON:0003114"
<http://purl.obolibrary.org/obo/XAO_0000296>	"Anatomical direction relating to the vegetal pole or hemisphere."	
<http://purl.obolibrary.org/obo/XAO_0004552>	"Superficial layer of the olfactory bulb, composed of spherical glomeruli, where input from olfactory receptor neurons is first organized and processed."	
<http://purl.obolibrary.org/obo/XAO_0005242>	"The posterior portions of the U-shaped neural folds, the two longitudinal dorsal ridges caused by a folding up of the ectoderm, which appear on either side of the middle line of the early neurula embryo."	
<http://purl.obolibrary.org/obo/XAO_0003221>	"The layer of the retina composed of the cell bodies of bipolar cells, horizontal cells, and some of the cell bodies of amacrine cells."	"UBERON:0001791"
<http://purl.obolibrary.org/obo/XAO_0005195>	"The mesh-like system of enteric neurons that innervate the gastrointestinal tract, with neurons embedded in the lining of the gastrointestinal system, beginning at the esophagus and extending down to the cloaca. The ENS can and does operate independently of the brain and the spinal cord."	"UBERON:0002005"
<http://purl.obolibrary.org/obo/XAO_0000174>	"A type of muscle used to create movement, by applying force to bones and joints. Usually attached to bones by tendons."	"UBERON:0001134"
<http://purl.obolibrary.org/obo/XAO_0004052>	"Odontogenic tissue that is collagen-rich and characteristic of vertebrate teeth and tooth-like structures (e.g., odontodes) deposited by preodontoblasts and odontoblasts that are typically excluded from the matrix."	"UBERON:0011587"
<http://purl.obolibrary.org/obo/XAO_0000169>	"The hard form of connective tissue that constitutes the majority of the skeleton."	"UBERON:0002481"
<http://purl.obolibrary.org/obo/XAO_0003111>	"Compartment of trunk somite 4 that is a precursor of muscle."	
<http://purl.obolibrary.org/obo/XAO_0000378>	"Ventrolateral component of the external jugular vein."	
<http://purl.obolibrary.org/obo/XAO_0004099>	"Interneuron of the retina. They integrate, modulate, and interpose a temporal domain in the visual message presented to the retinal ganglion cells, with which they synapse in the inner plexiform layer. They lack large axons."	"CL:0000561"
<http://purl.obolibrary.org/obo/XAO_0000248>	"The median dorsal longitudinal groove in the neural plate, directly above the notochord, which appears after neural fold formation."	"UBERON:0005061"
<http://purl.obolibrary.org/obo/XAO_0004130>	"A mechanoreceptor cell located in the inner ear that is sensitive to auditory stimuli. The accessory sensory structures are arranged so that appropriate stimuli cause movement of the hair-like projections (stereocilia and kinocilia) which relay the information centrally in the nervous system."	"CL:0000202"
<http://purl.obolibrary.org/obo/XAO_0003253>	"Type of cell that is capable of generating and maintaining the fibrous connective tissue of the ligament."	"CL:0000384"
<http://purl.obolibrary.org/obo/XAO_1000057>	"Nieuwkoop and Faber stage 45, corresponding to a tadpole of age 4 days, 2 hr at 22-24 Celsius and having the following external morphological criteria: Operculum partly covering gills, edge still straight. Intestine spiralized in ventral aspects, showing 1.5 revolutions. Beginning of feeding. Length: 8 - 10 mm."	
<http://purl.obolibrary.org/obo/XAO_0003248>	"A cell of the inner of the three germ layers of the embryo."	"CL:0000223"
<http://purl.obolibrary.org/obo/XAO_0003211>	"A bone of the wrist of the hindlimb, which remains cartilaginous until NF stage 66."	"UBERON:0009879"
<http://purl.obolibrary.org/obo/XAO_1000070>	"Nieuwkoop and Faber stage 58, corresponding to a tadpole of age about 44 days at 22-24 Celsius and having the following external morphological criteria: Forelimbs broken through. Guanophores appearing on abdomen and thighs (adult skin areas). All three claws present on hindlimbs. Length: 80 - 110 mm."	
<http://purl.obolibrary.org/obo/XAO_0000183>	"The opaque, fibrous, protective, outer layer of the eye containing collagen and elastic fiber."	"UBERON:0001773"
<http://purl.obolibrary.org/obo/XAO_0004095>	"The region of the lens of the eye where cells from the anterior epithelial capsule become transformed into the fibers that compose the lens substance."	
<http://purl.obolibrary.org/obo/XAO_0004534>	"Nucleus situated in the pallidum that provides auditory input to the torus semicircularis."	
<http://purl.obolibrary.org/obo/XAO_0005021>	"A cell that is located in the interstitial space between the seminiferous tubules and produces male androgens."	
<http://purl.obolibrary.org/obo/XAO_0000005>	"A thick plate of cells derived from the neural ectoderm in the head region of the embryo that develops into the olfactory epithelium of the nasal cavity."	"UBERON:0003050"
<http://purl.obolibrary.org/obo/XAO_1000043>	"Nieuwkoop and Faber stage 27, corresponding to an embryo of age 1 day, 7 hr 15 min at 22-24 Celsius and having the following external morphological criteria: Lateral flattening of eyes. Fin transluscent, except for region behind anus. Tail bud formation accentuated in lateral outline. Length: 3.4 - 3.7 mm."	
<http://purl.obolibrary.org/obo/XAO_0003112>	"Compartment of head somite 4 that is a precursor of the axial skeleton."	
<http://purl.obolibrary.org/obo/XAO_0006053>	"A cluster of lobe-like projections of glomeruli within the glomerular layer of the ofactory bulb, each cluster being referred to by their directionality (e.g. medial vs. lateral, and/or relative size, e.g. small vs. intermediate). Olfactory receptor neuron axons (ORNs, yellow) incoming from the olfactory nerve (ON) form distinct medial (MC), intermediate (IC), and lateral (LC) clusters in the glomerular layer."	
<http://purl.obolibrary.org/obo/XAO_0004046>	"Skeletal tissue that is part of the exoskeleton and derived from an odontogenic papilla."	"UBERON:0010365"
<http://purl.obolibrary.org/obo/XAO_0005079>	"Muscle-forming part of each myotome that splits from the dorsomedial edge and gives rise to the hypaxial musculature."	
<http://purl.obolibrary.org/obo/XAO_0004592>	"Nucleus that is located ventrally in the hypothalamus."	
<http://purl.obolibrary.org/obo/XAO_0005254>	"A functional unit located near the cell apex at the points of contact between epithelial cells, which in vertebrates is composed of the tight junction, the zonula adherens, and desmosomes. Functions in the regulation of cell polarity, tissue integrity and intercellular adhesion and permeability."	"GO:0043296"
<http://purl.obolibrary.org/obo/XAO_0005198>	"Cardiac chamber in which blood enters the heart."	"UBERON:0002081"
<http://purl.obolibrary.org/obo/XAO_0005087>	"Blastomere which lies adjacent to the prospective ventral midline of the vegetal hemisphere at the eight-cell stage."	
<http://purl.obolibrary.org/obo/XAO_0004401>	"A layer of signaling cells at the apex of a regenerating blastema, which has a vital role in regeneration."	
<http://purl.obolibrary.org/obo/XAO_0004261>	"Region encompassing the oral end of the alimentary canal."	
<http://purl.obolibrary.org/obo/XAO_0000250>	"Posterior segment of the neural tube, which develops into the hindbrain and spinal cord."	"UBERON:0003076"
<http://purl.obolibrary.org/obo/XAO_0003144>	"The principal auditory organ of the frog, which utilizes both mechanical and electrical (hair cell-based) frequency tuning mechanisms for hearing, located near the junction of the utricle and the saccule bones of the inner ear."	
<http://purl.obolibrary.org/obo/XAO_0004283>	"Appendage that is one of the anterior or posterior paired appendages (i.e. the forelimbs and hindlimbs)."	
<http://purl.obolibrary.org/obo/XAO_0004400>	"Tissue consisting of a cartilaginous rod or rods of a regenerating zeugopod segment of a limb."	
<http://purl.obolibrary.org/obo/XAO_0004206>	"One of the 3 domains of the U-shaped preplacodal ectoderm (PPE), which lies abutting and anterior to the neural plate."	
<http://purl.obolibrary.org/obo/XAO_1000027>	"Nieuwkoop and Faber stage 17, corresponding to an embryo of age 18 hr 45 min at 22-24 Celsius and having the following external morphological criteria: Late neural fold stage. Anterior part of neural plate oblong triangular, angles formed by eye anlagen. Neural folds approaching each other from blastopore up to anterior trunk region. Length: 1.5 - 1.6 mm."	
<http://purl.obolibrary.org/obo/XAO_0004069>	"Neural crest that lose their connections to other neuroepithelial cells during the delamination process and begin to migrate. This involves either partial or complete epithelial-to-mesenchymal transition. Numerous molecules have been demonstrated to guide a neural crest cell's migration to its target tissue."	"CL:0000333"
<http://purl.obolibrary.org/obo/XAO_1000095>	"Xenopus developmental stage that succeeds the embryonic stage."	"UBERON:0000092"
<http://purl.obolibrary.org/obo/XAO_1000001>	"Nieuwkoop and Faber stage 1, corresponding to an embryo of age 0 hr and having the following external morphological criteria: One cell stage, shortly after fertilization. Pigmentation darker ventrally than dorsally. Length: 1.4 - 1.5 mm."	"UBERON:0000106"
<http://purl.obolibrary.org/obo/XAO_0005027>	"The part of the brain that is the morphological boundary between the forebrain and midbrain."	
<http://purl.obolibrary.org/obo/XAO_0003134>	"Compartment of trunk somite 13 that is a precursor of muscle."	
<http://purl.obolibrary.org/obo/XAO_0000124>	"The fluid that circulates in the heart, arteries, capillaries, and veins carrying nourishment and oxygen to and bringing away waste products from all parts of the animal."	"UBERON:0000178"
<http://purl.obolibrary.org/obo/XAO_1000009>		
<http://purl.obolibrary.org/obo/XAO_0000452>	"Anatomical structure that includes small, calcitonin producing glands originating as epithelial growths from the sixth pharyngeal pouch."	"UBERON:0003092"
<http://purl.obolibrary.org/obo/XAO_0004107>	"A portion of hind limb tissue that is re-growing after damage or amputation."	
<http://purl.obolibrary.org/obo/XAO_0004613>	"Epidermal cell that lacks cilia."	
<http://purl.obolibrary.org/obo/XAO_0004515>	"The posterior part of the optic tectum."	
<http://purl.obolibrary.org/obo/XAO_0004430>	"The presumptive cells of the intermandibularis muscle."	
<http://purl.obolibrary.org/obo/XAO_0004313>	"Anatomical region at which two or more bones make contact and that includes some of the surrounding tissues of various types."	
<http://purl.obolibrary.org/obo/XAO_0003081>	"Anatomical structure consisting of a narrowly triangular chamber supported by a series of semicircular cartilages in which part of the sound-production system is located."	"UBERON:0001737"
<http://purl.obolibrary.org/obo/XAO_0000391>	"Vein that carries away fluid in the interstitial spaces."	
<http://purl.obolibrary.org/obo/XAO_1000091>	"Metamorphosing tadpole stage during which tail resorption occurs, comprising Nieuwkoop and Faber stages 58 to 66."	
<http://purl.obolibrary.org/obo/XAO_0003231>	"A cell that takes up stuff and metabolizes it."	"CL:0000212"
<http://purl.obolibrary.org/obo/XAO_0000425>	"The 15th somite located posterior to the head. This somite is resorbed at metamorphosis."	
<http://purl.obolibrary.org/obo/XAO_1000005>	"Embryonic stage during which gastrulation takes place, with a proportion of cells migrating below the surface of the embryo to form two inner layers (endoderm and mesoderm) and the cells which remain outside spreading over the whole surface of the embryo to form the ectoderm; comprising Nieuwkoop and Faber stages 10 to 12.5."	"UBERON:0000109"
<http://purl.obolibrary.org/obo/XAO_0000129>	"Portion of the alimentary canal bounded anteriorly by the pyloric sphincter and posteriorly by the cloacal sphincter."	"UBERON:0000160"
<http://purl.obolibrary.org/obo/XAO_0000195>	"Inner ear structure into which the semicircular ducts find their outlet. Along with the saccule, it is part of the balancing apparatus (membranous labyrinth) located within the vestibule of the osseous labyrinth."	"UBERON:0001853"
<http://purl.obolibrary.org/obo/XAO_0000404>	"Transient occipital somite that exists from NF stages 18 to 29/30 only."	
<http://purl.obolibrary.org/obo/XAO_0004306>	"A midline paired symmetrical structure within the brain; the main product of the embryonic diencephalon."	
<http://purl.obolibrary.org/obo/XAO_0000235>	"Two migratory heart primordia that move ventrally during the course of neurulation, and whose fusion begins at the ventral midline at NF stage 16."	"UBERON:0007005"
<http://purl.obolibrary.org/obo/XAO_0000026>	"The most posterior segments of the population of migratory cells of the cranial neural crest, contributing to the branchial arches 3 and 4. Branchial crest cells migrate in two distinct streams referred to as the anterior and posterior branchial crest."	
<http://purl.obolibrary.org/obo/XAO_0005001>	"Mineralized bone tissue that has terminally differentiated osteoblasts but lacks osteocytes."	"UBERON:4000122"
<http://purl.obolibrary.org/obo/XAO_0000449>	"The second pharyngeal/branchial arch; it arises as a thickening of the pharygeal wall between the first and second branchial clefts; contains the second aortic arch; forms part of the hyoid bone, tongue and facial musculature."	"UBERON:0003115"
<http://purl.obolibrary.org/obo/XAO_0000451>	"The third in a series of paired bars in the wall of the pharynx, within which are formed the third aortic arch and the cartilage bar of the visceral skeleton, and forms and supports the gills."	"UBERON:0003116"
<http://purl.obolibrary.org/obo/XAO_0004367>	"The wide gap that separates the palatoquadrate from the neurocranium."	
<http://purl.obolibrary.org/obo/XAO_0001021>	"Outer layer of cells of the differentiating notochord, which give rise to the elastica externa and interna."	
<http://purl.obolibrary.org/obo/XAO_0004612>	"Type of epithelial cell that secretes a macromolecule or ion product. In many epithelia, occasional specialized secretory cells are scattered among other, non-secretory cells."	
<http://purl.obolibrary.org/obo/XAO_0003236>	"A surface epithelial cell of stratified squamous epithelium of cornea, tongue, oral cavity, esophagus or cloaca."	"CL:0000073"
<http://purl.obolibrary.org/obo/XAO_0005167>	"A type of endocrine cell that is found in the islets of Langerhans and produces the hormone ghrelin."	
<http://purl.obolibrary.org/obo/XAO_0000087>	"The anatomical region of the body posterior to the tail."	"UBERON:0006071"
<http://purl.obolibrary.org/obo/XAO_0005110>	"Blastomere which lies lateral to blastomere V2.1.1, in the fourth tier of blastomeres. It contributes cells to the epidermis and neural crest, spinal cord, somites, foregut, hindgut, and fewer cells to the head, pharyngeal mesoderm and proctodeum."	
<http://purl.obolibrary.org/obo/XAO_0005300>	"The epithelium of the stomach."	"UBERON:0001276"
<http://purl.obolibrary.org/obo/XAO_0006006>	"A thin cytoplasmic process/physical structure that bridges two cells (e.g., photoreceptor cells or retinal ganglion cells)."	
<http://purl.obolibrary.org/obo/XAO_0004040>	"Bone tissue mineralized with hydroxyapatite."	"UBERON:4000115"
<http://purl.obolibrary.org/obo/XAO_0005301>	"Ventral region of early embryonic endoderm."	
<http://purl.obolibrary.org/obo/XAO_0000197>	"A vestibular structure of the inner ear consisting of a ventral diverticulum off of the sacculus."	"UBERON:0001844"
<http://purl.obolibrary.org/obo/XAO_0003222>	"Retinal layer composed of the basal lamina of Muller cells."	"UBERON:0001794"
<http://purl.obolibrary.org/obo/XAO_0000255>	"Fifth of the pharyngeal (endodermal) evaginations between the visceral arches."	"UBERON:0007126"
<http://purl.obolibrary.org/obo/XAO_0001001>	"The most anterior of 5 distinct and partially overlapping functional domains of the premigratory neural crest, which are intially part of the neural epithelium. CNC cells migrate through the extracelluar matrix in 4 highly conserved streams: the mandibular crest, hyoid crest, anterior branchial crest and the posterior branchial crest."	"UBERON:0003099"
<http://purl.obolibrary.org/obo/XAO_0004232>	"The exit for respiratory water in the tadpole."	
<http://purl.obolibrary.org/obo/XAO_0005003>	"Epithelium that covers the small and large intestine in the larval frog."	
<http://purl.obolibrary.org/obo/XAO_0000149>		
<http://purl.obolibrary.org/obo/XAO_0004436>	"The presumptive cells of the transversus ventralis II muscle."	
<http://purl.obolibrary.org/obo/XAO_0004392>	"A type of mucus surface cell in the tadpole."	
<http://purl.obolibrary.org/obo/XAO_0003255>	"A cell of the middle germ layer of the embryo."	"CL:0000222"
<http://purl.obolibrary.org/obo/XAO_0003010>	"The main artery of the circulatory system which carries oxygenated blood from the heart to all the arteries of the body except those of the lungs."	"UBERON:0000947"
<http://purl.obolibrary.org/obo/XAO_1000092>	"The developmental stage of the female gamete at which the gamete has reached maturity."	
<http://purl.obolibrary.org/obo/XAO_0004049>	"A layer of dense irregular connective tissue that surrounds the cartilage of developing bone, consisting of two separate layers: an outer fibrous layer and inner chondrogenic layer. The fibrous layer contains fibroblasts, which produce collagenous fibers. The chondrogenic layer remains undifferentiated and can form chondroblasts or chondrocytes. Perichondrium is a type of  connective tissue, and also functions in the growth and repair of cartilage. Once vascularized, the perichondrium becomes the periosteum."	"UBERON:0002222"
<http://purl.obolibrary.org/obo/XAO_0005244>	"Either of the pair of structures lying on either side of the dorsal aorta in which fluid balance is regulated and waste is excreted out in the form of urine."	
<http://purl.obolibrary.org/obo/XAO_0000098>	"The second of the series of bony or cartilaginous arches that develop in the walls of the mouth cavity and pharynx of the embryo."	"UBERON:0003066"
<http://purl.obolibrary.org/obo/XAO_0000054>	"The anatomical region of the body posterior to the head and anterior to the tail."	"UBERON:0002100"
<http://purl.obolibrary.org/obo/XAO_0005231>	"The developing muscle surrounding the caudal end of the cloaca."	
<http://purl.obolibrary.org/obo/XAO_0001011>	"Any of the vessels through which blood circulates in the body."	"UBERON:0001981"
<http://purl.obolibrary.org/obo/XAO_0004158>	"Vein that crosses the head dorsally at NF stage 37/38 and drains into the vena capitis medialis."	"UBERON:0001672"
<http://purl.obolibrary.org/obo/XAO_0006029>	"A progenitor cell that is part of the hematological system and develops into a megakaryocyte or erythrocyte."	
<http://purl.obolibrary.org/obo/XAO_0004222>	"Lateral line placode that gives rise to the middle lateral line nerve."	
<http://purl.obolibrary.org/obo/XAO_0000416>	"The 6th somite located posterior to the head."	
<http://purl.obolibrary.org/obo/XAO_0004055>	"Cartilage tissue that is mineralized."	
<http://purl.obolibrary.org/obo/XAO_1000031>	"Nieuwkoop and Faber stage 10.5, corresponding to an embryo of age 11 hr at 22-24 Celsius and having the following external morphological criteria: Crescent-shaped blastopore stage. Blastopore groove angular. Vegetal field slightly decreased in size, ventral border of future yolk plug indicated by pigment contraction. Length: 1.4 - 1.5 mm."	
<http://purl.obolibrary.org/obo/XAO_0004482>	"Neural crest-derived cell type that gives rise to the epicardium."	
<http://purl.obolibrary.org/obo/XAO_0000375>	"A vessel that contains or conveys lymph."	"UBERON:0001473"
<http://purl.obolibrary.org/obo/XAO_0000339>	"Of the paired ventral aortas in the tadpole, the one that branches into the left aortic arches."	
<http://purl.obolibrary.org/obo/XAO_0004536>	"Nucleus situated in the thalamus that is associated with the limbic system and is implicated in learning and episodic memory."	
<http://purl.obolibrary.org/obo/XAO_0005115>	"Blastomere that is any of blastomeres V1.1 and V1.2 and their children cells after division, V1.1.1, V1.1.2, V1.2.1 and V1.2.2, on the left and right sides of embryo."	
<http://purl.obolibrary.org/obo/XAO_0005168>	"A type of cell that produces pancreatic polypeptides in the pancreatic islets (the islets of Langerhans) of the pancreas."	
<http://purl.obolibrary.org/obo/XAO_0004058>	"Nerve that is a branch of cranial nerve VIII and innervates the cristae ampullaris."	
<http://purl.obolibrary.org/obo/XAO_0004609>	"A spatially aggregated collection of nerve cell bodies in the CNS, consisting of one or more subpopulations that share cell type, chemical phenotype, and connections, and including nearby cells that share the same cell type, chemical phenotype, and connections."	"UBERON:0000125"
<http://purl.obolibrary.org/obo/XAO_0004065>	"Fin margin which is part of the ventral fin."	
<http://purl.obolibrary.org/obo/XAO_0004488>	"Organ part consisting of the main section or midsection of a long bone, which in Xenopus are the tibia-fibula and femur of the hindlimb, and the radio-ulna and humerus of the forelimb."	
<http://purl.obolibrary.org/obo/XAO_0003094>	"Cranial nerve that branches into the supraorbital (supplying the skin of the eye region and the lateral line organs here), the palatine (to the roof of the buccal cavity), and the hyomandibular (dividing into the jugular and mental branches)."	"UBERON:0001647"
<http://purl.obolibrary.org/obo/XAO_0005127>	"Embryonic structure that consists of the anterior part of the foregut and develops into the esophagus and trachea."	
<http://purl.obolibrary.org/obo/XAO_0000442>	"Lateral line situated along the dorsal margin of the eye."	"UBERON:0003090"
<http://purl.obolibrary.org/obo/XAO_0005002>	"An anatomical structure that has more than one cell as a part."	"CARO:0010000 UBERON:0010000"
<http://purl.obolibrary.org/obo/XAO_0000417>	"The 7th somite located posterior to the head."	
<http://purl.obolibrary.org/obo/XAO_1000080>	"Tailbud stage that refers to the later events associated with this stage, comprising Nieuwkoop and Faber stages 29/30 to 44."	
<http://purl.obolibrary.org/obo/XAO_0000147>		
<http://purl.obolibrary.org/obo/XAO_0003156>	"A lymphocyte that can spontaneously kill a variety of target cells without prior antigenic activation via germline encoded activation receptors and also regulate immune responses via cytokine release and direct contact with other cells."	"CL:0000623"
<http://purl.obolibrary.org/obo/XAO_0004176>	"A plexus of capillaries that is located anteromedial to the eye. It is a capillary layer in the choroid. It is in contact with the basal surface of the retinal pigmented epithelium and supplies the photoreceptors with oxygen and nutrients. The fused basement membrane of this capillary layer and the pigmented epithelium is called Bruch's membrane."	"UBERON:0010078"
<http://purl.obolibrary.org/obo/XAO_0005100>	"Blastomere which lies adjacent to the prospective dorsal midline in the fourth tier of blastomeres. It contributes largely to endodermal and mesodermal structures including the branchial and lateral plate mesoderm, foregut, liver, hindgut, some of the trunk, and a small number of cells contributing to neural crest of ectodermal origin."	
<http://purl.obolibrary.org/obo/XAO_0003074>	"Anatomical cluster that consists of all the vertebrae in the body."	"UBERON:0001130"
<http://purl.obolibrary.org/obo/XAO_1000039>	"Nieuwkoop and Faber stage 23, corresponding to an embryo of age 1 day, 45 min at 22-24 Celsius and having the following external morphological criteria: Jaw- and gill-areas completely separated by groove. Ventral outline of embryo more concave. Length: 2.2 - 2.4 mm."	
<http://purl.obolibrary.org/obo/XAO_0003229>	"Trunk muscle that lies dorsal to the horizontal septum of the vertebrae."	"UBERON:0008778"
<http://purl.obolibrary.org/obo/XAO_0003046>	"Portion of embryonic tissue consisting of loosely organized, undifferentiated mesodermal or neural crest derived cells, that have specific properties (they are migratory, have no polarity). Mesenchyme cells are incorporated into a wide variety of structures including connective tissue, blood, bone and cartilage as development continues."	"UBERON:0003104"
<http://purl.obolibrary.org/obo/XAO_0004417>	"Claw located at the end of the 1st hindlimb digit."	
<http://purl.obolibrary.org/obo/XAO_0000274>	"The point on the surface of the egg at which the sperm enters the egg."	
<http://purl.obolibrary.org/obo/XAO_0004274>	"Anatomical system that consists of all the joints of the body."	"UBERON:0004770"
<http://purl.obolibrary.org/obo/XAO_0004441>	"The presumptive cells of the constrictores branchiales II muscles."	
<http://purl.obolibrary.org/obo/XAO_0000392>	"Vein that starts in capillaries of the alimentary canal and ends in capillaries of the liver."	"UBERON:0002017"
<http://purl.obolibrary.org/obo/XAO_0004427>	"The presumptive cells of the levator mandibulae longus superior muscle."	
<http://purl.obolibrary.org/obo/XAO_1000012>	"Xenopus developmental stage that starts with fertilization and ends with the formed feeding larva."	"UBERON:0000068"
<http://purl.obolibrary.org/obo/XAO_0000297>	"Anatomical direction relating to the animal pole or hemisphere."	
<http://purl.obolibrary.org/obo/XAO_0004475>	"A mature contractile cell, which has as part of its cytoplasm myofibrils organized in various patterns. Found in muscle tissue, myocytes are long, tubular cells that arise developmentally from myoblasts to form muscle. There are specialized forms: cardiac, skeletal, and smooth muscle myocytes, with various properties."	"CL:0000187"
<http://purl.obolibrary.org/obo/XAO_1000084>	"The early vitellogenic stage of the developing female gamete."	
<http://purl.obolibrary.org/obo/XAO_0006051>	"Immune system that responds broadly and fast (e.g., within hours) upon infection or injury, producing and secreting various compounds (antimicrobial peptides, interferon) and activating cellular defense such as cell-mediated cytotoxicity by natural killer (NK) cells and phagocytosis by neutrophils and macrophages. Innate immunity generally refers to any type of host responses elicited by receptor-encoded genes/gene families."	
<http://purl.obolibrary.org/obo/XAO_0004042>	"Anatomical system comprising the sum of all muscles in the body."	"UBERON:0000383"
<http://purl.obolibrary.org/obo/XAO_0005292>	"Cephalic nerve that innervates the nasal cavity and the eye."	"UBERON:0022300"
<http://purl.obolibrary.org/obo/XAO_0000034>	"A Y-shaped array of unicelluar glands on the top of the head, the open end of which faces anteriorly, that secrete an enzyme that dissolves or weakens the egg jelly and facilitates hatching. Presumptive cells of the hatching gland are present by the end of gastrualtion (NF stage 12.5) and differentiated cells start to form after neurulation is complete (NF stage 21)."	"UBERON:0002538"
<http://purl.obolibrary.org/obo/XAO_0003197>	"The sensory system used for the sense of taste."	"UBERON:0001033"
<http://purl.obolibrary.org/obo/XAO_0004335>	"Large, tapering muscle that originates on the muscular process and inserts on the ceratohyal."	
<http://purl.obolibrary.org/obo/XAO_0003263>	"A secretory cell that secretes an agonist into intercellular spaces in which it diffuses to a target cell other than that which produced it."	"CL:0000512"
<http://purl.obolibrary.org/obo/XAO_1000062>	"Nieuwkoop and Faber stage 50, corresponding to a tadpole of age about 15 days at 22-24 Celsius and having the following external morphological criteria: Forelimb bud somewhat oval-shaped in dorsal aspect. Hindlimb bud longer than broad, constricted at base, distal outline somewhat conical. Length: 20 - 27 mm."	
<http://purl.obolibrary.org/obo/XAO_0000079>	"Mesodermal structure that lies anterior to the notochord and gives rise to head mesoderm."	"UBERON:0003063"
<http://purl.obolibrary.org/obo/XAO_0004480>	"The second most anterior digit of a forelimb, consisting of a single metatarsal, 3 phalanges, and a claw."	
<http://purl.obolibrary.org/obo/XAO_0003082>		
<http://purl.obolibrary.org/obo/XAO_0004001>	"Material anatomical entity in a gaseous, liquid, semisolid or solid state; produced by anatomical structures or derived from inhaled and ingested substances that have been modified by anatomical structures as they pass through the body."	"UBERON:0000463"
<http://purl.obolibrary.org/obo/XAO_0000289>	"Pronephric segment immediately posterior to the early distal tubule and anterior to the pronephric duct."	
<http://purl.obolibrary.org/obo/XAO_0004287>	"Skeletal element that surrounds the notochord."	
<http://purl.obolibrary.org/obo/XAO_0006008>	"Type of retinal rod cell which has a cylindrical outer segment, an incisure, and likely has predominantly sealed disks."	
<http://purl.obolibrary.org/obo/XAO_0003055>	"A stem cell from which all cells of the lymphoid and myeloid lineages develop, including blood cells and cells of the immune system."	"CL:0000037"
<http://purl.obolibrary.org/obo/XAO_0006043>	"A progenitor cell committed to a myeloid lineage, including the megakaryocyte and erythroid lineages."	
<http://purl.obolibrary.org/obo/XAO_0005068>	"An axon that is part of a motor neuron and which projects outside the spinal cord to directly or indirectly control muscles."	
<http://purl.obolibrary.org/obo/XAO_0003105>	"Compartment of head somite 2 that is a precursor of muscle."	
<http://purl.obolibrary.org/obo/XAO_0004373>	"Cartilaginous element comprising the lateral process of ceratohyal cartilage derived from the hyoid neural crest stream."	
<http://purl.obolibrary.org/obo/XAO_0000349>	"The aorta of a postembryonic, hatched or immature tadpole, prior to metamorphosis."	
<http://purl.obolibrary.org/obo/XAO_0004298>	"Limb segment that is the middle part of the hindlimb (i.e. the tarsus and tibia-fibula and surrounding tissues)."	
<http://purl.obolibrary.org/obo/XAO_0004185>	"The field of cardiac progenitor cells that form the heart tube in the embryonic heart."	"UBERON:0004140"
<http://purl.obolibrary.org/obo/XAO_0003164>	"Compound organ that does not contain macroscopic anatomical spaces."	"CARO:0000074 UBERON:0000491"
<http://purl.obolibrary.org/obo/XAO_0004068>	"During gastrulation, the vegetal endodermal cells that lie just below the ring of smaller suprablastoral endoderm cells."	
<http://purl.obolibrary.org/obo/XAO_1000061>	"Nieuwkoop and Faber stage 49, corresponding to a tadpole of age about 12 days at 22-24 Celsius and having the following external morphological criteria: Melanophores usually appearing around thymus gland and nerves and blood vessels of head; xantophores appearing on pericard. Forelimb bud distinct. Hindlimb bud somewhat longer, distal outline still circular, no constrictions at base. Melanophores appearing on dorsal and ventral fin. Length: 17 - 23 mm."	
<http://purl.obolibrary.org/obo/XAO_0005049>	"The ventral half of the developing neural tube that is the prethalamus."	
<http://purl.obolibrary.org/obo/XAO_0003022>	"Type of neuron that is a primary mechanosensory cell, with peripheral neurites innervating the skin with free nerve endings. It first appears in trunk levels at NF stage 33/34, and at NF stage 35/36 has somas that are the largest in the spinal cord. It forms a nearly continuous double row of cells along the cord's medial dorsal surface and contributes ascending and descending axons to the dorsal tract. It appears well back in the tail by NF stage 39, begins to decline at NF stage 50 and is few in number, with pycnotic nuclei, at NF stage 55."	"CL:0000247"
<http://purl.obolibrary.org/obo/XAO_0000332>	"Structure that is the mesonephros nephron's equivalent to the straight proximal segment of a metanephric nephron."	
<http://purl.obolibrary.org/obo/XAO_0000324>	"A unique type of neurogenic placode, located ventral and caudal to the 2nd and 3rd pharyngeal pouches, which gives rise to small hypobranchial ganglia of yet unknown function."	
<http://purl.obolibrary.org/obo/XAO_0005152>	"A muscle that originates on the otic capsule and adjacent tympanic annulus, and inserts on the pectoral girdle."	
<http://purl.obolibrary.org/obo/XAO_0000453>	"The fourth in a series of paired bars in the wall of the pharynx, within which are formed the fourth aortic arch and the cartilage bar of the visceral skeleton; forms and supports the gills."	"UBERON:0003117"
<http://purl.obolibrary.org/obo/XAO_0000122>	"Anatomical system that consists of the blood and blood forming tissues."	"UBERON:0002390"
<http://purl.obolibrary.org/obo/XAO_0000178>	"One of the two major divisions of the nervous system. Its nerves connect the central nervous system with sensory organs, other organs, muscles, blood vessels and glands."	"UBERON:0000010"
<http://purl.obolibrary.org/obo/XAO_0000382>	"The main dorsal head vein, it drains into the Duct of Cuvier, and collects blood from the dorsal jaw region, cerebral veins, the ophthalmic vein and the short pharyngeal vein. It forms loop around the olfactory bulb by NF stage 43."	"UBERON:0001586"
<http://purl.obolibrary.org/obo/XAO_0004031>	"Dense regular connective tissue connecting two or more adjacent skeletal elements or supporting an organ."	"UBERON:0000211"
<http://purl.obolibrary.org/obo/XAO_0004346>	"Muscle that arises on part of the chondrocranium and passes to the ventro-lateral region of the cerato-branchialia. It is a small muscle situated at the posterior end of the branchial skeleton."	
<http://purl.obolibrary.org/obo/XAO_0004541>	"A brain structure in the forebrain wrapped around the stria terminalis. Its largest extent can be found around the crossing of the anterior commissure."	"UBERON:0001880"
<http://purl.obolibrary.org/obo/XAO_1000024>	"Nieuwkoop and Faber stage 14, corresponding to an embryo of age 16 hr 15 min at 22-24 Celsius and having the following external morphological criteria: Neural plate stage. Cerebral part of neural plate bent downwards, with median elevation at rostral end of median groove. Initial elevation of neural folds, most pronounced in future nucal region. Blastopore always slit-shaped. Length: 1.5 - 1.6 mm."	
<http://purl.obolibrary.org/obo/XAO_0003210>	"Either of the paired, elongate, cylindrical forelimb bones of endochondral origin that extend from the pectoral girdle (shoulders) to the elbows."	"UBERON:0000976"
<http://purl.obolibrary.org/obo/XAO_0004362>	"The cartilaginous element below the epibranchial in branchial arch 4."	
<http://purl.obolibrary.org/obo/XAO_0000075>	"Deep layers of the IMZ consisting of prospective migrating mesodermal cells (which will migrate into the interior and form the leading edge of the mesodermal mantle) and prospective converging and extending mesoderm."	
<http://purl.obolibrary.org/obo/XAO_0004103>	"The portion of the neural plate border that is posterior to the mid-hindbrain junction, and from which neural crest cells arise."	
<http://purl.obolibrary.org/obo/XAO_0004479>	"The second most posterior digit of a forelimb, consisting of a single metatarsal, 3 phalanges, and a claw."	
<http://purl.obolibrary.org/obo/XAO_0000234>	"The nucleus of the oocyte, it is enclosed in a nuclear envelope and contains neucleoplasm, in which the chromosomes and extranucleoli are embedded. It breaks down as the oocyte matures, being no longer visible by the first meiotic metaphase."	
<http://purl.obolibrary.org/obo/XAO_0005131>	"A characteristically star-shaped type of glial cell found in the optic nerve, brain and spinal cord. They have many processes, giving them their star shape, which terminate in structures called end-feet. They are the most numerous glial cell in the central nervous system and can behave like phagocytes in the CNS during metamorphosis."	"CL:0000127"
<http://purl.obolibrary.org/obo/XAO_0000286>	"Portion of the pronephric tubule that is immediately posterior to the early proximal tubule and anterior to the early distal tubule."	
<http://purl.obolibrary.org/obo/XAO_0006005>	"The portion of a neuronal cell body (cell soma) that excludes the nucleus."	"GO:0043204"
<http://purl.obolibrary.org/obo/XAO_0004594>	"The pallial region located next to the pallium-subpallium boundary."	"UBERON:0014913"
<http://purl.obolibrary.org/obo/XAO_0004343>	"The 4th branchial levator muscle, which contributes to raising the branchial apparatus."	
<http://purl.obolibrary.org/obo/XAO_0005058>	"Dermal layer containing loose connective tissue and several types of glands."	"UBERON:3010599"
<http://purl.obolibrary.org/obo/XAO_0004150>	"An immature or mature cell in the lineage leading to and including erythrocytes."	"CL:0000764"
<http://purl.obolibrary.org/obo/XAO_0003242>	"A cell of the early embryo at the developmental stage in which the blastomeres, resulting from repeated mitotic divisions of the fertilized ovum (zygote), form a compact cell mass."	"CL:0000360"
<http://purl.obolibrary.org/obo/XAO_0004509>	"Layer of lateral plate mesoderm that forms the body wall lining and dermis."	
<http://purl.obolibrary.org/obo/XAO_0005197>	"One of the 3 domains of the U-shaped preplacodal ectoderm, lying between the anterior PPE and posterior PPE domains."	
<http://purl.obolibrary.org/obo/XAO_0005104>	"Blastomere which lies adjacent to the prospective ventral midline in the first tier of blastomeres. It contributes to epidermal and placodal derivatives including the epidermis, lens, cement gland, cranial ganglia, otic vesicle, neural crest, Rohon-Beard neurons, and spinal cord (but no other CNS structures). It also contributes to the pharyngeal mesoderm, heart, somites, pronephric kidney, lateral plate mesoderm and tail fin mesenchymes, and a few cells in the gut."	
<http://purl.obolibrary.org/obo/XAO_0004132>	"Presumptive structure at the animal pole of the blastula that will develop into ectoderm."	"UBERON:0006601"
<http://purl.obolibrary.org/obo/XAO_0004116>	"A developing female gamete that is at the mid-vitellogenic stage."	
<http://purl.obolibrary.org/obo/XAO_0004190>	"Neural crest that develops from the dorsal neural tube. It overlaps the vagal neural crest and migrates to contribute to the pharyngeal arches 3, 4 and 6 (producing structures in the head) and to the heart where it contributes to connective tissue (septa) that separates the vessels of the heart. Cardiac neural crest develops into melanocytes, cartilage, connective tissue and neurons of some pharyngeal arches."	"UBERON:0000095"
<http://purl.obolibrary.org/obo/XAO_0004388>	"Region of the ciliary marginal zone where retinal progenitor cells are located."	
<http://purl.obolibrary.org/obo/XAO_0004053>	"Anatomical cluster that consists of all the skeletal elements (eg, bone, cartilage, and teeth) of the body."	"UBERON:0004288"
<http://purl.obolibrary.org/obo/XAO_0000246>	"Space that separates the thicker inner sheet of splanchnic mesoderm from the thinner outer somatic mesoderm."	
<http://purl.obolibrary.org/obo/XAO_0000245>	"A prominent mass in the cytoplasm of previtellogenic oocytes. The cloud contains both mitochondria and electron-dense granulofibrillar material (GFM) and is the source of germinal granule material."	"GO:0032019"
<http://purl.obolibrary.org/obo/XAO_0004579>	"Diencephalic tract that is located in the vicinity of the dorsal diencephalon and mesencephalon and connects the pretectal nuclei."	"UBERON:0000936"
<http://purl.obolibrary.org/obo/XAO_0000224>	"Vegetal portion of the marginal zone of the embryo that turns inside the embryo during involution."	
<http://purl.obolibrary.org/obo/XAO_0004558>	"A nucleus comprising the lateral aspect of the amygdala, implicated in fear conditioning."	"UBERON:0002886"
<http://purl.obolibrary.org/obo/XAO_0004143>	"Any network of intercommunicating blood vessels."	"UBERON:0005629"
<http://purl.obolibrary.org/obo/XAO_0000123>	"Flexible tissue that is found in the hollow interior of bones and appears to comprise precursor cells committed to myeloid lineages, such as macrophage- and granulocyte-progenitor cells. In adults, marrow in large bones produces new blood cells."	"UBERON:0002371"
<http://purl.obolibrary.org/obo/XAO_0004211>	"The most anterior of the epibranchial placodes, associated with the 1st pharyngeal cleft and contributing to the distal ganglia of cranial nerve VII (facial nerve)."	"UBERON:0009124"
<http://purl.obolibrary.org/obo/XAO_0005173>	"The blastomere of the future right side of the embryo at the 2-cell stage."	
<http://purl.obolibrary.org/obo/XAO_0005031>	"A cell present in the developing central nervous system. It functions as both a precursor cell and as a scaffold to support neuronal migration. Some have a multipotent ability, as they can differentiate into neurons and radial glial cells by asymmetric divisions during the period of embryonic neurogenesis. They occur mainly in the ventricular layer of the tectum and decrease in number as the brain matures."	"CL:0000681"
<http://purl.obolibrary.org/obo/XAO_0004151>	"Posterior vascular precursor cells of the tail region."	"UBERON:0010204"
<http://purl.obolibrary.org/obo/XAO_0000033>	"A simple mucus-secreting structure that is positioned at the front of the embryo, attaches the newly hatched embryo to a support before the hatchling can swim well or feed, and marks the anterior-most dorsal ectoderm."	"UBERON:0005093"
<http://purl.obolibrary.org/obo/XAO_0004024>	"Anatomical cluster that encompasses the cranium and facial structures."	
<http://purl.obolibrary.org/obo/XAO_0004449>	"The presumptive cells of the rectus anterior muscle."	
<http://purl.obolibrary.org/obo/XAO_0000403>	"Transient occipital somite that exists from NF stages 18 to 29 only."	
<http://purl.obolibrary.org/obo/XAO_0004219>	"Cartilaginous element that, together with the palatoquadrate and connecting musculature, is responsible for the ventilation and irrigation of the of the filter apparatus."	
<http://purl.obolibrary.org/obo/XAO_1000016>	"Nieuwkoop and Faber stage 6, corresponding to an embryo of age 3 hr at 22-24 Celsius and having the following external morphological criteria: Advanced thirty-two cell stage. Distinction between dorsal and ventral micromeres as in preceding stage. Length: 1.4 - 1.5 mm."	
<http://purl.obolibrary.org/obo/XAO_1000049>	"Nieuwkoop and Faber stage 35/36, corresponding to an embryo of age 2 days, 2 hr at 22-24 Celsius and having the following external morphological criteria: Stomodeal invagination roundish. Eye entirely black, choroid fissure nearly closed. Formation of two gill rudiments, anterior one nipple-shaped. Melanophores appearing on back. Posterior outline of proctodeum still curved. Length of tail bud about three times its breadth. Beginning of hatching. Length: 5.3 - 6.0 mm."	
<http://purl.obolibrary.org/obo/XAO_0005122>	"Any of the long, generally straight, hollow tubes of internal diameter 12-15 nm and external diameter 24 nm found in a wide variety of eukaryotic cells; each consists (usually) of 13 protofilaments of polymeric tubulin, staggered in such a manner that the tubulin monomers are arranged in a helical pattern on the microtubular surface, and with the alpha/beta axes of the tubulin subunits parallel to the long axis of the tubule; exist in equilibrium with pool of tubulin monomers and can be rapidly assembled or disassembled in response to physiological stimuli; concerned with force generation, e.g. in the spindle."	"GO:0005874"
<http://purl.obolibrary.org/obo/XAO_0005214>	"Anatomical region that runs down the center (axis) of the body, encompassing everything exept the limbs."	
<http://purl.obolibrary.org/obo/XAO_0004405>	"A type of special epithelial cell that secretes mucus into the subsurface extracellular compartments of the epidermis."	
<http://purl.obolibrary.org/obo/XAO_0004361>	"The cartilaginous element below the epibranchial in branchial arch 3."	
<http://purl.obolibrary.org/obo/XAO_0004289>	"Anatomical cluster consisting of the skeletal elements that are part of the skeleton."	"UBERON:0010912"
<http://purl.obolibrary.org/obo/XAO_0000283>	"A hole located in the center of the iris of the eye that allows light to enter the retina."	"UBERON:0001771"
<http://purl.obolibrary.org/obo/XAO_0004247>	"A major artery of the neck that branches from the subclavian arteries and merge to form the single midline basilar artery."	
<http://purl.obolibrary.org/obo/XAO_0004443>	"The presumptive cells of the constrictores branchiales IV muscles."	
<http://purl.obolibrary.org/obo/XAO_0000118>	"An elongated tube that carries air to and from the lungs."	"UBERON:0003126"
<http://purl.obolibrary.org/obo/XAO_0003249>	"A cell that is usually found in a two-dimensional sheet with a free surface."	"CL:0000066"
<http://purl.obolibrary.org/obo/XAO_0003234>	"A cell that secretes alkaline substances."	"CL:0000435"
<http://purl.obolibrary.org/obo/XAO_0005308>	"A cardial valve in the atrioventricular region that separates the atrium from the ventricle and prevents backflow from the ventricles into the atria during systole."	"UBERON:0002133"
<http://purl.obolibrary.org/obo/XAO_0000105>	"The space enclosed by the walls of the pharynx."	"UBERON:0001731"
<http://purl.obolibrary.org/obo/XAO_0004184>	"The dorsal region of the pericardium."	
<http://purl.obolibrary.org/obo/XAO_0004044>	"Hyaline cartilage tissue that is not mineralized."	
<http://purl.obolibrary.org/obo/XAO_0003150>	"A mature male or female germ cell."	"CL:0000300"
<http://purl.obolibrary.org/obo/XAO_0005149>	"Superior aspect of the cranial muscle that passes between the otic capsule and the scapula. It originates on the otic capsule just caudal to the oval window."	
<http://purl.obolibrary.org/obo/XAO_0000306>	"Organizing center consisting of a small group of cells located at the ventral midline of the neural tube that influences the development of the nervous system, governing the specification of neuronal cell types and directing axonal trajectories."	
<http://purl.obolibrary.org/obo/XAO_0005204>	"An axis that bisects an organism from left to right sides of body, through a sagittal plane."	
<http://purl.obolibrary.org/obo/XAO_0004483>	"Cell that is present in the stem cell region of the retinal ciliary marginal zone."	
<http://purl.obolibrary.org/obo/XAO_0000042>	"Embryonic ectoderm that gives rise to nervous tissue."	"UBERON:0002346"
<http://purl.obolibrary.org/obo/XAO_0005124>	"The epithelial layer of the lung."	"UBERON:0000115"
<http://purl.obolibrary.org/obo/XAO_0004117>	"A developing female gamete that is at the stage in which polarization along the animal-vegetal axis is established."	
<http://purl.obolibrary.org/obo/XAO_0005171>	"The outermost extent of a fin, comprising a region of high cell replication during anterior-posterior axis extension throughout the tadpole stages."	
<http://purl.obolibrary.org/obo/XAO_0005134>	"The smallest glial cell type in the central nervous system, cells of this type actively detect inflammatory responses/infection. They transform to a phagocytotic form, actively removing infective agents, and thus can present antigens to immune system cells."	"CL:0000129"
<http://purl.obolibrary.org/obo/XAO_0000470>	"Any of the large number of glands of the larval skin, particularly common in the fins and adjacent skin of the trunk; also formed in the former frontal gland area on the upper jaw."	
<http://purl.obolibrary.org/obo/XAO_1000071>	"Nieuwkoop and Faber stage 59, corresponding to a tadpole of age about 45 days at 22-24 Celsius and having the following external morphological criteria: Tentacles beginning to shrivel up. Stretched forelimb reaching down to base of hindlimb. Guanophores appearing near base of forelimb (adult skin area); anterior border of adult skin area on abdomen not yet sharp; appearance of irregular dark spots on back."	
<http://purl.obolibrary.org/obo/XAO_0000152>		
<http://purl.obolibrary.org/obo/XAO_0004589>	"The lens-shaped nucleus located in the ventral part of the subthalamus on the inner aspect of the internal capsule that is concerned with the integration of somatic motor function."	"UBERON:0001906"
<http://purl.obolibrary.org/obo/XAO_0000208>	"The opening of the archenteron to the exterior, marking the point of origin of the archenteron and the caudal end of the embryo."	"UBERON:0000100"
<http://purl.obolibrary.org/obo/XAO_0004302>	"Structure that comprises the roof region of the telencephalon."	
<http://purl.obolibrary.org/obo/XAO_0005175>	"The blastomere of the future right-dorsal portion of the embryo at the 4-cell stage."	
<http://purl.obolibrary.org/obo/XAO_0000284>	"The three distinct placodal areas which develop from the posterior placodal area and lie ventral to the otic placode and dorsocaudal to the pharyngeal clefts, and contribute to the sensory ganglia for the distal portion of cranial nerves VII IX and X. The proximal neurons are derived from the neural crest."	"UBERON:0003078"
<http://purl.obolibrary.org/obo/XAO_0006001>	"Lateral plate mesoderm that is located on the left side of the body."	
<http://purl.obolibrary.org/obo/XAO_1000011>	"Nieuwkoop and Faber stage 2, corresponding to an embryo of age 1 hr 30 min at 22-24 Celsius and having the following external morphological criteria: Advanced two cell stage. First cleavage groove has reached vegetal pole. Ventral side of blastomeres darker than dorsal side. Length: 1.4 - 1.5 mm."	"UBERON:0007232"
<http://purl.obolibrary.org/obo/XAO_0000384>	"Vein that gives rise to the interrenal vein and pronephric sinus."	
<http://purl.obolibrary.org/obo/XAO_0000213>	"The narrow tube connecting the middle ear with the pharynx, through which air flows to equalize pressure on either side of the tympanic membrane."	"UBERON:0002393"
<http://purl.obolibrary.org/obo/XAO_0003024>	"Organism subdivision that is the part of the body consisting of the cranial and pharyngeal regions."	"UBERON:0000033"
<http://purl.obolibrary.org/obo/XAO_0001017>	"Portion of tissue that consists of mesodermally derived cells and intercellular matrix composed of protein fibers and carbohydrates, which supports, ensheathes and binds together other tissues."	"UBERON:0002384"
<http://purl.obolibrary.org/obo/XAO_0003079>	"The bones that make up the tail region of the tadpole."	"UBERON:0001095"
<http://purl.obolibrary.org/obo/XAO_1000059>	"Nieuwkoop and Faber stage 47, corresponding to a tadpole of age 5 days, 12 hr at 22-24 Celsius and having the following external morphological criteria: Tentacles larger. Edge of operculum forming quarter of a circle. Xantophores forming opaque layer on abdomen. Intestine showing 2.5 to 3.5 revolutions. Hindlimb bud more distinct. Length: 12 - 15 mm."	
<http://purl.obolibrary.org/obo/XAO_0000111>	"A cell that is within the developmental lineage of gametes and is able to pass along its genetic material to offspring."	"CL:0000586"
<http://purl.obolibrary.org/obo/XAO_0005052>	"Medial nucleus of the reticular nucleus of the brain stem."	
<http://purl.obolibrary.org/obo/XAO_0006016>	"Region of liver parenchyma immediately below the capsule. This region is frequently specified in pathology diagnoses. It is thought to be the principal hematopoietic site of Xenopodinae species from early development and, in case of certain species, into adulthood."	"UBERON:8400024"
<http://purl.obolibrary.org/obo/XAO_0000446>	"The movable, muscular organ on the floor of the mouth."	"UBERON:0001723"
<http://purl.obolibrary.org/obo/XAO_0004365>	"The space where the trabeculae of the tadpole chondrocranium have not yet fused."	
<http://purl.obolibrary.org/obo/XAO_0005010>	"Migrating motile tip of a growing nerve cell axon or dendrite."	"GO:0030426"
<http://purl.obolibrary.org/obo/XAO_0000409>	"The 2nd somite located posterior to the head."	
<http://purl.obolibrary.org/obo/XAO_0004540>	"Composite structure derived principally from the subpallium and containing numerous ganglia of the ventral telencephalon."	"UBERON:0010011"
<http://purl.obolibrary.org/obo/XAO_0004358>	"Cartilaginous element that is median and is the anterior-most cartilage of the ventral hyoid arch."	
<http://purl.obolibrary.org/obo/XAO_0004403>	"Regenerative tissue that develops and covers cut bone in the tadpole."	
<http://purl.obolibrary.org/obo/XAO_0005209>	"An anatomical region that is the entire part of an anatomical structure ventral to a horizontal plane and bounded on one side by the same horizontal plane."	
<http://purl.obolibrary.org/obo/XAO_0004002>	"Any of the sense organs that detect vibrations carried through water. They develop from a specialized series of dorsolateral ectodermal placodes named lateral line placodes."	"UBERON:0010202"
<http://purl.obolibrary.org/obo/XAO_0005044>	"A glial cell that ensheaths axons of neurons in the peripheral nervous system and is necessary for their maintainance and function. Multiple Schwann cells wrap each axon."	"CL:0002573"
<http://purl.obolibrary.org/obo/XAO_0004440>	"The presumptive cells of the levator arcuum branchialium IV muscles."	
<http://purl.obolibrary.org/obo/XAO_0005323>	"An immature cell which typically differentiates to form a mature lymphocyte."	"CL:0017005"
<http://purl.obolibrary.org/obo/XAO_0000015>	"The part of the brain that is the posterior of its three primary divisions."	"UBERON:0002028"
<http://purl.obolibrary.org/obo/XAO_0003087>	"The dorsal portion of the first pharyngeal arch."	"UBERON:0003277"
<http://purl.obolibrary.org/obo/XAO_0000136>	"Internal gland organ with distinct tissues with different endocrine and exocrine functions. Its rudiment has three parts, one dorsal and two ventral primordia. The ventral can be first detected at NF stage 37/38. The dorsal is clearly segregated from the duodenal wall by NF stage 39. At NF stage 40 the right and left primordia have fused just above the gastro-duodenal vein. At NF stage 42 blood vessels penetrate into the crevices between the pancreatic acini making them more conspicuous."	"UBERON:0001264"
<http://purl.obolibrary.org/obo/XAO_0004304>	"Multi-tissue structure forming the anterior part of the diencephalon and lying between the thalamus, hypothalamus, and eminentia thalami."	
<http://purl.obolibrary.org/obo/XAO_0004086>	"Part of the neural ectoderm that will become the embryonic midbrain-hindbrain boundary."	"UBERON:0007281"
<http://purl.obolibrary.org/obo/XAO_0004087>	"One of the two edges of the neural groove."	"UBERON:0005062"
<http://purl.obolibrary.org/obo/XAO_1000028>	"Nieuwkoop and Faber stage 2-, corresponding to an embryo of age 1 hr 15 min at 22-24 Celsius and having the following external morphological criteria: Beginning of first cleavage. First cleavage groove has not yet reached vegetal pole. Length: 1.4 - 1.5 mm."	
<http://purl.obolibrary.org/obo/XAO_0005223>	"Anatomical region that overlaps the posterior and dorsal regions of the body or body part."	
<http://purl.obolibrary.org/obo/XAO_0004384>	"Peripherally located part of the vegetal cell mass of prospective endoderm."	
<http://purl.obolibrary.org/obo/XAO_0005316>	"Head mesenchyme that is part of the periocular region."	
<http://purl.obolibrary.org/obo/XAO_0003175>	"Anatomical cluster that is a posterolateral part of the neurocranium and structurally supports the vestibuloauditory system."	"UBERON:0003110"
<http://purl.obolibrary.org/obo/XAO_0005103>	"Blastomere which lies lateral to blastomere D2.1.2, anterior to its sister cell, blastomere D2.2.1, in the third tier of blastomeres. It contributes cells to the epidermis, neural crest, brain, spinal cord, head mesoderm, somites, pronephric kidney, lateral plate mesoderm, tail fin mesenchyme, foregut, hindgut, with occasional cells in the liver and proctodeum observed."	
<http://purl.obolibrary.org/obo/XAO_0003181>	"Skeletal and cartilaginous elements of the first branchial or pharyngeal arch."	
<http://purl.obolibrary.org/obo/XAO_0004455>	"The presumptive cells of any of the cranial muscles."	
<http://purl.obolibrary.org/obo/XAO_0004416>	"Portion of tissue consisting of unkeratinized cells at the most distal end of a developing digit and which will become a claw."	
<http://purl.obolibrary.org/obo/XAO_0004004>	"Epithelium that consists of epithelial cells not arranged in one ore more layers."	"UBERON:0000488 CARO:0000071"
<http://purl.obolibrary.org/obo/XAO_0004214>	"Small motor nerve that emerges from the lateral wall of the medulla with the roots of the vagus nerve, and innervates a single pectoral suspensory muscle, the m. cucullaris."	"UBERON:0002019"
<http://purl.obolibrary.org/obo/XAO_0004606>	"Structure that lies rostral to the area of the tegmentum and that is a site of dopamine-containing cells."	"UBERON:2000633"
<http://purl.obolibrary.org/obo/XAO_0003174>	"Anatomical cluster that forms the floor and side walls of the middle part of the cranium."	"UBERON:0003111"
<http://purl.obolibrary.org/obo/XAO_0000204>	"Any nerve outside the brain or spinal cord that connects with peripheral receptors or effectors."	"UBERON:0002003"
<http://purl.obolibrary.org/obo/XAO_0003115>	"Compartment of trunk somite 3 that is a precursor of the axial skeleton."	
<http://purl.obolibrary.org/obo/XAO_0004524>	"The undifferentiated, loose connective tissue of the pharyngeal region, that is derived mostly from mesoderm, and also contains ectodermally derived neural crest cells."	
<http://purl.obolibrary.org/obo/XAO_0000062>	"Any of the ciliated tubules that collect the glomeral filtrate, passing it through to the pronephric tubules."	"UBERON:0005308"
<http://purl.obolibrary.org/obo/XAO_0004194>	"Ossicle that is part of the appendicular skeleton."	"UBERON:0011141"
<http://purl.obolibrary.org/obo/XAO_0004126>	"Portion of tissue that prevents regurgitation of blood from the ventricles to the atria or from the pulmonary arteries or aorta to the ventricles."	"UBERON:0000946"
<http://purl.obolibrary.org/obo/XAO_0003127>	"Compartment of trunk somite 10 that is a precursor of the axial skeleton."	
<http://purl.obolibrary.org/obo/XAO_0004468>	"Multi-tissue structure that is the outermost layer of an organ."	
<http://purl.obolibrary.org/obo/XAO_0000000>	"An entity that is either an individual member of Xenopus or constitutes the structural organization of an individual member of Xenopus."	"CARO:0000000"
<http://purl.obolibrary.org/obo/XAO_0004565>	"A nucleus situated in the brainstem, spanning the midbrain tegmentum and the pontine tegmentum."	"UBERON:0002267"
<http://purl.obolibrary.org/obo/XAO_0004026>	"Skeletal system that undergoes indirect development and includes elements that develop as a replacement or substitution of other elements or tissues."	"UBERON:0010362"
<http://purl.obolibrary.org/obo/XAO_0005141>	"A cartilaginous extension of the stapes that expands into a cartilaginous tympanic disk."	
<http://purl.obolibrary.org/obo/XAO_0005157>	"The section of the stomach which lies between the stomach body and pylorus, and that contains gastrin-producing G cells, which stimulate acid production, and the luminal pH-sensitive population of somatostatin-producing D cells."	"UBERON:0001165"
<http://purl.obolibrary.org/obo/XAO_0000047>	"Region of the neural plate overlying the notochord."	
<http://purl.obolibrary.org/obo/XAO_0005030>	"Layer of the optic tectum that consists of tectal somata."	
<http://purl.obolibrary.org/obo/XAO_0004102>	"The portion of the neural plate border that is anterior to the mid-hindbrain junction."	
<http://purl.obolibrary.org/obo/XAO_0005093>	"Blastomere which lies in the animal hemisphere lateral to V1.1 at the 16-cell stage."	
<http://purl.obolibrary.org/obo/XAO_0000256>	"The developing female gamete, the differentiation of which is classified into six stages: I (pre-vitellogenic), II (early vitellogenic), III (mid-vitellogenic, formation of pigment), IV (polarization along animal-vegetal axis), V (late vitellogenic), and VI (post-vitellogenic, appearance of equatorial band)."	"CL:0000023"
<http://purl.obolibrary.org/obo/XAO_0004327>	"A muscle that is part of the eye region and controls the movement of the eye."	
<http://purl.obolibrary.org/obo/XAO_1000047>	"Nieuwkoop and Faber stage 32, corresponding to an embryo of age 1 day, 16 hr at 22-24 Celsius and having the following external morphological criteria: Eye cup horse-shoe-shaped, standing out distinctly. Length of tail bud about 1.5 times its breadth. Length: 4.5 - 5.1 mm."	
<http://purl.obolibrary.org/obo/XAO_0004114>	"A developing female gamete that is at the pre-vitellogenic stage."	
<http://purl.obolibrary.org/obo/XAO_0004580>	"Region of spinal cord white matter that is dorsal and medial to the dorsal root."	"UBERON:0002258"
<http://purl.obolibrary.org/obo/XAO_0005199>	"Type of ganglia in the trunk region that connect the central nervous system with organs, muscles, blood vessels and glands, and are exclusively derived from trunk neural crest cells."	
<http://purl.obolibrary.org/obo/XAO_0004154>	"Vessels that are associated with the posterior region of the lens."	"UBERON:0005492"
<http://purl.obolibrary.org/obo/XAO_0000046>	"The portion of neural plate posterior to the mid-hindbrain junction."	"UBERON:0003057"
<http://purl.obolibrary.org/obo/XAO_0000189>	"The combination of structures that form the ear and function to transmit vibrations and permit hearing."	"UBERON:0001690"
<http://purl.obolibrary.org/obo/XAO_0003125>	"Compartment of trunk somite 9 that is a precursor of muscle."	
<http://purl.obolibrary.org/obo/XAO_0006021>	"A red blood cell that is produced in the liver."	
<http://purl.obolibrary.org/obo/XAO_0000241>	"Vein that returns blood from the trunk and drains into the duct of Cuvier via the pronephric sinus."	"UBERON:0002065"
<http://purl.obolibrary.org/obo/XAO_0000237>	"The final section of the small intestine."	"UBERON:0002116"
<http://purl.obolibrary.org/obo/XAO_0004413>	"The 3rd most posterior, or middle, of the hind digits, consisting of a single metatarsal, 3 phalanges, and a claw."	
<http://purl.obolibrary.org/obo/XAO_0004548>	"Subdivision of thepallium that is located dorsally."	"UBERON:0014740"
<http://purl.obolibrary.org/obo/XAO_0004395>	"Centrally located part of the vegetal cell mass of prospective endoderm."	
<http://purl.obolibrary.org/obo/XAO_0004205>	"A sac-like cavity ventral to the liver, lying in the sub-mesodermal space and closed by a thin sheet of ectodermal cells, from which the future gall bladder develops."	"UBERON:0006242"
<http://purl.obolibrary.org/obo/XAO_0000061>		
<http://purl.obolibrary.org/obo/XAO_0000218>	"An internal or external body part or prolongation that projects from, and is attached to, an organ or the main body of an organism."	"UBERON:0000026"
<http://purl.obolibrary.org/obo/XAO_0003198>	"The sensory system used for sight."	"UBERON:0002104"
<http://purl.obolibrary.org/obo/XAO_0000244>	"The posterior opening that serves as the common opening for the intestinal, reproductive, and urinary tracts, closed by the cloacal sphincter."	"UBERON:0000162"
<http://purl.obolibrary.org/obo/XAO_0005080>	"The bilaminar epithelium formed from the myotome and dermatome."	"UBERON:0004290"
<http://purl.obolibrary.org/obo/XAO_0004451>	"The presumptive cells of the rectus inferior muscle."	
<http://purl.obolibrary.org/obo/XAO_0004525>	"Water-filled cavity in the adult frog that is apposed to an olfactory epithelium for detection of aqueous odorants."	
<http://purl.obolibrary.org/obo/XAO_0005222>	"Anatomical region that overlaps the anterior and ventral regions of a body or body part."	
<http://purl.obolibrary.org/obo/XAO_0000458>	"A short lateral line that extends from the ear in a posterior-dorsal direction."	"UBERON:0003093"
<http://purl.obolibrary.org/obo/XAO_0004113>	"The apical region of the vegetal hemisphere."	
<http://purl.obolibrary.org/obo/XAO_0000469>	"The dorsal part of the tail fin."	"UBERON:0003097"
<http://purl.obolibrary.org/obo/XAO_0004167>	"The artery that crosses the brain dorsally, and meets the metencephalic vein."	
<http://purl.obolibrary.org/obo/XAO_0004396>	"Regenerating tissue consisting of mesenchyme cells at the tip of the regenerating limb."	
<http://purl.obolibrary.org/obo/XAO_0006010>	"One of an array of membranous disks projecting from outer segment cilia. In rods/rod cells, these disks are discontinuous, being divided into lobules or \"incisures\", and are surrounded by a plasma membrane."	
<http://purl.obolibrary.org/obo/XAO_0004448>	"The presumptive cells of laryngeal muscle."	
<http://purl.obolibrary.org/obo/XAO_0000227>	"First trace of the future visual apparatus. The eye primordia forming antero-lateral evaginations of the closing neural tube are originally massive formations into which only a slit-shaped extension of the neural groove penetrates at NF stage 18. At NF stage 19 they clearly segregate from the anterior portion of the neural tube."	"UBERON:0003071"
<http://purl.obolibrary.org/obo/XAO_0004122>	"Anatomical cluster that consists of rapidly dividing cells."	
<http://purl.obolibrary.org/obo/XAO_0005026>	"Embryonic structure that gives rise to a rhombomere."	
<http://purl.obolibrary.org/obo/XAO_0000270>	"Deep layer of the neural ectoderm, which undergoes early neuronal differentiation."	
<http://purl.obolibrary.org/obo/XAO_0005213>	"Anatomical region located on the apical end on the body or body part."	
<http://purl.obolibrary.org/obo/XAO_0004568>	"A nucleus comprising the medial aspect of the amygdala, involved in receiving olfactory information."	"UBERON:0002892"
<http://purl.obolibrary.org/obo/XAO_0005041>	"The laterally, or horizontally, oriented of the three semicircular canals."	"UBERON:0001843"
<http://purl.obolibrary.org/obo/XAO_0000377>	"The smallest of the blood vessels, parts of the microcirculation, of the liver."	
<http://purl.obolibrary.org/obo/XAO_0000132>	"Anatomical system comprising the liver, gall bladder, and associated ducts."	"UBERON:0002423"
<http://purl.obolibrary.org/obo/XAO_0004318>	"A portion of fin tissue that has been removed from the body."	
<http://purl.obolibrary.org/obo/XAO_0003113>	"Compartment of trunk somite 1 that is a precursor of the axial skeleton."	
<http://purl.obolibrary.org/obo/XAO_0000356>	"Simple squamous epithelium that lines blood and lymphatic vessels and the heart."	"UBERON:0004852"
<http://purl.obolibrary.org/obo/XAO_0004216>	"The narrow bridge that links the two glomera of the pronephric kidney."	
<http://purl.obolibrary.org/obo/XAO_0003114>	"Compartment of trunk somite 2 that is a precursor of the axial skeleton."	
<http://purl.obolibrary.org/obo/XAO_0004584>	"A cluster of nuclei found in the brain stem, the main function of which is to release serotonin to the rest of the brain."	"UBERON:0004684"
<http://purl.obolibrary.org/obo/XAO_0001016>	"The myoblast that forms the muscles of the anterior abdominal walls."	
<http://purl.obolibrary.org/obo/XAO_0000135>	"A small organ of the alimentary system that aids mainly in fat digestion, and concentrates bile that is produced by the liver."	"UBERON:0002110"
<http://purl.obolibrary.org/obo/XAO_0000056>	"Transient structure that lies immediately ventral to the notochord in the embryo, likely required for the formation of the dorsal aorta. A slight depression marks the future hypochord at NF stage 20 and its segregation from the dorsal endoderm begins at NF stage 24. It progresses from anterior to posterior and is complete by NF stage 28. At NF stage 32 it is present as a dorso-laterally flattened ribbon of yolk-laden cells. It degenerates by apoptosis and by NF stage 43 is no longer detectable as a distinct structure in the trunk region of the tadpole. The most posterior hypochord persists and begins to ossify, fusing with the coccyx to form the urostyle in the pelvic girdle around NF stage 63."	"UBERON:0003058"
<http://purl.obolibrary.org/obo/XAO_0004245>	"A type of artery that supplies the deep structures of the facial region. It branches from the external carotid artery."	
<http://purl.obolibrary.org/obo/XAO_0004496>	"Either of the paired bones that are the dorsal-most and largest bones of the pelvic girdle. They begin to connect to the sacral vertebra (9th vertebra) at NF stage 59."	
<http://purl.obolibrary.org/obo/XAO_1000046>	"Nieuwkoop and Faber stage 31, corresponding to an embryo of age 1 day, 13 hr 30 min at 22-24 Celsius and having the following external morphological criteria: Tail bud equally long as broad. Length: 4.2 - 4.8 mm."	
<http://purl.obolibrary.org/obo/XAO_0006013>	"Pteridine-containing subcellular compartment of xanthophores."	"GO:0043700"
<http://purl.obolibrary.org/obo/XAO_0003204>	"Hollow epithelial tube on the dorsal side of the embryo that develops into the brain and spinal cord."	"UBERON:0001049"
<http://purl.obolibrary.org/obo/XAO_0003223>	"Innermost nuclear layer of the retina, consisting of retinal ganglion cells, containing neurons that project axons through the optic nerve to the brain."	"UBERON:0001792"
<http://purl.obolibrary.org/obo/XAO_0006031>	"A tissue-resident macrophage of the reticuloendothelial system found on the luminal surface of the hepatic sinusoids (liver), involved in erythrocyte clearance."	"CL:0000091"
<http://purl.obolibrary.org/obo/XAO_0005024>	"A sensory epithelium inside the nasal cavity that is responsible for detecting odors."	"UBERON:0001997"
<http://purl.obolibrary.org/obo/XAO_0000311>	"Portion of the middle of the three primary germ layers of the embryo that resides on the periphery of the embryo, splits into two layers enclosing the intra-embryonic coelom, and gives rise to body wall structures."	"UBERON:0003081"
<http://purl.obolibrary.org/obo/XAO_0005000>	"A tissue whose predominant feature is extracellular matrix that may or may not be highly hydrated or calcified."	"UBERON:0007475"
<http://purl.obolibrary.org/obo/XAO_0000067>	"Region located on the ventral surface of the developing embryo that is a site of hematopoiesis and that is analogous to the yolk sac blood islands of higher vertebrates."	"UBERON:0003061"
<http://purl.obolibrary.org/obo/XAO_1000093>	"Xenopus developmental stage that corresponds to a fully formed, mature animal."	
<http://purl.obolibrary.org/obo/XAO_0000301>	"Spatial concept denoting extension relatively far inward."	
<http://purl.obolibrary.org/obo/XAO_0004038>	"A specialized form of connective tissue in which the extracellular matrix is firm, providing the tissue with resilience, and/or mineralized and that functions in mechanical and structural support."	"UBERON:0004755"
<http://purl.obolibrary.org/obo/XAO_0004570>	"Subdivision of the pallium that is located in the medial position."	"UBERON:0014738"
<http://purl.obolibrary.org/obo/XAO_0003158>	"A lymphocyte of B lineage that is capable of B-cell mediated immunity and develops in the spleen and liver (but not in the bone marrow)."	"CL:0000236"
<http://purl.obolibrary.org/obo/XAO_0006050>	"A stem cell that is located in the crypt of Liberkuhn, the tubular intestinal glands found in the mucosal membranes."	
<http://purl.obolibrary.org/obo/XAO_0004492>	"The physical groove that forms between cells at the first cell division. One-celled oocytes (NF stage 1) undergo cytoplasmic reorganization driven by sperm entry in the animal pole, where the cleavage furrow initiates, and it moves circumferentially along a line of longitude as well as progressing inwards through the cytoplasm, ultimately dividing the fertilized oocyte into two cells of equal size, defining NF stage 2."	
<http://purl.obolibrary.org/obo/XAO_0003138>	"Compartment of tail somite 15 that is a precursor of muscle."	
<http://purl.obolibrary.org/obo/XAO_0004435>	"The presumptive cells of the transversus anterior muscle."	
<http://purl.obolibrary.org/obo/XAO_0003254>	"A modified epidermal cell located in the stratum basale. They are found mostly in areas where sensory perception is acute."	"CL:0000242"
<http://purl.obolibrary.org/obo/XAO_0000051>	"Principal unpaired, median artery of the trunk, extending into the tail as the caudal artery."	"UBERON:0005805"
<http://purl.obolibrary.org/obo/XAO_0004532>	"A nucleus comprising the anterior aspect of the amygdala, adjacent to the basal forebrain, and involved in receiving olfactory information."	"UBERON:0002890"
<http://purl.obolibrary.org/obo/XAO_0000198>	"Any of the three fluid-filled ducts that loop from the utriculus in the inner ear, and help detect movement and maintain balance."	"UBERON:0001840"
<http://purl.obolibrary.org/obo/XAO_0000422>	"The 12th somite located posterior to the head. This somite is resorbed at metamorphosis."	
<http://purl.obolibrary.org/obo/XAO_0005314>	"Either of the paired endochondral bones forming the anterior and lateral walls of the otic capsules."	"UBERON:0004746"
<http://purl.obolibrary.org/obo/XAO_1000087>	"The late-vitellogenic stage of the developing female gamete."	
<http://purl.obolibrary.org/obo/XAO_0000177>	"Anatomical system that has as its parts the brain and spinal cord, nerves, ganglia, and parts of the receptor organs and that receives and interprets stimuli and transmits impulses to the effector organs."	"UBERON:0001016"
<http://purl.obolibrary.org/obo/XAO_0006012>	"A non-terminally differentiated cell which originates from the neural crest and differentiates into an iridophore."	"CL:0005001"
<http://purl.obolibrary.org/obo/XAO_0000294>	"The cavity of the blastula, a closed space that is invaded by early mesenchyme and later obliterated by the enlarging archenteron. It forms during embryogenesis when a zygote (a fertilized ovum) divides into many cells through mitosis."	"UBERON:0000090"
<http://purl.obolibrary.org/obo/XAO_0003173>	"An anatomical cluster that is located in the posterior region of the neurocranium and forms the margin of the foramen margin and occipital condyles."	"UBERON:0005902"
<http://purl.obolibrary.org/obo/XAO_0004144>	"Region that is overlapping, anterior, and dorsal to the main body of the ventral blood island."	
<http://purl.obolibrary.org/obo/XAO_0005500>	"A cell-cell junction in which: on the cytoplasmic surface of each interacting plasma membrane is a dense plaque composed of a mixture of intracellular anchor proteins; a bundle of keratin intermediate filaments is attached to the surface of each plaque; transmembrane adhesion proteins of the cadherin family bind to the plaques and interact through their extracellular domains to hold the adjacent membranes together by a Ca2+-dependent mechanism."	"GO:0030057"
<http://purl.obolibrary.org/obo/XAO_0004134>	"Presumptive structure that will develop into paraxial mesoderm."	"UBERON:0007285"
<http://purl.obolibrary.org/obo/XAO_0004452>	"The presumptive cells of the rectus superior muscle."	
<http://purl.obolibrary.org/obo/XAO_0004189>	"The discrete swellings of cardiac jelly in the outflow tract and ventricular walls of the developing embryonic heart."	"UBERON:0002062"
<http://purl.obolibrary.org/obo/XAO_0004233>	"A cranial continuation of the bulbis cordis that contains two lateral branches and divides into the carotid arch, systemic arch, and pulmocutaneous arch."	
<http://purl.obolibrary.org/obo/XAO_0000150>		
<http://purl.obolibrary.org/obo/XAO_0000070>	"Region of the marginal zone extending from the ventral to lateral surface."	
<http://purl.obolibrary.org/obo/XAO_0003193>	"Cardiac chamber that consists of a wall that surrounds the cavity of a ventricle. The amphibian heart has a single ventricle and an outflow tract with an incomplete spiral septum."	"UBERON:0002082"
<http://purl.obolibrary.org/obo/XAO_1000008>	"The post-embryonic Xenopus developmental stage from feeding to the end of metamorphosis, encompassing Weisz's first-form tadpole (equivalent to Nieuwkoop and Faber 45 to 49), second-form tadpole (NF 49 to 56) and third-form tadpole (NF 56 to 60-plus) stages."	"UBERON:0009849"
<http://purl.obolibrary.org/obo/XAO_0004432>	"The presumptive cells of the orbitohyoideus muscle."	
<http://purl.obolibrary.org/obo/XAO_0004250>	"Vein that collects blood from muscles of the head and drains into the external jugular vein."	
<http://purl.obolibrary.org/obo/XAO_0005313>	"The part of the cytoskeleton (the internal framework of a cell) composed of actin and associated proteins. Includes actin cytoskeleton-associated complexes."	"GO:0015629"
<http://purl.obolibrary.org/obo/XAO_0000022>	"Organizing center located at the dorsal midline of the neural tube that influences the development of the nervous system, controlling the specification and differentiation of dorsal neuronal cell types."	"UBERON:0005724"
<http://purl.obolibrary.org/obo/XAO_1000073>	"Nieuwkoop and Faber stage 61, corresponding to a tadpole of age about 48 days at 22-24 Celsius and having the following external morphological criteria: Head narrower. Tentacles considerably shortened, mostly curved backwards. Length of n. olfactorius equal to diameter of bulbus olfactorius. 4th arterial arch seen just in front of adult skin area of forelimb. Openings of gill chambers considerably narrowed. Forelimb at level of posterior half of heart. Adult skin area on abdomen covering posterior half of heart. Fins considerably reduced."	
<http://purl.obolibrary.org/obo/XAO_0005230>	"The alimentary system of a postembryonic, hatched or immature tadpole, prior to metamorphosis."	
<http://purl.obolibrary.org/obo/XAO_0006022>	"Myeloid mononuclear recirculating lymphocyte (a.k.a. a leukocyte) that can act as a precursor of tissue macrophages, osteoclasts, and some populations of tissue dendritic cells."	"CL:0000576"
<http://purl.obolibrary.org/obo/XAO_0004456>	"A sharp boundary, running parallel to the outside of the embryo, between involuted mesoderm and external ectoderm. It runs from the blastopore to the upper limit of the involuted mesoderm."	
<http://purl.obolibrary.org/obo/XAO_0005135>	"An endocrine cell that is located in the epithelium of the gastrointestinal tract or in the pancreas."	"CL:0000164"
<http://purl.obolibrary.org/obo/XAO_0003000>	"Material anatomical entity that has inherent 3D shape and is generated by coordinated expression of the organism's own genome."	"UBERON:0000061 CARO:0000003"
<http://purl.obolibrary.org/obo/XAO_0003262>	"A cell that is specialized to accumulate oxygen."	"CL:0000329"
<http://purl.obolibrary.org/obo/XAO_0003097>	"Cranial nerve that branches into the lateral (to body sense organs) and the intestino-accessorial (to the skin, muscles of shoulder, hyoid, larynx, gut, lungs, and heart)."	"UBERON:0001759"
<http://purl.obolibrary.org/obo/XAO_1000048>	"Nieuwkoop and Faber stage 33/34, corresponding to an embryo of age 1 day, 20 hr 30 min at 22-24 Celsius and having the following external morphological criteria: Stomodeal invagination a shallow vertical groove. Dorsal part of eye more pigmented than ventral part; distinct melanophores in dorsal part. Melanophores appearing dorsally on the head and laterally in a row extending from just below the pronephros backwards. Length of tail bud about twice its breadth. Beginning of heart beat. Length: 4.7 - 5.3 mm."	
<http://purl.obolibrary.org/obo/XAO_0000395>	"Vein in the posterior region that drains the ventral abdominal wall."	
<http://purl.obolibrary.org/obo/XAO_1000081>	"Unspecified Xenopus developmental stage."	
<http://purl.obolibrary.org/obo/XAO_0004252>	"Vein that comes from the subcutaneous tissue of the hindlimb stylopod."	
<http://purl.obolibrary.org/obo/XAO_0000336>	"The fused aspects of ventral mesoderm, which have migrated from either side of the prechordal plate, and fused ventrally, just behind the cement gland. They give rise to the endocardium at NF stage 27/28."	"UBERON:0003084"
<http://purl.obolibrary.org/obo/XAO_0004371>	"Cartilaginous element comprising the ascending process that helps anchor the larval palatoquadrate to the neurocranium."	
<http://purl.obolibrary.org/obo/XAO_0000071>	"Region of the marginal zone extending from the dorsal to lateral surface."	
<http://purl.obolibrary.org/obo/XAO_0004574>	"Layer composed of pyramidal neurons whose cell bodies are located between the granule cell layer and the plexiform layer."	"UBERON:0004186"
<http://purl.obolibrary.org/obo/XAO_0003039>	"Multi-tissue structure that is part of a compound organ."	"CARO:0000019 UBERON:0000471"
<http://purl.obolibrary.org/obo/XAO_0003160>	"Anatomical group that has its parts adjacent to one another."	"CARO:0000041 UBERON:0000477"
<http://purl.obolibrary.org/obo/XAO_0004616>	"The ventrolateral regions of the neural tube, above to the floor plate region and encompassing structurally distinct interneurons (in lateral positions) and the more ventral motor neurons."	
<http://purl.obolibrary.org/obo/XAO_0003104>	"Compartment of head somite 1 that is a precursor of muscle."	
<http://purl.obolibrary.org/obo/XAO_0004402>	"Following amputation in late prometamorphosis or in young froglets, tissue comprising fibroblast-like cells in a limb stump that aggregate beneath the wound epithelia."	
<http://purl.obolibrary.org/obo/XAO_0000065>	"Cardiac muscle constituting the middle layer of the heart."	"UBERON:0002349"
<http://purl.obolibrary.org/obo/XAO_0004620>	"Cranial placode with neurogenic potential."	"UBERON:0009955"
<http://purl.obolibrary.org/obo/XAO_0000040>	"The anterior-most third of the embryo, formed from the development of the head outgrowth at NF stage 21."	"UBERON:0001444"
<http://purl.obolibrary.org/obo/XAO_0005315>	"Vein that is part of the periocular region."	
<http://purl.obolibrary.org/obo/XAO_0003159>	"An immature T cell located in the thymus."	
<http://purl.obolibrary.org/obo/XAO_0003119>	"Compartment of trunk somite 7 that is a precursor of muscle."	
<http://purl.obolibrary.org/obo/XAO_0000367>	"The anterior continuation of the internal carotid artery, which gives off the nasociliary artery anterior to the eye."	"UBERON:0004449"
<http://purl.obolibrary.org/obo/XAO_0000164>	"Either of a pair of complex endocrine organs near the anterior medial border of the kidney consisting of a mesodermal cortex that produces glucocorticoid, mineralocorticoid, and androgenic hormones and an ectodermal medulla that produces epinephrine and norepinephrine."	"UBERON:0002369"
<http://purl.obolibrary.org/obo/XAO_0000232>	"The anterior part of the alimentary system, from the mouth and esophagus to the duodenum at the entrance of the bile duct. Structures of the foregut are: esophagus, stomach, duodenum, liver, gall bladder, and pancreas. The spleen is located in the foregut region, but is not a gut organ."	"UBERON:0001041"
<http://purl.obolibrary.org/obo/XAO_0004034>	"Extracellular matrix that is mineralized."	
<http://purl.obolibrary.org/obo/XAO_0004174>	"The major vein of the midbrain, which crosses the midbrain medially to meet its partner the mesencephalic artery."	"UBERON:0010205"
<http://purl.obolibrary.org/obo/XAO_0004439>	"The presumptive cells of the levator arcuum branchialium III muscles."	
<http://purl.obolibrary.org/obo/XAO_0000134>	"Duct that carries bile from the liver to the small intestine."	"UBERON:0002394"
<http://purl.obolibrary.org/obo/XAO_0004595>	"Nucleus situated in the thalamus that receives inputs from the basal nuclei and the function of which is to help coordinate and plan movement."	
<http://purl.obolibrary.org/obo/XAO_0005252>		
<http://purl.obolibrary.org/obo/XAO_0004098>	"A type of interneuron that has two neurites, usually an axon and a dendrite, extending from opposite poles of an ovoid cell body."	"CL:0000103"
<http://purl.obolibrary.org/obo/XAO_0004017>	"A skeletal element that has the potential to participate in endochondral ossification, and may participate in intramembranous ossification."	"UBERON:0010363"
<http://purl.obolibrary.org/obo/XAO_0003252>	"A cell that is specialized to accumulate keratins, a family of fibrous structural proteins."	"CL:0000311"
<http://purl.obolibrary.org/obo/XAO_0004332>	"Muscle that is part a complex that arises from the skull roof and acts to elevate or close the lower jaw. The last jaw levator to develop, it originates rostral to the palatoquadrate."	
<http://purl.obolibrary.org/obo/XAO_0004498>	"The ventral and anterior of the three principal bones composing the pelvic girdle. The pubes fuse with the ilia at NF stage 53, and touch each other at NF stage 62. Full contact of the medial surfaces occurs at NF stage 63 when ossification also begins. Ossification continues through metamorphosis."	
<http://purl.obolibrary.org/obo/XAO_0006047>	"A neuron-like cell, often with atypical dentric knobs, seen in the olfactory epithelium of the olfactory bulb, and which are S100Z-positive, the axons of which extend/push into the olfactory nerve."	
<http://purl.obolibrary.org/obo/XAO_0005160>	"A tiny skeletal element adjacent to the anterior-most digit in the autopod in the developing forelimb, possibly representing a vestigal digit."	
<http://purl.obolibrary.org/obo/XAO_0003216>	"The layer of nerve cells in the retina."	"UBERON:0003902"
<http://purl.obolibrary.org/obo/XAO_0004047>	"Odontogenic papilla located along the jaws or pharyngeal skeleton."	
<http://purl.obolibrary.org/obo/XAO_0000138>	"A double layer of tissue composed of peritoneum that attaches the visceral organs to the body wall."	"UBERON:0007826"
<http://purl.obolibrary.org/obo/XAO_0005253>		
<http://purl.obolibrary.org/obo/XAO_0004420>	"Claw located at the end of the 4th hindlimb digit."	
<http://purl.obolibrary.org/obo/XAO_0005022>	"A type of cell comprising the main structural component of the liver."	"CL:0000182"
<http://purl.obolibrary.org/obo/XAO_0004148>	"A cell of the monocyte, granulocyte, mast cell, megakaryocyte, or erythroid lineage."	"CL:0000763"
<http://purl.obolibrary.org/obo/XAO_1000083>	"The pre-vitellogenic stage of the developing female gamete."	
<http://purl.obolibrary.org/obo/XAO_0000319>	"Neural crest cells that migrate along two major pathways: through the somites, to populate the skin where they give rise to pigment cells; cells migrating along the lateral pathway generate sensory and sympathetic ganglia and adrenal chromaffin cells, among others."	"UBERON:0003083"
<http://purl.obolibrary.org/obo/XAO_0003120>	"Compartment of trunk somite 8 that is a precursor of muscle."	
<http://purl.obolibrary.org/obo/XAO_0005172>	"The blastomere of the future left side of the embryo at the 2-cell stage."	
<http://purl.obolibrary.org/obo/XAO_1000089>	"Tadpole stage during which limb bud growth occurs, comprising Nieuwkoop and Faber stages 45 to 54."	
<http://purl.obolibrary.org/obo/XAO_1000034>	"Nieuwkoop and Faber stage 18, corresponding to an embryo of age 19 hr 45 min at 22-24 Celsius and having the following external morphological criteria: Neural groove stage. Anterior part of neural plate narrow, more or less club-shaped, often narrower towards rostral end. Parallel neural folds in trunk region very close to each other, not yet touching. Length: 1.5 - 1.6 mm."	
<http://purl.obolibrary.org/obo/XAO_1000060>	"Nieuwkoop and Faber stage 48, corresponding to a tadpole of age 7.5 days at 22-24 Celsius and having the following external morphological criteria: Beginning of pigmentation around n. acusticus. Forelimb bud visible for the first time. Shining gold-coloured abdomen. Hindlimb bud semicircular in lateral aspect. Length: 14 - 17 mm."	
<http://purl.obolibrary.org/obo/XAO_0004029>	"Cartilage tissue primarily composed of type II collagen (thin fibrils) and a glassy appearance."	"UBERON:0001994"
<http://purl.obolibrary.org/obo/XAO_0000139>	"Serous membrane that forms the lining of the abdominal cavity or the coelom. It covers most of the intra-abdominal organs, supports the abdominal organs, and serves as a conduit for their blood and lymph vessels and nerves. It is composed of a layer of mesothelium."	"UBERON:0002358"
<http://purl.obolibrary.org/obo/XAO_0006049>	"A type of cell that has microvilli-like structures and is situated in the olfactory epithelium."	
<http://purl.obolibrary.org/obo/XAO_0004079>	"Any of the transient sequential subdivisions of the developing hindbrain, all posterior to the midbrain-hindbrain boundary."	"UBERON:0001892"
<http://purl.obolibrary.org/obo/XAO_0005036>	"A calcified dermal layer that is found between the stratum spongiosum and the stratum compactum of the skin."	
<http://purl.obolibrary.org/obo/XAO_0004231>	"A single long structure at each corner of the mouth that has muscle fibers attached to an internal cartilaginous support and that is mobile."	
<http://purl.obolibrary.org/obo/XAO_0000315>	"Somitic compartment that is a precursor of muscle."	"UBERON:0003082"
<http://purl.obolibrary.org/obo/XAO_0005070>	"A shallow, longitudinal groove separating the developing gray matter into a basal and alar plates along the length of the neural tube."	"UBERON:0005478"
<http://purl.obolibrary.org/obo/XAO_0005211>	"The side of an organism that is right of the sagittal plane."	
<http://purl.obolibrary.org/obo/XAO_0000357>	"The thin layer of cells that lines the interior surface of blood vessels, forming an interface between circulating blood in the lumen and the rest of the vessel wall."	"UBERON:0001917"
<http://purl.obolibrary.org/obo/XAO_0004461>	"Site above the branchial arch complex where vagal neural crest cells temporarily arrest their migration before entering the pharyngeal arches and heart."	
<http://purl.obolibrary.org/obo/XAO_0004115>	"A developing female gamete that is at the early vitellogenic stage."	
<http://purl.obolibrary.org/obo/XAO_0004447>	"The presumptive cells of the dilatator laryngis muscle."	
<http://purl.obolibrary.org/obo/XAO_0003075>	"Skeletal system that is part of the head, including the splanchnocranium, chondrocranium, and dermatocranium."	"UBERON:0010323"
<http://purl.obolibrary.org/obo/XAO_0004171>	"One of the major dorsal head veins that drains into the anterior cardinal vein, the other being the vena capitis medialis."	
<http://purl.obolibrary.org/obo/XAO_0000099>	"Structures that develop from the pharyngeal arches. Pharyngeal arches are anlage for a multitude of structures. Each pharyngeal arch has a cartilaginous stick, a muscle component which differentiates from the cartilaginous tissue, an artery, and a cranial nerve. Each of these is surrounded by mesenchyme. Arches do not develop simultaneously, but instead possess a staggered development."	"UBERON:0008896"
<http://purl.obolibrary.org/obo/XAO_0000342>	"The anterior member of a series of six paired arterial connections between the dorsal and ventral aortae. Aortic arch that is part of mandibular arch."	"UBERON:0003118"
<http://purl.obolibrary.org/obo/XAO_0004207>	"One of the 3 domains of the U-shaped preplacodal ectoderm (PPE), which lies abutting and lateral to the chordal neural plate border and neural crest."	
<http://purl.obolibrary.org/obo/XAO_0004598>	"A neuromere that is part of the presumptive forebrain."	"UBERON:0014775"
<http://purl.obolibrary.org/obo/XAO_0000440>	"Thickened placodal areas located anterior and posterior to the otic vesicle. There are 5 distinct lateral line placodes, each giving rise to a single lateral line nerve that will innervate lateral line hair cells and convey information on motion to the adjacent hindbrain."	"UBERON:0009128"
<http://purl.obolibrary.org/obo/XAO_0000209>	"A cluster of nervous tissue principally composed of neuronal cell bodies external to the central nervous system (CNS)."	"UBERON:0000045"
<http://purl.obolibrary.org/obo/XAO_0004123>	"The part of the heart connecting the atrium to the cardiac ventricle."	"UBERON:0002087"
<http://purl.obolibrary.org/obo/XAO_0000225>	"The ectodermal precursor of the trigeminal ganglion. The profundal and the trigeminal ganglia are separate distally but fused at their proximal end as they condense around NF stage 24. The trigeminal placode gives rise to the sensory neurons of the ophthalmic and maxillomandibular lobes of cranial nerve V."	"UBERON:0003070"
<http://purl.obolibrary.org/obo/XAO_0005116>	"A cell in the pituitary gland (hypophysis) that generates melanocyte-stimulating hormone from its precursor polypeptide, pro-opiomelanocortin (POMC)."	"CL:0000440"
<http://purl.obolibrary.org/obo/XAO_0000304>	"Spatial concept pertaining to being situated at or extending to the side."	
<http://purl.obolibrary.org/obo/XAO_0005186>	"The glandular, anterior lobe of the pituitary gland (hypophysis). It regulates several physiological processes including stress, growth, and reproduction."	"UBERON:0002196"
<http://purl.obolibrary.org/obo/XAO_0004576>	"A brain structure that is part of the septal nuclear complex and is connected with the hippocampus, hypothalamus, and amygdala."	"UBERON:0001879"
<http://purl.obolibrary.org/obo/XAO_0005074>	"A gland of the skin in which some secretory cells are serous and some mucous."	
<http://purl.obolibrary.org/obo/XAO_0000126>	"The cavity of the mouth, bounded by the jaw bones and associated structures."	"UBERON:0000167"
<http://purl.obolibrary.org/obo/XAO_0003034>	"An internal organ of the body; especially: one (as the heart, liver, or intestine) located in the great cavity of the trunk proper."	"UBERON:0002075"
<http://purl.obolibrary.org/obo/XAO_0000271>	"Layer of lateral plate mesoderm that forms the future body wall; it underlies the ectoderm."	"UBERON:0004871"
<http://purl.obolibrary.org/obo/XAO_0003176>	"Regional skeletal system of the jaws, hyoid and branchial arches."	"UBERON:0008895"
<http://purl.obolibrary.org/obo/XAO_0000300>	"Spatial concept denoting only the surface of the body."	
<http://purl.obolibrary.org/obo/XAO_0004404>	"The predominant cell type in the epidermis, the primary function of which is the formation of a barrier against environmental damage."	
<http://purl.obolibrary.org/obo/XAO_0004269>	"Lateral line placode that gives rise to the anterodorsal lateral line nerve."	
<http://purl.obolibrary.org/obo/XAO_0004501>	"A cell that is in the process of programmed cell death. The process is characterized by morphological changes (e.g. blebbing, cell shrinkage, nuclear fragmentation, chromatin condensation, and chromosomal DNA fragmentation) ending in cell death."	
<http://purl.obolibrary.org/obo/XAO_0004170>	"One of the major dorsal head veins that drains into the anterior cardinal vein, the other being the vena capitis lateralis."	
<http://purl.obolibrary.org/obo/XAO_0004617>	"The dorsolateral regions of the neural tube, ventral to the roof plate region and encompassing structurally distinct sensory neurons (more dorsally) and interneurons (in lateral positions)."	
<http://purl.obolibrary.org/obo/XAO_0005234>	"One of the four cell types that are found in bilayered epithlium of the larval epidermis (the others being goblet cells, multicilliated cells, and ionocytes) and have an abundance of large apical secretory vesicles and secrete a glyocoprotein with antimicrobial properties."	
<http://purl.obolibrary.org/obo/XAO_0005256>		
<http://purl.obolibrary.org/obo/XAO_0005236>	"Type of adult stem cells that are induced by thyroid hormone (TH) and, during intestinal remodeling during metamorphosis, newly generate the absorptive epithelium."	
<http://purl.obolibrary.org/obo/XAO_0004124>	"Endocardium that is part of the atrioventricular canal."	"UBERON:0003930"
<http://purl.obolibrary.org/obo/XAO_0004076>	"A tendon located in the intersomitic region."	
<http://purl.obolibrary.org/obo/XAO_0004256>	"A vein formed by the combination of veins in the pelvic region that collects blood from the liver, stomach, intestines, and gall bladder."	
<http://purl.obolibrary.org/obo/XAO_0005073>	"A gland in which the principal secretory cells are mucus secreting cells."	"UBERON:0000414"
<http://purl.obolibrary.org/obo/XAO_0000338>	"The outlet of the embryonic heart; lies in the floor of the pharynx and conducts blood from the bulbus arteriosis to the aortic arches (1-6)."	"UBERON:0003085"
<http://purl.obolibrary.org/obo/XAO_0004553>	"Type of neuron characterized by having very small cell bodies. These cells are found within the granular layers of the cerebellum and the olfactory bulb."	"CL:0000120"
<http://purl.obolibrary.org/obo/XAO_0005326>	"An arrangement of closely apposed microtubules running parallel to each other in the axon hillock and initial segment."	"GO:1901589"
<http://purl.obolibrary.org/obo/XAO_0004036>	"Avascular GAG-rich matrix that is mineralized."	
<http://purl.obolibrary.org/obo/XAO_0004545>	"A nucleus that is situated in the brainstem."	
<http://purl.obolibrary.org/obo/XAO_0004344>	"Muscle that arises on part of the chondrocranium and passes to the ventro-lateral region of the cerato-branchialia. It originates on the ventrolateral process of the palatoquadrate."	
<http://purl.obolibrary.org/obo/XAO_0004410>	"Mesenchyme that occupies the interdigital region of a limb bud."	
<http://purl.obolibrary.org/obo/XAO_0003219>	"The layer within the retina where the photoreceptor cell bodies reside."	"UBERON:0001789"
<http://purl.obolibrary.org/obo/XAO_0004168>	"The vein that crosses the brain dorsally, parallel with the mid-cerebral vein, and meets the metencephalic artery."	
<http://purl.obolibrary.org/obo/XAO_0004311>	"A portion of limb tissue that is re-growing after damage or amputation."	
<http://purl.obolibrary.org/obo/XAO_0003169>	"Subdivision of skeleton that includes all dermal bones in the cranial skeleton."	"UBERON:0003113"
<http://purl.obolibrary.org/obo/XAO_0005257>		
<http://purl.obolibrary.org/obo/XAO_0000362>	"Artery consisting of many branches which supply blood to various organs in the viscus. One of the major blood vessels, branching off the dorsal aorta and supplying the embryonic foregut organs: liver, stomach, intestine, spleen and pancreas."	
<http://purl.obolibrary.org/obo/XAO_1000014>	"Nieuwkoop and Faber stage 4, corresponding to an embryo of age 2 hr 15 min at 22-24 Celsius and having the following external morphological criteria: Advanced eight cell stage. Dorsal micro- and macromeres usually smaller than ventral ones; dorsal micromeres less pigmented than ventral ones. Length: 1.4 - 1.5 mm."	"UBERON:0007236"
<http://purl.obolibrary.org/obo/XAO_0004276>	"Skeletal element that is composed of bone tissue."	"UBERON:0001474"
<http://purl.obolibrary.org/obo/XAO_0003013>	"Anatomical structure that is a primary subdivision of the whole organism."	"CARO:0000032 UBERON:0000475"
<http://purl.obolibrary.org/obo/XAO_0000406>	"Trunk somite that is initially the fifth somite, first forming around NF stage 19 and becoming more anteriorly positioned as the head somites degenerate. It is the most anterior somite by NF stage 45 and is adjacent to the otic vesicle."	
<http://purl.obolibrary.org/obo/XAO_0000036>	"Ectodermal roof of the blastocoel."	
<http://purl.obolibrary.org/obo/XAO_0005221>	"Anatomical region that overlaps the anterior and dorsal regions of a body or body part."	
<http://purl.obolibrary.org/obo/XAO_0000275>	"A depression on the head of the embryo that becomes converted into a nasal passage."	"UBERON:0005870"
<http://purl.obolibrary.org/obo/XAO_0000414>	"Mesenchymal cells that break from the sclerotome. Such cells migrate from the somite to surround the notochord."	
<http://purl.obolibrary.org/obo/XAO_0005216>	"Anatomical region anteriorly located on the body or body part."	
<http://purl.obolibrary.org/obo/XAO_0004368>	"Cartilaginous element comprising cartilages that articulate with Meckel's cartilage in the lower jaw and are fused medially."	
<http://purl.obolibrary.org/obo/XAO_0005262>	"The anterior part of the dorsal fin."	
<http://purl.obolibrary.org/obo/XAO_0004399>	"Regenerating tissue that forms the outer layer of wound epidermis."	
<http://purl.obolibrary.org/obo/XAO_0004228>	"Laterally located vein that drains the ventral abdominal wall."	
<http://purl.obolibrary.org/obo/XAO_0000390>	"Vein in the tail returning blood from the trunk and tail to the heart, leading directly into the posterior cardinal vein in the posterior trunk."	"UBERON:0003088"
<http://purl.obolibrary.org/obo/XAO_0004422>	"Ganglion that develops from a cranial ectodermal placode and contains sensory neurons that innervate the posterior lateral line system."	
<http://purl.obolibrary.org/obo/XAO_0003162>	"Anatomical structure that consists of cell parts and cell substances and together does not constitute a cell or a tissue."	"CARO:0000040 UBERON:0000476"
<http://purl.obolibrary.org/obo/XAO_0005258>		
<http://purl.obolibrary.org/obo/XAO_0000090>	"Primary germ layer that lies remote from the surface of the embryo and gives rise to internal tissues such as gut."	"UBERON:0000925"
<http://purl.obolibrary.org/obo/XAO_0003220>	"Fiber layer adjacent the retinal ganglion cell layer that comprises its axons as they traverse to the optic nerve."	"UBERON:0001793"
<http://purl.obolibrary.org/obo/XAO_0004457>	"Ganglion that develops from a cranial ectodermal placode and contains sensory neurons that innervate a lateral line."	
<http://purl.obolibrary.org/obo/XAO_0005201>	"An axis that extends from the animal end of an egg or early embryo to the opposite, vegetal end."	
<http://purl.obolibrary.org/obo/XAO_0003237>	"A cell of ectomesenchymal origin concerned with the formation of the layer of cementum on the roots of teeth."	"CL:0000061"
<http://purl.obolibrary.org/obo/XAO_0006052>	"Subsystem of the immune system that is composed of specialized, systemic cells and processes that eliminate pathogens or prevent their growth."	
<http://purl.obolibrary.org/obo/XAO_0005067>	"A longitudinal fold of the wall projecting into the cavity of the intestine."	
<http://purl.obolibrary.org/obo/XAO_1000078>	"Nieuwkoop and Faber stage 66, corresponding to a tadpole of age about 58 days at 22-24 Celsius and having the following external morphological criteria: Border lines between adult skin areas disappeared. Tail only a very small triangle, no longer visible from ventral side."	
<http://purl.obolibrary.org/obo/XAO_0003041>	"Anatomical structure that has as its parts two or more multi-tissue structures of at least two different types and which through specific morphogenetic processes forms a single distinct structural unit demarcated by bona fide boundaries from other distinct anatomical structures of different types."	"UBERON:0003103 CARO:0000024"
<http://purl.obolibrary.org/obo/XAO_0000354>	"One of three branches of the internal carotid artery, the palatine artery supplies the mouth region."	
<http://purl.obolibrary.org/obo/XAO_0000415>	"Mesenchymal covering surrounding the notochord, derived from sclerotomal mesenchyme."	
<http://purl.obolibrary.org/obo/XAO_0004491>	"The apical region of a developing hindlimb bud which will form the autopod segment of the hindlimb."	
<http://purl.obolibrary.org/obo/XAO_0005183>	"An interneuron which starts to grow on one side of the body and navigates in the ventral direction."	
<http://purl.obolibrary.org/obo/XAO_0005259>		
<http://purl.obolibrary.org/obo/XAO_0004389>	"Ganglion in the midbrain that gives rise to the fibers of the oculomotor nerve."	"UBERON:0001715"
<http://purl.obolibrary.org/obo/XAO_0004177>	"Vessel into which intersomitic vessels enter in a regular pattern at each intersomitic junction. Posterior to the gut, the DLAV drains into the fused posterior cardinal vein by a minor right branch and a major left branch. By NF stage 36 the DLAV extends fully to the tip of the tail."	
<http://purl.obolibrary.org/obo/XAO_0003186>	"A region of the whole organism that contains a recognizable set of structures or anatomical entities."	
<http://purl.obolibrary.org/obo/XAO_0004202>	"Odontogenic tissue that is avascular non-mineralized matrix that is deposited by preameloblast and ameloblasts that are excluded from the matrix."	"UBERON:0011588"
<http://purl.obolibrary.org/obo/XAO_0004235>	"The larval stomach."	
<http://purl.obolibrary.org/obo/XAO_0004308>	"Any of the non-neuronal cells that maintain homeostasis, form myelin, and provide support and protection for neurons in the brain, and for neurons in other parts of the nervous system such as in the autonomic nervous system. Neural crest derived."	"CL:0000125"
<http://purl.obolibrary.org/obo/XAO_0003212>	"Each of the bones forming the part of the foot between the toes and the heel."	"UBERON:0010545"
<http://purl.obolibrary.org/obo/XAO_0005188>	"Structure which comprises the majority of the anterior pituitary (adenohypophysis) and where the bulk of pituitary hormone production occurs."	"UBERON:0006964"
<http://purl.obolibrary.org/obo/XAO_0004282>	"Postcranial axial skeleton that is unpaired and located on the sagittal plane of the organism."	
<http://purl.obolibrary.org/obo/XAO_0003179>	"Skeletal subdivision comprising the ventral skeletal elements of the hyoid arch."	"UBERON:0011153"
<http://purl.obolibrary.org/obo/XAO_0003201>	"Epithelium that lines the oral cavity, with many short microvilli as well as mucous cells, rodlet cells and taste buds."	"UBERON:0002424"
<http://purl.obolibrary.org/obo/XAO_0000399>	"An elongated fibroblast type cell, the cytoplasm of which is stretched between the collagen fibres of the tendon."	
<http://purl.obolibrary.org/obo/XAO_0000222>		
<http://purl.obolibrary.org/obo/XAO_0000299>	"Spatial concept denoting the underside or lower surface of the body."	
<http://purl.obolibrary.org/obo/XAO_0004071>	"Decussation of cranial nerve II axons whereby some cross the midline and some remain ipsilateral."	"UBERON:0000959"
<http://purl.obolibrary.org/obo/XAO_0000006>	"The saccular invagination of ectoderm from which the vertebrate inner ear develops."	"UBERON:0003051"
<http://purl.obolibrary.org/obo/XAO_0003157>	"A type of lymphocyte whose defining characteristic is the expression of a T-cell receptor complex, and which develops in the thymus."	"CL:0000084"
<http://purl.obolibrary.org/obo/XAO_0000268>	"A type of germ cell that results from the mitotic division of a primary oogonium."	
<http://purl.obolibrary.org/obo/XAO_0004146>	"A pluripotent cell in the ventral blood island that can give rise to mesenchymal cells including erythrocytes and endothelial cells."	"CL:0002418"
<http://purl.obolibrary.org/obo/XAO_0005125>	"The ventral part of the foregut."	
<http://purl.obolibrary.org/obo/XAO_0004059>	"A portion of tissue that is re-growing after damage or amputation."	"UBERON:0007567"
<http://purl.obolibrary.org/obo/XAO_0003214>	"Either of the paired, elongate, cylindrical bones of endochondral origin that form the thighs, extending from the pelvic girdles to the knees. Proximal bone of the hind leg, which begins to ossify at NF stage 55."	"UBERON:0000981"
<http://purl.obolibrary.org/obo/XAO_0005424>	"The posterior portion of the notochord."	
<http://purl.obolibrary.org/obo/XAO_0004342>	"The 3rd branchial levator muscle, which contributes to raising the branchial apparatus."	
<http://purl.obolibrary.org/obo/XAO_0004419>	"Claw located at the end of the 3rd hindlimb digit."	
<http://purl.obolibrary.org/obo/XAO_0003140>	"Compartment of tail somite 16 that is a precursor of muscle."	
<http://purl.obolibrary.org/obo/XAO_0000084>	"Ventral mesoderm that has grown and curled inward during gastrulation."	
<http://purl.obolibrary.org/obo/XAO_0003118>	"Compartment of trunk somite 6 that is a precursor of muscle."	
<http://purl.obolibrary.org/obo/XAO_0004418>	"Claw located at the end of the 2nd hindlimb digit."	
<http://purl.obolibrary.org/obo/XAO_0006002>	"Lateral plate mesoderm that is located on the right side of the body."	
<http://purl.obolibrary.org/obo/XAO_0000420>	"The 10th somite located posterior to the head."	
<http://purl.obolibrary.org/obo/XAO_0004014>	"Bone element that arises as a result of intramembranous ossification."	"UBERON:0007842"
<http://purl.obolibrary.org/obo/XAO_0000097>	"The first of the series of bony or cartilaginous arches that develop in the walls of the mouth cavity and pharynx of the embryo."	"UBERON:0004362"
<http://purl.obolibrary.org/obo/XAO_0000252>	"An anatomical space that is surrounded by a neural tube."	"UBERON:0003842"
<http://purl.obolibrary.org/obo/XAO_0005019>	"The embryonic right and left aortas that develop in parallel with the heart and gain access to it via the aortic arches. Later the paired dorsal aortic anlagen unite and finally form the unpaired descending aorta of the adult."	
<http://purl.obolibrary.org/obo/XAO_0004125>	"A portion of tissue forming a cusp guarding the opening of the atrioventricular valve."	
<http://purl.obolibrary.org/obo/XAO_0006023>	"A hematopoietic progenitor cell which gives rise to dendritic cells."	"CL:0001029"
<http://purl.obolibrary.org/obo/XAO_0005319>	"A filamentous structure formed of a two-stranded helical polymer of the protein actin and associated proteins. Actin filaments are a major component of the contractile apparatus of skeletal muscle and the microfilaments of the cytoskeleton of eukaryotic cells."	
<http://purl.obolibrary.org/obo/XAO_0005088>	"Blastomere which lies adjacent to the prospective dorsal midline of the animal hemisphere at the 16-cell stage."	
<http://purl.obolibrary.org/obo/XAO_0003062>	"The collection of all skeletal elements in a free hindlimb region."	"UBERON:0001441"
<http://purl.obolibrary.org/obo/XAO_1000053>	"Nieuwkoop and Faber stage 41, corresponding to an embryo of age 3 days, 4 hr at 22-24 Celsius and having the following external morphological criteria: Gills broader and flatter, more laterally directed. Formation of a left-rostral and a right-caudal furrow in yolk mass; torsion of interjacent part about 45 degrees; formation of conical proctodeum, forming angle of about 60 degrees with tail myotomes. Formation of fin rostral to proctodeum; ventral outline of yolk mass and proctodeum a smooth concave line. Length: 6.7 - 7.5 mm."	
<http://purl.obolibrary.org/obo/XAO_0000407>	"Trunk somite that is initially the sixth somite and later becomes the secondmost anterior somite."	
<http://purl.obolibrary.org/obo/XAO_0005046>	"The caudal zone of the tuberal region of the hypothalamus."	
<http://purl.obolibrary.org/obo/XAO_0000221>		
<http://purl.obolibrary.org/obo/XAO_0004254>	"Vein that collects blood from the forelimb via the branchial veins and from the muscles and skin of the trunk via the anterior epigastric and lateral veins."	
<http://purl.obolibrary.org/obo/XAO_0005142>	"The bony part of the stapes which forms the shaft. It is shaped like a bent rod: its distal half is firmly embedded within the tympanic disk, extending from the disk center caudally and dorsally, turning inwards, until it reaches the oval window at a shallow angle."	
<http://purl.obolibrary.org/obo/XAO_1000015>	"Nieuwkoop and Faber stage 5, corresponding to an embryo of age 2 hr 45 min at 22-24 Celsius and having the following external morphological criteria: Advanced sixteen cell stage. Dorsal micromeres distinctly smaller and less pigmented than ventral ones. Macromeres entirely separated by cleavage grooves. Length: 1.4 - 1.5 mm."	
<http://purl.obolibrary.org/obo/XAO_0006034>	"A myeloid progenitor cell committed to the monocyte lineage."	"CL:0000040"
<http://purl.obolibrary.org/obo/XAO_0000181>	"A general term for the whole eye, or eye ball, of an organism."	
<http://purl.obolibrary.org/obo/XAO_0005269>	"Pelvic girdle tissue that is re-growing after damage or amputation."	
<http://purl.obolibrary.org/obo/XAO_0006057>		
<http://purl.obolibrary.org/obo/XAO_0004474>	"Anatomical region that surrounds the otic vesicle."	
<http://purl.obolibrary.org/obo/XAO_0000066>	"Part of the heart composed of thin serous membrane and endothelial tissue, that lines the interior of the heart."	"UBERON:0002165"
<http://purl.obolibrary.org/obo/XAO_0004242>	"The accompanying artery of the ischiadic nerve."	
<http://purl.obolibrary.org/obo/XAO_0005119>	"Cell component comprising the outer layers of the oocyte."	
<http://purl.obolibrary.org/obo/XAO_0004181>	"Type of myocyte that is responsible for heart contraction."	"CL:0000746"
<http://purl.obolibrary.org/obo/XAO_0003070>		
<http://purl.obolibrary.org/obo/XAO_0004502>	"A cell that is in the process of replication, and is idenitifable by chromosomal replication."	
<http://purl.obolibrary.org/obo/XAO_0003191>	"The chamber of the heart that receives blood from the lungs."	"UBERON:0002079"
<http://purl.obolibrary.org/obo/XAO_0004191>	"One of the 5 distinct and partially overlapping functional domains of the premigratory neural crest. Together with the sacral neural crest cells, they develop into the ganglia of the enteric nervous system, also known as the parasympathetic ganglia. These cells, between the head and trunk, contribute post-cranially to the heart and gut, the chromatophores (pigment cells) of the epidermis, and the majority of the neurons and glial cells of the enteric nervous system. Both vagal and sacral neural crest cells contribute to the enteric nervous system in the hindgut."	"UBERON:0005428"
<http://purl.obolibrary.org/obo/XAO_0004244>	"Part of the lateral pretrosal artery that supplies blood to the roof of the mouth."	
<http://purl.obolibrary.org/obo/XAO_1000021>	"Nieuwkoop and Faber stage 11, corresponding to an embryo of age 11 hr 45 min at 22-24 Celsius and having the following external morphological criteria: Horse-shoe-shaped blastopore stage. Blastopore groove surrounding about half of future yolk plug and indicated at its ventral side; future yolk plug often rounded rectangular, slightly elongated in dorso-ventral direction, diameter more than two-fifths of diameter of egg (plus or minus 50 degrees of circumference). Length: 1.4 - 1.5 mm."	
<http://purl.obolibrary.org/obo/XAO_0000215>	"The part of the nervous system that consists of the brain and spinal cord, to which sensory impulses are transmitted and from which motor impulses pass out, and that supervises and coordinates the activity of the entire nervous system."	"UBERON:0001017"
<http://purl.obolibrary.org/obo/XAO_0004305>	"A narrow stripe of cells that lies between the prospective dorsal and ventral thalami. This boundary contains signals that pattern the prethalamic and thalamic territories of the future mid-diencephalon."	
<http://purl.obolibrary.org/obo/XAO_0004227>	"Region of the mesencephalon that arises from a small area of the neural plate immediately adjacent and slightly anterior to the ventral tegmentum area."	
<http://purl.obolibrary.org/obo/XAO_0004499>	"Vertebra posterior to the sacral vertebra. The 4 postsacral vertebrae fuse and ossify (NF stage 66) to form the urostyle."	
<http://purl.obolibrary.org/obo/XAO_0004415>	"The most anterior and longest of the hind digits, consisting of a single metatarsal, 3 phalanges, and a claw."	
<http://purl.obolibrary.org/obo/XAO_0000182>	"A clear mucous membrane consisting of cells and underlying basement membrane that covers the sclera and lines the inside of the eyelids. It is made of epithelial tissue."	"UBERON:0001811"
<http://purl.obolibrary.org/obo/XAO_0004160>	"The cerebral veins are divisible into external and internal groups according to the outer surfaces or the inner parts of the hemispheres they drain into. The veins are the anterior cerebral veins, posterior cerebral veins, and middle cerebral vein which cross dorsally between the bilateral vena capitis lateralis."	"UBERON:0001663"
<http://purl.obolibrary.org/obo/XAO_0004338>	"Muscle situated between the planum hypobranchiale and the basihyobranchial, presumably to stabilize the connection between these elements."	
<http://purl.obolibrary.org/obo/XAO_0004364>	"Cartilaginous element that supports the anterior end of the nasal organ."	
<http://purl.obolibrary.org/obo/XAO_0004355>	"Muscle in the orbit, the primary function is of which is elevation."	
<http://purl.obolibrary.org/obo/XAO_0003269>	"Type of muscle that arises in the zygomatic arch and closes the jaw."	"UBERON:0011648"
<http://purl.obolibrary.org/obo/XAO_0005106>	"Blastomere which lies lateral to blastomere V1.1.1 and is in the first tier of blastomeres. It contributes to many ectodermal structures including the epidermis, lens, cranial ganglia, otic vesicle, neural crest, olfactory placode, cement gland, retina, brain, and spinal cord. It also contributes cells to the pharyngeal mesoderm, head mesenchyme, heart, somites, pronephric kidney, lateral plate mesoderm and tail fin mesenchyme, archenteron roof, with occasional cells in the foregut, liver, hindgut and proctodeum."	
<http://purl.obolibrary.org/obo/XAO_0003038>	"Multi-tissue structure that is not part of a compound organ."	"UBERON:0000472 CARO:0000021"
<http://purl.obolibrary.org/obo/XAO_0005207>	"An anatomical region that is the entire part of an anatomical structure posterior to a transverse plane and bounded on one side by the same transverse plane."	
<http://purl.obolibrary.org/obo/XAO_0005075>	"Any of the branched tubuloalveolar glands situated in the mucous membrane of the olfactory region of the nasal cavity that produce mucus to moisten the olfactory epithelium and dissolve odor-containing gases."	"UBERON:0002232"
<http://purl.obolibrary.org/obo/XAO_0000313>	"Any of the transient, degenerating somites that form in the occipital region of the animal."	"UBERON:0005594"
<http://purl.obolibrary.org/obo/XAO_0003217>	"The monolayer of pigmented epithelium covering the neural retina."	"UBERON:0001782"
<http://purl.obolibrary.org/obo/XAO_0000021>	"Proliferative region that is part of the ventricular system of the brain."	"UBERON:0003053"
<http://purl.obolibrary.org/obo/XAO_0000226>	"Equatorial zone of the zygote with which the plane of first cleavage aligns."	
<http://purl.obolibrary.org/obo/XAO_1000055>	"Nieuwkoop and Faber stage 43, corresponding to an embryo of age 3 days, 15 hr at 22-24 Celsius and having the following external morphological criteria: Lateral line system becoming visible externally. Cement gland losing its pigment. Torsion of intestine about 180 degrees; proctodeum narrower, arched or S-shaped. Length: 7.5 - 8.3 mm."	
<http://purl.obolibrary.org/obo/XAO_0000396>	"Transient occipital somite that exists from NF stages 17 to 26 only."	
<http://purl.obolibrary.org/obo/XAO_0000058>	"Any of the approximately 45 bilaterally paired blocks of mesoderm cells, lying on either side of the notochord and neural tube, and forming sequentially starting at the head during development of the embryo. Together they give rise to the axial skeleton (from the sclerotome), associated musculature (from the myotome), and dermis (from the dermatome)."	"UBERON:0002329"
<http://purl.obolibrary.org/obo/XAO_0003072>		
<http://purl.obolibrary.org/obo/XAO_0000092>	"The cavity of the gastrula forming a primitive gut. At NF stage 20-21 its wide canal becomes dorso-ventrally compressed and narrowed in the future trunk region so that a subdivision into a foregut, a midgut and a hindgut with protruding endodermal mass becomes manifest."	"UBERON:0004735"
<http://purl.obolibrary.org/obo/XAO_0005025>	"A mononuclear phagocyte present in a variety of tissues, typically differentiated from monocytes, capable of phagocytosing a variety of extracellular particulate material, including immune complexes, microorganisms, and dead cells."	"CL:0000235"
<http://purl.obolibrary.org/obo/XAO_0004582>	"Nucleus located posteroventrally in the midbrain tegmentum."	
<http://purl.obolibrary.org/obo/XAO_0006044>	"A leukocyte with abundant cytoplasmic granules."	"CL:0000094"
<http://purl.obolibrary.org/obo/XAO_0000465>	"Cranial nerve of the caudal lateral line that enters the brain between cranial nerves VIII and IX; contains afferents and sensory efferents to the posterior lateral line ganglion and middle ganglion. Fibers from the posterior lateral line ganglion innervate the occipital dorsal lateral line and trunk lateral lines."	"UBERON:0006334"
<http://purl.obolibrary.org/obo/XAO_0004476>	"A myocyte of the skeletal muscle."	"CL:0000188"
<http://purl.obolibrary.org/obo/XAO_0003107>	"Compartment of head somite 4 that is a precursor of muscle."	
<http://purl.obolibrary.org/obo/XAO_0005091>	"Blastomere which lies in the vegetal hemisphere lateral to blastomere D2.1 at the 16-cell stage."	
<http://purl.obolibrary.org/obo/XAO_0000430>	"A depression in the roof of the developing mouth in front of the buccopharyngeal membrane. It gives rise to the anterior pituitary (adenohypophysis), a part of the endocrine system."	"UBERON:0005356"
<http://purl.obolibrary.org/obo/XAO_0000423>	"The 13th somite located posterior to the head. This somite is resorbed at metamorphosis."	
<http://purl.obolibrary.org/obo/XAO_0000133>	"Organ that secretes bile and participates in formation of certain blood proteins. The liver is the largest internal organ, primarily consisting of hepatocytes, and has a wider variety of functions than any other organs in the body. The hepatocyte is a polarized epithelial cell that exhibits both endocrine and exocrine properties. The biliary epithelial cells (cholangiocytes), sinusoidal endothelial cells, hepatic stellate cells (Ito cells), Kupffer cells, and pit cells (liver-specific natural killer cells) represent the majority of non-hepatocyte cell types in the liver. During embryogenesis, the liver is generated in the ventral foregut endoderm."	"UBERON:0002107"
<http://purl.obolibrary.org/obo/XAO_0005422>	"A wall, dividing a cavity or structure into smaller ones."	"UBERON:0003037"
<http://purl.obolibrary.org/obo/XAO_0004021>	"Anatomical structure that is an aggregation of similar cells from which cartilages and bones form, and from which chondrogenesis and osteogenesis are initiated during repair and/or regeneration."	"UBERON:0011585"
<http://purl.obolibrary.org/obo/XAO_0004470>	"A type of trabecula that consists of a rounded or irregular column that projects from the inner surface of the ventricle of the heart."	
<http://purl.obolibrary.org/obo/XAO_0003014>	"Cell type that contains a deposition of coloring matter, the first of which differentiate during late tailbud stage, and that by NF stage 56 has produced a fully differentiated larval pigmentation pattern."	"CL:0000147"
<http://purl.obolibrary.org/obo/XAO_0005064>	"Part of the double coil of the small intestine, consisting of clockwise loops of intestine distal to the external coil."	
<http://purl.obolibrary.org/obo/XAO_0004229>	"The thin epidermis extension of the inner fin visible in the mid trunk region of the inner fin at NF stage 27, and extending posteriorly and then ventrally, ending just before the proctodeum. The fin is more homogeneous in NF stage 46 tadpoles, and the inner fin and fin crest are no longer discrete."	
<http://purl.obolibrary.org/obo/XAO_0005288>	"A cell of the pia mater, the delicate fibrous meningeal coverings of the CNS."	
<http://purl.obolibrary.org/obo/XAO_0000260>	"The space between the zona pellucida and the cell membrane of an oocyte or fertilized ovum."	
<http://purl.obolibrary.org/obo/XAO_0004381>	"Cartilaginous element comprising paired, rod-shaped cartilages, which develop in the head of the embryo. They are the primordia of the anterior part of the cranial base, and are derived from the cranial neural crest cells."	
<http://purl.obolibrary.org/obo/XAO_0004161>	"Type of vein that crosses the head dorsally at NF stage 37/38 and drains into the vena capitis lateralis."	
<http://purl.obolibrary.org/obo/XAO_0000206>	"The first appearance of the anatomical space that will become the blastocoel."	
<http://purl.obolibrary.org/obo/XAO_0004182>	"The outer membrane/wall of the developing heart, surrounding the myocardium. Peritoneum that surrounds the heart."	"UBERON:0002407"
<http://purl.obolibrary.org/obo/XAO_0004481>	"The most anterior digit of a forelimb, consisting of a single metatarsal, 2 phalanges, and a claw."	
<http://purl.obolibrary.org/obo/XAO_0004268>	"A lateral line that extends from the ear in a posterior-ventral direction."	
<http://purl.obolibrary.org/obo/XAO_0003071>		
<http://purl.obolibrary.org/obo/XAO_0006007>	"An expansion of the terminal end of Müller cells, where the projection contacts a retinal ganglionic cell. Glial endfeet make a continuous layer directly beneath the basement membrane of retinal growth cones."	
<http://purl.obolibrary.org/obo/XAO_0004009>	"Unilaminar epithelium that consists of a single layer of cuboidal cells."	"CARO:0000067 UBERON:0000484"
<http://purl.obolibrary.org/obo/XAO_0005156>	"The section of the stomach which lies between the fundus and the pyloric antrum."	"UBERON:0001161"
<http://purl.obolibrary.org/obo/XAO_0005324>	"Ganglion that develops from a cranial ectodermal placode and contains sensory neurons that innervate the anterior lateral line system."	
<http://purl.obolibrary.org/obo/XAO_0004359>	"The cartilaginous element below the epibranchial in branchial arch 1."	
<http://purl.obolibrary.org/obo/XAO_1000056>	"Nieuwkoop and Faber stage 44, corresponding to an embryo of age 3 days, 20 hr at 22-24 Celsius and having the following external morphological criteria: Appearance of tentacle rudiments. Opercular folds protruding further. Coiling part of intestine showing S-shaped loop; torsion about 360 degrees. Blood-circulation in gills usually ceased (gills smaller). Length: 7.8 - 8.5 mm."	
<http://purl.obolibrary.org/obo/XAO_0004225>	"Type of cell of the epidermis lacking cilia, which separate and space the ciliated epidermal cells."	
<http://purl.obolibrary.org/obo/XAO_0005304>	"Dorsal region of early embryonic endomesoderm."	
<http://purl.obolibrary.org/obo/XAO_0004153>	"Blood vessels of the retina. May be visible in periocular stainings."	"UBERON:0004864"
<http://purl.obolibrary.org/obo/XAO_0005200>	"A straight line through space, intersecting an anatomical entity. Axis directions are defined in terms of axes."	
<http://purl.obolibrary.org/obo/XAO_0005040>	"The anterior (superior) of the two vertically oriented semicircular canals, which are situated at right angles to each other."	"UBERON:0001841"
<http://purl.obolibrary.org/obo/XAO_0005164>	"A type of endocrine cell in the pancreatic islets of the pancreas. They make up some of the islet cells synthesizing and secreting the peptide hormone glucagon, which elevates the glucose levels in the blood."	"CL:0000171"
<http://purl.obolibrary.org/obo/XAO_0003190>	"Non-material anatomical entity of three dimensions, that is generated by morphogenetic or other physiologic processes; is surrounded by one or more anatomical structures; contains one or more organism substances or anatomical structures."	"UBERON:0000464 CARO:0000005"
<http://purl.obolibrary.org/obo/XAO_0003200>	"The epithelium of the gut."	"UBERON:0003929"
<http://purl.obolibrary.org/obo/XAO_0004237>	"A distinct elevation of a transient proliferating cell mass of the subventricular zone; this mass contributes most of its cells to the striatum; however, neocortex, thalamus, septum and olfactory bulb neurons are also partly derived from the LGE."	"UBERON:0004025"
<http://purl.obolibrary.org/obo/XAO_0004508>	"Mesenchyme that is part of a mandibular component."	
<http://purl.obolibrary.org/obo/XAO_0000191>	"The air-filled cavity within the skull that lies between the outer ear and the inner ear."	"UBERON:0001756"
<http://purl.obolibrary.org/obo/XAO_0004290>	"Anatomical structure that is part of a cell and that has a granularity level equal to that of a protein complex or higher."	"GO:0044464 CARO:0000014"
<http://purl.obolibrary.org/obo/XAO_0003003>	"Unspecified Xenopus anatomical entity."	
<http://purl.obolibrary.org/obo/XAO_0000457>	"Sphincter muscle that is part of the pyloric region of the stomach."	"UBERON:0001202"
<http://purl.obolibrary.org/obo/XAO_0005113>	"Blastomere that is any of blastomeres D1.1 and D1.2 and their children cells after division, D1.1.1, D1.1.2, D1.2.1 and D1.2.2, on the left and right sides of embryo."	
<http://purl.obolibrary.org/obo/XAO_0005189>	"Structure which constitutes the majority of the posterior pituitary (neurohypophysis) and that is the storage site of oxytocin and vasopressin."	"UBERON:0003217"
<http://purl.obolibrary.org/obo/XAO_0004141>	"The thin, spiral-shaped membranous structure within the ventricular outflow tract of the heart."	"UBERON:0002099"
<http://purl.obolibrary.org/obo/XAO_0004537>	"Nucleus located anterodorsally in the midbrain tegmentum."	
<http://purl.obolibrary.org/obo/XAO_0005179>	"A ciliated epidermal cell that has more than one cilium."	
<http://purl.obolibrary.org/obo/XAO_0005007>	"Astrocyte-like radial glial cell that extends vertically throughout the retina, with the nucleus usually in the middle of the inner nuclear layer."	"CL:0000636"
<http://purl.obolibrary.org/obo/XAO_0004587>	"A region of the forebrain consisting of the caudate nucleus, putamen and fundus striati."	"UBERON:0002435"
<http://purl.obolibrary.org/obo/XAO_0004512>	"The endoderm cells that are fated to become the midgut."	
<http://purl.obolibrary.org/obo/XAO_0004067>	"During gastrulation, the ring of endodermal cells that overlie the larger sub-blastoral endoderm cells."	
<http://purl.obolibrary.org/obo/XAO_0004089>	"Anatomical region that surrounds the eye but is within the orbit."	
<http://purl.obolibrary.org/obo/XAO_0006000>	"A cell of the inner layer of the epidermis."	
<http://purl.obolibrary.org/obo/XAO_0003084>	"Anatomical cluster consisting of the ventral portion of the first pharyngeal arch."	"UBERON:0003278"
<http://purl.obolibrary.org/obo/XAO_0001010>	"Anatomical system that has as its parts the blood and lymph vessels."	"UBERON:0004535"
<http://purl.obolibrary.org/obo/XAO_0000431>	"Each of a set of hard, bony enamel-coated structures in the jaws, used for biting."	"UBERON:0001091"
<http://purl.obolibrary.org/obo/XAO_0000068>	"Region of intermediate pigmentation between the pigmented animal hemisphere and the unpigmented vegetal hemisphere of the egg."	"UBERON:0004879"
<http://purl.obolibrary.org/obo/XAO_0004018>	"Replacement bone that forms within cartilage."	"UBERON:0002513"
<http://purl.obolibrary.org/obo/XAO_0004599>	"The 4th segment of the developing forebrain."	
<http://purl.obolibrary.org/obo/XAO_0004050>	"Fibrous connective tissue that surrounds the notochord; includes a layer of elastin."	"UBERON:0007862"
<http://purl.obolibrary.org/obo/XAO_0004426>	"The presumptive cells of the levator mandibulae longus profundus muscle."	
<http://purl.obolibrary.org/obo/XAO_1000058>	"Nieuwkoop and Faber stage 46, corresponding to a tadpole of age 4 days, 10 hr at 22-24 Celsius and having the following external morphological criteria: Edge of operculum becoming convex. Xantophores appearing on eye and abdomen. Intestine showing 2 to 2.5 revolutions. Hindlimb bud visible for the first time. Length: 9 - 12 mm."	
<http://purl.obolibrary.org/obo/XAO_1000075>	"Nieuwkoop and Faber stage 63, corresponding to a tadpole of age about 51 days at 22-24 Celsius and having the following external morphological criteria: Head narrower than trunk. Tentacles mostly disappeared. Corner of mouth at level of caudal border of eye. \"Larval aorta\" and thymus gland no longer externally visible. Operculum closed. Adult skin areas on abdomen and lower jaw separated by narrow band of larval skin. Forelimb at level of anterior half of heart. Fin mostly perforated near anus. Tail still slightly longer than body."	
<http://purl.obolibrary.org/obo/XAO_0000119>	"Either of two organs that allow gas exchange absorbing oxygen from inhaled air and releasing carbon dioxide with exhaled air."	"UBERON:0002048"
<http://purl.obolibrary.org/obo/XAO_0000028>	"The outer epithelial layer of the external integument of the body that is derived from the primative or embryonic ectoderm."	"UBERON:0001003"
<http://purl.obolibrary.org/obo/XAO_0004546>	"Cell mass in the caudal and dorsal aspect of the dorsal thalamus adjoining the pineal gland."	
<http://purl.obolibrary.org/obo/XAO_1000002>	"Tailbud stage that refers to the earlier events associated with this stage, comprising Nieuwkoop and Faber stages 22 to 28."	
<http://purl.obolibrary.org/obo/XAO_0000323>	"Type of ganglion that is separate distally from the trigeminal ganglia; they become fused at their proximal end as they condense."	
<http://purl.obolibrary.org/obo/XAO_0004027>	"Anatomical structure composed of a combination of protein fibers, ground substance and tissue fluid; typically has embedded cells."	
<http://purl.obolibrary.org/obo/XAO_0005126>	"The dorsal part of the foregut."	
<http://purl.obolibrary.org/obo/XAO_0003226>	"Structure that is the anterodorsal-most region of the midbrain and is responsible for auditory and visual reflexes."	"UBERON:0001945"
<http://purl.obolibrary.org/obo/XAO_0005297>	"The epithelium of the foregut."	"UBERON:0015833"
<http://purl.obolibrary.org/obo/XAO_0000288>	"Portion of the pronephric tubule that is immediately anterior to the late proximal tubule."	
<http://purl.obolibrary.org/obo/XAO_0005092>	"Blastomere which lies adjacent to the prospective ventral midline of the animal hemisphere at the 16-cell stage."	
<http://purl.obolibrary.org/obo/XAO_0004082>	"The 4th segment of the developing hindbrain, between rhombomeres r3 and r5 and dorsal to branchial arch 2."	"UBERON:0005511"
<http://purl.obolibrary.org/obo/XAO_0000318>	"Multi-tissue structure that is the filtration unit of the pronephric kidney. A glomus is a glomerulus that spans more than one body segment. It is the vascularized filter of the pronephric kidney. Blood is filtered through the glomus and the filtrate deposited into the coelom early in development, or the nephrocoel later in development. The glomus contains podocytes with well developed foot processes that are anatomically indistinguishable from the podocytes of adult glomeruli. The two glomera are linked via a narrow bridge called the glomeral nexus."	"UBERON:0004739"
<http://purl.obolibrary.org/obo/XAO_0006017>	"A non-terminally differentiated cell that differentiates into a xanthophore."	"CL:0005002"
<http://purl.obolibrary.org/obo/XAO_0003054>	"A relatively undifferentiated cell that retains the ability to divide and proliferate throughout life to provide progenitor cells that can differentiate into specialized cells."	"CL:0000034"
<http://purl.obolibrary.org/obo/XAO_0004326>	"Straplike muscle that arises from elements of the pectoral girdle and passes to the hyoid bone and laryngeal cartilages."	
<http://purl.obolibrary.org/obo/XAO_0005084>	"Blastomere which lies adjacent to the prospective dorsal midline of the animal hemisphere at the eight-cell stage."	
<http://purl.obolibrary.org/obo/XAO_0005226>	"Any of the muscle precursor cells which emerge from the lower margin of the trunk somites, appear in a segmented pattern, and move through the lateral regions of the embryo to form the hypaxial muscle."	
<http://purl.obolibrary.org/obo/XAO_0004623>	"Compartment of tail somite 18 that is a precursor of the axial skeleton."	
<http://purl.obolibrary.org/obo/XAO_0004360>	"The cartilaginous element below the epibranchial in branchial arch 2."	
<http://purl.obolibrary.org/obo/XAO_0004564>	"A set of septal nuclei comprising the lateral aspect of the forebrain septum."	
<http://purl.obolibrary.org/obo/XAO_0000094>	"A transient ciliated epithelium that arises from the involuting superficial mesoderm, forming the dorsal surface of the archenteron space of the embryo."	
<http://purl.obolibrary.org/obo/XAO_0005147>	"Cartilaginous extension of the prootic bone which overlies the middle ear region."	
<http://purl.obolibrary.org/obo/XAO_0003177>	"Skeletal subdivision comprising the skeletal elements of the hyoid arch."	"UBERON:0005884"
<http://purl.obolibrary.org/obo/XAO_0003227>	"Anatomical cavity bounded by the derivatives of the branchial arches."	"UBERON:0001042"
<http://purl.obolibrary.org/obo/XAO_0004022>	"Cell condensation that is an aggregation of mesenchymal cells that are committed to differentiate into chondroblasts and chondrocytes."	"UBERON:0005863"
<http://purl.obolibrary.org/obo/XAO_0005229>	"A neuron that transmits nerve impulses to the central nervous system from sensory stimuli."	
<http://purl.obolibrary.org/obo/XAO_0005016>	"A neuron projection that has a short, tapering, often branched, morphology, receives and integrates signals from other neurons or from sensory stimuli, and conducts a nerve impulse towards the axon or the cell body. In most neurons, the impulse is conveyed from dendrites to axon via the cell body, but in some types of unipolar neuron, the impulse does not travel via the cell body."	"GO:0030425"
<http://purl.obolibrary.org/obo/XAO_0004543>	"Spinal cord structure that is part of the ventricular system and is filled with cerebral-spinal fluid and runs the length of the spinal cord."	"UBERON:0002291"
<http://purl.obolibrary.org/obo/XAO_0005153>	"The oval shaped cartilaginous ring that supports the cartilaginous tympanic disk."	
<http://purl.obolibrary.org/obo/XAO_0004279>	"Skeletal subdivision of the head that includes the skull (cranium plus mandible), pharyngeal and/or hyoid apparatus."	
<http://purl.obolibrary.org/obo/XAO_0000397>	"Somitic compartment that is a precursor of the axial skeleton."	"UBERON:0003089"
<http://purl.obolibrary.org/obo/XAO_0004100>	"Type of neuron that receives neural inputs via bipolar, horizontal and amacrine cells. The axons of these cells make up the optic nerve."	"CL:0000740"
<http://purl.obolibrary.org/obo/XAO_1000045>	"Nieuwkoop and Faber stage 29/30, corresponding to an embryo of age 1 day, 11 hr at 22-24 Celsius and having the following external morphological criteria: Gray eye cup showing through for the first time. Fin transparent up to the base over its whole length. Tail bud distinct. Length: 4.0 - 4.5 mm."	
<http://purl.obolibrary.org/obo/XAO_0000305>	"A localized ectodermal thickening that develops by apicobasal elongation of cuboidal cells in the inner layer of the ectoderm in the head of the embryos, and is involved in formation of sense organs."	"UBERON:0002546"
<http://purl.obolibrary.org/obo/XAO_0000394>	"Any of the veins that collect blood from the lungs and some small vesicles received from the esophagus."	"UBERON:0002016"
<http://purl.obolibrary.org/obo/XAO_0006041>	"Cell type that primarily composes adipose tissue, specialized in storing energy as fat."	"CL:0000136"
<http://purl.obolibrary.org/obo/XAO_0000093>	"The layer of cells forming the ventral surface of the archenteron space of the embryo."	
<http://purl.obolibrary.org/obo/XAO_0003151>	"Male germ cell that is derived from spermatocytes and develops into spermatozoa."	"CL:0000018"
<http://purl.obolibrary.org/obo/XAO_0003185>	"Any spatial descriptor that describes the orientation of the anatomical features of an embryo."	
<http://purl.obolibrary.org/obo/XAO_0003047>	"Portion of tissue that consists of a fasciculated group of axons."	"UBERON:0001021"
<http://purl.obolibrary.org/obo/XAO_0000223>	"Invagination of thickened epithelium near the hindbrain that gives rise to a spherically shaped ear vesicle, including precursors of the sensory epithelia of the inner ear and neurons of cranial nerve VIII."	"UBERON:0003069"
<http://purl.obolibrary.org/obo/XAO_0004337>	"Deep, visceral muscle associated with tongue movement."	
<http://purl.obolibrary.org/obo/XAO_0005423>	"The anterior portion of the notochord."	
<http://purl.obolibrary.org/obo/XAO_0004152>	"The blood vessels of the head region."	"UBERON:0002200"
<http://purl.obolibrary.org/obo/XAO_0006036>	"A glial cell that develops from a Schwann cell precursor."	"CL:0002377"
<http://purl.obolibrary.org/obo/XAO_0005322>	"An organism at the tadpole stage."	"UBERON:0002547"
<http://purl.obolibrary.org/obo/XAO_0000371>	"The rightmost of the two bilaterally symmetrical lymph hearts that can be seen adjacent to somites 3 and 4 by NF stage 40, and can be seen beating by NF stage 43. Lymph hearts are pulsatile organs, present in lower vertebrates, that function to propel lymph into the venous system."	
<http://purl.obolibrary.org/obo/XAO_0000269>	"Anterior part of the embryonic alimentary canal that is formed as an invagination of the ectoderm and is the future mouth."	"UBERON:0000930"
<http://purl.obolibrary.org/obo/XAO_0004186>	"The population of cells located in the splanchnic mesoderm that contribute to the formation of the spiral septum of the outflow tract of the embryonic heart; it is located anterior to the primary heart field."	"UBERON:0009889"
<http://purl.obolibrary.org/obo/XAO_0005235>	"The dorsal part of the telencephalon."	
<http://purl.obolibrary.org/obo/XAO_0005217>	"Anatomical region posteriorly located on the body or body part."	
<http://purl.obolibrary.org/obo/XAO_0005245>	"The most posterior zone of the neural tube, first evident at NF stage 17, which develops where the neural tube passes into the archenteron roof around the dorsal blastoporal lip, becoming deeper during late neurula stages."	
<http://purl.obolibrary.org/obo/XAO_0004575>	"A region of the brain consisting of a collection of neurons located in the forebrain ventral to the caudate and putamen."	"UBERON:0001882"
<http://purl.obolibrary.org/obo/XAO_0004563>	"Subdivision of the pallium that is located laterally."	"UBERON:0014741"
<http://purl.obolibrary.org/obo/XAO_0004255>	"Either of the veins that collect blood from the trunk and skin and drain into the subclavian vein."	
<http://purl.obolibrary.org/obo/XAO_0006038>	"A glial cell that ensheaths multiple small diameter axons in the peripheral nervous system. It is embedded among neurons (axons) with minimal extracellular spaces separating them from nerve cell membranes and has a basal lamina."	"CL:0002376"
<http://purl.obolibrary.org/obo/XAO_0004323>	"Any of the paired mandibular arch muscles."	
<http://purl.obolibrary.org/obo/XAO_0004320>	"Multipotent stromal cell that can differentiate into a variety of cell types, including: osteoblasts/osteocytes (bone cells), chondroblasts/chondrocytes (cartilage cells), and adipoblasts/adipocytes (fat cells)."	
<http://purl.obolibrary.org/obo/XAO_0000365>	"Artery that branches from either side of the dorsal aorta and delivers blood to the musculature of the shoulder region."	"UBERON:0001533"
<http://purl.obolibrary.org/obo/XAO_0004051>	"Collagen-rich odontogenic tissue characteristic of teeth and tooth-like skeletal elements (e.g., odontodes); mature dentine is mineralized and develops from predentine tissue; often (but not always) tubular and acellular."	"UBERON:0001751"
<http://purl.obolibrary.org/obo/XAO_0005086>	"Blastomere which lies adjacent to the prospective ventral midline of the animal hemisphere at the eight-cell stage."	
<http://purl.obolibrary.org/obo/XAO_0000059>		
<http://purl.obolibrary.org/obo/XAO_0003153>	"The immune system of a postembryonic, hatched or immature tadpole, prior to metamorphosis."	
<http://purl.obolibrary.org/obo/XAO_0004463>	"Embryonic endoderm that evaginates to form the paired pharyngeal pouches."	
<http://purl.obolibrary.org/obo/XAO_1000041>	"Nieuwkoop and Faber stage 25, corresponding to an embryo of age 1 day, 3 hr 30 min at 22-24 Celsius and having the following external morphological criteria: Eyes protruding equally far or further laterally than gill-area. Gill-area grooved. Invagination of otic vesicle indicated by pigment spot. Beginning of fin formation. Length: 2.8 - 3.0 mm."	
<http://purl.obolibrary.org/obo/XAO_0003109>	"Compartment of trunk somite 2 that is a precursor of muscle."	
<http://purl.obolibrary.org/obo/XAO_0003101>	"A mixed nerve that carries motor, sensory, and autonomic signals between the spinal cord and the body."	"UBERON:0001780"
<http://purl.obolibrary.org/obo/XAO_0000387>	"Vein that carries blood away from the liver."	"UBERON:0001143"
<http://purl.obolibrary.org/obo/XAO_0006014>	"A raised callus of cornified epidermis used by the male frog to hold the female during mating."	"UBERON:0012243"
<http://purl.obolibrary.org/obo/XAO_0000291>	"The tissue made up of loosely connected mesenchymal cells in the mesonephros."	"UBERON:0005323"
<http://purl.obolibrary.org/obo/XAO_0000298>	"Spatial concept denoting the back or upper surface of the body."	
<http://purl.obolibrary.org/obo/XAO_0000151>	"Duct that connects to the mesonephric nephrons and collects filtrate."	"UBERON:0005319"
<http://purl.obolibrary.org/obo/XAO_0004596>	"Nucleus situated in the thalamus to which somatosensory input is predominantly directed."	"UBERON:2000459"
<http://purl.obolibrary.org/obo/XAO_0004610>	"The lateral ventricle that is located in the left hemisphere of the brain."	
<http://purl.obolibrary.org/obo/XAO_0004544>	"Nucleus that is located centrally in the thalamus."	
<http://purl.obolibrary.org/obo/XAO_0004387>	"Region of the ciliary marginal zone, at the edge (most distal region) where retinal stem cells are located."	
<http://purl.obolibrary.org/obo/XAO_1000032>	"Nieuwkoop and Faber stage 11.5, corresponding to an embryo of age 12 hr 30 min at 22-24 Celsius and having the following external morphological criteria: Large yolk plug stage. Blastopore groove closed ventrally; yolk plug not yet quite circular. At ventral side concentrated superficial pigment still visible. Diameter of yolk plug about a third of diameter of egg (plus or minus 40 degrees). Length: 1.4 - 1.5 mm."	
<http://purl.obolibrary.org/obo/XAO_0003052>	"A simple ciliated tube through which the ovum travels from the ovaries to the cloaca and the external environment. It is lined with mucus-secreting glands that produce the jelly that surrounds the ovum."	"UBERON:0000993"
<http://purl.obolibrary.org/obo/XAO_0000381>	"Sinus that surrounds the mesonephric tubules and puts lateral and medial postcardinal veins into communication with each other."	"UBERON:0006196"
<http://purl.obolibrary.org/obo/XAO_0003092>	"Cranial nerve that has three branches: the ophthalmic branch that supplies the skin of the nose and upper jaw, and the maxillary and mandibular branches that supply the lower jaw."	"UBERON:0001645"
<http://purl.obolibrary.org/obo/XAO_0003168>		
<http://purl.obolibrary.org/obo/XAO_1000050>	"Nieuwkoop and Faber stage 37/38, corresponding to an embryo of age 2 days, 5 hr 30 min at 22-24 Celsius and having the following external morphological criteria: Stomodeal invagination much deeper, opening round. Both gill rudiments nipple-shaped, a branch of the anterior one indicated. Posterior outline of proctodeum straight, forming very obtuse angle with ventral border of tail myotomes. Melanophores spreading over tail. Length: 5.6 - 6.2 mm."	
<http://purl.obolibrary.org/obo/XAO_0004291>	"A solution obtained by rupturing cells (especially unfertilized oocytes) and removing all particulate matter."	
<http://purl.obolibrary.org/obo/XAO_0003195>	"The sensory system used for balance and hearing."	"UBERON:0002105"
<http://purl.obolibrary.org/obo/XAO_1000030>	"Nieuwkoop and Faber stage 10.25, corresponding to an embryo of age 10 hr at 22-24 Celsius and having the following external morphological criteria: Early gastrula stage. First formation of dorsal blastopore groove; the groove is still straight. Length: 1.4 - 1.5 mm."	
<http://purl.obolibrary.org/obo/XAO_0005219>	"Anatomical region ventrally located on the body or body part."	
<http://purl.obolibrary.org/obo/XAO_0003008>	"Ectoderm section that has been dissected from the embryo, and treated with activin, and maintained in vitro."	
<http://purl.obolibrary.org/obo/XAO_0000117>	"Functional system which consists of structures involved in respiration (breathing)."	"UBERON:0001004"
<http://purl.obolibrary.org/obo/XAO_0003245>	"A cell of the outer of the three germ layers of the embryo."	"CL:0000221"
<http://purl.obolibrary.org/obo/XAO_0004035>	"Bone tissue that is an unmineralized bone matrix deposited by osteoblasts prior to the mineralization of bone tissue."	"UBERON:0008883"
<http://purl.obolibrary.org/obo/XAO_0003131>	"Compartment of trunk somite 12 that is a precursor of the axial skeleton."	
<http://purl.obolibrary.org/obo/XAO_0005083>	"A cell-free extract obtained from oocytes."	
<http://purl.obolibrary.org/obo/XAO_0004286>	"Bone that forms the posterior part of the pectoral (shoulder) girdle."	
<http://purl.obolibrary.org/obo/XAO_0005321>	"Region of the face between the two inner (medial) canthi of the eye."	
<http://purl.obolibrary.org/obo/XAO_0004197>	"Cartilage tissue that is flexible and contains abundant elastic fibers."	"UBERON:0001996"
<http://purl.obolibrary.org/obo/XAO_0003167>		
<http://purl.obolibrary.org/obo/XAO_0000334>	"The site of bicarbonate resorption in the adult kidney. It is equivalent to the convoluted distal segment of metanephric nephrons."	
<http://purl.obolibrary.org/obo/XAO_1000082>	"Any of the stages of the developing or mature Xenopus female gamete."	
<http://purl.obolibrary.org/obo/XAO_0004096>	"Portion of tissue comprising fibers that form the bulk of the lens. They are long, thin, transparent cells."	"UBERON:0002444"
<http://purl.obolibrary.org/obo/XAO_0000003>	"Part of the fin consisting of flattened epidermal cells elevated into a keel-like structure."	
<http://purl.obolibrary.org/obo/XAO_0005033>	"A cell that, like a stem cell, has a tendency to differentiate into a specific type of cell, but is already more specific than a stem cell and is pushed to differentiate into its target cell."	
<http://purl.obolibrary.org/obo/XAO_0004142>	"Ganglion that provides afferent innervation for hair cells associated with both the auditory and vestibular components of the inner ear. As the otic placode invaginates into a cup neuroblasts delaminate from the anterior ventral aspect of the otic epithelium to give rise to neurons of the vestibulocochlear (statoacoustic) ganglion of cranial nerve VIII."	"UBERON:0002827"
<http://purl.obolibrary.org/obo/XAO_0005203>	"An axis that is approximately perpendicular to the anterior-posterior axis and that extends through the horizontal plane of the body."	
<http://purl.obolibrary.org/obo/XAO_0000074>	"Portion of the marginal zone of the embryo that turns inside the embryo during involution."	
<http://purl.obolibrary.org/obo/XAO_0000230>	"Cell type that forms a layer within an ovarian follicle that surrounds the oocyte."	"CL:0000477"
<http://purl.obolibrary.org/obo/XAO_0003161>	"Structure that is an early outgrowth of a presumptive limb."	"UBERON:0004347"
<http://purl.obolibrary.org/obo/XAO_1000064>	"Nieuwkoop and Faber stage 52, corresponding to a tadpole of age about 21 days at 22-24 Celsius and having the following external morphological criteria: Forelimb bud irregularly conical. Hindlimb bud showing first indication of ankle constriction and first sign of flattening of foot. Length: 42 - 56 mm."	
<http://purl.obolibrary.org/obo/XAO_0005194>	"The central area of the two limbs of a horseshoe-shaped mesenchymal swelling that lie medial to the olfactory placode or pit in the future nasal region of the embryo."	"UBERON:0004068"
<http://purl.obolibrary.org/obo/XAO_0003090>	"Cranial nerve that largely consists of somatic efferent fibers which innervate four eye muscles (m rectus superior, m obliquus inferior, and mm rectus inferior and anterior)."	"UBERON:0001643"
<http://purl.obolibrary.org/obo/XAO_0004195>	"Mineralized bone tissue that always includes non-terminally differentiated osteoblasts and osteocytes."	"UBERON:4000118"
<http://purl.obolibrary.org/obo/XAO_0005299>	"The epithelium of the esophagus."	"UBERON:0001976"
<http://purl.obolibrary.org/obo/XAO_0003121>	"Compartment of trunk somite 5 that is a precursor of the axial skeleton."	
<http://purl.obolibrary.org/obo/XAO_0003258>	"A non-sensory cell type surrounding the neuromast support cells and neuromast hair cells, separating the neuromast from the epidermis, and secreting cupula in which the ciliary bundles of all the hair cells are embedded."	"CL:0000851"
<http://purl.obolibrary.org/obo/XAO_0000463>	"A lateral line that extends from the ear in a posterior direction between the upper and lower lateral lines."	"UBERON:0003096"
<http://purl.obolibrary.org/obo/XAO_0000421>	"The 11th somite located posterior to the head."	
<http://purl.obolibrary.org/obo/XAO_0004003>	"Non-material anatomical entity of one dimension, which forms a boundary of an anatomical surface or is a modulation of an anatomical surface."	"UBERON:0006800 CARO:0000008"
<http://purl.obolibrary.org/obo/XAO_0000418>	"The 8th somite located posterior to the head."	
<http://purl.obolibrary.org/obo/XAO_0004239>	"The most posterior of the hind digits, consisting of a single metatarsal, 2 phalanges, and a claw."	
<http://purl.obolibrary.org/obo/XAO_0004226>	"Region of the mesencephalon that arises from a small area of the neural plate, spanning the midline immediately adjacent, and being slightly posterior to the dorsal tegmentum area."	
<http://purl.obolibrary.org/obo/XAO_0004138>	"A specialized epithelial cell involved in sensory perception. Restricted to special sense organs of the olfactory, gustatory, and vestibuloauditory systems; they contain sensory cells surrounded by supportive, non-receptive cells."	"CL:0000098"
<http://purl.obolibrary.org/obo/XAO_0000475>	"Neural tissue comprising the proximal part of either of the optic vesicles as they project towards the sides of the head; it remains narrow and constitutes the optic stalk (the peripheral part of each expands to form a hollow bulb)."	"UBERON:0003098"
<http://purl.obolibrary.org/obo/XAO_0000474>	"Part of the eye that forms during the transition from optic vesicle to optic cup as a groove at the lateroventral edge of the optic vesicle, which expands medially. The ventral edges of the optic vesicle then wrap around the fissure and fuse with one another, ultimately leading to a channel through which blood vessels and optic nerve fibres pass."	"UBERON:0005412"
<http://purl.obolibrary.org/obo/XAO_0005139>	"A ciliated cell that has more than one cilium."	
<http://purl.obolibrary.org/obo/XAO_0003036>	"Any of the 4 digits that are the most distal part of a forelimb, each digit consisting of a single metatarsal and 2-3 phalanges. Xenopus forelimb digits are numbered 2-5, with no digit number 1."	"UBERON:0002389"
<http://purl.obolibrary.org/obo/XAO_0000251>	"Third of the pharyngeal (endodermal) evaginations between the visceral arches from which the Eustachian tube is derived; pouches 2-4 open as gill slits."	"UBERON:0007124"
<http://purl.obolibrary.org/obo/XAO_0004497>	"Any of the posterior and smaller bones of the pelvic girdle. The ischia appear at NF stage 53, grow toward each other at NF stage 55, fusing and beginning to ossify by NF stage 58/59."	
<http://purl.obolibrary.org/obo/XAO_0003257>	"A cell that is specialized to accumulate myelin."	"CL:0000328"
<http://purl.obolibrary.org/obo/XAO_0000264>	"Portion of tissue that consists of the mesenchymal precursor to the pronephric kidney and that begins to separate from the intermediate mesoderm at NF stage 21 and epithelializes by NF stage 30."	"UBERON:0005721"
<http://purl.obolibrary.org/obo/XAO_0004187>	"Branchial crest that is the 3rd neural crest stream and lays between hyoid crest and posterior branchial crest."	
<http://purl.obolibrary.org/obo/XAO_0005096>	"Blastomere which lies adjacent to the prospective dorsal midline in the first tier of blastomeres. It contributes to a variety of tissues and organs, including the cement gland, brain, retina, lens, cranial ganglia, otic vesicle, neural crest, spinal cord, somites, liver, gut and pharynx."	
<http://purl.obolibrary.org/obo/XAO_0000024>	"The most anterior of the migrating cranial neural crest streams, running along the posterior edge of the eye primordium, and in later stages, below the eye and to the border of the cement gland. The mandibular stream is the first to initiate CNC cell migration."	"UBERON:0007098"
<http://purl.obolibrary.org/obo/XAO_0005233>	"One of the two types of proton-secreteing cells (PSC) in amphibian skin, which play an important role in ion transport, beta-PSCs are characterised by expression of pendrin and localization of the H+v-ATPase cytosolically or basolaterally in the plasma membrane."	
<http://purl.obolibrary.org/obo/XAO_0004354>	"Muscle in the orbit that depresses, adducts, and helps extort (rotate laterally) the eye."	
<http://purl.obolibrary.org/obo/XAO_0004000>	"A tube shaped portion of tissue lined with epithelial cells that collects secretions and routes them to their destination."	"UBERON:0000058"
<http://purl.obolibrary.org/obo/XAO_0005023>	"A surface structure principally responsible for the production of noxious or toxic secretion with an effect on numerous species of vertebrates. The glands are almost uniformly distributed, on both ventral and dorsal skin."	"UBERON:3010602"
<http://purl.obolibrary.org/obo/XAO_0005255>	"Thin, stiff, actin-based protrusion extended by the leading edge of a motile cell such as a crawling fibroblast, an axonal or dendritic growth cone, or a dendritic shaft."	"GO:0030175"
<http://purl.obolibrary.org/obo/XAO_0005014>	"A structure comprising a core structure and peripheral material from which a microtubule-based structure, such as a spindle apparatus, is organized. Centrosomes occur close to the nucleus during interphase in many cells, though it changes continually during the cell-division cycle."	"GO:0005813"
<http://purl.obolibrary.org/obo/XAO_0000153>	"Anatomical structure consisting of a tube carries urine from the urinary bladder to the outside of the body."	"UBERON:0000057"
<http://purl.obolibrary.org/obo/XAO_0005161>	"A tiny skeletal element adjacent to the anterior-most digit in the autopod in the developing hindlimb (i.e., hindlimb digit 5), possibly representing a vestigal 6th digit in Xenopus."	
<http://purl.obolibrary.org/obo/XAO_0003183>	"Skeletal and cartilaginous elements of the third branchial or pharyngeal arch."	
<http://purl.obolibrary.org/obo/XAO_0000052>	"The paired main vein, departing from the sinus venous, the fused heart primordium, it runs posteriorly down length of the embryo."	"UBERON:0004344"
<http://purl.obolibrary.org/obo/XAO_0000205>	"A type of mesoderm that lies along the central axis, under the neural tube, and gives rise to the notochord."	"UBERON:0003068"
<http://purl.obolibrary.org/obo/XAO_0004292>	"Region of the oocyte vegetal cortex that contains a subdomain of ER organized on top of the mitochondrial cloud and where localization of Vg1 mRNA takes place."	
<http://purl.obolibrary.org/obo/XAO_0004531>	"An almond-shaped set of neurons in the medial temporal lobe of the brain that is involved in the linkage of environmental information with social behavior and action selection."	"UBERON:0001876"
<http://purl.obolibrary.org/obo/XAO_0000027>	"Ganglion that is located in the head."	"UBERON:0001714"
<http://purl.obolibrary.org/obo/XAO_0000080>	"The region from which the forelimb develops, first recognizable at NF stage 48, and distinct by NF stage 49."	
<http://purl.obolibrary.org/obo/XAO_0003029>	"Cavity in which food is initially ingested and generally contains teeth, tongue and glands."	"UBERON:0000165"
<http://purl.obolibrary.org/obo/XAO_0006028>	"A progenitor cell that is part of the immune system and develops into a macrophage."	
<http://purl.obolibrary.org/obo/XAO_0005503>	"Septum dividing the esophagus from the trachea."	"UBERON:0036070"
<http://purl.obolibrary.org/obo/XAO_0004330>	"Muscle that is part a complex that arises from the skull roof and acts to elevate or close the lower jaw. The first mandibular arch muscle to appear, it originates ventral to the center of the eye, and extends rostroventrally to end lateral to the buccal cavity."	
<http://purl.obolibrary.org/obo/XAO_0006009>	"A modified non-motile cilium which functions as a light-detecting organelle in the retina. OS cilia have an extended membrane system which consists of arrayed membranous disks resembling a stack of coins. In rods/rod cells, these disks are discontinuous, being divided into lobules or \"incisures\", and are surrounded by a plasma membrane. In cones/cone cells, the disks and plasma membrane remain joined as one continuous membrane system and incisures are not present."	
<http://purl.obolibrary.org/obo/XAO_1000044>	"Nieuwkoop and Faber stage 28, corresponding to an embryo of age 1 day, 8 hr 30 min at 22-24 Celsius and having the following external morphological criteria: Fin extending up to anus. Fin broadened and distinctly divided into outer transparent and inner translucent band. Length: 3.8 - 4.0 mm."	
<http://purl.obolibrary.org/obo/XAO_0005228>	"A neuron that transmits nerve impulses away from the central nervous system to the muscles or glands."	
<http://purl.obolibrary.org/obo/XAO_0000276>	"Layer of lateral plate mesoderm that forms the circulatory system and future gut wall; it overlies endoderm."	"UBERON:0004872"
<http://purl.obolibrary.org/obo/XAO_0006018>	"A light gray region on the dorsal surface of a fertilized oocyte. It is fully formed by the beginning of the first cleavage, and forms as a result of cortical rotation of the intermal cytoplasm and occurs opposite the sperm entry point. It is later the site where the Spemann organizer will form at the gastrula stage."	
<http://purl.obolibrary.org/obo/XAO_0005047>	"The rostral zone of the tuberal region of the hypothalamus."	
<http://purl.obolibrary.org/obo/XAO_0000159>	"Structure that is made up of islet cells that produce insulin, glucagon, and somatostatin."	"UBERON:0000006"
<http://purl.obolibrary.org/obo/XAO_1000051>	"Nieuwkoop and Faber stage 39, corresponding to an embryo of age 2 days, 8 hr 30 min at 22-24 Celsius and having the following external morphological criteria: Melanophores appearing around nasal pits. Opening of stomodeal invagination transversely elongated. Melanophores on back arranged in a superficial and a deeper layer. Outlines of proctodeum and tail myotomes forming angle of about 135 degrees. Melanophores appearing along ventral edge of tail musculature. Length: 5.9 - 6.5 mm."	
<http://purl.obolibrary.org/obo/XAO_1000067>	"Nieuwkoop and Faber stage 55, corresponding to a tadpole of age about 32 days at 22-24 Celsius and having the following external morphological criteria: Hand pronated about 90 degrees; free parts of fingers about equally long as broad. Length of hindlimb without foot about 3 times its breadth; length of cartilages of 4th and 5th toe about 4 times their breadth. Length: 70 - 80 mm."	
<http://purl.obolibrary.org/obo/XAO_0000096>	"One of a series of bony or cartilaginous arches that develop in the walls of the mouth cavity and pharynx of the embryo."	"UBERON:0002539"
<http://purl.obolibrary.org/obo/XAO_0004621>	"An epithelial cell that is part of the epidermis."	"CL:1000396"
<http://purl.obolibrary.org/obo/XAO_0005133>	"A class of large neuroglial (macroglial) cells in the central nervous system that form the insulating myelin sheath of axons."	"CL:0000128"
<http://purl.obolibrary.org/obo/XAO_0005249>	"Ventral part of the posterior hindgut endoderm."	
<http://purl.obolibrary.org/obo/XAO_0005111>	"Blastomere which lies lateral to blastomere V2.1.2, anterior to its sister cell, blastomere V2.2.1, in the third tier of blastomeres. It contributes cells to the epidermis, tail fin, cranial ganglia, neural crest, hindbrain, spinal cord, otic vesicle, pharyngeal mesoderm, somites, foregut, hindgut, archenteron roof, and proctodeum."	
<http://purl.obolibrary.org/obo/XAO_0004078>	"Neuron located in the intersomitic region."	
<http://purl.obolibrary.org/obo/XAO_0005280>	"Anatomical region that overlaps the ventral and lateral regions of a body or body part."	
<http://purl.obolibrary.org/obo/XAO_0003250>	"A cell of an exocrine gland, i.e. a gland that discharges its secretion via a duct."	"CL:0000152"
<http://purl.obolibrary.org/obo/XAO_0003224>	"A thin fenestrated layer of the pars nervosa retinae adjacent to the outer nuclear layer and through which extend the visual rods and cones."	"UBERON:0001788"
<http://purl.obolibrary.org/obo/XAO_0005185>	"A commissural neuron, originating in the spinal cord, that is involved in the touch sensory pathway and lies adjacent to the Rohon-Beard neurons and close to the roof plate of the spinal cord."	
<http://purl.obolibrary.org/obo/XAO_0000380>	"Vein that first appears as disconnected portions lateral to the Wolffian ducts at NF stage 44, gradually becoming continuous. They come into communication with the medial postcardinals at the kidney sinus."	
<http://purl.obolibrary.org/obo/XAO_0000267>	"The hypophyseal layer that separates from the stomodeal layer of the stomodeal-hypophyseal primordium at NF stage 29 and 30."	
<http://purl.obolibrary.org/obo/XAO_0000373>	"Bilaterally paired longitudinal vein; the anterior cardinal returns blood from the head, and the posterior cardinal returns it from the trunk; these two vessels join together on each side as the common cardinal vein, also known as the duct of Cuvier that leads to the heart's sinus venosus."	"UBERON:0002064"
<http://purl.obolibrary.org/obo/XAO_0005063>	"Part of the double coil of the small intestine, consisting of anti-clockwise loops of intestine proximal to the internal coil."	
<http://purl.obolibrary.org/obo/XAO_0004271>	"Multi-tissue structure that is the ventral part of the midbrain."	"UBERON:0001943"
<http://purl.obolibrary.org/obo/XAO_0003049>	"Connective tissue in which fat is stored."	"UBERON:0001013"
<http://purl.obolibrary.org/obo/XAO_0006019>	"A type of endosome in which regions of the limiting endosomal membrane invaginate to form internal vesicles; membrane proteins that enter the internal vesicles are sequestered from the cytoplasm. In oocytes, multivesicular bodies are abundant on the dorsal side of the NF stage 7 (64-cell) embryos (as a result of cortical rotation) are are frequently surrounded by clouds of smaller, darker cytoplasmic membranes that may represent cytoplasmic determinants."	"GO:0005771"
<http://purl.obolibrary.org/obo/XAO_0004619>	"The most posterior region of presomitic mesoderm where somitomeres have yet to be fated."	
<http://purl.obolibrary.org/obo/XAO_1000019>	"Nieuwkoop and Faber stage 9, corresponding to an embryo of age 7 hr at 22-24 Celsius and having the following external morphological criteria: Fine-cell blastula stage. Animal cells smaller at dorsal than at ventral side. Border between marginal zone and vegetative field distinct, particularly dorsally, owing to difference in cell size. Length: 1.4 - 1.5 mm."	
<http://purl.obolibrary.org/obo/XAO_0004529>	"Portion of tissue in an eye consisting of the iris, ciliary body, and choroid."	"UBERON:0001768"
<http://purl.obolibrary.org/obo/XAO_0003015>	"Embryonic (precursor) cell of the myogenic lineage that develops from the mesoderm."	"CL:0000056"
<http://purl.obolibrary.org/obo/XAO_0004136>	"Portion of tissue that is a patch of thickened, pseudostratified epithelium in the inner ear, consisting of regular arrays of sensory hair cells interspersed with supporting cells. The macula saccule senses linear acceleration and gravity."	"UBERON:0002212"
<http://purl.obolibrary.org/obo/XAO_0005020>	"A connective tissue cell of any organ."	"CL:0000499"
<http://purl.obolibrary.org/obo/XAO_0004538>	"Nucleus located anteroventrally in the midbrain tegmentum."	
<http://purl.obolibrary.org/obo/XAO_0005108>	"Blastomere which lies adjacent to the prospective, ventral midline in the fourth tier of blastomeres. It contributes a few cells to the epidermis, neural crest and spinal cord, and a large number of cells to the somites, pronephric kidney, lateral plate mesoderm, tail fin mesenchyme, hindgut, and proctodeum."	
<http://purl.obolibrary.org/obo/XAO_0005008>	"Specialized protrusion of a cell composed of microtubules and serving a role in intercellular signaling."	"GO:0005929"
<http://purl.obolibrary.org/obo/XAO_0004048>	"Anatomical cluster that comprises the oral part of the pharynx."	"UBERON:0001729"
<http://purl.obolibrary.org/obo/XAO_0005178>	"A ciliated epidermal cell that has a single cilium."	
<http://purl.obolibrary.org/obo/XAO_1000029>	"Nieuwkoop and Faber stage 6.5, corresponding to an embryo of age 3 hr 30 min at 22-24 Celsius and having the following external morphological criteria: Morula stage. About 48 blastomeres. In animal view about 6 micromeres along meridian. Length: 1.4 - 1.5 mm."	"UBERON:0000085"
<http://purl.obolibrary.org/obo/XAO_0000454>	"The functional units of the liver including the lobules."	"UBERON:0001280"
<http://purl.obolibrary.org/obo/XAO_0003251>	"Individual secretory cells of the hatching gland that secrete an enzyme that dissolves or weakens the egg jelly and facilitates hatching."	"CL:0000249"
<http://purl.obolibrary.org/obo/XAO_0005196>	"A type of blood cell which is part of the innate immune system and is quickly recruited to sites of injury."	"CL:0000775"
<http://purl.obolibrary.org/obo/XAO_0004477>	"A myocyte of the smooth muscle."	"CL:0000192"
<http://purl.obolibrary.org/obo/XAO_0005298>	"The epithelium of the trachea."	"UBERON:0001901"
<http://purl.obolibrary.org/obo/XAO_0004471>	"Cardiac septum that separates the right atrium from the left atrium."	
<http://purl.obolibrary.org/obo/XAO_0005121>	"Embryonic region which is specified to form the head of the embryo."	
<http://purl.obolibrary.org/obo/XAO_0003265>	"A stem cell that can give rise to cell types of the body other than those of the germ-line."	"CL:0000723"
<http://purl.obolibrary.org/obo/XAO_0004345>	"Muscle that arises on part of the chondrocranium and passes to the ventro-lateral region of the cerato-branchialia. It is located on the crista parotica and commissura branchio-cranialis."	
<http://purl.obolibrary.org/obo/XAO_0003196>	"The sensory system used for olfaction (the sense of smell)."	"UBERON:0005725"
<http://purl.obolibrary.org/obo/XAO_0000140>	"Anatomical system that has as its parts the organs concerned with the production and excretion of urine and those concerned with reproduction."	"UBERON:0004122"
<http://purl.obolibrary.org/obo/XAO_0005123>	"Cell component comprising the outer layers of the vegetal region of the oocyte."	
<http://purl.obolibrary.org/obo/XAO_0004523>	"Any of the neurons specific to the gastrointestinal system. Enteric neurons are embedded the lining of the esophagus, stomach, small and large intestines and the cloaca."	"CL:0007011"
<http://purl.obolibrary.org/obo/XAO_0000004>	"Part of the fin consisting of a supporting core of mesenchyme and extracellular matrix."	
<http://purl.obolibrary.org/obo/XAO_0000190>	"A flattened, roughly circular cartilage derived from the extrastapes. This thin membrane or integument is stretched over the cartilaginous tympanic annulus in a drum-like manner, and forms the outer ear, receiving airborne vibrations and functioning in hearing."	"UBERON:0001691"
<http://purl.obolibrary.org/obo/XAO_0003137>	"Compartment of tail somite 15 that is a precursor of the axial skeleton."	
<http://purl.obolibrary.org/obo/XAO_0000249>	"A region of embryonic ectodermal cells that lie directly above the notochord. During neurulation, they change shape and produce an infolding of the neural plate (the neural fold) that then seals to form the neural tube. At NF stage 11.5 is the first indication of neural plate within the sensorial layer of ectoderm. It extends to near the animal pole by NF stage 12.5 and the entire plate is faintly delimited by NF stage 13."	"UBERON:0003075"
<http://purl.obolibrary.org/obo/XAO_0003117>	"Compartment of trunk somite 5 that is a precursor of muscle."	
<http://purl.obolibrary.org/obo/XAO_0000329>	"The epithelial lining of the coelom."	"UBERON:0005891"
<http://purl.obolibrary.org/obo/XAO_0004510>	"Type of precursor cell from which melanophores develop."	"CL:0000541"
<http://purl.obolibrary.org/obo/XAO_0005425>	"Temporary septum formed from epithelial tissue dividing the esophagus from the trachea. After mesenchymal invasion this gives rise to the permanent tissue separating the esophagus from the trachea."	
<http://purl.obolibrary.org/obo/XAO_0003192>	"The chamber of the heart that receives blood from the sinus venosus."	"UBERON:0002078"
<http://purl.obolibrary.org/obo/XAO_0005034>	"A progenitor cell of the nervous system."	
<http://purl.obolibrary.org/obo/XAO_0003233>	"Exocrine functioning cells of the pancreas."	"CL:0000622"
<http://purl.obolibrary.org/obo/XAO_0000030>	"The membrane enveloping the egg or oocyte, lying immediately outside the plasmalemma. It is formed while the oocyte is in the ovary and it separates from the egg to form the fertilization membrane."	"UBERON:0003125"
<http://purl.obolibrary.org/obo/XAO_0000148>	"Any of the excretory units of the mesonephros, which connect to the mesonephric collecting duct."	"UBERON:0000083"
<http://purl.obolibrary.org/obo/XAO_0003043>	"An embryonic structure that is the rudiment or commencement of a part or organ."	"UBERON:0001048"
<http://purl.obolibrary.org/obo/XAO_0004105>	"Any of bilaterally paired tubes that perform the resorptive and excretory functions of the pronephros, and which connect the pronephric glomeruli to the pronephric ducts."	"UBERON:0005310"
<http://purl.obolibrary.org/obo/XAO_0004251>	"Vein that comes from the skin of the trunk."	
<http://purl.obolibrary.org/obo/XAO_0000253>	"Animal portion of the marginal zone of the embryo that spreads in front of the animal cap but does not involute during gastrulation."	
<http://purl.obolibrary.org/obo/XAO_0000163>	"Anatomical structure of largely lymphoid tissue that arises from the third pharyngeal pouch, and that functions in cell-mediated immunity by being the site where T cells develop."	"UBERON:0002370"
<http://purl.obolibrary.org/obo/XAO_1000072>	"Nieuwkoop and Faber stage 60, corresponding to a tadpole of age about 46 days at 22-24 Celsius and having the following external morphological criteria: N. olfactorius still longer than bulbus olfactorius. Guanophores appearing on lower jaw (adult skin area). Openings of gill chambers still wide. Distal half of fingers of stretched forelimb extending beyond base of hindlimb; forelimb still situated behind level of heart. Adult skin area of base of forelimb covered with guanophores; anterior border of adult skin area on abdomen sharper, reaching up to heart."	
<http://purl.obolibrary.org/obo/XAO_0004559>	"A fiber system that is formed by pallial and subpallial components that join in the caudal telencephalon. It proceeds caudally, piercing the optic tract, to the ventral part of the hypothalamus."	"UBERON:2007012"
<http://purl.obolibrary.org/obo/XAO_0004064>	"The ventral part of the tail fin."	
<http://purl.obolibrary.org/obo/XAO_0005011>	"A cellular organelle, found close to the nucleus in many cells, consisting of a small cylinder with microtubular walls, 300-500 nm long and 150-250 nm in diameter. It contains nine short, parallel, peripheral microtubular fibrils, each fibril consisting of one complete microtubule fused to two incomplete microtubules. Cells usually have two centrioles, lying at right angles to each other. At division, each pair of centrioles generates another pair and the twin pairs form the pole of the mitotic spindle."	"GO:0005814"
<http://purl.obolibrary.org/obo/XAO_0003141>	"Compartment of tail somite 17 that is a precursor of the axial skeleton."	
<http://purl.obolibrary.org/obo/XAO_0004573>	"Large glutaminergic nerve cell whose dendrites synapse with axons of the olfactory receptor neurons in the glomerular layer of the olfactory bulb, and whose axons pass centrally in the olfactory tract to the olfactory cortex."	"CL:1001502"
<http://purl.obolibrary.org/obo/XAO_0000242>	"Duct that drains the mesonephros and connects it to the ureter."	"UBERON:0003074"
<http://purl.obolibrary.org/obo/XAO_0000053>	"The mesoderm of the head."	"UBERON:0006904"
<http://purl.obolibrary.org/obo/XAO_0005265>	"Part of the trunk located on the dorsal side of the organism."	
<http://purl.obolibrary.org/obo/XAO_0004272>	"Any of the neuronal precursor cells that are isolated and scattered throughout the anterior ventro-lateral region of the embryo, generally in a punctate pattern, immediately below the ectoderm."	
<http://purl.obolibrary.org/obo/XAO_0004057>	"Portion of tissue comprising the posterior end of the tail fin."	"UBERON:0010162"
<http://purl.obolibrary.org/obo/XAO_0000219>		
<http://purl.obolibrary.org/obo/XAO_0000216>		
<http://purl.obolibrary.org/obo/XAO_0004505>	"The inner layer of the periosteum, containing osteoblasts."	
<http://purl.obolibrary.org/obo/XAO_0000011>	"The part of the brain that is the anterior of its three primary divisions and that includes the telencephalon and diencephalon."	"UBERON:0001890"
<http://purl.obolibrary.org/obo/XAO_1000033>	"Nieuwkoop and Faber stage 12.5, corresponding to an embryo of age 14 hr 15 min at 22-24 Celsius and having the following external morphological criteria: Small yolk plug stage. Future position of neural plate and median groove indicated by darker pigment lines. Yolk plug usually ovoid, variable in size. Length: 1.4 - 1.5 mm."	
<http://purl.obolibrary.org/obo/XAO_0003128>	"Compartment of trunk somite 10 that is a precursor of muscle."	
<http://purl.obolibrary.org/obo/XAO_0003122>	"Compartment of trunk somite 6 that is a precursor of the axial skeleton."	
<http://purl.obolibrary.org/obo/XAO_0003238>	"A cell that originates from a mesenchymal stem cell and forms chondrocytes (cartilage cells). Chondroblasts that become embedded in the matrix are called chondrocytes."	"CL:0000058"
<http://purl.obolibrary.org/obo/XAO_0005095>	"Blastomere which lies in the vegetal hemisphere lateral to V2.1 at the 16-cell stage."	
<http://purl.obolibrary.org/obo/XAO_0005059>	"Dermal layer composed of alternating sheets of parallel fibers."	"UBERON:0007377"
<http://purl.obolibrary.org/obo/XAO_0004500>	"Any of the bony lateral projections from the presacral veterebrae of the anterior trunk region, enabling the lungs to expand and thus facilitate breathing by expanding the chest cavity. They serve to protect the lungs, heart, and other internal organs of the thorax."	
<http://purl.obolibrary.org/obo/XAO_0000437>	"Xenopus developmental stage that corresponds to the end of the animal's life."	"UBERON:0000071"
<http://purl.obolibrary.org/obo/XAO_0004547>	"The predominant portion of the globus pallidus in the striatopallidal system, which is defined by connectivity and neurochemical staining. It is distinguished from the ventral pallidum by a boundary that is partially defined by the anterior commissure."	"UBERON:0006516"
<http://purl.obolibrary.org/obo/XAO_1000004>	"Embryonic stage during which the zygote undergoes synchronous divisions into 2, 4, 8, 16, etc. blastomeres, comprising Nieuwkoop and Faber stages 2 to 6.5."	"UBERON:0000107"
<http://purl.obolibrary.org/obo/XAO_0005163>	"A region of the embryo that is located broadly around the heart, but ventral to the pharyngeal region, posterior to the cement gland, and anterior to the endoderm or organs of endodermal origin (foregut, liver and lung primordia)."	
<http://purl.obolibrary.org/obo/XAO_0000352>	"The fifth in a series paired arterial connections between the dorsal and ventral aortae. Aortic arch 5 artery is paired and has a common trunk with aortic arch 6 from the ventral aorta, and drains via a separate branch of the lateral dorsal aorta. Aortic arches 5 and 6 supply the trunk and tail with oxygenated blood."	"UBERON:0003122"
<http://purl.obolibrary.org/obo/XAO_0005143>	"A cartilaginous component of the stapes that is firmly attached to the proximal end of the pars media. It lies within the oval window and forms the stapes footplate."	
<http://purl.obolibrary.org/obo/XAO_0000012>	"Part of the forebrain consisting of paired olfactory bulbs and cerebral hemispheres."	"UBERON:0001893"
<http://purl.obolibrary.org/obo/XAO_0005054>	"Inferior nucleus of the reticular nucleus of the brain stem."	
<http://purl.obolibrary.org/obo/XAO_0004258>	"Structure that comprises the base region of the telencephalon."	
<http://purl.obolibrary.org/obo/XAO_0000337>	"Region in the embryo that consists of precursor cells for the development of the embryonic heart."	"UBERON:0004141"
<http://purl.obolibrary.org/obo/XAO_0001012>	"Structure that is part of the pineal system, is located in the skin on the dorsal surface of the head, and is exposed continuously to ambient illumination."	
<http://purl.obolibrary.org/obo/XAO_0004097>	"A neuron that laterally connects other neurons in the inner nuclear layer of the retina."	"CL:0000745"
<http://purl.obolibrary.org/obo/XAO_0004586>	"A compact fiber bundle that extends longitudinally through the posterolateral region of the medulla and is surrounded by the nucleus of the solitary tract, and descends to the upper cervical segments of the spinal cord."	"UBERON:0002718"
<http://purl.obolibrary.org/obo/XAO_0000408>	"The 1st somite located posterior to the head."	
<http://purl.obolibrary.org/obo/XAO_0004555>	"A layer of the olfactory bulb interior to the mitral cell layer, consisting of inhibitory interneurons."	"UBERON:0005378"
<http://purl.obolibrary.org/obo/XAO_0003023>	"Cell that is the basic unit of nervous tissue, each consisting of a body, an axon, and dendrites, and the purpose of which is to receive, conduct, and transmit impulses in the nervous system."	"CL:0000540"
<http://purl.obolibrary.org/obo/XAO_0004527>	"Sensory neuron responsible for detection of odorants."	
<http://purl.obolibrary.org/obo/XAO_0003067>		
<http://purl.obolibrary.org/obo/XAO_0004104>	"The boundary between non-neural ectoderm and the neural plate of neurula stage embryos, giving rise to the neural crest and cranial placodes."	
<http://purl.obolibrary.org/obo/XAO_0005261>	"The posterior part of the tail."	
<http://purl.obolibrary.org/obo/XAO_0000078>	"The edge of the blastopore. Local invagination is caused by narrowing of bottle cells at the exterior edge of the blastula."	
<http://purl.obolibrary.org/obo/XAO_0000001>	"Primary germ layer that is the outer of the embryo's germ layers and gives rise to epidermis and neural tissue."	"UBERON:0000924"
<http://purl.obolibrary.org/obo/XAO_0004011>	"Anatomical cluster of the central body axis including the cranium, vertebrae, notochord, ribs, and sternum."	"UBERON:0005944"
<http://purl.obolibrary.org/obo/XAO_0000044>	"Deep neuroectoderm layer consisting of densely packed, cylindrical, unpigmented cells."	
<http://purl.obolibrary.org/obo/XAO_0004350>	"Muscle that arises from the edge of levator arcus branchialis IV and inserts on the arytenoid cartilage and the cricoid ring."	
<http://purl.obolibrary.org/obo/XAO_0004539>	"A group of structures that lie in the ventralmost parts of the forebrain and are formed by the derivatives of the subpallium."	"UBERON:0002743"
<http://purl.obolibrary.org/obo/XAO_0004236>	"Posterior part of the hypothalamus, given rise by the midanterior neural plate during forebrain morphogenesis."	
<http://purl.obolibrary.org/obo/XAO_0005170>	"Region which is formed by the posterior layer of the gastrocoel roof plate during neurulation and has functionality in determining organ and axis symmetry."	
<http://purl.obolibrary.org/obo/XAO_0000265>	"Sixth of the pharyngeal (endodermal) evaginations between the visceral arches."	"UBERON:0007127"
<http://purl.obolibrary.org/obo/XAO_0000116>	"Any of the smallest blood vessels connecting arterioles with venules."	"UBERON:0001982"
<http://purl.obolibrary.org/obo/XAO_0000277>	"The internal nasal passages, aperture or cavity in the roof of the buccopharynx."	"UBERON:0004771"
<http://purl.obolibrary.org/obo/XAO_0004155>	"The hyaloid artery is a branch of the ophthalmic artery, which is itself a branch of the internal carotid artery. It is contained within the optic stalk of the eye and extends from the optic disc through the vitreous humor to the lens. Its purpose is to supply nutrient to the developing lens."	"UBERON:0002270"
<http://purl.obolibrary.org/obo/XAO_0000259>	"Area of mesoderm at either side of the midline embryonic notochord that, on segmentation, forms the paired somites."	"UBERON:0003077"
<http://purl.obolibrary.org/obo/XAO_0000050>	"Primary germ layer that is the middle of the embryo's germ layers, between the endoderm and ectoderm."	"UBERON:0000926"
<http://purl.obolibrary.org/obo/XAO_0004324>	"Any of the bilateral hyoid arch muscles innervated by cranial nerve VII."	
<http://purl.obolibrary.org/obo/XAO_0005312>	"The midline of aligned thick filaments in a sarcomere; location of specific proteins that link thick filaments. Depending on muscle type the M band consists of different numbers of M lines."	"GO:0031430"
<http://purl.obolibrary.org/obo/XAO_0004296>	"Stylopod (the limb segment closet to the body) that is part of a hindlimb."	
<http://purl.obolibrary.org/obo/XAO_0000472>	"A pigment cell that is derived from the neural crest and gives silver, gold, or iridescent color to skin cells, classified based on their iridescent hue which arises from purine-containing reflecting platelets called iridisomes."	"CL:0000431"
<http://purl.obolibrary.org/obo/XAO_0003108>	"Compartment of trunk somite 1 that is a precursor of muscle."	
<http://purl.obolibrary.org/obo/XAO_0000103>	"Middle subdivision of the digestive tract. The midgut is the portion of the embryo from which most of the intestines develop. After it bends around the superior mesenteric artery, it is often referred to as the \"midgut loop\". It comprises the portion of the alimentary canal from the end of the foregut at the opening of the bile duct to the hindgut, about two-thirds of the way through the transverse colon."	"UBERON:0001045"
<http://purl.obolibrary.org/obo/XAO_0004218>	"The dorsal component of the mandibular arch, the ventral one being Meckel's cartilage. Together with the ceratohyal and connecting musculature, it is responsible for the ventilation and irrigation of the filter apparatus."	
<http://purl.obolibrary.org/obo/XAO_0000179>	"The organ of sight (visual apparatus), almost spherical in shape. At the end of development (NF stage 66) the eyes bulge out of their orbital capsules near the lateral edge of the dorsal side of the head."	"UBERON:0000019"
<http://purl.obolibrary.org/obo/XAO_0004120>	"A sheet of extracellular matrix that separates the outer myocardial cell layer from the inner endocardial tube in the early embryonic heart. As the heart is going through the looping stages, this extracellular matrix/cardiac jelly starts to thicken in two regions, the atrioventricular canal region and the ventricular outflow tract region. These two discrete swellings of cardiac jelly are known as cardiac cushions. The cardiac jelly plays a central role in the septation of the heart and comprises most of the thickness of the heart wall at early stages, but disappears as the heart differentiates."	"UBERON:0003906"
<http://purl.obolibrary.org/obo/XAO_0000107>	"Rapidly proliferating mass of cells at the caudal extremity of the embryo. Its formation is reflected in a caudal carving of the posterior portion of the archenteric canal at NF stage 22. With its further outgrowth, the postanal gut primordium becomes stretched. Its lumen is in broad communication with the hindgut at NF stage 25."	"UBERON:0002533"
<http://purl.obolibrary.org/obo/XAO_0005260>	"Part of the trunk located on the ventral side of the organism."	
<http://purl.obolibrary.org/obo/XAO_0003069>		
<http://purl.obolibrary.org/obo/XAO_1000037>	"Nieuwkoop and Faber stage 21, corresponding to an embryo of age 22 hr 30 min at 22-24 Celsius and having the following external morphological criteria: Suture of neural tube completely closed. Delimitation of frontal field by pigment lines. Primary eye vesicles showing through in the form of two separate, obliquely placed oval spots; beginning of protrusion of eyes. Lateral outline of embryo just becoming concave, ventral outline flat. Length: 1.9 - 2.0 mm."	
<http://purl.obolibrary.org/obo/XAO_0004442>	"The presumptive cells of the constrictores branchiales III muscles."	
<http://purl.obolibrary.org/obo/XAO_0003021>		
<http://purl.obolibrary.org/obo/XAO_0005247>	"Endoderm that is part of the hindgut."	"UBERON:0003260"
<http://purl.obolibrary.org/obo/XAO_0003017>	"A connective tissue cell that secretes an extracellular matrix rich in collagen and other macromolecules."	"CL:0000057"
<http://purl.obolibrary.org/obo/XAO_0004581>	"Nucleus located posterodorsally in the midbrain tegmentum."	
<http://purl.obolibrary.org/obo/XAO_0000029>	"The outermost layer of the epidermis, the multilayered epithelium derived from the ectoderm."	"UBERON:0003055"
<http://purl.obolibrary.org/obo/XAO_1000038>	"Nieuwkoop and Faber stage 22, corresponding to an embryo of age 24 hr at 22-24 Celsius and having the following external morphological criteria: Distinct protrusion of eyes. Initial groove between jaw- and gill-areas only at latero-dorsal side. Lateral and ventral outlines of embryo slightly concave. Anal opening displaced to ventral side. Vitelline membrane becoming wider. Length: 2.0 - 2.2 mm."	
<http://purl.obolibrary.org/obo/XAO_0004260>	"Any of the outpocketings of pharyngeal endoderm that interdigitate with the neural crest derived pharyngeal arches. The pouches later fuse with the surface ectoderm to form the gill slits."	"UBERON:0004117"
<http://purl.obolibrary.org/obo/XAO_0004092>	"A thick, U-shaped primordium positioned at the border of the future epidermis and the neural plate/neural crest forming regions, in the neural stage embryo. This field of naive ectoderm is subdivided into 3 domains, each with distinct gene expression profiles: the anterior PPE (bottom of the U), the lateral PPE (the curves of the U), and the posterior PPE (arms of the U and adjacent to the neural crest/neural plate border). The PPE differentiates into the sensory placodes, which in turn form the adenohypophysis/anterior pituitary gland and sensory organs (such as the olfactory epithelium, lens, trigeminal nerves, epibranchial nerves, otic vesicles and lateral lines)."	
<http://purl.obolibrary.org/obo/XAO_0000002>	"Surface structure that has an important role in tadpole locomotion. It starts to develop along the trunk and tail of the embryo at the tail bud stage and continues to grow until the start of metamorphosis when it begins to regress. It consists of flattened epidermal cells elevated into a keel-like structure by a supporting core of mesenchyme and extracellular matrix."	"UBERON:0008897"
<http://purl.obolibrary.org/obo/XAO_0003050>	"Anatomical structure associated with the gonads that vary in form among amphibians but are primarily composed of adipose tissue and are thought to be a source of nutrients for the gonads. A body of adipose tissue, in the form of finger-like projections, usually associated with the anterior end of the testis and ovaries. Fat bodies are suspended from the body wall by dorsal mesentry which is fused with the gonadal mesentry (the mesovarium or mesorchidium)."	"UBERON:0003428"
<http://purl.obolibrary.org/obo/XAO_0005055>	"A set of septal nuclei comprising the ventral aspect of the forebrain septum."	
<http://purl.obolibrary.org/obo/XAO_0004624>	"Blood vessel that is part of the fin."	
<http://purl.obolibrary.org/obo/XAO_0000210>	"Type of ganglion that is a condensation of sensory neurons on the dorsal root of each spinal nerve. There is one pair of spinal ganglia per myotome, with the spinal ganglia of the trunk region larger and more distinct from each other than those of the tail region."	"UBERON:0000044"
<http://purl.obolibrary.org/obo/XAO_0000160>	"An unpaired glandular organ subdivision attached on the midline near the posterior and habenular commissures of the epithalamus."	"UBERON:0001905"
<http://purl.obolibrary.org/obo/XAO_0004010>	"Unilaminar epithelium that consists of a single layer of squamous cells."	"CARO:0000070 UBERON:0000487"
<http://purl.obolibrary.org/obo/XAO_0003068>		
<http://purl.obolibrary.org/obo/XAO_0000037>	"Sensorial layer of blastocoel roof ectoderm."	
<http://purl.obolibrary.org/obo/XAO_0000238>	"The terminal portion of the large intestine."	"UBERON:0001052"
<http://purl.obolibrary.org/obo/XAO_0005162>	"Skeletal subdivision comprising the skeletal elements of the mandibular arch."	"UBERON:0001708"
<http://purl.obolibrary.org/obo/XAO_0005327>	"Neural crest comprising sacral, vagal, and trunk neural crest."	
<http://purl.obolibrary.org/obo/XAO_0003019>	"The developing male gamete."	"CL:0000017"
<http://purl.obolibrary.org/obo/XAO_0000088>	"Dorsal part of the blastopore lip, which forms as a result of the contraction of bottle cells."	
<http://purl.obolibrary.org/obo/XAO_0005263>	"Neuroectoderm that is located on the anterior side of the organism."	
<http://purl.obolibrary.org/obo/XAO_0005169>	"The presumptive cells of the organizing region which is formed by the posterior layer of the gastrocoel roof plate during early neurulation."	
<http://purl.obolibrary.org/obo/XAO_0000257>	"An outpocketing of the foregut ventral to the infundibulum and the hypophysis. The walls surrounding this cavity are composed of endoderm."	
<http://purl.obolibrary.org/obo/XAO_0003268>	"Type of presumptive precardiac cell that lie as paired primordia 30 to 45 degrees on either side of the dorsal midline of the embryo. As gastrulation proceeds, these migrate laterally, eventually fusing at the anterior ventral midline, where they differentiate into cardiac tissue. They give rise to the linear heart tube of the fused heart primordium and derive from the cardiac crescent."	
<http://purl.obolibrary.org/obo/XAO_0004424>	"Anatomical region comprising the central part of the retina."	
<http://purl.obolibrary.org/obo/XAO_0006026>	"An oligopotent progenitor cell committed to the lymphoid lineage."	"CL:0000051"
<http://purl.obolibrary.org/obo/XAO_0003132>	"Compartment of trunk somite 12 that is a precursor of muscle."	
<http://purl.obolibrary.org/obo/XAO_0004209>	"The region that delineates the rostral boundary of the neural plate in the neural stage embryo, and is devoid of neural crest cells. It gives rise to the pre-placodal region, some elements of the forebrain, and the anterior lobe of the pituitary gland."	
<http://purl.obolibrary.org/obo/XAO_0004518>	"The proximal segment of the pronephric tubule, closest to the glomus and functioning in solute resorption and waste excretion."	
<http://purl.obolibrary.org/obo/XAO_0004628>	"The erythroid-forming compartment of the ventral blood island."	
<http://purl.obolibrary.org/obo/XAO_0001014>	"A pigment cell that is derived from the neural crest, contains melanin (a brownish-black pigment), and is patchily distributed in the epidermis of the tadpole."	"CL:0000148"
<http://purl.obolibrary.org/obo/XAO_0001015>	"Paired outgrowths of the cloaca that link the pronephric ducts to the exterior of the organism."	"UBERON:0006172"
<http://purl.obolibrary.org/obo/XAO_0004328>	"Muscle that is part a complex that arises from the skull roof and acts to elevate or close the lower jaw. It separates medially from levator mandibulae longus supeficialis, with which it shares a common origin."	
<http://purl.obolibrary.org/obo/XAO_0003100>	"Posterior portion of the hindbrain that controls respiration, heartbeat, digestion, and swallowing as well as some locomotor responses."	"UBERON:0001896"
<http://purl.obolibrary.org/obo/XAO_0003045>	"Portion of tissue that consists of one or more layers of epithelial cells connected to each other by cell junctions and that is underlain by a basal lamina."	"CARO:0000066 UBERON:0000483"
<http://purl.obolibrary.org/obo/XAO_0005193>	"The lateral area of the two branches of a horseshoe-shaped mesenchymal swelling in the future nasal region of the embryo. It separates the olfactory pit from the developing eye."	"UBERON:0004067"
<http://purl.obolibrary.org/obo/XAO_0004353>	"Muscle in the orbit that inserts on the posterior side of the eye and the function of which is adduction of the eyeball."	
<http://purl.obolibrary.org/obo/XAO_0000247>	"Second of the pharyngeal (endodermal) evaginations between the visceral arches from which the Eustachian tube is derived; pouches 2-4 open as gill slits."	"UBERON:0007123"
<http://purl.obolibrary.org/obo/XAO_0005176>	"The blastomere of the future left-ventral portion of the embryo at the 4-cell stage."	
<http://purl.obolibrary.org/obo/XAO_0004434>	"The presumptive cells of the subarcualis rectus I muscle."	
<http://purl.obolibrary.org/obo/XAO_0004178>	"The major (left) branch of the dorsal longitudinal anastomosing vessel (dlav); it remains as the sole branch after the right branch breaks up at NF stage 44."	
<http://purl.obolibrary.org/obo/XAO_0000200>	"Pigmented, smaller blastomere of the animal (upper) hemisphere of the cleaving embryo."	
<http://purl.obolibrary.org/obo/XAO_0006046>	"Any of the immature or mature forms of a granular leukocyte with a nucleus that usually has two lobes connected by one or more slender threads of chromatin, and cytoplasm containing coarse, round granules that are uniform in size."	"CL:0000771"
<http://purl.obolibrary.org/obo/XAO_0004145>	"A small, oval, bony chamber of the labyrinth. The vestibule contains the utricle and saccule, organs which are part of the balancing apparatus of the ear."	"UBERON:0001862"
<http://purl.obolibrary.org/obo/XAO_0005248>	"Dorsal part of the posterior hindgut endoderm."	
<http://purl.obolibrary.org/obo/XAO_0000143>	"Anatomical system that has as its parts the organs concerned with the production and excretion of urine."	"UBERON:0001008"
<http://purl.obolibrary.org/obo/XAO_0004445>	"The presumptive cells of the rectus cervicis muscle."	
<http://purl.obolibrary.org/obo/XAO_0003060>	"Anatomical system that provides physical support to the organism."	"UBERON:0001434"
<http://purl.obolibrary.org/obo/XAO_0000369>	"One of three branches of the internal carotid artery, it supplies the mouth region."	
<http://purl.obolibrary.org/obo/XAO_0003020>	"A type of germ cell that results from the mitotic division of a primary spermatogonium."	
<http://purl.obolibrary.org/obo/XAO_0000239>	"The pancreatic duct and common bile duct together, which enter the descending duodenum."	
<http://purl.obolibrary.org/obo/XAO_0000167>	"An organ specialized for secretion of parathyroid hormone. It controls the amount of calcium in the blood and within the bones."	"UBERON:0001132"
<http://purl.obolibrary.org/obo/XAO_0004054>	"Connective tissue that is matrix-poor with large number of vacuolated cells."	
<http://purl.obolibrary.org/obo/XAO_0004336>	"A thin curved muscle located between the ceratohyal cartilages."	
<http://purl.obolibrary.org/obo/XAO_0004198>	"Skeletal tissue that consists of an avascular, noncollagenous, hypermineralized matrix that is deposited by ameloblasts that are excluded from the matrix. It develops from organic pre-enamel tissue that is replaced by a largely inorganic matrix."	"UBERON:0001752"
<http://purl.obolibrary.org/obo/XAO_0005293>	"Cephalic nerve that innervates the maxillary sinus."	"UBERON:0000377"
<http://purl.obolibrary.org/obo/XAO_0004294>	"A major subdivision of a limb."	
<http://purl.obolibrary.org/obo/XAO_0004590>	"Multi-tissue structure that is part of the midbrain and develops from the alar plate. It is located dorsal to the lateral tegmentum where it extends into the medial tectal ventricle and receives ascending sensory octavolateralis input."	"UBERON:2000599"
<http://purl.obolibrary.org/obo/XAO_0000013>	"A division of the forebrain situated between the telencephalon and midbrain. In the developing brain it is the more posterior and ventral of two forebrain neuromeres, the other being the telencephalon; major derivatives are the eye vesicle, the brain pretectal region, the thalamus, hypothalamus, and epithalamus (including the habenula and epiphysis)."	"UBERON:0001894"
<http://purl.obolibrary.org/obo/XAO_0005283>	"Ectodermal placode that does not develop into a component of the nervous system."	"UBERON:0011814"
<http://purl.obolibrary.org/obo/XAO_0003005>	"Gonochoristic organism that can produce female gametes."	"CARO:0000028 UBERON:0003100"
<http://purl.obolibrary.org/obo/XAO_0005032>	"A cell that, in the early stages of the brain, are generated from the ectoderm-derived neural epithelium and commit to differentiate into either neurons or radial glial cells. It is well known that radial glial cells have distinctive morphological characteristics and can act as neural progenitor cells (NPCs) or neural stem cells (NSCs), in addition to guiding the migration of differentiating neurons in the central nervous system."	"CL:0000047"
<http://purl.obolibrary.org/obo/XAO_0004378>	"Cartilaginous element comprising the dorsal component of the mandibular arch."	
<http://purl.obolibrary.org/obo/XAO_0004043>	"Cartilage tissue that is not mineralized."	
<http://purl.obolibrary.org/obo/XAO_0004407>	"Mesenchyme that occupies the proximal region of a limb bud."	
<http://purl.obolibrary.org/obo/XAO_0005028>	"Layer of the optic tectum that contains radial glial and other non-neuronal cells."	
<http://purl.obolibrary.org/obo/XAO_0004605>	"A protrusion at the posterior end of the hypothalamus that contains hypothalamic nuclei."	"UBERON:0002206"
<http://purl.obolibrary.org/obo/XAO_0000039>		
<http://purl.obolibrary.org/obo/XAO_0004454>	"The presumptive cells of the obliquus superior muscle."	
<http://purl.obolibrary.org/obo/XAO_0005066>	"The location where ganglion cell axons exit the eye to form the optic nerve."	"UBERON:0001783"
<http://purl.obolibrary.org/obo/XAO_0000419>	"The 9th somite located posterior to the head."	
<http://purl.obolibrary.org/obo/XAO_0004464>	"The most anterior segment of the developing hindbrain."	
<http://purl.obolibrary.org/obo/XAO_0005289>	"The innermost delicate fibrous meningeal coverings of the CNS. It is closely adherent to the brain tissue and is composed of one to several layers of flattened, modified fibroblasts and the ECM (collagen and elastic fibers, etc.) they produce."	"UBERON:0002361"
<http://purl.obolibrary.org/obo/XAO_0003180>	"Skeletal and cartilaginous elements of the branchial arches; the last five of the set of seven pharyngeal arches; generally branchial arch no. 1 is the first branchial arch, or the third pharyngeal arch, but some authors do not follow this convention."	"UBERON:0005886"
<http://purl.obolibrary.org/obo/XAO_0000345>	"Artery that arises from the ventral aorta and delivers blood to the filter apparatus. It is visible as a bilateral pair of vessels on the ventral surface of the head, running between the heart and the tip of the jaw."	"UBERON:0001070"
<http://purl.obolibrary.org/obo/XAO_0000109>	"Structure formed by the ventral movement of the proctodeum anlage, which results in the shifting of the circumblastoral collar lateral walls to the posterior end of the embryo."	
<http://purl.obolibrary.org/obo/XAO_0000048>	"A group of ectoderm cells that delaminate from the area between the neuroectoderm/non-neural ectoderm domains. They undergo epithelial-to-mesenchymal tranformation (EMT) and migrate to give several different lineages of adult cells. Originating from different positions along the anterior-posterior axis, they develop into various tissues. These regions of neural crest can be divided into five main functional domains, which include the cranial, trunk, vagal and sacral neural crest, and cardiac neural crest. Neural crest cells are considered multipotent, and as they have the limited capacity for self renewal, they are regarded as stem cell-like."	"UBERON:0002342"
<http://purl.obolibrary.org/obo/XAO_1000000>	"A temporal interval that defines Xenopus life from unfertilized egg to adult and death stages."	
<http://purl.obolibrary.org/obo/XAO_0004423>	"The blood vessels of the trunk region."	
<http://purl.obolibrary.org/obo/XAO_0005148>	"A muscle acting to open the lower jaw, which runs from the caudal otic region downwards, passing over the stapes."	
<http://purl.obolibrary.org/obo/XAO_0004556>	"Region of the thalamus adjoining the pineal gland."	"UBERON:0001904"
<http://purl.obolibrary.org/obo/XAO_0000095>	"Sensory system that has as it parts the sense organs that detect vibrations carried through water, develops during late tailbud stage, and persists in the adult bearing elaborate dorsal and ventral components. It develops from a specialized series of dorsolateral ectodermal placodes named lateral line placodes."	"UBERON:0002540"
<http://purl.obolibrary.org/obo/XAO_0004101>	"Diencephalic white matter (tract) that is composed of retinal ganglion cell axons after which they have passed through the optic chiasm."	"UBERON:0001908"
<http://purl.obolibrary.org/obo/XAO_0000240>	"A thickened portion of ectoderm that serves as the precursor to the lens."	"UBERON:0003073"
<http://purl.obolibrary.org/obo/XAO_0003259>	"A non-sensory cell of the neuromast that extends between the sensory hair cells from the basement membrane to the apical surface; neuromast support cells are surrounded by neuromast mantle cells."	"CL:0000852"
<http://purl.obolibrary.org/obo/XAO_0005282>	"An organelle that contains yolk for consumption during embryogenesis."	
<http://purl.obolibrary.org/obo/XAO_0000320>	"The inner layer of ectoderm."	
<http://purl.obolibrary.org/obo/XAO_0005078>	"Muscle-forming part of each myotome that splits from the ventrolateral edge and gives rise to the epaxial musculature."	
<http://purl.obolibrary.org/obo/XAO_0003207>	"The cluster of bones in the wrist between the radius, ulna and metacarpus, they do not belong to individual fingers, but allow the wrist to move and rotate."	"UBERON:0009880"
<http://purl.obolibrary.org/obo/XAO_0005155>	"Anatomical line that divides the archenteron roof into right and left halves."	
<http://purl.obolibrary.org/obo/XAO_0004157>	"Network of intersecting blood vessels associated with the posterior region of the lens."	"UBERON:0005607"
<http://purl.obolibrary.org/obo/XAO_0004240>	"Type of vein that drains the gill region and which passes backwards lateral to the gill chambers and opens into the pronephric sinus."	
<http://purl.obolibrary.org/obo/XAO_0004554>	"The innermost layer of the cerebellar cortex, containing densely packed small neurons, mostly granule cells."	"UBERON:0002956"
<http://purl.obolibrary.org/obo/XAO_0004083>	"The 5th segment of the developing hindbrain, between rhombomeres r4 and r6, and dorsal to branchial arch 3."	"UBERON:0005515"
<http://purl.obolibrary.org/obo/XAO_0005076>	"A defined region within the ventral telencephalon that gives rise to GABAergic and cholinergic cortical interneurons and is also a source of early-born oligodendrocytes in the telencephalon."	
<http://purl.obolibrary.org/obo/XAO_0004627>	"Blood vessel that is part of the ventral blood island."	
<http://purl.obolibrary.org/obo/XAO_0005290>	"The unpigmented maturation spot which indicates germinal vesicle breakdown and thus maturation of an oocyte."	
<http://purl.obolibrary.org/obo/XAO_0000343>	"The second in a series paired arterial connections between the dorsal and ventral aortae. Aortic arch that is part of hyoid arch."	"UBERON:0003119"
<http://purl.obolibrary.org/obo/XAO_0000285>	"The structure that is the basic functional unit of the pronephros."	"UBERON:0005309"
<http://purl.obolibrary.org/obo/XAO_0004437>	"The presumptive cells of the levator arcuum branchialium I muscles."	
<http://purl.obolibrary.org/obo/XAO_0000057>	"Unsegmented field of paraxial mesoderm present posterior to the most recently formed somite pair, from which somites will form."	"UBERON:0003059"
<http://purl.obolibrary.org/obo/XAO_0004015>	"Skeletal element that forms superficially in the organism, usually in association with the ectoderm."	"UBERON:0008907"
<http://purl.obolibrary.org/obo/XAO_0003018>	"A germ cell that is a primordial spermatocyte in a male and that develops into secondary spermatogonia by mitotic division."	
<http://purl.obolibrary.org/obo/XAO_0004453>	"The presumptive cells of the obliquus inferior muscle."	
<http://purl.obolibrary.org/obo/XAO_0003260>	"An erythrocyte (red blood cell) which has a nucleus."	"CL:0000562"
<http://purl.obolibrary.org/obo/XAO_0001020>	"Notochordal membrane covering derived from notochordal epithelium. Its first indication is at NF stage 24, and it is a distinct membrane by NF stage 28."	"UBERON:0013655"
<http://purl.obolibrary.org/obo/XAO_0004056>	"Mesenchyme cells that proliferate in the progress zone of developing limb buds."	
<http://purl.obolibrary.org/obo/XAO_0004615>	"A membrane-tethered, short cylindrical array of microtubules and associated proteins found at the base of a cilium that is similar in structure to a centriole and derives from it. The cilium basal body is the site of assembly and remodelling of the cilium and serves as a nucleation site for axoneme growth."	"GO:0005932"
<http://purl.obolibrary.org/obo/XAO_0000383>	"Vein that returns blood from the dorsal head and drains into the duct of Cuvier via the pronephric sinus."	"UBERON:0003087"
<http://purl.obolibrary.org/obo/XAO_0005215>	"Anatomical region located basally on the body or body part."	
<http://purl.obolibrary.org/obo/XAO_0004522>	"Cell that is part of the neural crest region of the neuroepithelium, prior to migration."	"CL:0007004"
<http://purl.obolibrary.org/obo/XAO_0004149>	"Cell that comprises the outermost layer or lining of anatomical structures and can be squamous or cuboidal."	"CL:0000115"
<http://purl.obolibrary.org/obo/XAO_0005506>	"A clear, colorless bodily fluid that occupies the subarachnoid space and the ventricular system around and inside the brain and spinal cord."	
<http://purl.obolibrary.org/obo/XAO_0005136>	"Tissue which during gastrulation involutes into the interior of the embryo, where its deep mesenchymal cells form the notochordal and somitic mesoderm and its superficial epithelial cells form the endodermal roof of the archenteron."	
<http://purl.obolibrary.org/obo/XAO_0003057>	"Spatial concept denoting the back surface of the body."	
<http://purl.obolibrary.org/obo/XAO_0004462>	"Single cell layer of involuted endoderm lying beneath the prechordal plate."	
<http://purl.obolibrary.org/obo/XAO_0005060>	"A type of smooth muscle-like pericyte that abuts and surrounds the filtration capillaries within the glomerulus."	"CL:1000742"
<http://purl.obolibrary.org/obo/XAO_1000023>	"Nieuwkoop and Faber stage 13, corresponding to an embryo of age 14 hr 45 min at 22-24 Celsius and having the following external morphological criteria: Slit-blastopore stage. Neural plate faintly delimited; slight elevation of its rostral part and slight flattening of its caudal part. Caudal part of median groove formed. Length: 1.5 - 1.6 mm."	
<http://purl.obolibrary.org/obo/XAO_0000113>	"Anatomical entity that comprises the animal in the early stages of growth and differentiation that are characterized by cleavage, the laying down of fundamental tissues, and the formation of primitive organs and organ systems."	"UBERON:0000922"
<http://purl.obolibrary.org/obo/XAO_0003001>	"Anatomical structure consisting of at least two non-overlapping organs, multi-tissue aggregates or portion of tissues or cells of different types that does not constitute an organism, organ, multi-tissue aggregate, or portion of tissue."	"UBERON:0000480 CARO:0000054"
<http://purl.obolibrary.org/obo/XAO_0000328>	"Internal lymphoid organ the primary function of which is to filter blood."	"UBERON:0002106"
<http://purl.obolibrary.org/obo/XAO_0003007>	"An experimentally manipulated tissue or portion of the developing embryo, that can be culture alone (in vitro)."	
<http://purl.obolibrary.org/obo/XAO_0004299>	"Terminal portion of a forelimb."	
<http://purl.obolibrary.org/obo/XAO_0006040>	"A mature osteoblast that has become embedded in the bone matrix. These cells occupy a small cavity, called lacuna, in the matrix and are connected to adjacent osteocytes via protoplasmic projections called canaliculi."	"CL:0000137"
<http://purl.obolibrary.org/obo/XAO_0003266>	"Embryonic primordium consisting of an endodermal thickening that develops into the liver."	"UBERON:0003894"
<http://purl.obolibrary.org/obo/XAO_0005325>	"Subdomain that occupies the dorso-lateral portion of a somite and comprises tendon progenitor cells. It is located between the neighboring sclerotome and myotome, at the future site of connection between bone and muscle, and gives rise to the axial tendons of the body."	
<http://purl.obolibrary.org/obo/XAO_0005101>	"Blastomere which lies adjacent to the prospective dorsal midline, anterior to its sister cell, blastomere D2.1.1, in the third tier of blastomeres. It contributes to mostly endodermal and mesodermal structures including the heart, head mesenchyme, notochord, somites, lateral plate mesoderm, foregut, hindgut, and a few cells of ectodermal origin (in cranial ganglia and neural crest)."	
<http://purl.obolibrary.org/obo/XAO_0003203>	"Epithelium that is part of a developing tooth or dental organ."	"UBERON:0003843"
<http://purl.obolibrary.org/obo/XAO_0004165>	"The small branching sprouts of the dorsal aorta that grow across the medial surface of the somite, turn right angles to grow over that surface and then fuse with other sprouts and form the vertebral arteries adjacent to the neural tube; the intersomitic arteries supply the body wall and persist in the adult as the posterior intercostal, subcostal and the lumbar arteries."	"UBERON:0006001"
<http://purl.obolibrary.org/obo/XAO_0005208>	"An anatomical region that is the entire part of an anatomical structure dorsal to a horizontal plane and bounded on one side by the same horizontal plane."	
<http://purl.obolibrary.org/obo/XAO_0004325>	"Any of the muscles that support the filigreed structure of the gill basket necessary for filter feeding, through the stabilisation, extension and compression of the gill basket."	
<http://purl.obolibrary.org/obo/XAO_0004390>	"Multi-tissue structure that is the dorsal part of the thalamus and emerges ventral to the caudal portion of the ventral habenular nucleus."	
<http://purl.obolibrary.org/obo/XAO_0005505>	"Head region including the nostrils and surrounding tissue."	
<http://purl.obolibrary.org/obo/XAO_0004204>	"Replacement element; an ossicle; often an endochondral replacement element that has cartilage and bone states that develops in dense regular connective tissue (e.g., tendons and ligaments)."	"UBERON:0013631"
<http://purl.obolibrary.org/obo/XAO_0000467>	"The pancreatic bud that gives rise to the accessory pancreatic duct."	"UBERON:0003923"
<http://purl.obolibrary.org/obo/XAO_0004016>	"Skeletal element that forms as a replacement or substitution of another element or tissue."	"UBERON:0010522"
<http://purl.obolibrary.org/obo/XAO_0004393>	"Type of epithelium in the embryonic epidermis that is mucus-secreting and ciliated."	
<http://purl.obolibrary.org/obo/XAO_0005246>	"Migratory neural crest cell that is part of the trunk neural crest."	
<http://purl.obolibrary.org/obo/XAO_0003208>	"Each of the bones forming the part of the hand between the fingers and the wrist."	"UBERON:0010544"
<http://purl.obolibrary.org/obo/XAO_0004110>	"A cell found in the retina of the eye that is specialized to detect and transduce light."	"CL:0000287"
<http://purl.obolibrary.org/obo/XAO_0005061>	"An epithelial cell that is part of the glomus."	
<http://purl.obolibrary.org/obo/XAO_0003244>	"A cell of the embryo in the early stage following the blastula, characterized by morphogenetic cell movements, cell differentiation, and the formation of the three germ layers."	"CL:0000361"
<http://purl.obolibrary.org/obo/XAO_0005109>	"Blastomere which lies adjacent to the prospective ventral midline, anterior to its sister cell, blastomere V2.1.1, in the third tier of blastomeres. It contributes cells to the epidermis, neural crest, spinal cord, somites, tail, hindgut and proctodeum."	
<http://purl.obolibrary.org/obo/XAO_0003209>	"Either of the paired, long bones of endochondral origin formed by the fusion of the radius and ulna."	"UBERON:0006715"
<http://purl.obolibrary.org/obo/XAO_0004490>	"The apical region of a developing forelimb bud which will form the autopod segment of the forelimb."	
<http://purl.obolibrary.org/obo/XAO_0005426>	"Any of the longitudinal folds in the respiratory diverticulum that fuse to form the tracheoesophageal septum, which separates the esophagus from the trachea."	
<http://purl.obolibrary.org/obo/XAO_0000358>	"Simple squamous epithelium that lines the veins."	"UBERON:0001919"
<http://purl.obolibrary.org/obo/XAO_0004278>	"Paired bone that is part of the shoulder assembly, joining the scapula to the front end of the sternum."	"UBERON:0004743"
<http://purl.obolibrary.org/obo/XAO_0003170>	"Anatomical cluster that consists of the cartilages and bones that surround the brain."	"UBERON:0001703"
<http://purl.obolibrary.org/obo/XAO_0001013>	"Muscle tissue forming the facial muscles, a group of striated muscles innervated by the facial nerves."	"UBERON:0001577"
<http://purl.obolibrary.org/obo/XAO_0004267>	"A multipolar neuron that connects afferent neurons and efferent neurons in neural pathways. They are found within the central nervous system and enteric nervous system."	"CL:0000099"
<http://purl.obolibrary.org/obo/XAO_0003149>	"Cell that arises from the endodermal germ plasm and can be detected by NF stage 28 in the endodermal mass. At NF stages 42-47, PGCs migrate to the two genital ridges, which are the first rudiments of the gonads. By NF stage 50, the PGCs begin to loose their yolky material. In males, starting at NF stage 52, PGCs migrate from the genital ridge cortical region into the medullary tissue, where they will form primary spermatogonia at sexual maturity. In females, the medullary tissue remains free of PGCs; they instead embed in the cortical region and multiply to form primary oogonia, which will mature into ova at sexual maturity."	"CL:0000670"
<http://purl.obolibrary.org/obo/XAO_0005082>	"A special form of chromosome found in growing oocytes, transforming into the lampbrush form because of an active transcription of many genes, and organized into a series of chromomeres with large chromatin loops extended laterally."	
<http://purl.obolibrary.org/obo/XAO_0000110>	"Portion of tissue that consists of the precursors of the pronephric glomus or glomerulus; derived from the medial portion of the pronephric intermediate mesoderm."	"UBERON:0007128"
<http://purl.obolibrary.org/obo/XAO_0005302>	"Posterior region of the developing endoderm."	
<http://purl.obolibrary.org/obo/XAO_0004295>	"Stylopod (the limb segment closest to the body) that is part of a forelimb."	
<http://purl.obolibrary.org/obo/XAO_0000207>	"The dorsal surface of the blastocoel, the cavity of the blastula."	
<http://purl.obolibrary.org/obo/XAO_0004277>	"Median fin skeleton supporting the caudal fin."	
<http://purl.obolibrary.org/obo/XAO_0000316>	"The inner layer of the pericardium that is in contact with the surface of the heart. During cardiac development, it is the source of multipotent mesenchymal cells, which give rise to endothelial and smooth muscle cells in coronary vessels and also, possibly, to cardiomyocytes."	"UBERON:0002348"
<http://purl.obolibrary.org/obo/XAO_0004263>	"Limb segment that is the proximal part of the limb (i.e. the humerus of the forelimb, and the femur of the hindlimb, and surrounding tissues)."	"UBERON:0002472"
<http://purl.obolibrary.org/obo/XAO_0000055>	"A longitudinal flexible rod of cells that in the embryo forms the supporting axis of the body. It degenerates, beginning anteriorly, at NF stage 46. Its posterior portion is greatly reduced by NF stage 55 and the entire structure is gone by NF stage 65."	"UBERON:0002328"
<http://purl.obolibrary.org/obo/XAO_0003009>	"NF stage 8 ectoderm of Xenopus laevis embryos that have been cut and disaggregated. The cells have been treated with activin at a concentration to induce endodermal tissue. Afterwards the reaggregated cells have been cultured until control sibling embryos reach stage 12/13."	
<http://purl.obolibrary.org/obo/XAO_0003002>	"Anatomical group that has as its parts distinct anatomical structures interconnected by anatomical structures at a lower level of granularity."	"UBERON:0000467 CARO:0000011"
<http://purl.obolibrary.org/obo/XAO_0004513>	"The endoderm cells that are fated to become the foregut."	
<http://purl.obolibrary.org/obo/XAO_0004369>	"Cartilaginous element comprising the anterior process of ceratohyal cartilage derived from the hyoid neural crest stream."	
<http://purl.obolibrary.org/obo/XAO_0003188>	"Spatial concept denoting a part of the body that is closer to the center of the body than another part."	
<http://purl.obolibrary.org/obo/XAO_0003235>	"A cell whose primary function is to prevent the transport of stuff across compartments."	"CL:0000215"
<http://purl.obolibrary.org/obo/XAO_0004341>	"The 2nd branchial levator muscle, which contributes to raising the branchial apparatus."	
<http://purl.obolibrary.org/obo/XAO_0005218>	"Anatomical region dorsally located on the body or body part."	
<http://purl.obolibrary.org/obo/XAO_0000007>	"A surface structure consisting of a set of membranes that cover and protect the eye."	"UBERON:0001713"
<http://purl.obolibrary.org/obo/XAO_0003154>	"The complete system of biological structures and processes within the adult organism that protects against disease by identifying and killing pathogens and tumor cells."	
<http://purl.obolibrary.org/obo/XAO_0003030>	"One of the pair of limbs that are situated anteriorly, develop in sacs that separate them from the gill chamber, are well-defined buds by NF stage 48, are innervated by NF stage 51, and are ossified by NF stage 59."	"UBERON:0002102"
<http://purl.obolibrary.org/obo/XAO_0003165>	"Compound organ that contains one or more macroscopic anatomical spaces."	"CARO:0000072 UBERON:0000489"
<http://purl.obolibrary.org/obo/XAO_0000307>	"Anterior segment of the neural tube, which develops into the forebrain and midbrain."	"UBERON:0003080"
<http://purl.obolibrary.org/obo/XAO_0003012>	"Anatomical structure that has as its parts a maximally connected cell compartment surrounded by a plasma membrane."	"CL:0000000 CARO:0000013 GO:0005623"
<http://purl.obolibrary.org/obo/XAO_0005050>	"Cell area that receives signals from the solitary nucleus and transmits signals to the medulla oblongata, spinal cord, amygdala, and hypothalamus."	"UBERON:0007634"
<http://purl.obolibrary.org/obo/XAO_0004571>	"A set of septal nuclei comprising the medial aspect of the forebrain septum."	
<http://purl.obolibrary.org/obo/XAO_0000130>	"A part of the alimentary system and principal organ of digestion, comprising the duodenum and ileum and characterized by longitudinal folds. In the tadpole it is a long simple tube with a single layer of cuboidal epithelial cells."	"UBERON:0002108"
<http://purl.obolibrary.org/obo/XAO_0000344>	"The third in a series paired arterial connections between the dorsal and ventral aortae. Aortic arch 3 lies within the 3rd branchial arch and branches directly from the ventral aorta to the lateral dorsal aorta, and are retained as the branchial arteries providing circulation through the gills in the adult."	"UBERON:0003120"
<http://purl.obolibrary.org/obo/XAO_0004063>	"The unsupported flaps of epidermis-covered, loose connective tissue extending the length of the dorsal tail muscle, originating at or near the tail-body junction, and extending posteriorly to slightly beyond the tip of the notochord and tail musculature."	
<http://purl.obolibrary.org/obo/XAO_0004280>	"Median fin skeleton located on the dorsal surface of the organism."	
<http://purl.obolibrary.org/obo/XAO_0000231>	"A monolayer of follicle cells surrounding the developing oocyte and forming adhesive contacts with the surrounding follicular epithelium."	
<http://purl.obolibrary.org/obo/XAO_0000102>	"First of the pharyngeal (endodermal) evaginations between the visceral arches from which the Eustachian tube is derived; pouches 2-4 open as gill slits."	"UBERON:0007122"
<http://purl.obolibrary.org/obo/XAO_0005212>	"An axis that extends from the point of attachment of a structure (proximal) to the point furthest away from the plane of attachment (distal)."	
<http://purl.obolibrary.org/obo/XAO_0003085>	"Paired cartilaginous component of the lower jaw that fuses together through a median inferior labial cartilage, resulting in a single curved bar of cartilage by metamorphic climax. During metamorphosis it is surrounded by the developing dentale and goniale."	"UBERON:0003107"
<http://purl.obolibrary.org/obo/XAO_1000086>	"The stage of the developing female gamete that corresponds to the establishment of polarization along the animal-vegetal axis of the gamete."	
<http://purl.obolibrary.org/obo/XAO_0000411>	"The 4th somite located posterior to the head."	
<http://purl.obolibrary.org/obo/XAO_0005144>	"That part of the stapes lying within the oval window, formed from the stapes pars interna."	
<http://purl.obolibrary.org/obo/XAO_0005243>	"A transient kidney that functions in embryos of amphibians (and fish) while the mesonephros (which continue to grow into adult kidneys) are developing and before they are fully functional."	
<http://purl.obolibrary.org/obo/XAO_0005038>	"A membrane-bounded organelle of in which chromosomes are housed and replicated. In most cells, it contains all of the cell's chromosomes except the organellar chromosomes, and is the site of RNA synthesis and processing. In some specialized cell types, RNA metabolism or DNA replication may be absent."	"GO:0005634"
<http://purl.obolibrary.org/obo/XAO_0000428>	"A prominent collection of touch-sensory neurons of the trigeminal or fifth cranial nerve, positioned beside the brain between the eye and the ear."	"UBERON:0001675"
<http://purl.obolibrary.org/obo/XAO_0003129>	"Compartment of trunk somite 11 that is a precursor of the axial skeleton."	
<http://purl.obolibrary.org/obo/XAO_0004309>	"Any of the cells that are of neural crest origin, now in place in their postmigratory target tissues, such as the sciatic nerve, dorsal root ganglia, gut or skin. They can be visualised or detected by specific molecular markers."	
<http://purl.obolibrary.org/obo/XAO_0005284>	"The repeating unit of a myofibril in a muscle cell, composed of an array of overlapping thick and thin filaments between two adjacent Z discs."	"GO:0030017"
<http://purl.obolibrary.org/obo/XAO_0004489>	"A cone-shaped hypomorphic structure consisting of a single continuous cartilage, typical of a regenerated forelimb or hindlimb when amputated after a specific developmental stage."	
<http://purl.obolibrary.org/obo/XAO_0005132>	"The terminal process of an astrocyte."	"GO:0097450"
<http://purl.obolibrary.org/obo/XAO_0000351>		
<http://purl.obolibrary.org/obo/XAO_0005150>	"Inferior aspect of the cranial muscle that passes between the otic capsule and the scapula. It originates on the otic capsule just caudal to the oval window."	
<http://purl.obolibrary.org/obo/XAO_0004137>	"Anterior patch of cristae/sensory epithelia cells of the inner ear."	"UBERON:0007274"
<http://purl.obolibrary.org/obo/XAO_0000461>	"Thickened plate of ectoderm that contributes to the formation of the dorsal, middle, or ventral lateral line."	
<http://purl.obolibrary.org/obo/XAO_0004593>	"Part of the globus pallidus consisting of the more medial of the two segments."	"UBERON:0002778"
<http://purl.obolibrary.org/obo/XAO_0000233>	"A zone found in the cytoplasm of the egg cells that contains determinants that will give rise to the primordial germ cells. As the zygote undergoes mitotic divisions the germ plasm is ultimately restricted to a few cells of the embryo."	
<http://purl.obolibrary.org/obo/XAO_0000082>	"Embryonic structure that develops around the closed blastopore."	
<http://purl.obolibrary.org/obo/XAO_1000036>	"Nieuwkoop and Faber stage 20, corresponding to an embryo of age 21 hr 45 min at 22-24 Celsius and having the following external morphological criteria: Neural folds fused, suture still present. The two eye anlagen showing through dumb-bell-shaped, eyes hardly protruding. Beginning of stretching of embryos. Lateral outline flat. Length: 1.7 - 1.8 mm."	
<http://purl.obolibrary.org/obo/XAO_0003011>	"A layer of cells produced during the process of gastrulation during the early development of the embryo, which is distinct from other such layers of cells, as an early step of cell differentiation. The types of germ layers are the endoderm, ectoderm, and mesoderm."	"UBERON:0000923"
<http://purl.obolibrary.org/obo/XAO_0003110>	"Compartment of trunk somite 3 that is a precursor of muscle."	
<http://purl.obolibrary.org/obo/XAO_0000083>	"Dorsal mesoderm that has grown and curled inward during gastrulation."	
<http://purl.obolibrary.org/obo/XAO_0005264>	"Part of the tail located on the dorsal side of the organism."	
<http://purl.obolibrary.org/obo/XAO_0004467>	"Cell component comprising the outer layers of the zygote."	
<http://purl.obolibrary.org/obo/XAO_0000185>	"A membrane in the eye, responsible for controlling the amount of light reaching the retina."	"UBERON:0001769"
<http://purl.obolibrary.org/obo/XAO_0005057>	"A structure in the brain consisting of a band of fibers running along the lateral margin of the ventricular surface of the thalamus. Serving as a major output pathway of the amygdala, it runs from its centromedial division to the ventral medial nucleus of the hypothalamus."	"UBERON:0003029"
<http://purl.obolibrary.org/obo/XAO_0005018>	"A neuron of the spinal cord."	
<http://purl.obolibrary.org/obo/XAO_0004560>	"Region of spinal cord white matter that is both ventral to the dorsal root and dorsal to the ventral root."	"UBERON:0002179"
<http://purl.obolibrary.org/obo/XAO_0000331>	"Structure that is equivalent to the convoluted proximal tubule of metanephric nephrons."	
<http://purl.obolibrary.org/obo/XAO_0005191>	"An unpaired bone in the skull that separates the nasal cavity from the brain. It is located at the roof of the nose, between the two orbits."	"UBERON:0001679"
<http://purl.obolibrary.org/obo/XAO_0004234>	"Multi-tissue structure through which the blood exits the heart. It is a chamber that functions as a capacitor, maintaining continuous blood flow into the gill arches."	
<http://purl.obolibrary.org/obo/XAO_0005071>	"A gland that is part of the skin."	"UBERON:0002419"
<http://purl.obolibrary.org/obo/XAO_0004421>	"Claw located at the end of the 5th hindlimb digit."	
<http://purl.obolibrary.org/obo/XAO_0000262>	"A small cell formed by the meiotic division of an oocyte."	
<http://purl.obolibrary.org/obo/XAO_0000258>	"Either of paired female reproductive organs involved in production of ova and female sex hormones."	"UBERON:0000992"
<http://purl.obolibrary.org/obo/XAO_0000158>	"Anatomical system that consists of the glands and parts of glands that produce endocrine secretions and help to integrate and control bodily metabolic activity."	"UBERON:0000949"
<http://purl.obolibrary.org/obo/XAO_0004293>	"Contractile ring formed at the division plane of the oocyte during first cleavage."	
<http://purl.obolibrary.org/obo/XAO_0000366>	"One of the major arteries of the head, it is the cranial continuation of the aortic arches and the dorsal aorta. It curves ventrally before resuming a dorsal course as it enters the head proper, and it lies ventral to the internal jugular vein. The internal carotid artery gives off palatine, ophthalmic, and cerebral branches by NF stage 41."	"UBERON:0001532"
<http://purl.obolibrary.org/obo/XAO_0004270>	"Any of a field of cells in the posterior section of the foregut that will give rise to the liver bud and dorsal and ventral pancreatic buds."	
<http://purl.obolibrary.org/obo/XAO_0004316>	"Anatomical region between digits, the most distal parts of a limb."	
<http://purl.obolibrary.org/obo/XAO_0004140>	"A portion of either the left ventricle or right ventricle of the heart through which blood passes in order to enter the great arteries. The right ventricular outflow tract (RVOT) is an infundibular extension of the ventricular cavity which connects to the pulmonary artery. The left ventricular outflow tract (LVOT), which connects to the aorta, is nearly indistinguishable from the rest of the ventricle."	"UBERON:0005337"
<http://purl.obolibrary.org/obo/XAO_0000460>	"Lateral line complex that radiates on the ventral side of the head from a point between the eye and the base of the larval tentacle."	
<http://purl.obolibrary.org/obo/XAO_0003116>	"Compartment of trunk somite 4 that is a precursor of the axial skeleton."	
<http://purl.obolibrary.org/obo/XAO_0004179>	"The minor (right) branch of the dorsal longitudinal anastomosing vessel (dlav); the right branch disappears during NF stage 44."	
<http://purl.obolibrary.org/obo/XAO_0005232>	"One of the two types of proton-secreteing cells (PSC) in amphibian skin, which play an important role in ion transport, alpha-PSCs are characterised by expression of slc4a1 (ae1) and localization of H+v-ATPases at the apical plasma membrane."	
<http://purl.obolibrary.org/obo/XAO_0003205>	"Polymorphic cell type that forms cartilage."	"CL:0000138"
<http://purl.obolibrary.org/obo/XAO_0003246>	"A cell whose function is determined by the generation or the reception of an electric signal."	"CL:0000211"
<http://purl.obolibrary.org/obo/XAO_0004469>	"A small tissue element in the form of a beam, strut, or rod that generally has a mechanical function and is usually composed of dense cartilaginous tissue."	
<http://purl.obolibrary.org/obo/XAO_0005501>	"A tube extending from the mouth to the cloacal sphincter."	"UBERON:0001555"
<http://purl.obolibrary.org/obo/XAO_0003006>	"Gonochoristic organism that can produce male gametes."	"CARO:0000027 UBERON:0003101"
<http://purl.obolibrary.org/obo/XAO_0005009>	"Array of microtubules and associated molecules that forms between opposite poles of a cell during mitosis or meiosis and serves to move the duplicated chromosomes apart."	"GO:0005819"
<http://purl.obolibrary.org/obo/XAO_0000443>	"A lateral line that is present on the trunk of the organism."	
<http://purl.obolibrary.org/obo/XAO_0004028>	"Cartilage tissue intermediate between hyaline cartilage and dense connective tissue; contains of abundant collagen fibers; chondrocytes often arranged in columns."	"UBERON:0001995"
<http://purl.obolibrary.org/obo/XAO_0004037>	"Avascular GAG-rich matrix that is not mineralized."	
<http://purl.obolibrary.org/obo/XAO_0004340>	"The 1st branchial levator muscle, which contributes to raising the branchial apparatus."	
<http://purl.obolibrary.org/obo/XAO_0001018>	"The protrusion of mesenchymal tissue of the anterior cardinal vein which forms lymph sacs."	
<http://purl.obolibrary.org/obo/XAO_0004172>	"Vein that is formed from and drains into the left omphalomesentric vein, and by NF stage 40, it is on the left side of the gut. It moves to the most ventral aspect of the gut during stage 41, and is on the right side of the gut by stage 43."	"UBERON:0011944"
<http://purl.obolibrary.org/obo/XAO_0004322>	"Any of the muscles that are part of the head."	
<http://purl.obolibrary.org/obo/XAO_0005240>	"Tissue of the lens that is re-growing after damage or amputation."	
<http://purl.obolibrary.org/obo/XAO_0005004>	"Epithelium that covers the small and large intestine in the adult frog."	
<http://purl.obolibrary.org/obo/XAO_0000072>	"Marginal zone that is a key embryonic tissue region of the early gastrula stage embryo and that houses the Spemann-Mangold organizer."	"UBERON:0003062"
<http://purl.obolibrary.org/obo/XAO_0000459>	"Lateral line situated along the posterior and ventral margin of the eye."	"UBERON:0003094"
<http://purl.obolibrary.org/obo/XAO_0004139>	"The portion of the heart through which blood flows into the pulmocutaneous and systemic arteries. It is derived from cardiac precusor cells of the secondary heart field, and septation is incomplete."	"UBERON:0004145"
<http://purl.obolibrary.org/obo/XAO_0005112>	"Blastomere that is any of blastomeres D2.1 and D2.2 and their children cells after division, D2.1.1, D2.1.2, D2.2.1 and D2.2.2, on the left and right sides of embryo."	
<http://purl.obolibrary.org/obo/XAO_0000128>	"An expanded region of the alimentary tract that is situated between the esophagus and the beginning of the duodenum and produces gastric juices involved in the breakdown of food."	"UBERON:0000945"
<http://purl.obolibrary.org/obo/XAO_0000273>	"Organ comprising the specialized structures subserving the function of the sense of smell."	"UBERON:0002268"
<http://purl.obolibrary.org/obo/XAO_0004618>	"The region of presomitic mesoderm that lays immediately adjacent and posterior to the last formed somite."	
<http://purl.obolibrary.org/obo/XAO_0004070>	"Multi-tissue structure that is part of the diencephalon ventral to the thalamus consisting of connecting fibers and is a center for control of the autonomous nervous system."	"UBERON:0001898"
<http://purl.obolibrary.org/obo/XAO_0003143>	"Any of the somites that form posterior to the trunk and are resorbed at metamorphosis."	"UBERON:0009621"
<http://purl.obolibrary.org/obo/XAO_0003215>	"The layer within the retina where the photoreceptor cell receptor segments reside."	"UBERON:0001787"
<http://purl.obolibrary.org/obo/XAO_0000016>	"The part of the brain that is the morphological boundary between the midbrain and hindbrain and that is the location of an organizing center which patterns the midbrain and hindbrain primordia of the neural plate."	"UBERON:0003052"
<http://purl.obolibrary.org/obo/XAO_0005306>	"Anterior region of the developing endomesoderm."	
<http://purl.obolibrary.org/obo/XAO_0004356>	"Thin, narrow muscle placed near the anterior margin of the floor of the orbit."	
<http://purl.obolibrary.org/obo/XAO_0005317>	"A prolongation or process extending from a nerve cell."	
<http://purl.obolibrary.org/obo/XAO_0006024>	"A cell of hematopoietic origin, typically resident in particular tissues, specialized in the uptake, processing, and transport of antigens to lymph nodes for the purpose of stimulating an immune response via T cell activation."	"CL:0000451"
<http://purl.obolibrary.org/obo/XAO_0003065>	"The anterior limb bud that develops into the fore limb; oval shaped in dorsal aspect by NF stage 50, and paddle shaped by NF stage 53; all four fingers and melanophores apparent by NF stage 54."	"UBERON:0005417"
<http://purl.obolibrary.org/obo/XAO_0003264>	"A slender, contractile, mesenchymal-like cell found in close association with capillary walls. They are relatively undifferentiated and may become fibroblasts, macrophages, or smooth muscle cells."	"CL:0000669"
<http://purl.obolibrary.org/obo/XAO_0005187>	"The posterior lobe of the pituitary gland (hypophysis). It is largely a collection of axonal projections from the hypothalamus that terminate behind the anterior pituitary, and serve as a site for the secretion of neurohypophysial hormones (oxytocin and vasopressin) directly into the blood. It is not glandular as is the anterior pituitary."	"UBERON:0002198"
<http://purl.obolibrary.org/obo/XAO_1000003>	"Embryonic stage during which the solid morula acquires an internal cavity, comprising Nieuwkoop and Faber stages 7 to 9."	"UBERON:0000108"
<http://purl.obolibrary.org/obo/XAO_0000114>	"Any of the tubular branching vessels that carry blood from the heart through the body."	"UBERON:0001637"
<http://purl.obolibrary.org/obo/XAO_0000106>	"Tissue that is a temporary extension of the embryonic gut caudal to the cloaca."	
<http://purl.obolibrary.org/obo/XAO_0004411>	"Portion of tissue that migrates and deposits immature neuromasts and interneuromasts."	
<http://purl.obolibrary.org/obo/XAO_0000426>	"Cranial nerve that supplies the nasal organ. It leaves the olfactory lobe, passes through the fenestra olfactoria into the nasal capsule, and there divides into the ramus profundus and ramus dorsalis."	"UBERON:0001579"
<http://purl.obolibrary.org/obo/XAO_0005069>	"A hindlimb muscle that is used in locomotion and which contains a population of slow or tonic fibers, as well as twitch fibers."	
<http://purl.obolibrary.org/obo/XAO_0004106>	"A portion of forelimb tissue that is re-growing after damage or amputation."	
<http://purl.obolibrary.org/obo/XAO_0003091>	"Somatic efferent nerve that runs to the superior oblique muscle of the eye."	"UBERON:0001644"
<http://purl.obolibrary.org/obo/XAO_0004600>	"The 5th segment of the developing forebrain."	
<http://purl.obolibrary.org/obo/XAO_0004511>	"The endoderm cells that are fated to become the hindgut."	
<http://purl.obolibrary.org/obo/XAO_0004486>	"Anatomical structure that has as its direct parts two or more types of tissue and is continuous with one or more anatomical structures likewise constituted by two or more portions of tissues distinct from those of their complement."	"UBERON:0000064"
<http://purl.obolibrary.org/obo/XAO_0004438>	"The presumptive cells of the levator arcuum branchialium II muscles."	
<http://purl.obolibrary.org/obo/XAO_0004081>	"The 3rd segment of the developing hindbrain, between rhombomeres r2 and r4, which along with r2 is dorsal to branchial arch 1."	"UBERON:0005507"
<http://purl.obolibrary.org/obo/XAO_0005202>	"An axis that extends through an organism from head end to opposite end of body or tail."	
<http://purl.obolibrary.org/obo/XAO_0000091>	"The endoderm of the head."	
<http://purl.obolibrary.org/obo/XAO_0003048>	"A mature female germ cell that is capable of initiating formation of a new individual by fusion with a male gamete."	"CL:0000025"
<http://purl.obolibrary.org/obo/XAO_0005120>	"The irregular network of unit membranes, visible only by electron microscopy, that occurs in the cytoplasm of many eukaryotic cells. The membranes form a complex meshwork of tubular channels, which are often expanded into slitlike cavities called cisternae. The ER takes two forms, rough (or granular), with ribosomes adhering to the outer surface, and smooth (with no ribosomes attached)."	"GO:0005783"
<http://purl.obolibrary.org/obo/XAO_0004602>	"One of the system of communicating cavities in the brain that are continuous with the central canal of the spinal cord, that are lined with an epithelial ependyma, and that contain cerebral-spinal fluid. The system comprises four ventricles, the right and left lateral ventricles (one for each hemisphere), third ventricle, and fourth ventricle."	"UBERON:0004086"
<http://purl.obolibrary.org/obo/XAO_0004566>	"Nucleus within the brainstem that is the principal site for brain synthesis of norepinephrine."	"UBERON:0002148"
<http://purl.obolibrary.org/obo/XAO_0004473>	"Embryonic structure that is induced by the organizer to become lateral mesoderm."	"UBERON:2000083"
<http://purl.obolibrary.org/obo/XAO_0004253>	"One of three major veins that enter the sinus venosus."	
<http://purl.obolibrary.org/obo/XAO_0004193>	"Skeletal element that is often isolated, small, and variable in composition."	"UBERON:0010911"
<http://purl.obolibrary.org/obo/XAO_0004530>	"The forebrain region that coordinates sensory signaling arising from the vomeronasal organ; it is located on the dorsal-posterior portion of the main olfactory bulb, and the axons that leave the accessory olfactory bulb project to targets in the amygdala and hypothalamus."	"UBERON:0004069"
<http://purl.obolibrary.org/obo/XAO_0005094>	"Blastomere which lies adjacent to the prospective ventral midline of the vegetal hemisphere at the 16-cell stage."	
<http://purl.obolibrary.org/obo/XAO_0005320>	"A multi-tissue structure consisting of bone and soft tissue that forms a part of the roof of the oral cavity."	"UBERON:0007375"
<http://purl.obolibrary.org/obo/XAO_0000125>	"Anatomical system that has as its parts the organs devoted to the ingestion, digestion, and assimilation of food and the discharge of residual wastes."	"UBERON:0001007"
<http://purl.obolibrary.org/obo/XAO_0006030>	"A large hematopoietic cell (50 to 100 microns) with a lobed nucleus. Once mature, it undergoes multiple rounds of endomitosis and cytoplasmic restructuring to allow platelet formation and release."	"CL:0000556"
<http://purl.obolibrary.org/obo/XAO_0003093>	"Cranial nerve that runs to the eye muscles."	"UBERON:0001646"
<http://purl.obolibrary.org/obo/XAO_1000077>	"Nieuwkoop and Faber stage 65, corresponding to a tadpole of age about 54 days at 22-24 Celsius and having the following external morphological criteria: Borderlines between adult skin areas partly disappeared. Tail oblong triangular in dorsal aspect, length abouth one tenth of body length."	
<http://purl.obolibrary.org/obo/XAO_0005045>	"Dorsal endoderm that is adjacent to the notochord."	
<http://purl.obolibrary.org/obo/XAO_1000068>	"Nieuwkoop and Faber stage 56, corresponding to a tadpole of age about 38 days at 22-24 Celsius and having the following external morphological criteria: Elbow and wrist clearly indicated; length of free parts of fingers 3 to 4 times their breadth. Length of cartilages of 4th and 5th toe about 6 times their breadth. Length: 70 - 100 mm."	
<http://purl.obolibrary.org/obo/XAO_0004484>	"Cell that is present in the progenitor cell region of the retinal ciliary marginal zone."	
<http://purl.obolibrary.org/obo/XAO_0004075>	"Primary blood vessel sprouts that originate from the aorta and grow dorsally between the somites."	
<http://purl.obolibrary.org/obo/XAO_0000023>	"The organ covering the body that consists of the dermis and epidermis."	"UBERON:0002097"
<http://purl.obolibrary.org/obo/XAO_0004119>	"A female gamete that is at the fully grown stage."	
<http://purl.obolibrary.org/obo/XAO_0000379>	"One of the bilateral pairs of vessels clearly seen on the ventral surface of the head, running between the heart and the tip of the jaw, and draining the filter apparatus. This vein is more developed by NF stage 45, when it crosses the head dorsolaterally to drain into the Duct of Cuvier and pronephric sinus."	"UBERON:0001101"
<http://purl.obolibrary.org/obo/XAO_0003096>	"Cranial nerve that branches into the ramus communicans (to the skin), the pretrematic (to the walls of the pharynx and mouth, viscero-sensory fibers), and the larval post-trematic branch (lost in the adult)."	"UBERON:0001649"
<http://purl.obolibrary.org/obo/XAO_0005062>	"An embryonic progenitor cell type that comprises a population that provides the epicardium, the majority of the cardiac interstitium, the coronary vasculature, and possibly some cardiomyocytes."	
<http://purl.obolibrary.org/obo/XAO_0000303>	"Spatial concept pertaining to the part of the body opposite the back and away from the midline."	
<http://purl.obolibrary.org/obo/XAO_0004607>	"Either of the two brain ventricles that are bilateral (left and right, one for each hemisphere)."	
<http://purl.obolibrary.org/obo/XAO_0003028>	"Organism subdivision that is the collection of anatomical structures on the body surface."	"UBERON:0003102"
<http://purl.obolibrary.org/obo/XAO_0004408>	"Mesenchyme that occupies the anterior proximal region of a limb bud."	
<http://purl.obolibrary.org/obo/XAO_0003051>	"Region located near the pronephros and pronephric ducts that is a site of hematopoiesis in the embryo."	"UBERON:0003105"
<http://purl.obolibrary.org/obo/XAO_0004321>	"Lymphatic vessel located in the posterior dorsal region of the trunk."	
<http://purl.obolibrary.org/obo/XAO_0003228>	"Type of trunk muscle that lies ventral to the horizontal septum of the vertebrae and is innervated by the ventral ramus of the spinal nerves. The arise from migratory somitic cells along the lower margin of the trunk somites."	"UBERON:0008777"
<http://purl.obolibrary.org/obo/XAO_0000278>	"When the marginal zone mesoderm undergoes involution, where the marginal zone contacts the vegetal base."	
<http://purl.obolibrary.org/obo/XAO_0004196>	"Odontoid tissue that is deposited by cementoblasts onto dentine tissue and functions to attach teeth, odontodes and other odontogenic derivatives to bone tissue and the integument."	"UBERON:0001753"
<http://purl.obolibrary.org/obo/XAO_0004331>	"Muscle that is part a complex that arises from the skull roof and acts to elevate or close the lower jaw. It originates from the ventral bend of the anlage of processus muscularis palatoquadrati. It runs ventrally near the levator mandibulae longus supeficialis and inserts anterior of it at Meckel's cartilage."	
<http://purl.obolibrary.org/obo/XAO_0004352>	"Muscle in the orbit that inserts on the anterior side of the eye and the function of which is adduction of the eyeball."	
<http://purl.obolibrary.org/obo/XAO_0000448>	"A swelling from the 3rd visceral arch at NF stage 35 and 36, which co-occurs with a depression between the 3rd and 6th, forming the external gills by NF stage 39."	"UBERON:0008894"
<http://purl.obolibrary.org/obo/XAO_0005287>	"The presumptive cells of the jaw muscle."	
<http://purl.obolibrary.org/obo/XAO_0005015>	"The long process of a neuron that conducts nerve impulses, usually away from the cell body to the terminals and varicosities, which are sites of storage and release of neurotransmitter."	"GO:0030424"
<http://purl.obolibrary.org/obo/XAO_0000101>	"An out-pocket of thickened ventral foregut epithelium adjacent to the developing heart. Its anterior portion gives rise to the liver and intrahepatic biliary tree, while the posterior portion forms the gall bladder, hepato-pancreatic duct, hepato-pancreatic progenitor cells and the bile duct."	"UBERON:0008835"
<http://purl.obolibrary.org/obo/XAO_0000089>	"Ventral part of the blastopore lip, which forms as a result of the contraction of bottle cells."	
<http://purl.obolibrary.org/obo/XAO_0004091>	"The portion of the embryonic ectoderm, including the preplacodal ectoderm, that does not give rise to nervous tissue."	"UBERON:0005497"
<http://purl.obolibrary.org/obo/XAO_0005129>	"The section of the stomach comprising the cardia, fundus, and stomach body."	
<http://purl.obolibrary.org/obo/XAO_0003184>	"Skeletal and cartilaginous elements of the fourth branchial or pharyngeal arch."	
<http://purl.obolibrary.org/obo/XAO_0004351>	"Type of muscle that attaches to the larynx."	
<http://purl.obolibrary.org/obo/XAO_0003035>	"Any of the 5 digits that are the most distal parts of a hindlimb, each digit consisting of a single metatarsal, 2-4 phalanges, and a claw."	"UBERON:0001466"
<http://purl.obolibrary.org/obo/XAO_0004567>	"A nucleus situated in the preoptic area that contains large neurosecretory neurons."	"UBERON:2000248"
<http://purl.obolibrary.org/obo/XAO_0000085>	"Mesoderm layer between somite and lateral plate. All components of the pronephric kidney arise from this."	"UBERON:0003064"
<http://purl.obolibrary.org/obo/XAO_0005051>	"Hypothalamic region that with the mammillary nuclei forms the mammillary complex."	
<http://purl.obolibrary.org/obo/XAO_0005077>	"Multinucleate cell formed by later myoblasts that cling by pseudopodia pushed into the surfaces of existing myotubes, and that instead of fusing with the myotube fuse with each other."	
<http://purl.obolibrary.org/obo/XAO_0000175>	"Involuntary muscle tissue consisting of uninucleate spindle-shaped fibers. Found within the walls of blood vessels, the alimentary tract, bladder, and reproductive tract."	"UBERON:0001135"
<http://purl.obolibrary.org/obo/XAO_0004275>	"Ossicle that is part of the axial skeleton."	"UBERON:0011142"
<http://purl.obolibrary.org/obo/XAO_0005285>	"Any microtubule that is part of a mitotic or meiotic spindle; anchored at one spindle pole."	"GO:0005876"
<http://purl.obolibrary.org/obo/XAO_0000009>	"Sensory membrane that lines the posterior chamber of the eye and functions as the immediate instrument of vision by receiving the image formed by the lens and converting it into chemical and nervous signals which reach the brain by way of the optic nerve."	"UBERON:0000966"
<http://purl.obolibrary.org/obo/XAO_0005296>	"A cell junction at which anchoring proteins (cadherins or integrins) extend through the plasma membrane and are attached to actin filaments."	"GO:0005912"
<http://purl.obolibrary.org/obo/XAO_0006003>	"The portion of a cell bearing surface projections such as axons, dendrites, cilia, or flagella that includes the nucleus, but excludes all cell projections."	"GO:0044297"
<http://purl.obolibrary.org/obo/XAO_0000171>	"Anatomical cluster that consists of two or more adjacent bones or cartilages, which may be interconnected by various types of tissue."	"UBERON:0000982"
<http://purl.obolibrary.org/obo/XAO_0004162>	"Type of artery that carries blood from the heart to the lungs. They are the only arteries that carry deoxygenated blood. Develops from aortic arch 6."	"UBERON:0002012"
<http://purl.obolibrary.org/obo/XAO_0004385>	"Cartilaginous element that comprises the network-like cartilaginous skeleton of the gill region."	
<http://purl.obolibrary.org/obo/XAO_0000127>	"Tube that connects the pharynx to the stomach. At NF stage 57 it is a straight tube, round in cross section, and starting from the pharynx runs backward along the dorsal side of the abdominal cavity. Its lining consists of a columnar glandular epithelium with mucus secreting cells. It is thrown into longitudinal folds."	"UBERON:0001043"
<http://purl.obolibrary.org/obo/XAO_0000155>	"Anatomical system comprising the organs of the male reproductive system."	"UBERON:0000079"
<http://purl.obolibrary.org/obo/XAO_0005098>	"Blastomere which lies lateral to blastomere D1.1.1 and is in the first tier of blastomeres. It contributes to a variety of tissues and organs, including the cement gland, head epidermis, olfactory epithelium, lens, cranial ganglia, otic vesicle, epidermis, tail fin, neural crest, retina, hindbrain, spinal cord, pharyngeal arches, caudal notochord and hindgut."	
<http://purl.obolibrary.org/obo/XAO_0001101>	"One of two pancreatic primordia that give rise to a ventral pancreatic bud."	"UBERON:0003921"
<http://purl.obolibrary.org/obo/XAO_0005099>	"Blastomere which lies lateral to blastomere D1.1.2, posterior to its sister cell, blastomere D1.2.1, in the second tier of blastomeres. It contributes to a variety of tissues and organs including fin, epidermis, cement gland, olfactory epithelium, neural crest, lens, cranial ganglia, retina, brain, notochord, somites, pronephric kidney, lateral plate mesoderm, pharynx, foregut, hindgut and archenteron roof."	
<http://purl.obolibrary.org/obo/XAO_0004212>	"The central of the three epibranchial placodes, associated with the 2nd pharyngeal cleft and contributing to the distal ganglia of cranial nerve IX (glossopharyngeal nerve)."	"UBERON:0009125"
<http://purl.obolibrary.org/obo/XAO_0004429>	"The presumptive cells of the levator mandibulae externus muscle."	
<http://purl.obolibrary.org/obo/XAO_0003088>	"Any of the coiled tubules located in the testes in which spermatozoa are produced."	"UBERON:0001343"
<http://purl.obolibrary.org/obo/XAO_0004111>	"One of the two photoreceptor cell types in the retina. In cones the photopigment is in invaginations of the cell membrane of the outer segment. Cones are less sensitive to light than rods, but they provide vision with higher spatial and temporal acuity, and the combination of signals from cones with different pigments allows color vision."	"CL:0000573"
<http://purl.obolibrary.org/obo/XAO_0003077>	"The vertebra anterior to the sacral vetebra."	"UBERON:0004451"
<http://purl.obolibrary.org/obo/XAO_0000280>	"Anatomical region that is the lower, light-colored hemisphere of the egg, as its cells contain large amounts of dense yolk proteins. The Xenopus egg is divided into two roughly equal halves: the animal and vegetal hemispheres."	"UBERON:0012285"
<http://purl.obolibrary.org/obo/XAO_0005206>	"An anatomical region that is the entire part of an anatomical structure anterior to a transverse plane and bounded on one side by the same transverse plane."	
<http://purl.obolibrary.org/obo/XAO_1000094>	"Xenopus developmental stage that is one of the 66 standard chronological embryonic and tadpole stages originally described by Nieuwkoop and Faber in the Normal Table of Xenopus laevis (Daudin)."	
<http://purl.obolibrary.org/obo/XAO_0004156>	"Vein internal to the eye."	"UBERON:0006011"
<http://purl.obolibrary.org/obo/XAO_0004088>	"The apical region of the animal hemisphere."	
<http://purl.obolibrary.org/obo/XAO_0004164>	"Type of vein that sprouts from the posterior cardinal vein, growing dorsally between the somites, and then joining, and draining the dorsal longitudinal anastomosing vessel."	
<http://purl.obolibrary.org/obo/XAO_0004266>	"The 8th and most posterior segment of the developing hindbrain."	
<http://purl.obolibrary.org/obo/XAO_0003202>	"Epithelium lining the pharynx, consisting largely of simple columnar epithelium."	"UBERON:0003351"
<http://purl.obolibrary.org/obo/XAO_0003016>	"An undifferentiated cell produced by early cleavages of the fertilized egg (zygote)."	"CL:0000353"
<http://purl.obolibrary.org/obo/XAO_0000330>	"Transient developmental organ that gives rise to oviducts in females (and is documented to persist in some male frogs)."	"UBERON:0003890"
<http://purl.obolibrary.org/obo/XAO_0004288>	"Skeletal element that forms around the notochord and is part of the vertebral column."	"UBERON:0010913"
<http://purl.obolibrary.org/obo/XAO_0004006>	"Epithelium that consists of more than one layer of epithelial cells."	"CARO:0000069 UBERON:0000486"
<http://purl.obolibrary.org/obo/XAO_0003033>	"Surface structure that provides one of the small external openings of the head that give passage to air for breathing."	"UBERON:0005928"
<http://purl.obolibrary.org/obo/XAO_0005276>		
<http://purl.obolibrary.org/obo/XAO_0000412>	"The 5th somite located posterior to the head."	
<http://purl.obolibrary.org/obo/XAO_0000104>	"Posterior subdivision of the digestive tract. The posterior part of the alimentary canal, including the large intestine and cloaca."	"UBERON:0001046"
<http://purl.obolibrary.org/obo/XAO_0005037>	"Any of the hematopoietic stem cell derived phagocytic cells that are first observed in the ventral blood island at NF stages 17-18 and at stage 20 begin to migrate over the whole embryo between the epidermis and the mesoderm, completing their migration by stage 25."	
<http://purl.obolibrary.org/obo/XAO_0004062>	"The fin at the posterior part of the body of the tadpole."	
<http://purl.obolibrary.org/obo/XAO_0000168>	"Anatomical system that provides locomotion and physical support to the organism."	"UBERON:0002204"
<http://purl.obolibrary.org/obo/XAO_0005307>	"Posterior region of the developing endomesoderm."	
<http://purl.obolibrary.org/obo/XAO_0000410>	"The 3rd somite located posterior to the head."	
<http://purl.obolibrary.org/obo/XAO_0000429>	"Any of the major paired nerves of the head or cephalic region. Twelve pairs of cranial nerves exit/enter the cranium through openings in the skull. The nerves contain efferent axons with motor and glandular functions, as well as afferent axons from cranial ganglia with sensory functions. They are numbered in a rostral to caudal sequence, with the exception of the lateral line nerves."	"UBERON:0001785"
<http://purl.obolibrary.org/obo/XAO_0004487>	"Organ part consisting of the rounded end of a long bone (at its joint with adjacent bone), which in Xenopus are the tibia-fibula and femur of the hindlimb, and the radio-ulna and humerus of the forelimb."	
<http://purl.obolibrary.org/obo/XAO_0006011>	"The subcellular component of iridophores with give these pigment cells their iridescent qualities."	"GO:0043698"
<http://purl.obolibrary.org/obo/XAO_0005146>	"Entrance to the inner ear in the lateral wall of the otic capsule, which contains the footplate of the stapes."	"UBERON:0002501"
<http://purl.obolibrary.org/obo/XAO_0005305>	"Ventral region of early embryonic endomesoderm."	
<http://purl.obolibrary.org/obo/XAO_0003178>	"Skeletal subdivision comprising the dorsal skeletal elements of the hyoid arch."	"UBERON:0011152"
<http://purl.obolibrary.org/obo/XAO_0005277>		
<http://purl.obolibrary.org/obo/XAO_0005224>	"Anatomical region that overlaps the posterior and ventral regions of a body or body part."	
<http://purl.obolibrary.org/obo/XAO_0004377>	"Cartilaginous element comprising the posterior process of ceratohyal cartilage derived from the hyoid neural crest stream."	
<http://purl.obolibrary.org/obo/XAO_0005105>	"Blastomere which lies adjacent to the prospective ventral midline, posterior to its sister cell, blastomere V1.1.1, in the second tier of blastomeres. It contributes to trunk epidermis and neural crest cells, Rohon-Beard neurons, somites, the pronephric kidney, lateral plate mesoderm, tail fin mesenchyme, hindgut and proctodeum."	
<http://purl.obolibrary.org/obo/XAO_0000032>	"An anterior thickening of the sensorial layer of ectoderm, just above the cement gland. The hypophyseal layer separates from the stomodeal layer at NF stage 29 and 30, and when contacted by a protrusion of the foregut, the stomodeal layer will rupture to form the mouth opening at NF stage 39 and 40."	
<http://purl.obolibrary.org/obo/XAO_1000013>	"Nieuwkoop and Faber stage 3, corresponding to an embryo of age 2 hr at 22-24 Celsius and having the following external morphological criteria: Advanced four-cell stage. Second cleavage groove has reached vegetal pole. In animal view dorsal blastomeres usually smaller than ventral ones; the latter darker than the former. Length: 1.4 - 1.5 mm."	"UBERON:0007233"
<http://purl.obolibrary.org/obo/XAO_0003076>	"The first vertebra, which arises from the trunk somites 1 and 2."	"UBERON:0002413"
<http://purl.obolibrary.org/obo/XAO_0000327>	"Transient splenic primordia that degenerates by NF stage 40."	
<http://purl.obolibrary.org/obo/XAO_0004357>	"Muscle in the upper, medial side of the orbit whose primary action is downward, lateral rotation of the eye."	
<http://purl.obolibrary.org/obo/XAO_0004349>	"Muscle that consists of dorsal and ventral parts that arise from medial raphe and insert on the arytenoid cartilages."	
<http://purl.obolibrary.org/obo/XAO_0003098>	"A dorsally projecting part of the brain concerned especially with the coordination of muscles and the maintenance of bodily equilibrium, situated between the brain stem and the back of the cerebrum."	"UBERON:0002037"
<http://purl.obolibrary.org/obo/XAO_0004007>	"Epithelium that consists of a single layer of epithelial cells."	"UBERON:0000490 CARO:0000073"
<http://purl.obolibrary.org/obo/XAO_0004262>	"Lymphatic vessel located in the posterior ventral region of the trunk, ventral to the posterior cardinal vein."	
<http://purl.obolibrary.org/obo/XAO_1000035>	"Nieuwkoop and Faber stage 19, corresponding to an embryo of age 20 hr 45 min at 22-24 Celsius and having the following external morphological criteria: Initial neural tube stage. Neural folds touching each other, except for inconstant openings at anterior and posterior end and behind nucal region. Considerable lateral extension of brain. Lateral outline of embryo still convex. Length: 1.5 - 1.6 mm."	
<http://purl.obolibrary.org/obo/XAO_0004220>	"Lateral line placode that gives rise to the anteroventral lateral line nerve."	
<http://purl.obolibrary.org/obo/XAO_0000196>	"A major structure of the inner ear, ventral to the utriculus. Two small pouches extend from it: the papilla basilaris, and the papilla amphibiorum. The sacculus functions in the detection of sound."	"UBERON:0001854"
<http://purl.obolibrary.org/obo/XAO_0000292>	"The structure that is the basic functional unit of the adult or mesonephric kidney, consisting of the vascular loop of the glomerulus, the capsule, the nephrocoel, the nephric duct, the nephrostome and the nephric tubule."	"UBERON:0005322"
<http://purl.obolibrary.org/obo/XAO_0005177>	"The blastomere of the future right-ventral portion of the embryo at the 4-cell stage."	
<http://purl.obolibrary.org/obo/XAO_0000165>	"Situated along the perimeter of the adrenal gland, the adrenal cortex mediates the stress response through the production of mineralocorticoids and glucocorticoids, including aldosterone and cortisol respectively. It is also a secondary site of androgen synthesis. The perimeter region of the adrenal gland, the site of steroid synthesis."	"UBERON:0001235"
<http://purl.obolibrary.org/obo/XAO_0000220>	"Somitic compartment that is a precursor of dermis, the cells of which become arranged in a single layer that blankets the myotome, possibly continuously (unsegmented) across somites."	"UBERON:0004016"
<http://purl.obolibrary.org/obo/XAO_0005278>		
<http://purl.obolibrary.org/obo/XAO_1000006>	"Embryonic stage during which the future nervous system appears as a thickened plate in dorsal ectoderm, the plate then rolling up at its sides to form a tube; comprising Nieuwkoop and Faber stages 13 to 21."	"UBERON:0000110"
<http://purl.obolibrary.org/obo/XAO_0005114>	"Blastomere that is any of blastomeres V2.1 and V2.2 and their children cells after division, V2.1.1, V2.1.2, V2.2.1 and V2.2.2, on the left and right sides of embryo."	
<http://purl.obolibrary.org/obo/XAO_0000439>	"The structure that enables tadpoles, which are suspension feeders, to trap food particles. The palatoquadrate, ceratohyal and the connecting muscles are responsible for the irrigation and ventilation of the filter apparatus."	
<http://purl.obolibrary.org/obo/XAO_0003189>	"Spatial concept denoting a part of the body that is farther away from the center of the body than another part."	
<http://purl.obolibrary.org/obo/XAO_0003267>	"Either of the pair of structures lying on either side of the dorsal aorta in which fluid balance is regulated and waste is excreted out in the form of urine. Amphibians (and fish) have a early kidney, the pronephros/pronephric kidney, which consitsts of a single nephron attached to a pronephric duct, which in turn is linked to the cloaca. The pronephros functions as primary filtration system for the embryo while the mesonephric kidney develops. The pronephros starts to degenerate at NF stage 53. The mesonephros starts to form at NF stage 39 and contuinues to grow into the adult kidney."	"UBERON:0002113"
<http://purl.obolibrary.org/obo/XAO_0005311>	"The contractile element of skeletal and cardiac muscle; a long, highly organized bundle of actin, myosin, and other proteins that contracts by a sliding filament mechanism."	"GO:0030016"
<http://purl.obolibrary.org/obo/XAO_0000372>	"The leftmost of the two lymph hearts, pulsatile organs that are present in lower vertebrates and function to propel lymph into the venous system. Two bilaterally symmetrical lymph hearts can be seen adjacent to the somites 3 and 4 by NF stage 40, and can be seen beating by NF stage 43."	
<http://purl.obolibrary.org/obo/XAO_0004173>	"The major artery of the midbrain, which crosses the midbrain medially to meet its partner the mesencephalic vein."	"UBERON:0001634"
<http://purl.obolibrary.org/obo/XAO_0004060>	"A regenerating tissue composed of a proliferative mass of undifferentiated progenitor cells from which new differentiated structures arise."	"UBERON:0005306"
<http://purl.obolibrary.org/obo/XAO_0004241>	"A vein of the hind limb, first visible in the developing hind limb bud at c. NF stage 50 when it enters the ventral commissural vessel."	
<http://purl.obolibrary.org/obo/XAO_0004109>	"A portion of eye tissue that is re-growing after damage or amputation."	
<http://purl.obolibrary.org/obo/XAO_0005081>	"A gelatinous layer that surrounds the oocyte and releases chemoattractants that activate and guide sperm to the oocyte."	
<http://purl.obolibrary.org/obo/XAO_0003225>	"The plexiform layer of the retina positioned between the inner nuclear layer and the ganglion cell layer and containing the dendrites of retinal ganglion cells and processes of bipolar and amacrine cells."	"UBERON:0001795"
<http://purl.obolibrary.org/obo/XAO_0004516>	"The upper surface of the vegetal yolk mass which forms the floor for the blastocoel (cavity) of the early gastrula embryo."	
<http://purl.obolibrary.org/obo/XAO_0005279>		
<http://purl.obolibrary.org/obo/XAO_0004551>	"Cytoarchitectural part of the olfactory bulb, lying superior to the mitral cell layer and inferior to the glomerular layer. The EPL is mostly neuropil composed almost entirely of mitral and tulfted cell dendrites and granule cell dendrites and their synaptic inputs."	"UBERON:0005376"
<http://purl.obolibrary.org/obo/XAO_0004493>	"The presumptive cells of the pelvic girdle."	
<http://purl.obolibrary.org/obo/XAO_0005102>	"Blastomere which lies lateral to blastomere D2.1.1 in the fourth tier of blastomeres. It contributes cells to the cranial ganglia, neural crest, spinal cord, fin epidermis, branchial mesoderm, heart, somites, pharynx, foregut, liver, and hindgut."	
<http://purl.obolibrary.org/obo/XAO_0005192>	"Anatomical cluster comprising the most anterior region of the braincase and providing structural support for the peripheral olfactory organ."	"UBERON:0011241"
<http://purl.obolibrary.org/obo/XAO_0000341>	"One of a series of six paired embryological vascular structures that give rise to several major arteries."	"UBERON:0004363"
<http://purl.obolibrary.org/obo/XAO_1000040>	"Nieuwkoop and Faber stage 24, corresponding to an embryo of age 1 day, 2 hr 15 min at 22-24 Celsius and having the following external morphological criteria: Eyes protruding less far laterally than gill-area. Gill-area more prominent than jaw-area, gill-area not yet grooved. Ventral outline of embryo nicked. Tail bud discernible. Initial motor reactions to external stimulation. Length: 2.5 - 2.7 mm."	
<http://purl.obolibrary.org/obo/XAO_0004394>	"The presumptive cells of the hatching gland, present by the end of gastrulation."	
<http://purl.obolibrary.org/obo/XAO_0004514>	"The anterior part of the optic tectum."	
<http://purl.obolibrary.org/obo/XAO_0000401>	"Sclerotome cells of the cartilage fate."	
<http://purl.obolibrary.org/obo/XAO_0005097>	"Blastomere which lies adjacent to the prospective dorsal midline, posterior to its sister cell, blastomere D1.1.1, in the second tier of blastomeres. It contributes cells to a variety of tissues and organs, including the stomodeum, retina, epidermis, lens, cranial ganglia, epibranchial placodes, neural crest, brain, spinal cord, gut, liver, pharynx, somites, and archenteron roof."	
<http://purl.obolibrary.org/obo/XAO_0004391>	"The nucleus of the trochlear nerve (cranial nerve IV)."	
<http://purl.obolibrary.org/obo/XAO_0004528>	"The 16th somite located posterior to the head. This somite is resorbed at metamorphosis."	
<http://purl.obolibrary.org/obo/XAO_0004307>	"Mesoderm that will give rise, along with cranial neural crest cells, to connective tissue, bone and musculature in the head."	
<http://purl.obolibrary.org/obo/XAO_0004259>	"A distinct elevation of a transient proliferating cell mass of the subventricular zone; this mass contributes most of its cells to the neocortex; however, hippocampal neurons, thalamus, septum and olfactory bulb neurons are also partly derived from the MGE."	"UBERON:0004024"
<http://purl.obolibrary.org/obo/XAO_0004201>	"Skeletal tissue that is avascular tubular mineralized matrix, primarily made of dentine that is deposited by odontoblasts that are excluded from the matrix; develops from pre-dentine tissue."	
<http://purl.obolibrary.org/obo/XAO_0000462>	"The dorsal-most part of the sensory system on the surface of the tadpole consisting of small sensory patches (neuromasts) distributed in discrete lines over the body surface. The lateral line system is stimulated by local water displacements and vibrations, and detects propulsion of the tadpole through the water, as well as facilitating schooling, prey capture, and predator and obstacle avoidance."	"UBERON:0003095"
<http://purl.obolibrary.org/obo/XAO_0003247>	"A cell of an endocrine gland, ductless glands that secrete substances which are released directly into the circulation and which influence metabolism and other body functions."	"CL:0000163"
<http://purl.obolibrary.org/obo/XAO_0005043>	"An elongated, spindle-shaped cell that is located between the basal lamina and the plasmalemma of a muscle fiber. These cells are mostly quiescent, but upon activation they divide to produce cells that generate new muscle fibers."	"CL:0000594"
<http://purl.obolibrary.org/obo/XAO_0003155>	"An achromatic cell of the myeloid or lymphoid lineages capable of ameboid movement, which are found in blood or other tissues and trigger specific immune responses in adaptive immunity."	"CL:0000542"
<http://purl.obolibrary.org/obo/XAO_0000069>	"Embryonic tissue region that will make the ventral mesoderm."	
<http://purl.obolibrary.org/obo/XAO_0004200>	"Chondroid tissue that is not mineralized."	
<http://purl.obolibrary.org/obo/XAO_0000154>	"The organ that collects urine excreted by the kidneys before disposal by urination."	"UBERON:0001255"
<http://purl.obolibrary.org/obo/XAO_0004264>	"Limb segment that is the middle part of the limb (i.e. the radio-ulna of the forelimb, and the tarsus and tibia-fibula of the hindlimb, and surrounding tissues)."	"UBERON:0002471"
<http://purl.obolibrary.org/obo/XAO_0004303>	"Multi-tissue structure that is the dorsal part of the diencephalon and the major sensory input to which is visual."	
<http://purl.obolibrary.org/obo/XAO_0004285>	"Appendage that is one of the posterior paired appendages (i.e. the hindlimbs)."	
<http://purl.obolibrary.org/obo/XAO_0004025>	"Skeletal subdivision that undergoes direct development and includes elements that either develop in association with the basement membrane of the ectoderm or are homologous with such elements; includes dermatocranium, components of the appendicular skeleton, teeth and tooth-like elements of the oropharynx, and integumentary elements."	"UBERON:0010364"
<http://purl.obolibrary.org/obo/XAO_0000014>	"Middle part of the brain composed of the optic tectum and penducular region."	"UBERON:0001891"
<http://purl.obolibrary.org/obo/XAO_0003239>	"A cell that moves among different tissues of the body, via blood, lymph, or other medium."	"CL:0000080"
<http://purl.obolibrary.org/obo/XAO_0000282>	"Pharyngeal (endodermal) evaginations between the visceral arches from which the Eustachian tube is derived; pouches 2-4 open as gill slits."	"UBERON:0004117"
<http://purl.obolibrary.org/obo/XAO_0005137>	"A ciliated cell that has a single cilium."	
<http://purl.obolibrary.org/obo/XAO_0004478>	"The most posterior digit of a forelimb, consisting of a single metatarsal, 3 phalanges, and a claw."	
<http://purl.obolibrary.org/obo/XAO_1000026>	"Nieuwkoop and Faber stage 16, corresponding to an embryo of age 18 hr 15 min at 22-24 Celsius and having the following external morphological criteria: Mid neural fold stage. Anterior part of neural plate rectangular; darkly pigmented eye anlagen present; neural plate sharply constricted in the middle. Inner ridges on neural folds forming angle of about 90 degrees with neural plate in rhombencephalic region. Length: 1.5 - 1.6 mm."	
<http://purl.obolibrary.org/obo/XAO_0004238>	"A cartilaginous element that is the primordium or commencement of a femur."	
<http://purl.obolibrary.org/obo/XAO_0000064>	"A myogenic muscular organ found in the cardiovascular system. It is responsible for pumping blood throughout the blood vessels by repeated, rhythmic contractions. It is composed of cardiac muscle, which is an involuntary striated muscle tissue found only in this organ, and connective tissue. It is ultimately composed of three chambers (two atria and one ventricle), occupying a ventral position within the chest of the mature tadpole/frog."	"UBERON:0000948"
<http://purl.obolibrary.org/obo/XAO_0000025>	"The second most anterior of the migrating cranial neural crests streams, it lays between the mandibular and anterior branchial crest streams."	"UBERON:0007099"
<http://purl.obolibrary.org/obo/XAO_0005504>	"Structure comprising the tissues that surround the organs that are present within the abdominal cavity. The abdominal wall tissue is composed of layers of fat, parietal peritoneum, fascia, and muscles."	
<http://purl.obolibrary.org/obo/XAO_0000131>	"A short, wide tube that is part of the alimentary system and comprises the colon and rectum and empties into the cloaca. It lacks longitudinal folds characteristic of the small intestine. It absorbs water and salts from the gut lumen."	"UBERON:0000059"
<http://purl.obolibrary.org/obo/XAO_0004221>	"Lateral line placode that gives rise to the anterior lateral line nerve."	
<http://purl.obolibrary.org/obo/XAO_0000455>	"Hollow tree organ, the organ parts of which consist of the bile ducts."	"UBERON:0001173"
<http://purl.obolibrary.org/obo/XAO_0000188>	"Cranial nerve that is continuous with the layer of nerve cells on the inner surface of the eye. It exits the neurocranium via the large optic foramen and is covered by a fibrous connective tissue sheath. It transmits visual information from the retina to the brain."	"UBERON:0000941"
<http://purl.obolibrary.org/obo/XAO_1000020>	"Nieuwkoop and Faber stage 10, corresponding to an embryo of age 9 hr at 22-24 Celsius and having the following external morphological criteria: Initial gastrula stage. First indication of blastopore only by pigment concentration. No formation of groove. Length: 1.4 - 1.5 mm."	
<http://purl.obolibrary.org/obo/XAO_0003199>	"Part of the circulatory system that consists of a series of vessels that collect blood (exclusive of erythrocytes) which seeps through capillary walls and return it to the veins. The lymphatic system of vasculature drains lymph fluid from the tissue spaces of most organs and returns it to the blood vasculature for recirculation. The lymphatic sytem functions in immune responses. Anurans generate a lot of lymphatic fluid, largely as a consequence of their very leaky vasculature and high interstitial compliance. Lymph is ultimately pumped into the venous system by paired, dorsally located lymph hearts. Hedrick et al (2007) showed that lung inflation and deflation assists lymph movement. Lymph is moved during lung deflation to the subvertebral sac from anterior and posterior lymph sacs. During lung inflation, increased lymph sac pressure moves lymph to axillary regions, where lymph hearts can return lymph to the vascular space."	"UBERON:0002465"
<http://purl.obolibrary.org/obo/XAO_0004127>	"Muscle that pulls the hyoid apparatus forward and depresses the lower jaw."	"UBERON:0011151"
<http://purl.obolibrary.org/obo/XAO_0005042>	"The posterior of the two vertically oriented semicircular canals, which are situated at right angles to each other."	"UBERON:0001842"
<http://purl.obolibrary.org/obo/XAO_0006048>	"A major cell type which expresses cytokeratin type II, seen in the olfactory epithelium. The typical morphology has an apical cell soma (cell body) position and thin processes connecting to the basal lamina of the main olfcatory epithelium."	
<http://purl.obolibrary.org/obo/XAO_0000471>	"A cell type that is derived from the neural crest and gives pigmentation to skin cells. Their predominantly red-yellow hue depends on the pattern of fat-soluble carotenoids (obtained from the diet) and pteridines (synthesized from the cell). They are rarely found in pre-metamorphic larvae."	"CL:0000430"
<http://purl.obolibrary.org/obo/XAO_0003261>	"A non-ciliated columnar cell that extends from the epithelial free margin to the basement membrane of the olfactory epithelium."	"CL:0000853"
<http://purl.obolibrary.org/obo/XAO_0004315>	"A cell of the perichondrium, the fibrous membrane of connective tissue covering the surface of cartilage."	
<http://purl.obolibrary.org/obo/XAO_0004012>	"Organ entity that is typically involved in mechanical support and may have different skeletal tissue compositions at different stages."	"UBERON:0004765"
<http://purl.obolibrary.org/obo/XAO_0003171>	"An anatomical cluster that is part of the cranium and structurally supports the eye."	"UBERON:0001697"
<http://purl.obolibrary.org/obo/XAO_0005128>	"The posterior part of the foregut."	
<http://purl.obolibrary.org/obo/XAO_0006045>	"A type of granulocyte responsible for inflammatory reactions during immune response."	"CL:0000767"
<http://purl.obolibrary.org/obo/XAO_0004147>	"One of two veins that run upward at first in front, and subsequently on either side of the intestinal canal. They unite on the ventral aspect of the canal, and beyond this are connected to one another by two anastomotic branches, one on the dorsal, and the other on the ventral aspect of the duodenal portion of the intestine, which is thus encircled by two venous rings; into the middle or dorsal anastomosis the superior mesenteric vein opens. The portions of the veins above the upper ring become interrupted by the developing liver and broken up by it into a plexus of small capillary-like vessels termed sinusoids."	"UBERON:0005487"
<http://purl.obolibrary.org/obo/XAO_0003103>	"Anatomical structure consisting of a small, pointed keratinized appendage at the end of each of the three inner toes of the hindlimbs."	"UBERON:0001705"
<http://purl.obolibrary.org/obo/XAO_0005107>	"Blastomere which lies lateral to blastomere V1.1.2, posterior to its sister cell, blastomere V1.2.1, in the second tier of blastomeres. It contributes to the epidermis, fins, cranial ganglia, otic vesicle, central nervous system, neural crest, and somites, with occasional cells in the pharyngeal mesoderm, head mesenchyme, hindgut, and proctodeum."	
<http://purl.obolibrary.org/obo/XAO_0004223>	"Lateral line placode that gives rise to the posterior lateral line nerve."	
<http://purl.obolibrary.org/obo/XAO_0004039>	"Skeletal tissue that is mineralized."	
<http://purl.obolibrary.org/obo/XAO_0000279>	"Unpigmented, larger blastomere of the vegetal (lower) hemisphere of the cleaving embryo."	
<http://purl.obolibrary.org/obo/XAO_0004614>	"The bundle of microtubules and associated proteins that forms the core of cilia and is responsible for their movements."	"GO:0005930"
<http://purl.obolibrary.org/obo/XAO_0006054>	"The larger, laterally projecting, lobe-like cluster of glomeruli within the glomerular layer of the ofactory bulb."	
<http://purl.obolibrary.org/obo/XAO_0004507>	"Skeletogenic cell that secretes osteoid, is capable of producing mineralized matrix, is located adjacent to or within osteoid tissue, and arises from the transformation of a preosteoblast cell."	"CL:0000062"
<http://purl.obolibrary.org/obo/XAO_0003037>	"Anatomical structure that has as its parts two or more portions of tissue of at least two different types and which through specific morphogenetic processes forms a single distinct structural unit demarcated by bona-fide boundaries from other distinct structural units of different types."	"CARO:0000055 UBERON:0000481"
<http://purl.obolibrary.org/obo/XAO_0003130>	"Compartment of trunk somite 11 that is a precursor of muscle."	
<http://purl.obolibrary.org/obo/XAO_0003095>	"Cranial nerve that runs to the ear. It has two branches, the cochlear nerve and the vestibular nerve, which receives positional information."	"UBERON:0001648"
<http://purl.obolibrary.org/obo/XAO_0001019>	"Inward fold on the surface of the embryonic ectoderm that develops into the common cloacal passage. The most posterior section of the larval alimentary system."	"UBERON:0000931"
<http://purl.obolibrary.org/obo/XAO_0003147>	"A mature male germ cell that develops from a spermatid."	"CL:0000019"
<http://purl.obolibrary.org/obo/XAO_0005056>	"The dorsal region of the alar hypothalamus."	
<http://purl.obolibrary.org/obo/XAO_0005165>	"A type of cell that is found in the pancreatic islets of the pancreas and secretes insulin."	"CL:0000169"
<http://purl.obolibrary.org/obo/XAO_1000017>	"Nieuwkoop and Faber stage 7 (64-cell stage), corresponding to an embryo of age 4 hr at 22-24 Celsius and having the following external morphological criteria: Large-cell blastula stage. In animal view about 10 micromeres along meridian. Length: 1.4 - 1.5 mm."	
<http://purl.obolibrary.org/obo/XAO_0000020>	"Long, thin, tubular structure made up of nervous tissue that extends from the brainstem to the lumbar region of the vertebral column, and from which the spinal nerves emerge."	"UBERON:0002240"
<http://purl.obolibrary.org/obo/XAO_1000022>	"Nieuwkoop and Faber stage 12, corresponding to an embryo of age 13 hr 15 min at 22-24 Celsius and having the following external morphological criteria: Medium yolk plug stage. Yolk plug circular; diameter somewhat less than one fourth of diameter of egg (plus or minus 25 degrees). More and less pigmented fields radiating from yolk plug. Length: 1.4 - 1.5 mm."	
<http://purl.obolibrary.org/obo/XAO_0004215>	"Nerve that leads to the muscles of the tongue (mm geniohyoideus, genioglossus, hyoglossus, and rectus cervicis) and has both sensory and motor functions."	"UBERON:0001650"
<http://purl.obolibrary.org/obo/XAO_0004032>	"A layer consisting mainly of proteins (especially collagen) and glycosaminoglycans (mostly as proteoglycans) that forms a sheet underlying or overlying cells such as endothelial and epithelial cells. The proteins are secreted by cells in the vicinity."	
<http://purl.obolibrary.org/obo/XAO_0005145>	"The section of the stomach which lies between the cardia and the stomach body, and contains the fundic glands."	"UBERON:0001160"
<http://purl.obolibrary.org/obo/XAO_0005012>	"A multisubunit complex that is located at the centromeric region of DNA and provides an attachment point for the spindle microtubules."	"GO:0000776"
<http://purl.obolibrary.org/obo/XAO_0004074>	"Anatomical region between somites."	
<http://purl.obolibrary.org/obo/XAO_0004626>	"Blood vessel that is part of the ventral fin."	
<http://purl.obolibrary.org/obo/XAO_0000263>	"A germ cell that is a primordial oocyte in a female and that develops into secondary oogonia by mitotic division."	
<http://purl.obolibrary.org/obo/XAO_0005151>	"A long, strap-like muscle that originates mainly from the parotic crest, passes over the stapes and ultimately inserts on the ventral surface of the larynx."	
<http://purl.obolibrary.org/obo/XAO_0004061>	"Fin margin which is part of the dorsal fin."	
<http://purl.obolibrary.org/obo/XAO_0003152>	"Anatomical system that protects the body from foreign substances, cells, and tissues by producing the immune response and that includes especially the thymus, spleen, lymphoid tissue, lymphocytes including the B cells and T cells, and antibodies."	"UBERON:0002405"
<http://purl.obolibrary.org/obo/XAO_0005286>	"Any of the spindle microtubules that radiate in all directions from the spindle poles and are thought to contribute to the forces that separate the poles and position them in relation to the rest of the cell."	"GO:0000235"
<http://purl.obolibrary.org/obo/XAO_0004005>	"Anatomical structure that is contiguous with the embryo and comprises portions of tissue or cells that will not contribute to the embryo."	"CARO:0000042 UBERON:0000478"
<http://purl.obolibrary.org/obo/XAO_0004397>	"A layer of epidermal cells that initially covers the surface of an amputation site. Fibroblasts from the surrounding connective tissue migrate across the amputation surface to meet at the center of the wound. These fibroblasts multiply to form a blastema, which are the progenitors for the new limb."	
<http://purl.obolibrary.org/obo/XAO_0004542>	"A nucleus comprising the central aspect of the amygdala, identified as a target for ascending auditory information from the central thalamic nucleus and as a major afferent to the vocal pattern generator of the hindbrain."	"UBERON:0002883"
<http://purl.obolibrary.org/obo/XAO_0004175>	"The main artery of the olfactory region which arises from the cerebral artery at NF stage 41."	
<http://purl.obolibrary.org/obo/XAO_0004562>	"Diencephalic nucleus that is the lateral part of the ventral hypothalamic zone."	"UBERON:0001937"
<http://purl.obolibrary.org/obo/XAO_0000295>	"The portion of endoderm between dorsal and ventral blastopore lips, and extending towards to the blastocoel."	
<http://purl.obolibrary.org/obo/XAO_0000370>	"The artery that supplies the network of blood vessels (the mesentry) to the large intestine."	"UBERON:0005616"
<http://purl.obolibrary.org/obo/XAO_0000243>	"The last portion of the digestive system, it extracts water and salt from solid wastes before they are eliminated from the body."	"UBERON:0001155"
<http://purl.obolibrary.org/obo/XAO_0005180>	"Cell type that gives rise to multiciliated cells."	
<http://purl.obolibrary.org/obo/XAO_0004041>	"Hyaline cartilage tissue that is mineralized."	
<http://purl.obolibrary.org/obo/XAO_0004094>	"Epithelium that borders the anterior and equitorial region of the lens. Lens growth occurs via the differentiation of additional fibre cells from lens epithelial cells."	"UBERON:0001803"
<http://purl.obolibrary.org/obo/XAO_0004033>	"Proteinaceous extracellular matrix that is avascular and consists primarily of glycosaminoglycans."	
<http://purl.obolibrary.org/obo/XAO_0000086>	"The region at the periphery of the retina where retinal stem cells are located. It is spatially ordered with respect to cellular development and differentiation, with the youngest and least-determined stem cells closest to the periphery, the proliferative retinoblasts in the middle, and postmitotic cells at the central edge."	"UBERON:0003065"
<http://purl.obolibrary.org/obo/XAO_0004045>	"Cell condensation that is a well-defined population of densely organized mesenchymal cells that aggregates adjacent to an epithelium."	"UBERON:0001763"
<http://purl.obolibrary.org/obo/XAO_0000217>	"A layer of skin between the epidermis (with which it makes up the skin) and subcutaneous tissues, composed of two layers, the papillary and reticular dermis."	"UBERON:0002067"
<http://purl.obolibrary.org/obo/XAO_0004597>	"A metameric segment of the central nervous system."	"UBERON:0004731"
<http://purl.obolibrary.org/obo/XAO_0005118>	"The cytoplasm of the oocyte."	
<http://purl.obolibrary.org/obo/XAO_0004450>	"The presumptive cells of the rectus posterior muscle."	
<http://purl.obolibrary.org/obo/XAO_0004380>	"Cartilaginous element that comprises a crescent-shaped plate that supports the tentacular cartilage in the upper jaw."	
<http://purl.obolibrary.org/obo/XAO_0000176>	"The set of organs forming the outermost layer of the body, comprising the skin and its appendages."	"UBERON:0002416"
<http://purl.obolibrary.org/obo/XAO_1000007>	"Embryonic stage during which neurulation is completed and tail formation begins, visible by an emerging tail primordium; comprising Nieuwkoop and Faber stages 22 to 44 (feeding), including the beginning of hatching (NF stage 35/36)."	"UBERON:0009741"
<http://purl.obolibrary.org/obo/XAO_0004444>	"The presumptive cells of the geniohyoideus muscle."	
<http://purl.obolibrary.org/obo/XAO_0004169>	"The dorsal branch/remnant of the vena capitis medialis, that drains blood from the eye. Together with the opthalmic artery, form a double ring encircling the eye and retina."	"UBERON:0011191"
<http://purl.obolibrary.org/obo/XAO_0005281>	"Anatomical region that overlaps the dorsal and lateral regions of a body or body part."	
<http://purl.obolibrary.org/obo/XAO_0006035>	"A giioblast cell that develops from a migratory neural crest cell. It is embedded among neurons (axons) with minimal extracellular spaces separating them from nerve cell membranes and has no basal lamina."	"CL:0002375"
<http://purl.obolibrary.org/obo/XAO_0004281>	"Fin that is an unpaired fin located in the sagittal plane of the organism."	
<http://purl.obolibrary.org/obo/XAO_0000162>	"A two-lobed endocrine gland, located next to the trachea, and producing various hormones, such as triiodothyronine and calcitonin."	"UBERON:0002046"
<http://purl.obolibrary.org/obo/XAO_0005029>	"Layer of the optic tectum that mainly consists of ascending sensory axons and tectal dendrites."	"UBERON:0002606"
<http://purl.obolibrary.org/obo/XAO_0004379>	"Cartilaginous element that forms at the posteroventral tip of Meckel's cartilage."	
<http://purl.obolibrary.org/obo/XAO_0005268>	"A cell type that produces platelets and coagulating factors that react to bleeding from blood vessel injury by clumping, thereby initiating a blood clot; and that, in adults, develop from hematopoietic stem cells."	
<http://purl.obolibrary.org/obo/XAO_0000211>	"Either of the pair of ganglionated longitudinal cords of the sympathetic nervous system of which one is situated on each side of the spinal column."	"UBERON:0000407"
<http://purl.obolibrary.org/obo/XAO_0004224>	"Type of epithelium that facilitates the transcellular transport of solutes. This transport can either be absorption, transport from lumen (apical membrane surface) to blood; or secretion, transport from blood (basolateral membrane surface) to lumen."	
<http://purl.obolibrary.org/obo/XAO_0004363>	"Cartilaginous element comprising the rostral connection of the palatoquadrate cartilage to the neurocranium."	
<http://purl.obolibrary.org/obo/XAO_0000364>	"The posterior extension of the dorsal aorta to the tail region, which degenerates at metamorphosis."	"UBERON:0003086"
<http://purl.obolibrary.org/obo/XAO_1000066>	"Nieuwkoop and Faber stage 54, corresponding to a tadpole of age about 26 days at 22-24 Celsius and having the following external morphological criteria: All four fingers indicated; edge of hand slightly scalloped between fingers; melanophores appearing on forelimb. Length of hindlimb without foot nearly twice its breadth; all five toes indicated, the second only very slightly. Length: 58 - 65 mm."	
<http://purl.obolibrary.org/obo/XAO_0003206>	"Cell type that is a component of the glomus."	"CL:0000653"
<http://purl.obolibrary.org/obo/XAO_0005270>		
<http://purl.obolibrary.org/obo/XAO_0004284>	"Appendage that is one of the anterior paired appendages (i.e. the forelimbs)."	
<http://purl.obolibrary.org/obo/XAO_0004376>	"Cartilaginous element comprising the muscular process, a flattened triangular process that is the site of attachment for the orbitohyoideus and suspensoriohyoideus muscles."	
<http://purl.obolibrary.org/obo/XAO_1000025>	"Nieuwkoop and Faber stage 15, corresponding to an embryo of age 17 hr 30 min at 22-24 Celsius and having the following external morphological criteria: Early neural fold stage. Presumptive cement gland faintly circumscribed. Anterior part of neural plate roundish. Neural folds distinct, except medio-rostrally; initial formation of sharp inner ridges on neural folds in rhombencephalic region. Length: 1.5 - 1.6 mm."	
<http://purl.obolibrary.org/obo/XAO_1000090>	"Metamorphosing tadpole stage during which toe differentiation and rapid hindlimb growth continue, comprising Nieuwkoop and Faber stages 55 to 57."	
<http://purl.obolibrary.org/obo/XAO_0004372>	"Rod-shaped paired cartilages located on either side of the notochord and involved in the formation of the base of the chondrochranium."	"UBERON:0009635"
<http://purl.obolibrary.org/obo/XAO_0004248>	"Artery that supplies the anterior wall of the abdomen."	
<http://purl.obolibrary.org/obo/XAO_0005154>	"The membrane surrounding a cell that separates the cell from its external environment. It consists of a phospholipid bilayer and associated proteins."	"GO:0005886"
<http://purl.obolibrary.org/obo/XAO_0004504>	"The outer layer of the periosteum, containing acellular connective tissue and fibroblasts."	
<http://purl.obolibrary.org/obo/XAO_0005271>		
<http://purl.obolibrary.org/obo/XAO_0000031>	"Cell type that has motile cilia and populates the skin of the embryo, arranged in the surface layer of the non-neural ectoderm in an ordered distribution."	"CL:0007018"
<http://purl.obolibrary.org/obo/XAO_0000202>	"Anatomical region that is pigmented (dark brown) and tends to have the uppermost orientation, as it contains the blastocoel and cells that contain only small amounts of yolk. The Xenopus egg is divided into two roughly equal halves: the animal and vegetal hemispheres."	"UBERON:0012284"
<http://purl.obolibrary.org/obo/XAO_0000287>	"Portion of the pronephric tubule that is immediately posterior to the late proximal tubule and anterior to the late distal segment."	"UBERON:0006337"
<http://purl.obolibrary.org/obo/XAO_0005117>	"A characteristic, electrondense germ plasm organelle encapsulating the cytoplasmic face of the nuclear envelope of the cells destined to the germline fate."	
<http://purl.obolibrary.org/obo/XAO_0000049>	"The thickening of the epithelial layer of the ectoderm, with corresponding dark pigmentation, on the anterior dorso-ventral surface of the embryo."	
<http://purl.obolibrary.org/obo/XAO_0005006>	"Spatial concept pertaining to being located on or directed toward the side of the body to the east when facing north."	
<http://purl.obolibrary.org/obo/XAO_0000203>		
<http://purl.obolibrary.org/obo/XAO_0004601>	"The 6th segment of the developing forebrain."	
<http://purl.obolibrary.org/obo/XAO_0004375>	"Cartilaginous element that is posterior to the cornua trabeculae."	
<http://purl.obolibrary.org/obo/XAO_0004370>	"Cartilaginous element comprising the articular process that forms the jaw joint with the posterior end of Meckel's cartilage."	
<http://purl.obolibrary.org/obo/XAO_0004611>	"The lateral ventricle that is located in the right hemisphere of the brain."	
<http://purl.obolibrary.org/obo/XAO_0005272>		
<http://purl.obolibrary.org/obo/XAO_0000214>	"Any of the three tiny bones of the inner ear (columella or stapes, the sacculus and the utriculus) suspended in the otic capsule."	"UBERON:0001686"
<http://purl.obolibrary.org/obo/XAO_0000355>	"The fourth in a series of paired arterial connections between the dorsal and ventral aortae, it lies within the 4th branchial arch. The paired aortic arch 4 arteries branch directly from the ventral aorta to the lateral dorsal aorta, and are retained as the branchial arteries providing circulation through the gills in the adult."	"UBERON:0003121"
<http://purl.obolibrary.org/obo/XAO_0003042>	"An anatomical structure that exists only before the organism is fully formed."	"UBERON:0002050"
<http://purl.obolibrary.org/obo/XAO_0005220>	"Anatomical region medially located on the body or body part."	
<http://purl.obolibrary.org/obo/XAO_0003053>	"A rectangle of dorsal mesendoderm and ectoderm from an early-gastrula-stage Xenopus laevis embryo. It is approximately 60 deg to 90 deg wide, extending from the bottle cells to the animal pole."	
<http://purl.obolibrary.org/obo/XAO_0004208>	"The small pre-placodal ectoderm area that develops at the midline of the anterior neural ridge, abutting the anterior neural plate, and invaginates to form Rathke's pouch, which in turn forms the anterior lobe of the pituitary gland and gives rise to the endocrine secretory cells of the pituitary."	"UBERON:0009122"
<http://purl.obolibrary.org/obo/XAO_0000464>	"Ventrally located lateral line that runs over the abdomen."	
<http://purl.obolibrary.org/obo/XAO_0006056>	"The smaller of two lobe-like clusters of glomeruli within the glomerular layer of the ofactory bulb."	
<http://purl.obolibrary.org/obo/XAO_0005274>		
<http://purl.obolibrary.org/obo/XAO_0003061>	"The collection of all skeletal elements in a free forelimb region."	"UBERON:0001440"
<http://purl.obolibrary.org/obo/XAO_0005273>		
<http://purl.obolibrary.org/obo/XAO_0000108>	"The anterior limit of the neurenteric canal, which connects the post-anal gut with the central canal of the spinal chord. It is formed from a population of cells derived from the dorsal lip of the late gastrula, and has been shown to be important in tail development."	"UBERON:0007097"
<http://purl.obolibrary.org/obo/XAO_0003256>	"A type of epithelial cell, found in the epidermis and digestive system, whose function is to secrete mucin, which dissolves in water to form protective mucus."	"CL:0000319"
<http://purl.obolibrary.org/obo/XAO_0004020>	"Anatomical structure that is a natural outgrowth, projection, or appendage. A process can be part of a bone, cartilage, tissue, or fin."	"UBERON:0004529"
<http://purl.obolibrary.org/obo/XAO_0004133>	"Posterior patch of cristae/sensory epithelia cells of the inner ear."	"UBERON:0007275"
<http://purl.obolibrary.org/obo/XAO_0000081>	"The region from which the hindlimb develops, first recognizable as a slight concentration of mesenchymal cells dorsal and lateral to the anal tube at NF stage 43. The epidermal layers thicken dramatically through to NF stage 48, and become vascularised by NF stage 49."	
<http://purl.obolibrary.org/obo/XAO_0000386>	"Vein formed from fusion of the posterior cardinal veins and that extends caudally."	
<http://purl.obolibrary.org/obo/XAO_0003230>	"Muscle that is located posterior to the head and anterior to the tail and consists of epaxial and hypaxial muscle."	"UBERON:0001774"
<http://purl.obolibrary.org/obo/XAO_0000010>	"Organ that is the center of the nervous system. It is located in the head, protected by the skull and close to the primary sensory apparatus of vision, hearing, balance, taste, and smell. It appears when the neural tube segregates in forebrain, midbrain, and hindbrain at NF stage 22. The general pattern of the brain has been mainly established at NF stage 28. Yolky material is consumed and the fibre tracts and later the commissures develop. In general all of its parts are well developed at NF stage 53 and later development consists mainly of growth and some further cytological differentiation. In the period of metamorphosis only topographical changes take place."	"UBERON:0000955"
<http://purl.obolibrary.org/obo/XAO_0006055>	"The medially projecting, lobe-like cluster of glomeruli within the glomerular layer of the ofactory bulb."	
<http://purl.obolibrary.org/obo/XAO_0000201>		
<http://purl.obolibrary.org/obo/XAO_0005275>		
<http://purl.obolibrary.org/obo/XAO_0003025>	"Organism subdivision that is the part of the body posterior to the head and anterior to the tail."	"UBERON:0002100"
<http://purl.obolibrary.org/obo/XAO_0005227>	"Tissue that is the most anterior portion of the notochord and secretes Reissner's fiber-related proteins, including F-spondin."	
<http://purl.obolibrary.org/obo/XAO_0000424>	"The 14th somite located posterior to the head. This somite forms at NF stage 28, by which time head somite 1 has degenerated, and it is resorbed at metamorphosis."	
<http://purl.obolibrary.org/obo/XAO_0004495>	"The presumptive cells of the iliac process."	
<http://purl.obolibrary.org/obo/XAO_0004409>	"Mesenchyme that occupies the posterior proximal region of a limb bud."	
<http://purl.obolibrary.org/obo/XAO_0004485>	"An endocrine cell that has the specialized function to produce and secrete hormones in response to neuronal signals."	"CL:0000165"
<http://purl.obolibrary.org/obo/XAO_0003136>	"Compartment of tail somite 14 that is a precursor of muscle."	
<http://purl.obolibrary.org/obo/XAO_0000333>	"The mesonephric equivalent of the ascending limb, or straight distal segment, of metanephric nephrons."	"UBERON:0005892"
<http://purl.obolibrary.org/obo/XAO_0004591>	"Cell mass in the caudal and ventral aspect of the dorsal thalamus adjoining the pineal gland."	
<http://purl.obolibrary.org/obo/XAO_0000385>	"A system of vessels that initially swell from where the anterior and posterior cardinal veins meet before draining into the heart via the duct of Cuvier at NF stage 33 and 34, and then continue to narrow and fold into a characteristic S-shape by NF stage 37 and 38. It continues to loop on itself, at first a loose, then a dense knot of many vessels by NF stage 45."	"UBERON:0006174"
<http://purl.obolibrary.org/obo/XAO_0004460>	"Portion of tissue comprising the vascular layer of the eye, containing connective tissue and lying between the retina and the sclera. It provides oxygen and nourishment to the outer layers of the retina. Along with the ciliary body and iris, it forms the uveal tract."	
<http://purl.obolibrary.org/obo/XAO_0004085>	"Specialized epithelial cells involved in the maintenance of osmotic homeostasis. They are characterized by abundant mitochondria and ion transporters. In Xenopus there are two distinct types of ionocytes, described as alpha- and beta- subtypes."	"CL:0005006"
<http://purl.obolibrary.org/obo/XAO_0004131>	"Horizontal (lateral) patch of cristae/sensory epithelia cells of the inner ear."	
<http://purl.obolibrary.org/obo/XAO_0005309>	"A nerve that is part of the head."	"UBERON:0011779"
<http://purl.obolibrary.org/obo/XAO_0000302>	"Spatial concept pertaining to the back of the body and to the side."	
<http://purl.obolibrary.org/obo/XAO_0000157>	"Reproductive organ that produces and releases sperm."	"UBERON:0000473"
<http://purl.obolibrary.org/obo/XAO_1000054>	"Nieuwkoop and Faber stage 42, corresponding to an embryo of age 3 days, 8 hr at 22-24 Celsius and having the following external morphological criteria: Beginning of formation of opercular folds. Torsion of intestine about 90 degrees; proctodeum connected with yolk mass by short horizontal intestinal tube. Length: 7.0 - 7.7 mm."	
<http://purl.obolibrary.org/obo/XAO_1000079>	"Tadpole stage during which toe differentiation and rapid hindlimb growth continue, followed by tail resorption; comprising Nieuwkoop and Faber stages 54 to 66."	
<http://purl.obolibrary.org/obo/XAO_0000043>	"Superficial neuroectoderm layer consisting of horizontally flattened, pigmented cells."	
<http://purl.obolibrary.org/obo/XAO_1000076>	"Nieuwkoop and Faber stage 64, corresponding to a tadpole of age about 53 days at 22-24 Celsius and having the following external morphological criteria: Corner of mouth well behind eye. Various adult skin areas joined almost everywhere, borderlines still clearly visible. Length of tail (from anus) is a third of body length."	
<http://purl.obolibrary.org/obo/XAO_0003032>	"One of several most distal parts of a limb."	"UBERON:0002544"
<http://purl.obolibrary.org/obo/XAO_0000441>	"Lateral line primordium that migrates ventrad along the posterior and ventral margin of the eye."	
<http://purl.obolibrary.org/obo/XAO_0000187>	"Lateral neurogenic placode region positioned dorsally to the epibranchial placodes, and that includes the lateral line placodes, the otic placode and the trigeminal placode."	"UBERON:0003067"
<http://purl.obolibrary.org/obo/XAO_0004230>	"Anterior part of the hypothalamus, given rise by the midanterior neural ridge along with the chiasmatic ridge during forebrain morphogenesis."	
<http://purl.obolibrary.org/obo/XAO_0004472>	"A large quadrangular cavity that precedes the atrium on the venous side of the heart."	
<http://purl.obolibrary.org/obo/XAO_0003064>	"Arched skeletal structure that supports the hindlimbs, begins to develop at NF stage 50, and is ossified by NF stage 66."	"UBERON:0007832"
<http://purl.obolibrary.org/obo/XAO_0004506>	"The tissue or tissues between the digits of the forelimb and the hindlimb."	
<http://purl.obolibrary.org/obo/XAO_0005053>	"Superior nucleus of the reticular nucleus of the brain stem."	
<http://purl.obolibrary.org/obo/XAO_0005005>	"Spatial concept pertaining to being located on or directed toward the side of the body to the west when facing north."	
<http://purl.obolibrary.org/obo/XAO_0004549>	"A set of septal nuclei comprising the dorsal aspect of the forebrain septum."	
<http://purl.obolibrary.org/obo/XAO_0004339>	"Muscle that springs from the second branchial arch, meeting its opposite in a mid-ventral raphe."	
<http://purl.obolibrary.org/obo/XAO_1000052>	"Nieuwkoop and Faber stage 40, corresponding to an embryo of age 2 days, 18 hr at 22-24 Celsius and having the following external morphological criteria: Mouth broken through. Length of gills about twice their breadth, posterior one sometimes also showing a branch. Outlines of proctodeum and tail myotomes forming angles of 90 degrees. Beginning of blood circulation in gills. Length: 6.3 - 6.8 mm."	
<http://purl.obolibrary.org/obo/XAO_0000172>	"A body tissue consisting of long cells that contract when stimulated and produce motion."	"UBERON:0001630"
<http://purl.obolibrary.org/obo/XAO_0004535>	"Region of spinal cord white matter lying on either side between the ventral median fissure and the ventral roots of the spinal nerves."	"UBERON:0002180"
<http://purl.obolibrary.org/obo/XAO_1000085>	"The mid-vitellogenic stage of the developing female gamete."	
<http://purl.obolibrary.org/obo/XAO_0004533>	"A forebrain white matter structure consisting of a large fiber bundle, connecting the two cerebral hemispheres across the middle line."	"UBERON:0000935"
<http://purl.obolibrary.org/obo/XAO_0000444>	"The initial thyroid precursor, which arises from the ventral aspect of the second pharyngeal pouch."	"UBERON:0003091"
<http://purl.obolibrary.org/obo/XAO_0004406>	"Presumptive structure that will develop into axial mesoderm."	
<http://purl.obolibrary.org/obo/XAO_0005267>	"A cell type that produces platelets and coagulating factors that react to bleeding from blood vessel injury by clumping, thereby initiating a blood clot; and that, in embryos, emerge from the ventral mesoderm, just anterior to the ventral blood island. Embryonic thrombocytes are identified by cd41/itga2b.1 gene expression. Additional waves of emergence during development may occur but have not yet been described."	
<http://purl.obolibrary.org/obo/XAO_0004030>	"Connective tissue that is dominated by collagen fibers organized into a definitive pattern (e.g., parallel to one another), with comparatively fewer cells (mostly fibroblasts)."	"UBERON:0007846"
<http://purl.obolibrary.org/obo/XAO_0003004>	"Anatomical structure that is an individual member of Xenopus laevis."	"CARO:0000012 UBERON:0000468"
<http://purl.obolibrary.org/obo/XAO_0000310>	"The anterior U-shaped portion of the neural folds, the two longitudinal dorsal ridges, caused by a folding up of the ectoderm, that make their appearance on either side of the middle line of the early neural embryo."	
<http://purl.obolibrary.org/obo/XAO_0000389>	"One of the veins of the alimentary system. The subintestinal vein is on the right side of the gut and drains the gastric vein on its right side by NF stage 43. The gastric veins carry blood low in oxygen from the surface of the stomach, draining into the left omphalomesenteric vein."	"UBERON:0004450"
<http://purl.obolibrary.org/obo/XAO_1000088>	"The developmental stage of the female gamete at which the gamete is fully grown."	
<http://purl.obolibrary.org/obo/XAO_0000041>	"A distinct layer of the epidermal cells beneath the outermost layer of epidermis, the multilayered epithelium derived from the ectoderm."	"UBERON:0002025"
<http://purl.obolibrary.org/obo/XAO_0004090>	"Portion of tissue that is part of the anterior neural plate and will form the optic vesicle."	"UBERON:0003071"
<http://purl.obolibrary.org/obo/XAO_0000035>	"Cell formed by a fertilization event between male and female gametes."	"CL:0000365"
<http://purl.obolibrary.org/obo/XAO_0004072>	"The ventral region of the alar hypothalamus. It is a diencephalic nucleus that is part of the preoptic area and is ventrolateral to the caudal parvocellular preoptic nucleus."	"UBERON:0002034"
<http://purl.obolibrary.org/obo/XAO_0000228>	"The evagination of neurectoderm, which has pinched off from the anterior neural keel, that precedes formation of the optic cup."	"UBERON:0004128"
<http://purl.obolibrary.org/obo/XAO_0000180>	"The transparent front part of the eye that, together with the lens, refracts light."	"UBERON:0000964"
<http://purl.obolibrary.org/obo/XAO_0004425>	"The presumptive cells of the levator mandibulae longus internus muscle."	
<http://purl.obolibrary.org/obo/XAO_0003044>	"Primary germ layer that can give rise to both mesoderm and endoderm."	"UBERON:0000089"
<http://purl.obolibrary.org/obo/XAO_0000077>	"Early embryonic cell with a bottle or flask shape that is first to migrate inwards at the blastopore during gastrulation."	"CL:0007020"
<http://purl.obolibrary.org/obo/XAO_0006015>	"A modified mucous gland that is part of the nuptial pad and aids the male frog in maintaining amplexus during mating."	
<http://purl.obolibrary.org/obo/XAO_0005303>	"Anterior region of the developing endoderm."	
<http://purl.obolibrary.org/obo/XAO_0004458>	"Anatomical region comprising the peripheral part of the retina."	
<http://purl.obolibrary.org/obo/XAO_0000045>	"The portion of neural plate anterior to the mid-hindbrain junction."	"UBERON:0003056"
<http://purl.obolibrary.org/obo/XAO_0004077>	"Epithelium located in the intersomitic region."	
<http://purl.obolibrary.org/obo/XAO_0003063>	"Arched skeletal structure that supports the forelimbs, the rudiments of which can be distinguished in mesenchyme at NF stage 51, and is complete by NF stage 60."	"UBERON:0007831"
<http://purl.obolibrary.org/obo/XAO_0000393>	"Vein in the tail returning blood from the tail to the heart."	"UBERON:0003481"
<http://purl.obolibrary.org/obo/XAO_0004192>	"One of the 5 distinct and partially overlapping functional domains of the premigratory neural crest. Together with the vagal neural crest cells, they develop into the ganglia of the enteric nervous system, also known as the parasympathetic ganglia. Sacral crest cells are associated with extrinsic nerve fibers of the hindgut and colon."	"UBERON:0010075"
<http://purl.obolibrary.org/obo/XAO_0004188>	"Branchial crest that is the most posterior of the five neural crest streams."	
<http://purl.obolibrary.org/obo/XAO_0000170>	"A type of dense connective tissue that is composed of specialized cells, chondrocytes, that produce a large amount of extracellular matrix."	"UBERON:0002418"
<http://purl.obolibrary.org/obo/XAO_0003145>	"A sensory structure in the lagenar portion of an amphibian's membranous labyrinth between the oval and round windows."	"UBERON:0002227"
<http://purl.obolibrary.org/obo/XAO_0004213>	"The most posterior of the epibranchial placodes, in 3 distinct zones, associated with the 3rd to 6th pharyngeal clefts, and contributing to the facial, lateral line and glossopharyngeal ganglion."	"UBERON:0009126"
<http://purl.obolibrary.org/obo/XAO_0000326>	"Primordium of the spleen, which goes on to form the spleen proper, while the right splenic promordium degenerates."	"UBERON:0006293"
<http://purl.obolibrary.org/obo/XAO_0000186>	"Circumferential tissue inside the eye composed of the ciliary muscle and ciliary processes."	"UBERON:0001775"
<http://purl.obolibrary.org/obo/XAO_0000199>	"The small, oval, bony chamber of the labyrinth. The vestibule contains the utricle and saccule, organs which are part of the balancing apparatus of the ear."	"UBERON:0005236"
<http://purl.obolibrary.org/obo/XAO_0003135>	"Compartment of tail somite 14 that is a precursor of the axial skeleton."	
<http://purl.obolibrary.org/obo/XAO_0004300>	"Terminal portion of a hindlimb that bears weight and allows locomotion."	
<http://purl.obolibrary.org/obo/XAO_0004446>	"The presumptive cells of the constrictor laryngis muscle."	
<http://purl.obolibrary.org/obo/XAO_0004183>	"Muscle that is paired and runs anterio-posteriorly along the heart and is covered with epicardium."	
<http://purl.obolibrary.org/obo/XAO_0000388>	"Vein that carries de-oxygenated blood from the posterior part of the body to the sinus venosus."	"UBERON:0001072"
<http://purl.obolibrary.org/obo/XAO_0005295>	"Cephalic nerve that is the largest branch of the ophthalmic division of the trigeminal nerve."	"UBERON:0000942"
<http://purl.obolibrary.org/obo/XAO_0000374>	"Large subdermal lymph-containing space located dorsally near the last vertebrae."	
<http://purl.obolibrary.org/obo/XAO_0000193>	"Structure consisting of the vestibule, lagena, and semicircular canal, cavities that are hollowed out of the substance of the bone, and lined by periosteum. They contain a clear fluid, the perilymph, in which the membranous labyrinth is situated."	"UBERON:0001839"
<http://purl.obolibrary.org/obo/XAO_0003026>	"Organism subdivision that is the terminal, flexible posterior appendage of the larva. It is resorbed during metamorphosis beginning with degeneration of the notochord's distal tip at NF stage 61, followed by degeneration gradually extending to its more proximal regions and reaching its proximal end by NF stage 62. By NF stage 66 it exists only as a small dorsal swelling."	"UBERON:0007812"
<http://purl.obolibrary.org/obo/XAO_0000229>	"Randomly dispersed fibrils organized into criss-crossing fascicles or bundles in the coelomic envelope of oocytes."	
<http://purl.obolibrary.org/obo/XAO_0000146>	"A tuft of capillaries found in a Bowman's capsule in which waste products are filtered from the blood and urine formation is initiated."	"UBERON:0005325"
<http://purl.obolibrary.org/obo/XAO_0004121>	"A thickened layer of ectodermal cells at the distal tip of a developing limb bud. Along with the zone of polarizing activity, it is a crucial organizing region during limb development."	"UBERON:0004356"
<http://purl.obolibrary.org/obo/XAO_0004557>	"Nucleus that is a prominant part of the visual system, receiving input from the ipsilateral tectum and sending output to both tecta."	
<http://purl.obolibrary.org/obo/XAO_0004265>	"Limb segment that is the terminal part of the limb (i.e. the metacarpels and phalanges of the forelimb, and the metatarsals and phalanges of the hindlimb, and surrounding tissues)."	
<http://purl.obolibrary.org/obo/XAO_0004374>	"One of the cartilaginous elements that meet and articulate in the median plane posterior to the basibranchial."	
<http://purl.obolibrary.org/obo/XAO_0005318>	"The portion of the actin cytoskeleton, comprising filamentous actin and associated proteins, that lies just beneath the plasma membrane."	
<http://purl.obolibrary.org/obo/XAO_1000042>	"Nieuwkoop and Faber stage 26, corresponding to an embryo of age 1 day, 5 hr 30 min at 22-24 Celsius and having the following external morphological criteria: Otic vesicle protruding. Pronephros distinctly visible. Myotomes showing through for the first time. Fin somewhat broadened at dorso-caudal end of body. Beginning of spontaneous movements. Length: 3.0 - 3.3 mm."	
<http://purl.obolibrary.org/obo/XAO_0003213>	"Bone of the lower hind leg, which undergoes ossification from NF stage 56 to stage 66."	"UBERON:0006714"
<http://purl.obolibrary.org/obo/XAO_0004118>	"A developing female gamete that is at the late vitellogenic stage."	
<http://purl.obolibrary.org/obo/XAO_0005039>	"All of the contents of a cell excluding the plasma membrane and nucleus, but including other subcellular structures."	"GO:0005737"
<http://purl.obolibrary.org/obo/XAO_0003172>	"Anatomical cluster that is located in the anterior region of the neurocranium and provides structural support for the olfactory organs."	"UBERON:0003112"
<http://purl.obolibrary.org/obo/XAO_0000192>	"Labyrinthine anatomical cluster that comprises sensory endorgans specialized for vestibular, auditory, and acoustico-vestibular sensation."	"UBERON:0001846"
<http://purl.obolibrary.org/obo/XAO_0003124>	"Compartment of trunk somite 8 that is a precursor of the axial skeleton."	
<http://purl.obolibrary.org/obo/XAO_0000156>	"Anatomical system comprising the organs of the female reproductive system."	"UBERON:0000474"
<http://purl.obolibrary.org/obo/XAO_0004366>	"One of the cartilaginous surfaces of the tadpole jaw."	
<http://purl.obolibrary.org/obo/XAO_0003241>	"A cell found in the embryo before the formation of all the germ layers is complete."	"CL:0000007"
<http://purl.obolibrary.org/obo/XAO_0005130>	"The section of the stomach comprising the antrum and pylorus."	
<http://purl.obolibrary.org/obo/XAO_0003139>	"Compartment of tail somite 16 that is a precursor of the axial skeleton."	
<http://purl.obolibrary.org/obo/XAO_0004301>	"Part of the diencephalon that is located between the prethalamus, hypothalamus, and the telencephalon."	
<http://purl.obolibrary.org/obo/XAO_0000266>	"Inner layer of the developing optic vesicle, which contains retinal nerve cells."	"UBERON:0001781"
<http://purl.obolibrary.org/obo/XAO_0004459>	"Cartilaginous element that is below the trabecula and parachordal."	
<http://purl.obolibrary.org/obo/XAO_0005225>	"The capsule surrounding the inner ear components."	"UBERON:0004637"
<http://purl.obolibrary.org/obo/XAO_0003166>	"Skeletal structure that has as its parts the pectoral and pelvic girdles, which articulate with the axial skeleton, together with their associated limbs, the forelimbs and hindlimbs."	"UBERON:0002091"
<http://purl.obolibrary.org/obo/XAO_0004246>	"The 7th segment of the developing hindbrain."	
<http://purl.obolibrary.org/obo/XAO_0005174>	"The blastomere of the future left-dorsal portion of the embryo at the 4-cell stage."	
<http://purl.obolibrary.org/obo/XAO_0004093>	"An embryonic structure positioned halfway between the prospective eye and ear, adjacent to the future midbrain-hindbrain boundary. The profundal and the trigeminal ganglia are separate distally but fused at their proximal end as they condense around NF stage 24."	
<http://purl.obolibrary.org/obo/XAO_0004210>	"The region of the diencephalon above Rathke's pouch, and forms the posterior lobe of the pituitary."	"UBERON:0002434"
<http://purl.obolibrary.org/obo/XAO_0004625>	"Blood vessel that is part of the dorsal fin."	
<http://purl.obolibrary.org/obo/XAO_0006042>	"A cell found in the bone marrow. This can include fibroblasts, macrophages, adipocytes, osteoblasts, osteoclasts, endothelial cells and hematopoietic cells."	"CL:0002092"
<http://purl.obolibrary.org/obo/XAO_0005241>	"Layer of neurectoderm that develops into the roof plate of the spinal cord."	
<http://purl.obolibrary.org/obo/XAO_0003040>	"Multicellular anatomical structure that consists of many cells of one or a few types, arranged in an extracellular matrix such that their long-range organization is at least partly a repetition of their short-range organization."	"UBERON:0000479 CARO:0000043"
<http://purl.obolibrary.org/obo/XAO_0000038>	"Superficial layer of blastocoel roof ectoderm."	
<http://purl.obolibrary.org/obo/XAO_0005190>	"The boundary between the anterior and posterior lobes of the pituitary (hypophysis). It contains three types of cells: basophils, chromophobes, and colloid-filled cysts. The cysts are the remainder of Rathke's pouch."	"UBERON:0002432"
<http://purl.obolibrary.org/obo/XAO_0003163>	"Acellular anatomical structure that consists of a thin sheet of fibrous proteins that underlie and support the cells of an epithelium. It separates the cells of an epithelium from any underlying tissue."	"CARO:0000065 UBERON:0000482"
<http://purl.obolibrary.org/obo/XAO_0005502>	"A principle subdivision of the organism that includes all structures along the primary axis, typically the anterior-posterior axis, from head to tail, including structures of the body proper where present (for example, ribs), but excluding appendages."	"UBERON:0013701"
<http://purl.obolibrary.org/obo/XAO_0004084>	"The 6th segment of the developing hindbrain, directly bordering the midbrain-hindbrain boundary, and dorsal to branchial arch 4."	"UBERON:0005519"
<http://purl.obolibrary.org/obo/XAO_1000069>	"Nieuwkoop and Faber stage 57, corresponding to a tadpole of age about 41 days at 22-24 Celsius and having the following external morphological criteria: Pigment-free spot appearing above \"Stirnorgan\". Angle of elbow more than 90 degrees; fingers stretched out in forelimb atrium, their length about 7 times their breadth. Length: 75 - 105 mm."	
<http://purl.obolibrary.org/obo/XAO_0003218>	"The layer within the retina where the bipolar cells synapse with the photoreceptor cells."	"UBERON:0001790"
<http://purl.obolibrary.org/obo/XAO_0003083>	"Skeleton encasing the brain and auditory apparatus."	
<http://purl.obolibrary.org/obo/XAO_0004329>	"Muscle that is part a complex that arises from the skull roof and acts to elevate or close the lower jaw. After separating from levator mandibulae longus superficialis, it parallels it and inserts in the connective tissue. Only at later stages, its rostral third is slightly curved laterally and inserts in the region of the anlage of the tentacular cartilage."	
<http://purl.obolibrary.org/obo/XAO_0003073>	"Skeletal structure that has as its parts the vertebral column, located in the dorsal part of the trunk, and is formed by a series of vertebrae. It provides suspension for the appendicular skeleton and protection for the spinal nerve cord."	"UBERON:0002090"
<http://purl.obolibrary.org/obo/XAO_0004312>	"A portion of fin tissue that is re-growing after damage or amputation."	
<http://purl.obolibrary.org/obo/XAO_0004583>	"Area of the forebrain anterior to the posterior tuberculum and the hypothalamus and ventral to the ventral thalamus."	"UBERON:0001928"
<http://purl.obolibrary.org/obo/XAO_1000074>	"Nieuwkoop and Faber stage 62, corresponding to a tadpole of age about 49 days at 22-24 Celsius and having the following external morphological criteria: Head still somewhat broader than cranial part of trunk. Tentacles short, straight. N. olfactorius shorter than diameter of bulbus olfactorius. Corner of mouth still in front of eye. Thymus gland somewhat protruding. 3rd arterial arch (\"larval aorta\") seen at distance of its own diameter in front of adult skin area of forelimb. Opening of operculum reduced to curved slit. Forelimb at level of middle of heart. Anterior border of adult skin area on abdomen entirely sharp, mostly nicked medially. Ventral fin disappeared from abdomen."	
<http://purl.obolibrary.org/obo/XAO_0000144>	"Anatomical structure consisting of a long narrow duct that carries urine from the kidney to the urinary bladder."	"UBERON:0000056"
<http://purl.obolibrary.org/obo/XAO_0004622>	"Compartment of tail somite 18 that is a precursor of muscle."	
<http://purl.obolibrary.org/obo/XAO_0004428>	"The presumptive cells of the levator mandibulae articularis muscle."	
<http://purl.obolibrary.org/obo/XAO_0003031>	"One of the pair of limbs that are situated posteriorly, are evident as buds laterally by NF stage 47, and are innervated by NF stage 51."	"UBERON:0002103"
<http://purl.obolibrary.org/obo/XAO_0000008>	"Transparent, biconvex structure in the eye that, along with the cornea, helps to refract light to be focused on the retina."	"UBERON:0000965"
<http://purl.obolibrary.org/obo/XAO_0005291>	"A 1-2 cell layer membrane comprising cells from the stomodeum and underlying endodermal layer. Perforation of this structure creates an opening connecting the external and the digestive tube which is essential for oral cavity formation."	"UBERON:0006211"
<http://purl.obolibrary.org/obo/XAO_0000018>	"Portion of tissue that is the precursor to the gonads."	"UBERON:0005294"
<http://purl.obolibrary.org/obo/XAO_0000073>		
<http://purl.obolibrary.org/obo/XAO_0005089>	"Blastomere which lies in the animal hemisphere lateral to blastomere D1.1 at the 16-cell stage."	
<http://purl.obolibrary.org/obo/XAO_0003059>	"Anatomical cluster consisting of a cartilaginous skull that begins to form during early tadpole stage."	"UBERON:0004761"
<http://purl.obolibrary.org/obo/XAO_0004066>	"Portion of the cleavage-stage embryo below the equator and consisting of prospective endodermal cells."	
<http://purl.obolibrary.org/obo/XAO_0000236>	"The first part of the small intestine. At the junction of the stomach and the duodenum the alimentary canal is inflected. The duodenum first goes anteriorly for a short distance, turns dorsally, and eventually caudally, thus it is a U-shaped structure with two horizontal sections (a ventral and a dorsal one)."	"UBERON:0002114"
<http://purl.obolibrary.org/obo/XAO_0003142>	"Compartment of tail somite 17 that is a precursor of muscle."	
<http://purl.obolibrary.org/obo/XAO_0000121>	"A passage of airway in the respiratory tract that conducts air into the lungs."	"UBERON:0002185"
<http://purl.obolibrary.org/obo/XAO_0006037>	"A neuroglial cell of the peripheral nervous system which forms the insulating myelin sheaths of peripheral axons."	"CL:0000218"
<http://purl.obolibrary.org/obo/XAO_0004333>	"Ventral muscle of the larval head that is a broad transverse sheet lying between the Meckel's cartilages and joining its opposite mid-ventrally in an median raphe."	
<http://purl.obolibrary.org/obo/XAO_0005205>	"An anatomical region bounded by a plane perpendicular to an axis through the middle."	
<http://purl.obolibrary.org/obo/XAO_0000120>	"The primary respiration organ in some species of tadpoles, whose function is the extraction of oxygen from water and the excretion of carbon dioxide. The microscopic structure of a gill is such that it presents a very large surface area to the external environment. Gills usually consist of thin filaments of tissue, branches, or slender tufted processes which have a highly folded surface to increase surface area. A high surface area is crucial for effective gas exchange."	"UBERON:0008891"
<http://purl.obolibrary.org/obo/XAO_1000018>	"Nieuwkoop and Faber stage 8 (128-cell stage), corresponding to an embryo of age 5 hr at 22-24 Celsius and having the following external morphological criteria: Medium-cell blastula stage. Surface not yet entirely smooth. Border of animal pigment cap more diffuse at dorsal than at lateral and ventral sides. Gradual transition in cell size from animal to vegetative pole. Length: 1.4 - 1.5 mm."	
<http://purl.obolibrary.org/obo/XAO_0003058>		
<http://purl.obolibrary.org/obo/XAO_0000290>		
<http://purl.obolibrary.org/obo/XAO_0003099>	"Irregularly shaped cavity in the rhombencephalon, between the medulla oblongata, the pons, and the isthmus in front, and the cerebellum behind. It is continuous with the central canal of the cord below and with the cerebral aqueduct above, and through its lateral and median apertures it communicates with the subarachnoid space."	"UBERON:0002422"
<http://purl.obolibrary.org/obo/XAO_0003066>	"The posterior limb bud that develops into the hindlimb; a thickening of the ectoderm first noticeable at NF stage 47, innervated by NF stage 51. The hindlimb buds develop before the forelimb buds."	"UBERON:0005418"
<http://purl.obolibrary.org/obo/XAO_0004521>	"A fluid-filled cavity formed within the mesoderm of the embryo."	
<http://purl.obolibrary.org/obo/XAO_0004588>	"A small ependymal gland of the circumventricular system, located in the dorsocaudal region of the third ventricle."	"UBERON:0002139"
<http://purl.obolibrary.org/obo/XAO_0003056>	"Spatial concept denoting the front surface of the body; often used to indicate the position of one structure relative to another."	
<http://purl.obolibrary.org/obo/XAO_0000141>	"A visceral organ which provides osmoregulation and waste excretion for tadpoles through adult stages in Xenopus. The mesonephros starts to develop at NF stage 39, then during feeding stage tadpoles through metamorphosis replaces the embryonic pronephros as it degenerates."	"UBERON:0000080"
<http://purl.obolibrary.org/obo/XAO_0005238>		
<http://purl.obolibrary.org/obo/XAO_0004608>	"Brain ventricle formed by a median cleft in the diencephalon between the two thalami."	"UBERON:0002286"
<http://purl.obolibrary.org/obo/XAO_0004526>	"Air-filled cavity in the adult frog apposed to an olfactory epithelium for detection of airborne odorants."	
<http://purl.obolibrary.org/obo/XAO_0000100>	"Anatomical system that has as its parts the heart and blood vessels."	"UBERON:0004535"
<http://purl.obolibrary.org/obo/XAO_0004166>	"In the trunk region, one of the veins into which the subintestinal vein drains, and which breaks up to merge with the vitelline network at NF stage 40."	
<http://purl.obolibrary.org/obo/XAO_0000314>	"Any of the somites that are posterior to the head and anterior to the tail."	"UBERON:0005598"
<http://purl.obolibrary.org/obo/XAO_0004128>	"Muscle of the abdomen that continues anteriorly as the m. rectus cervicis."	"UBERON:0002382"
<http://purl.obolibrary.org/obo/XAO_0001103>	"Either of the two ventral pancreas rudiments that join and fuse with the right end of the dorsal pancreatic rudiment."	"UBERON:0003924"
<http://purl.obolibrary.org/obo/XAO_0005017>	"A cell that has a filiform extrusion of the cell surface."	"CL:0000064"
<http://purl.obolibrary.org/obo/XAO_0000166>	"Part of the adrenal gland, located at the center of the gland and surrounded by the adrenal cortex. It is the innermost part of the adrenal gland, consisting of cells that secrete epinephrine, norepinephrine, and a small amount of dopamine in response to stimulation by sympathetic preganglionic neurons. Composed mainly of hormone-producing chromaffin cells, it is the principal site of the conversion of the amino acid tyrosine into the catecholamines adrenaline (epinephrine), noradrenaline (norepinephrine), and dopamine."	"UBERON:0001236"
<http://purl.obolibrary.org/obo/XAO_0005239>		
<http://purl.obolibrary.org/obo/XAO_0004310>	"Bone of the ear that is connected to the tympanic membrane via the extrastapes. This structure is the amphibian ear ossicle, also known as the columella. It extends between extrastapes cartilage and the oval window. The extrastapes forms a cartilaginous tympanic disk."	
<http://purl.obolibrary.org/obo/XAO_0001002>	"Anterior endoderm that develops into the lung buds, and in turn, the lungs. A pair of lateral diverticula just over the liver rudiment is formed by the floor of the foregut just anterior to the liver diverticulum."	"UBERON:0005597"
<http://purl.obolibrary.org/obo/XAO_1000065>	"Nieuwkoop and Faber stage 53, corresponding to a tadpole of age about 24 days at 22-24 Celsius and having the following external morphological criteria: Fore- and hindlimbs in paddle stage. Hindlimb whithout foot somewhat longer than broad; 4th and 5th toe indicated. Length: 50 - 60 mm."	
<http://purl.obolibrary.org/obo/XAO_0004319>	"A portion of limb tissue that has been removed from the body."	
<http://purl.obolibrary.org/obo/XAO_0003027>	"Organism subdivision that has as its parts the jointed appendages used for locomotion and manipulation."	"UBERON:0002101"
<http://purl.obolibrary.org/obo/XAO_0005251>	"Anterior part of the hindgut endoderm."	
<http://purl.obolibrary.org/obo/XAO_0004108>	"A portion of tail tissue that is re-growing after damage or amputation."	
<http://purl.obolibrary.org/obo/XAO_0000405>	"Transient occipital somite that exists from NF stages 19 to late 30's."	
<http://purl.obolibrary.org/obo/XAO_0005085>	"Blastomere which lies adjacent to the prospective dorsal midline of the vegetal hemisphere at the eight-cell stage."	
<http://purl.obolibrary.org/obo/XAO_0000115>	"Any of the tubular branching vessels that carry blood from the capillaries toward the heart."	"UBERON:0001638"
<http://purl.obolibrary.org/obo/XAO_0002000>	"Transient embryonic organ that serves as a kidney, providing osmoregulation during early developmental stages, and then degenerates during metamorphosis (starting at NF stage 53) as the mesonephric kidney develops and becomes functional."	"UBERON:0002120"
<http://purl.obolibrary.org/obo/XAO_0004398>	"Regenerating tissue that forms the inner or basal layer of wound epidermis."	
<http://purl.obolibrary.org/obo/XAO_0005072>	"A mucous gland that is part of the skin."	"UBERON:0004790"
<http://purl.obolibrary.org/obo/XAO_0000076>	"Layer of prospective mesoderm in the IMZ that will form the roof of the archenteron."	
<http://purl.obolibrary.org/obo/XAO_0005140>	"A structure derived from the foregut that becomes a lung."	"UBERON:0000118"
<http://purl.obolibrary.org/obo/XAO_0004578>	"Major component of the basal ganglia that is part of the telencephalon and has close functional ties with the subthalamus."	"UBERON:0001875"
<http://purl.obolibrary.org/obo/XAO_0005138>	"The cytoplasm beneath the outer layers of the oocyte."	
<http://purl.obolibrary.org/obo/XAO_0004585>	"Gray matter structure located on the midline of the forebrain consisting of the septum pellucidum and the septal nuclei."	"UBERON:0000446"
<http://purl.obolibrary.org/obo/XAO_0004203>	"Odontoid tissue that is avascular non-mineralized matrix that is deposited by odontoblasts and ameloblasts that are excluded from the matrix."	"UBERON:0011688"
<http://purl.obolibrary.org/obo/XAO_0004019>	"Main component of the vertebral column. It consists of two essential parts, a dorsal neural arch and a ventral centrum."	"UBERON:0002412"
<http://purl.obolibrary.org/obo/XAO_0003148>		
<http://purl.obolibrary.org/obo/XAO_0005181>	"An interneuron which grows from the soma in an ascending (from tail to head) direction."	
<http://purl.obolibrary.org/obo/XAO_0005013>	"The region of a chromosome that is attached to the spindle during nuclear division. It is defined genetically as the region of the chromosome that always segregates at the first division of meiosis; the region of the chromosome in which no crossing over occurs. At the start of M phase, each chromosome consists of two sister chromatids with a constriction at a point which forms the centromere. During late prophase two kinetochores assemble on each centromere, one kinetochore on each sister chromatid."	
<http://purl.obolibrary.org/obo/XAO_0000254>	"Fourth of the pharyngeal (endodermal) evaginations between the visceral arches from which the Eustachian tube is derived; pouches 2-4 open as gill slits."	"UBERON:0007125"
<http://purl.obolibrary.org/obo/XAO_0000368>	"A branch of the internal carotid artery that delivers blood to the eye. Together with the opthalmic vein, it forms a double ring encircling the eye and retina. It enters the eye obliquely by crossing over the ophthalmic vein and the internal jugular vein."	"UBERON:0001619"
<http://purl.obolibrary.org/obo/XAO_0003194>	"Part of the nervous system responsible for processing sensory information."	"UBERON:0001032"
<http://purl.obolibrary.org/obo/XAO_0000017>	"An endocrine gland, located ventral to the diencephalon, that secretes hormones that regulate many other glands."	"UBERON:0000007"
<http://purl.obolibrary.org/obo/XAO_0004129>	"Muscle that retracts the hyoid and, therefore, the tongue."	
<http://purl.obolibrary.org/obo/XAO_0000142>	"Anatomical system that has as its parts the organs concerned with reproduction."	"UBERON:0000990"
<http://purl.obolibrary.org/obo/XAO_0000427>	"Sensory ganglion of the trigeminal nerve."	"UBERON:0001675"
<http://purl.obolibrary.org/obo/XAO_0000361>	"The blood vessel that bifurcates from the aorta, and supplies the abdominal and pelvic regions."	"UBERON:0005609"
<http://purl.obolibrary.org/obo/XAO_0003078>	"The 9th vertebra, which arises from the trunk somites 9 and 10. It joins the illia laterally at NF stage 60 and later coalesces with the urostyle in the midline of the pelvic girdle to form a single unit in the adult frog."	"UBERON:0001094"
<http://purl.obolibrary.org/obo/XAO_0000309>	"Region of the neural tube that will become the white matter of the nervous system."	
<http://purl.obolibrary.org/obo/XAO_0004249>	"Artery that supplies blood via branches to the gonads, oviducts, and kidneys."	
<http://purl.obolibrary.org/obo/XAO_0004112>	"One of the two photoreceptor cell types of the retina. In rods the photopigment is in stacks of membranous disks separate from the outer cell membrane. Rods are more sensitive to light than cones, but rod mediated vision has less spatial and temporal resolution than cone vision."	"CL:0000604"
<http://purl.obolibrary.org/obo/XAO_0006004>	"The portion of a neuron that includes the nucleus, but excludes cell projections such as axons and dendrites."	"GO:0043025"
<http://purl.obolibrary.org/obo/XAO_0000376>	"Any of the veins in the embryo that return blood from the yolk sac to the heart or later to the portal vein."	"UBERON:0005487"
<http://purl.obolibrary.org/obo/XAO_0000281>	"Cell mass in the vegetal region of the embryo that will contribute to endoderm."	
<http://purl.obolibrary.org/obo/XAO_0005250>	"Posterior part of the hindgut endoderm."	
<http://purl.obolibrary.org/obo/XAO_0000261>	"Outer layer of the developing optic vesicle, which contains pigmented epithelium."	
<http://purl.obolibrary.org/obo/XAO_0004199>	"Skeletal tissue that is hypermineralized and aprismatic and deposited by a combination of ameloblasts and odontoblasts that are excluded from the matrix. It develops from pre-enameloid tissue."	"UBERON:0011692"
<http://purl.obolibrary.org/obo/XAO_0003232>	"Any of the cell types of the digestive system that secrete amino acid peptides or polypeptides."	"CL:0000161"
<http://purl.obolibrary.org/obo/XAO_0003123>	"Compartment of trunk somite 7 that is a precursor of the axial skeleton."	
<http://purl.obolibrary.org/obo/XAO_0004317>	"A portion of tissue that has been removed from the body."	
<http://purl.obolibrary.org/obo/XAO_0004080>	"The 2nd most anterior segment of the developing hindbrain, which along with r3 is dorsal to brancial arch 1."	"UBERON:0005569"
<http://purl.obolibrary.org/obo/XAO_0003086>	"Anatomical cluster consisting of the mandibular structures which connect the base of the lower jaw with the skull."	"UBERON:0003108"
<http://purl.obolibrary.org/obo/XAO_0004314>	"A joint region within a digit, one of several most distal parts of a limb."	
<http://purl.obolibrary.org/obo/XAO_0003102>	"Any of the projections on each side of the vertebra from the point where the neural arch lamina joins the pedicel for the articulation with the head of a single-headed rib or the upper head of a double-headed rib. Also called diapophyses. They provide surfaces for the attachment of muscles. In anurans, the term transverse process is used in reference to the processes associated with the presacral and postsacral vertebrae."	"UBERON:0001077"
<http://purl.obolibrary.org/obo/XAO_0004431>	"The presumptive cells of the quadrato-hyoangularis muscle."	
<http://purl.obolibrary.org/obo/XAO_0000445>	"The organ used for chemoreception."	"UBERON:0001727"
<http://purl.obolibrary.org/obo/XAO_0005266>	"A cell type that produces platelets and coagulating factors that react to bleeding from blood vessel injury by clumping, thereby initiating a blood clot. In amphibians, embryonic and adult thrombocytes have different origins and potentially different gene expression markers."	
<http://purl.obolibrary.org/obo/XAO_0003106>	"Compartment of head somite 3 that is a precursor of muscle."	
<http://purl.obolibrary.org/obo/XAO_0000137>	"Pancreatic tissue composed of acinar epithelial cells and ductal epithelium that manufacture the proteolytic enzymes and bicarbonate required for digestion."	"UBERON:0000017"
<http://purl.obolibrary.org/obo/XAO_0004520>	"A distal stem cell region of the proximal tubule. There are 3 branches, with anteriodorsal, anterioventral, and posterior positions. These are sometimes referred to as proximal tubule segment 1 or PT1."	
<http://purl.obolibrary.org/obo/XAO_1000063>	"Nieuwkoop and Faber stage 51, corresponding to a tadpole of age about 17 days at 22-24 Celsius and having the following external morphological criteria: Tentacles much longer. Forelimb bud oval-shaped in lateral aspect. Hindlimb bud conical in shape, its length about 1.5 times its breadth; melanophores appearing on it. Length: 28 - 36 mm."	
<http://purl.obolibrary.org/obo/XAO_0004517>	"A ciliated cell that is not part of the epidermis."	
<http://purl.obolibrary.org/obo/XAO_0003146>	"Anatomical structure that produces gametes as well as certain sex hormones controlled by the pituitary gonadotropins. Reproductive organ that produces and releases eggs (ovary) or sperm (testis)."	"UBERON:0000991"
<http://purl.obolibrary.org/obo/XAO_0004412>	"The 2nd most posterior of the hind digits, consisting of a single metatarsal, 2 phalanges, and a claw."	
<http://purl.obolibrary.org/obo/XAO_0005035>	"Any of a pair of large, easily identifiable, reticulospinal neurons at the level of the ear in the hindbrain. Importantly, they enable the escape reflex. Inner ear vestibular and auditory neurons form synapses on the lateral dendrite of the ipsilateral Mauthner cell, which in turn form synapses on contralateral spinal motor neurons to activate the C-start escape response."	"CL:0000246"
<http://purl.obolibrary.org/obo/XAO_0000293>		
<http://purl.obolibrary.org/obo/XAO_0000353>	"The sixth in a series paired arterial connections between the dorsal and ventral aortae. Aortic arch 6 artery is paired and has a common trunk with aortic arch 5 from the ventral aorta, and drains via a separate branch of the lateral dorsal aorta. It forms part of the pulmonary arteries, and in the later embryo, the ductus arteriosis. Aortic arches 5 and 6 together supply the trunk and tail with oxygenated blood."	"UBERON:0003123"
<http://purl.obolibrary.org/obo/XAO_0005294>	"Cephalic nerve that innervates the lower jaw."	"UBERON:0000375"
<http://purl.obolibrary.org/obo/XAO_0000272>	"An auxiliary olfactory sense organ involved in the detection of pheromones."	"UBERON:0002255"
<http://purl.obolibrary.org/obo/XAO_0004503>	"A membrane that lines the outer surface of all bones, except at the joints of long bones. It consists of dense irregular connective tissue, and is divided into an outer fibrous layer and inner osteogenic layer. The fibrous layer contains fibroblasts, while the osteogenic layer contains progenitor cells that develop into osteoblasts, which are essential to the healing process."	
<http://purl.obolibrary.org/obo/XAO_0004243>	"Either of the primary veins in the hindlimbs that collect blood from the hindlimb region."	
