?x	?p	?y
<http://purl.obolibrary.org/obo/XAO_0000065>	<http://purl.obolibrary.org/obo/BFO_0000050>	<http://purl.obolibrary.org/obo/XAO_0000064>
<http://purl.obolibrary.org/obo/XAO_0000011>	<http://purl.obolibrary.org/obo/xao#start_stage>	<http://purl.obolibrary.org/obo/XAO_1000038>
<http://purl.obolibrary.org/obo/XAO_0000337>	<http://purl.obolibrary.org/obo/xao#start_stage>	<http://purl.obolibrary.org/obo/XAO_1000044>
<http://purl.obolibrary.org/obo/XAO_0001020>	<http://purl.obolibrary.org/obo/xao#start_stage>	<http://purl.obolibrary.org/obo/XAO_1000040>
<http://purl.obolibrary.org/obo/XAO_0003253>	<http://purl.obolibrary.org/obo/xao#start_stage>	<http://purl.obolibrary.org/obo/XAO_1000040>
<http://purl.obolibrary.org/obo/XAO_0005068>	<http://purl.obolibrary.org/obo/BFO_0000050>	<http://purl.obolibrary.org/obo/XAO_0004217>
<http://purl.obolibrary.org/obo/XAO_0000171>	<http://purl.obolibrary.org/obo/xao#start_stage>	<http://purl.obolibrary.org/obo/XAO_1000052>
<http://purl.obolibrary.org/obo/XAO_0000377>	<http://purl.obolibrary.org/obo/BFO_0000050>	<http://purl.obolibrary.org/obo/XAO_0000133>
<http://purl.obolibrary.org/obo/XAO_0000052>	<http://purl.obolibrary.org/obo/xao#start_stage>	<http://purl.obolibrary.org/obo/XAO_1000046>
<http://purl.obolibrary.org/obo/XAO_0003142>	<http://purl.obolibrary.org/obo/xao#end_stage>	<http://purl.obolibrary.org/obo/XAO_1000059>
<http://purl.obolibrary.org/obo/XAO_0000132>	<http://purl.obolibrary.org/obo/BFO_0000050>	<http://purl.obolibrary.org/obo/XAO_0000125>
<http://purl.obolibrary.org/obo/XAO_0005057>	<http://purl.obolibrary.org/obo/xao#end_stage>	<http://purl.obolibrary.org/obo/XAO_0000437>
<http://purl.obolibrary.org/obo/XAO_0004190>	<http://purl.obolibrary.org/obo/BFO_0000050>	<http://purl.obolibrary.org/obo/XAO_0000048>
<http://purl.obolibrary.org/obo/XAO_0005246>	<http://purl.obolibrary.org/obo/xao#start_stage>	<http://purl.obolibrary.org/obo/XAO_1000042>
<http://purl.obolibrary.org/obo/XAO_0005191>	<http://purl.obolibrary.org/obo/xao#start_stage>	<http://purl.obolibrary.org/obo/XAO_1000057>
<http://purl.obolibrary.org/obo/XAO_0003115>	<http://purl.obolibrary.org/obo/xao#start_stage>	<http://purl.obolibrary.org/obo/XAO_1000036>
<http://purl.obolibrary.org/obo/XAO_0005505>	<http://purl.obolibrary.org/obo/xao#end_stage>	<http://purl.obolibrary.org/obo/XAO_0000437>
<http://purl.obolibrary.org/obo/XAO_0004104>	<http://purl.obolibrary.org/obo/BFO_0000050>	<http://purl.obolibrary.org/obo/XAO_0000001>
<http://purl.obolibrary.org/obo/XAO_0004469>	<http://purl.obolibrary.org/obo/xao#end_stage>	<http://purl.obolibrary.org/obo/XAO_0000437>
<http://purl.obolibrary.org/obo/XAO_0000382>	<http://purl.obolibrary.org/obo/RO_0002202>	<http://purl.obolibrary.org/obo/XAO_0000358>
<http://purl.obolibrary.org/obo/XAO_0000475>	<http://purl.obolibrary.org/obo/xao#end_stage>	<http://purl.obolibrary.org/obo/XAO_0000437>
<http://purl.obolibrary.org/obo/XAO_0005129>	<http://purl.obolibrary.org/obo/RO_0002202>	<http://purl.obolibrary.org/obo/XAO_0005127>
<http://purl.obolibrary.org/obo/XAO_0000282>	<http://purl.obolibrary.org/obo/xao#start_stage>	<http://purl.obolibrary.org/obo/XAO_1000036>
<http://purl.obolibrary.org/obo/XAO_0005287>	<http://purl.obolibrary.org/obo/xao#start_stage>	<http://purl.obolibrary.org/obo/XAO_1000048>
<http://purl.obolibrary.org/obo/XAO_0000421>	<http://purl.obolibrary.org/obo/xao#start_stage>	<http://purl.obolibrary.org/obo/XAO_1000042>
<http://purl.obolibrary.org/obo/XAO_0004303>	<http://purl.obolibrary.org/obo/xao#start_stage>	<http://purl.obolibrary.org/obo/XAO_1000024>
<http://purl.obolibrary.org/obo/XAO_0004363>	<http://purl.obolibrary.org/obo/BFO_0000050>	<http://purl.obolibrary.org/obo/XAO_0003059>
<http://purl.obolibrary.org/obo/XAO_0005030>	<http://purl.obolibrary.org/obo/xao#start_stage>	<http://purl.obolibrary.org/obo/XAO_1000052>
<http://purl.obolibrary.org/obo/XAO_0000358>	<http://purl.obolibrary.org/obo/RO_0002202>	<http://purl.obolibrary.org/obo/XAO_0000356>
<http://purl.obolibrary.org/obo/XAO_0003092>	<http://purl.obolibrary.org/obo/RO_0002202>	<http://purl.obolibrary.org/obo/XAO_0004092>
<http://purl.obolibrary.org/obo/XAO_0004535>	<http://purl.obolibrary.org/obo/BFO_0000050>	<http://purl.obolibrary.org/obo/XAO_0000020>
<http://purl.obolibrary.org/obo/XAO_0000227>	<http://purl.obolibrary.org/obo/RO_0002202>	<http://purl.obolibrary.org/obo/XAO_0004090>
<http://purl.obolibrary.org/obo/XAO_0004144>	<http://purl.obolibrary.org/obo/RO_0002202>	<http://purl.obolibrary.org/obo/XAO_0004473>
<http://purl.obolibrary.org/obo/XAO_0004504>	<http://purl.obolibrary.org/obo/xao#end_stage>	<http://purl.obolibrary.org/obo/XAO_0000437>
<http://purl.obolibrary.org/obo/XAO_0005130>	<http://purl.obolibrary.org/obo/xao#end_stage>	<http://purl.obolibrary.org/obo/XAO_0000437>
<http://purl.obolibrary.org/obo/XAO_0003040>	<http://purl.obolibrary.org/obo/xao#start_stage>	<http://purl.obolibrary.org/obo/XAO_1000017>
<http://purl.obolibrary.org/obo/XAO_0004574>	<http://purl.obolibrary.org/obo/xao#end_stage>	<http://purl.obolibrary.org/obo/XAO_0000437>
<http://purl.obolibrary.org/obo/XAO_0003111>	<http://purl.obolibrary.org/obo/xao#end_stage>	<http://purl.obolibrary.org/obo/XAO_1000059>
<http://purl.obolibrary.org/obo/XAO_0005117>	<http://purl.obolibrary.org/obo/xao#start_stage>	<http://purl.obolibrary.org/obo/XAO_1000083>
<http://purl.obolibrary.org/obo/XAO_0000217>	<http://purl.obolibrary.org/obo/BFO_0000050>	<http://purl.obolibrary.org/obo/XAO_0000023>
<http://purl.obolibrary.org/obo/XAO_0003085>	<http://purl.obolibrary.org/obo/RO_0002202>	<http://purl.obolibrary.org/obo/XAO_0000024>
<http://purl.obolibrary.org/obo/XAO_0004601>	<http://purl.obolibrary.org/obo/xao#start_stage>	<http://purl.obolibrary.org/obo/XAO_1000038>
<http://purl.obolibrary.org/obo/XAO_0000037>	<http://purl.obolibrary.org/obo/BFO_0000050>	<http://purl.obolibrary.org/obo/XAO_0000036>
<http://purl.obolibrary.org/obo/XAO_0004134>	<http://purl.obolibrary.org/obo/xao#start_stage>	<http://purl.obolibrary.org/obo/XAO_1000031>
<http://purl.obolibrary.org/obo/XAO_0000137>	<http://purl.obolibrary.org/obo/BFO_0000050>	<http://purl.obolibrary.org/obo/XAO_0000136>
<http://purl.obolibrary.org/obo/XAO_0006043>	<http://purl.obolibrary.org/obo/xao#start_stage>	<http://purl.obolibrary.org/obo/XAO_1000027>
<http://purl.obolibrary.org/obo/XAO_0004186>	<http://purl.obolibrary.org/obo/xao#start_stage>	<http://purl.obolibrary.org/obo/XAO_1000035>
<http://purl.obolibrary.org/obo/XAO_0005012>	<http://purl.obolibrary.org/obo/xao#start_stage>	<http://purl.obolibrary.org/obo/XAO_1000001>
<http://purl.obolibrary.org/obo/XAO_0000092>	<http://purl.obolibrary.org/obo/xao#start_stage>	<http://purl.obolibrary.org/obo/XAO_1000020>
<http://purl.obolibrary.org/obo/XAO_0004219>	<http://purl.obolibrary.org/obo/BFO_0000050>	<http://purl.obolibrary.org/obo/XAO_0000098>
<http://purl.obolibrary.org/obo/XAO_0005306>	<http://purl.obolibrary.org/obo/BFO_0000050>	<http://purl.obolibrary.org/obo/XAO_0003044>
<http://purl.obolibrary.org/obo/XAO_1000060>	<http://purl.obolibrary.org/obo/xao#preceded_by>	<http://purl.obolibrary.org/obo/XAO_1000059>
<http://purl.obolibrary.org/obo/XAO_0000210>	<http://purl.obolibrary.org/obo/xao#start_stage>	<http://purl.obolibrary.org/obo/XAO_1000045>
<http://purl.obolibrary.org/obo/XAO_0000275>	<http://purl.obolibrary.org/obo/xao#end_stage>	<http://purl.obolibrary.org/obo/XAO_1000062>
<http://purl.obolibrary.org/obo/XAO_0004192>	<http://purl.obolibrary.org/obo/xao#start_stage>	<http://purl.obolibrary.org/obo/XAO_1000025>
<http://purl.obolibrary.org/obo/XAO_0000083>	<http://purl.obolibrary.org/obo/BFO_0000050>	<http://purl.obolibrary.org/obo/XAO_0000082>
<http://purl.obolibrary.org/obo/XAO_0000446>	<http://purl.obolibrary.org/obo/xao#end_stage>	<http://purl.obolibrary.org/obo/XAO_0000437>
<http://purl.obolibrary.org/obo/XAO_0000244>	<http://purl.obolibrary.org/obo/BFO_0000050>	<http://purl.obolibrary.org/obo/XAO_0005501>
<http://purl.obolibrary.org/obo/XAO_0004231>	<http://purl.obolibrary.org/obo/xao#end_stage>	<http://purl.obolibrary.org/obo/XAO_1000073>
<http://purl.obolibrary.org/obo/XAO_0006017>	<http://purl.obolibrary.org/obo/xao#start_stage>	<http://purl.obolibrary.org/obo/XAO_1000039>
<http://purl.obolibrary.org/obo/XAO_0004026>	<http://purl.obolibrary.org/obo/xao#end_stage>	<http://purl.obolibrary.org/obo/XAO_0000437>
<http://purl.obolibrary.org/obo/XAO_1000046>	<http://purl.obolibrary.org/obo/BFO_0000050>	<http://purl.obolibrary.org/obo/XAO_1000080>
<http://purl.obolibrary.org/obo/XAO_0005049>	<http://purl.obolibrary.org/obo/BFO_0000050>	<http://purl.obolibrary.org/obo/XAO_0004304>
<http://purl.obolibrary.org/obo/XAO_0005127>	<http://purl.obolibrary.org/obo/BFO_0000050>	<http://purl.obolibrary.org/obo/XAO_0000232>
<http://purl.obolibrary.org/obo/XAO_0000431>	<http://purl.obolibrary.org/obo/BFO_0000050>	<http://purl.obolibrary.org/obo/XAO_0003075>
<http://purl.obolibrary.org/obo/XAO_0004401>	<http://purl.obolibrary.org/obo/xao#start_stage>	<http://purl.obolibrary.org/obo/XAO_1000023>
<http://purl.obolibrary.org/obo/XAO_0000453>	<http://purl.obolibrary.org/obo/xao#start_stage>	<http://purl.obolibrary.org/obo/XAO_1000049>
<http://purl.obolibrary.org/obo/XAO_1000025>	<http://purl.obolibrary.org/obo/BFO_0000050>	<http://purl.obolibrary.org/obo/XAO_1000006>
<http://purl.obolibrary.org/obo/XAO_0000343>	<http://purl.obolibrary.org/obo/xao#start_stage>	<http://purl.obolibrary.org/obo/XAO_1000046>
<http://purl.obolibrary.org/obo/XAO_0004405>	<http://purl.obolibrary.org/obo/xao#start_stage>	<http://purl.obolibrary.org/obo/XAO_1000057>
<http://purl.obolibrary.org/obo/XAO_0000386>	<http://purl.obolibrary.org/obo/RO_0002202>	<http://purl.obolibrary.org/obo/XAO_0000384>
<http://purl.obolibrary.org/obo/XAO_1000075>	<http://purl.obolibrary.org/obo/xao#preceded_by>	<http://purl.obolibrary.org/obo/XAO_1000074>
<http://purl.obolibrary.org/obo/XAO_0003190>	<http://purl.obolibrary.org/obo/BFO_0000050>	<http://purl.obolibrary.org/obo/XAO_0003004>
<http://purl.obolibrary.org/obo/XAO_0004097>	<http://purl.obolibrary.org/obo/xao#start_stage>	<http://purl.obolibrary.org/obo/XAO_1000049>
<http://purl.obolibrary.org/obo/XAO_0000357>	<http://purl.obolibrary.org/obo/BFO_0000050>	<http://purl.obolibrary.org/obo/XAO_0000114>
<http://purl.obolibrary.org/obo/XAO_0003131>	<http://purl.obolibrary.org/obo/RO_0002202>	<http://purl.obolibrary.org/obo/XAO_0000420>
<http://purl.obolibrary.org/obo/XAO_0004558>	<http://purl.obolibrary.org/obo/xao#end_stage>	<http://purl.obolibrary.org/obo/XAO_0000437>
<http://purl.obolibrary.org/obo/XAO_0004622>	<http://purl.obolibrary.org/obo/xao#end_stage>	<http://purl.obolibrary.org/obo/XAO_1000059>
<http://purl.obolibrary.org/obo/XAO_0004242>	<http://purl.obolibrary.org/obo/xao#start_stage>	<http://purl.obolibrary.org/obo/XAO_1000053>
<http://purl.obolibrary.org/obo/XAO_0000133>	<http://purl.obolibrary.org/obo/RO_0002202>	<http://purl.obolibrary.org/obo/XAO_0003266>
<http://purl.obolibrary.org/obo/XAO_0003232>	<http://purl.obolibrary.org/obo/xao#end_stage>	<http://purl.obolibrary.org/obo/XAO_0000437>
<http://purl.obolibrary.org/obo/XAO_0004048>	<http://purl.obolibrary.org/obo/xao#end_stage>	<http://purl.obolibrary.org/obo/XAO_0000437>
<http://purl.obolibrary.org/obo/XAO_0003107>	<http://purl.obolibrary.org/obo/RO_0002202>	<http://purl.obolibrary.org/obo/XAO_0000405>
<http://purl.obolibrary.org/obo/XAO_0004010>	<http://purl.obolibrary.org/obo/xao#start_stage>	<http://purl.obolibrary.org/obo/XAO_1000020>
<http://purl.obolibrary.org/obo/XAO_0003178>	<http://purl.obolibrary.org/obo/BFO_0000050>	<http://purl.obolibrary.org/obo/XAO_0003177>
<http://purl.obolibrary.org/obo/XAO_0004322>	<http://purl.obolibrary.org/obo/BFO_0000050>	<http://purl.obolibrary.org/obo/XAO_0003024>
<http://purl.obolibrary.org/obo/XAO_0000134>	<http://purl.obolibrary.org/obo/BFO_0000050>	<http://purl.obolibrary.org/obo/XAO_0000132>
<http://purl.obolibrary.org/obo/XAO_0000305>	<http://purl.obolibrary.org/obo/BFO_0000050>	<http://purl.obolibrary.org/obo/XAO_0000001>
<http://purl.obolibrary.org/obo/XAO_0004387>	<http://purl.obolibrary.org/obo/xao#end_stage>	<http://purl.obolibrary.org/obo/XAO_1000078>
<http://purl.obolibrary.org/obo/XAO_0004416>	<http://purl.obolibrary.org/obo/xao#start_stage>	<http://purl.obolibrary.org/obo/XAO_1000067>
<http://purl.obolibrary.org/obo/XAO_0004450>	<http://purl.obolibrary.org/obo/xao#end_stage>	<http://purl.obolibrary.org/obo/XAO_1000051>
<http://purl.obolibrary.org/obo/XAO_0004424>	<http://purl.obolibrary.org/obo/xao#start_stage>	<http://purl.obolibrary.org/obo/XAO_1000044>
<http://purl.obolibrary.org/obo/XAO_0000412>	<http://purl.obolibrary.org/obo/xao#start_stage>	<http://purl.obolibrary.org/obo/XAO_1000039>
<http://purl.obolibrary.org/obo/XAO_0001010>	<http://purl.obolibrary.org/obo/xao#start_stage>	<http://purl.obolibrary.org/obo/XAO_1000027>
<http://purl.obolibrary.org/obo/XAO_0003063>	<http://purl.obolibrary.org/obo/xao#end_stage>	<http://purl.obolibrary.org/obo/XAO_0000437>
<http://purl.obolibrary.org/obo/XAO_0004599>	<http://purl.obolibrary.org/obo/xao#end_stage>	<http://purl.obolibrary.org/obo/XAO_1000056>
<http://purl.obolibrary.org/obo/XAO_0000076>	<http://purl.obolibrary.org/obo/xao#start_stage>	<http://purl.obolibrary.org/obo/XAO_1000020>
<http://purl.obolibrary.org/obo/XAO_0000269>	<http://purl.obolibrary.org/obo/xao#start_stage>	<http://purl.obolibrary.org/obo/XAO_1000044>
<http://purl.obolibrary.org/obo/XAO_0005081>	<http://purl.obolibrary.org/obo/xao#start_stage>	<http://purl.obolibrary.org/obo/XAO_1000085>
<http://purl.obolibrary.org/obo/XAO_0003194>	<http://purl.obolibrary.org/obo/BFO_0000050>	<http://purl.obolibrary.org/obo/XAO_0000177>
<http://purl.obolibrary.org/obo/XAO_0005010>	<http://purl.obolibrary.org/obo/BFO_0000050>	<http://purl.obolibrary.org/obo/XAO_0005317>
<http://purl.obolibrary.org/obo/XAO_0004427>	<http://purl.obolibrary.org/obo/xao#start_stage>	<http://purl.obolibrary.org/obo/XAO_1000049>
<http://purl.obolibrary.org/obo/XAO_0004330>	<http://purl.obolibrary.org/obo/xao#start_stage>	<http://purl.obolibrary.org/obo/XAO_1000050>
<http://purl.obolibrary.org/obo/XAO_0004475>	<http://purl.obolibrary.org/obo/RO_0002202>	<http://purl.obolibrary.org/obo/XAO_0003015>
<http://purl.obolibrary.org/obo/XAO_0004067>	<http://purl.obolibrary.org/obo/BFO_0000050>	<http://purl.obolibrary.org/obo/XAO_0000090>
<http://purl.obolibrary.org/obo/XAO_0000425>	<http://purl.obolibrary.org/obo/xao#end_stage>	<http://purl.obolibrary.org/obo/XAO_1000059>
<http://purl.obolibrary.org/obo/XAO_0005120>	<http://purl.obolibrary.org/obo/xao#end_stage>	<http://purl.obolibrary.org/obo/XAO_0000437>
<http://purl.obolibrary.org/obo/XAO_0000119>	<http://purl.obolibrary.org/obo/BFO_0000050>	<http://purl.obolibrary.org/obo/XAO_0000117>
<http://purl.obolibrary.org/obo/XAO_0003094>	<http://purl.obolibrary.org/obo/xao#start_stage>	<http://purl.obolibrary.org/obo/XAO_1000046>
<http://purl.obolibrary.org/obo/XAO_0005261>	<http://purl.obolibrary.org/obo/xao#end_stage>	<http://purl.obolibrary.org/obo/XAO_1000078>
<http://purl.obolibrary.org/obo/XAO_0006002>	<http://purl.obolibrary.org/obo/RO_0002202>	<http://purl.obolibrary.org/obo/XAO_0000050>
<http://purl.obolibrary.org/obo/XAO_0003259>	<http://purl.obolibrary.org/obo/xao#end_stage>	<http://purl.obolibrary.org/obo/XAO_0000437>
<http://purl.obolibrary.org/obo/XAO_0003020>	<http://purl.obolibrary.org/obo/RO_0002202>	<http://purl.obolibrary.org/obo/XAO_0003018>
<http://purl.obolibrary.org/obo/XAO_0000176>	<http://purl.obolibrary.org/obo/xao#end_stage>	<http://purl.obolibrary.org/obo/XAO_0000437>
<http://purl.obolibrary.org/obo/XAO_0004229>	<http://purl.obolibrary.org/obo/BFO_0000050>	<http://purl.obolibrary.org/obo/XAO_0003026>
<http://purl.obolibrary.org/obo/XAO_0005056>	<http://purl.obolibrary.org/obo/xao#start_stage>	<http://purl.obolibrary.org/obo/XAO_1000047>
<http://purl.obolibrary.org/obo/XAO_0004091>	<http://purl.obolibrary.org/obo/xao#start_stage>	<http://purl.obolibrary.org/obo/XAO_1000020>
<http://purl.obolibrary.org/obo/XAO_0005132>	<http://purl.obolibrary.org/obo/BFO_0000050>	<http://purl.obolibrary.org/obo/XAO_0005131>
<http://purl.obolibrary.org/obo/XAO_0000157>	<http://purl.obolibrary.org/obo/xao#start_stage>	<http://purl.obolibrary.org/obo/XAO_1000064>
<http://purl.obolibrary.org/obo/XAO_0005308>	<http://purl.obolibrary.org/obo/BFO_0000050>	<http://purl.obolibrary.org/obo/XAO_0000064>
<http://purl.obolibrary.org/obo/XAO_1000039>	<http://purl.obolibrary.org/obo/BFO_0000050>	<http://purl.obolibrary.org/obo/XAO_1000002>
<http://purl.obolibrary.org/obo/XAO_0004397>	<http://purl.obolibrary.org/obo/BFO_0000050>	<http://purl.obolibrary.org/obo/XAO_0004060>
<http://purl.obolibrary.org/obo/XAO_0000327>	<http://purl.obolibrary.org/obo/BFO_0000050>	<http://purl.obolibrary.org/obo/XAO_0003152>
<http://purl.obolibrary.org/obo/XAO_0004040>	<http://purl.obolibrary.org/obo/xao#start_stage>	<http://purl.obolibrary.org/obo/XAO_1000057>
<http://purl.obolibrary.org/obo/XAO_0005062>	<http://purl.obolibrary.org/obo/RO_0002202>	<http://purl.obolibrary.org/obo/XAO_0000050>
<http://purl.obolibrary.org/obo/XAO_0004002>	<http://purl.obolibrary.org/obo/BFO_0000050>	<http://purl.obolibrary.org/obo/XAO_0000095>
<http://purl.obolibrary.org/obo/XAO_0005101>	<http://purl.obolibrary.org/obo/xao#start_stage>	<http://purl.obolibrary.org/obo/XAO_1000016>
<http://purl.obolibrary.org/obo/XAO_0006049>	<http://purl.obolibrary.org/obo/BFO_0000050>	<http://purl.obolibrary.org/obo/XAO_0005024>
<http://purl.obolibrary.org/obo/XAO_0004150>	<http://purl.obolibrary.org/obo/xao#end_stage>	<http://purl.obolibrary.org/obo/XAO_0000437>
<http://purl.obolibrary.org/obo/XAO_0005196>	<http://purl.obolibrary.org/obo/xao#end_stage>	<http://purl.obolibrary.org/obo/XAO_0000437>
<http://purl.obolibrary.org/obo/XAO_0000333>	<http://purl.obolibrary.org/obo/xao#end_stage>	<http://purl.obolibrary.org/obo/XAO_0000437>
<http://purl.obolibrary.org/obo/XAO_0004249>	<http://purl.obolibrary.org/obo/xao#end_stage>	<http://purl.obolibrary.org/obo/XAO_0000437>
<http://purl.obolibrary.org/obo/XAO_0005241>	<http://purl.obolibrary.org/obo/BFO_0000050>	<http://purl.obolibrary.org/obo/XAO_0000042>
<http://purl.obolibrary.org/obo/XAO_0004555>	<http://purl.obolibrary.org/obo/xao#end_stage>	<http://purl.obolibrary.org/obo/XAO_0000437>
<http://purl.obolibrary.org/obo/XAO_0000253>	<http://purl.obolibrary.org/obo/xao#start_stage>	<http://purl.obolibrary.org/obo/XAO_1000020>
<http://purl.obolibrary.org/obo/XAO_1000063>	<http://purl.obolibrary.org/obo/xao#preceded_by>	<http://purl.obolibrary.org/obo/XAO_1000062>
<http://purl.obolibrary.org/obo/XAO_0004214>	<http://purl.obolibrary.org/obo/xao#end_stage>	<http://purl.obolibrary.org/obo/XAO_0000437>
<http://purl.obolibrary.org/obo/XAO_0003171>	<http://purl.obolibrary.org/obo/xao#start_stage>	<http://purl.obolibrary.org/obo/XAO_1000057>
<http://purl.obolibrary.org/obo/XAO_0004473>	<http://purl.obolibrary.org/obo/xao#end_stage>	<http://purl.obolibrary.org/obo/XAO_1000056>
<http://purl.obolibrary.org/obo/XAO_0003214>	<http://purl.obolibrary.org/obo/xao#start_stage>	<http://purl.obolibrary.org/obo/XAO_1000067>
<http://purl.obolibrary.org/obo/XAO_0004485>	<http://purl.obolibrary.org/obo/xao#start_stage>	<http://purl.obolibrary.org/obo/XAO_1000042>
<http://purl.obolibrary.org/obo/XAO_0000128>	<http://purl.obolibrary.org/obo/xao#start_stage>	<http://purl.obolibrary.org/obo/XAO_1000052>
<http://purl.obolibrary.org/obo/XAO_0004046>	<http://purl.obolibrary.org/obo/RO_0002202>	<http://purl.obolibrary.org/obo/XAO_0004045>
<http://purl.obolibrary.org/obo/XAO_0004352>	<http://purl.obolibrary.org/obo/xao#end_stage>	<http://purl.obolibrary.org/obo/XAO_0000437>
<http://purl.obolibrary.org/obo/XAO_0000056>	<http://purl.obolibrary.org/obo/xao#end_stage>	<http://purl.obolibrary.org/obo/XAO_1000075>
<http://purl.obolibrary.org/obo/XAO_0003060>	<http://purl.obolibrary.org/obo/xao#start_stage>	<http://purl.obolibrary.org/obo/XAO_1000040>
<http://purl.obolibrary.org/obo/XAO_0005106>	<http://purl.obolibrary.org/obo/xao#end_stage>	<http://purl.obolibrary.org/obo/XAO_1000016>
<http://purl.obolibrary.org/obo/XAO_0004253>	<http://purl.obolibrary.org/obo/BFO_0000050>	<http://purl.obolibrary.org/obo/XAO_0004423>
<http://purl.obolibrary.org/obo/XAO_0005076>	<http://purl.obolibrary.org/obo/xao#start_stage>	<http://purl.obolibrary.org/obo/XAO_1000047>
<http://purl.obolibrary.org/obo/XAO_0006020>	<http://purl.obolibrary.org/obo/xao#end_stage>	<http://purl.obolibrary.org/obo/XAO_0000437>
<http://purl.obolibrary.org/obo/XAO_0004570>	<http://purl.obolibrary.org/obo/BFO_0000050>	<http://purl.obolibrary.org/obo/XAO_0004302>
<http://purl.obolibrary.org/obo/XAO_0003192>	<http://purl.obolibrary.org/obo/BFO_0000050>	<http://purl.obolibrary.org/obo/XAO_0005198>
<http://purl.obolibrary.org/obo/XAO_0004539>	<http://purl.obolibrary.org/obo/xao#start_stage>	<http://purl.obolibrary.org/obo/XAO_1000047>
<http://purl.obolibrary.org/obo/XAO_0000448>	<http://purl.obolibrary.org/obo/RO_0002202>	<http://purl.obolibrary.org/obo/XAO_0004524>
<http://purl.obolibrary.org/obo/XAO_0000082>	<http://purl.obolibrary.org/obo/RO_0002202>	<http://purl.obolibrary.org/obo/XAO_0000089>
<http://purl.obolibrary.org/obo/XAO_0000231>	<http://purl.obolibrary.org/obo/xao#start_stage>	<http://purl.obolibrary.org/obo/XAO_1000066>
<http://purl.obolibrary.org/obo/XAO_0003225>	<http://purl.obolibrary.org/obo/xao#start_stage>	<http://purl.obolibrary.org/obo/XAO_1000050>
<http://purl.obolibrary.org/obo/XAO_0005151>	<http://purl.obolibrary.org/obo/RO_0002202>	<http://purl.obolibrary.org/obo/XAO_0000053>
<http://purl.obolibrary.org/obo/XAO_0003151>	<http://purl.obolibrary.org/obo/xao#start_stage>	<http://purl.obolibrary.org/obo/XAO_1000071>
<http://purl.obolibrary.org/obo/XAO_0004148>	<http://purl.obolibrary.org/obo/RO_0002202>	<http://purl.obolibrary.org/obo/XAO_0004628>
<http://purl.obolibrary.org/obo/XAO_0004508>	<http://purl.obolibrary.org/obo/xao#start_stage>	<http://purl.obolibrary.org/obo/XAO_1000023>
<http://purl.obolibrary.org/obo/XAO_0000267>	<http://purl.obolibrary.org/obo/RO_0002202>	<http://purl.obolibrary.org/obo/XAO_0000032>
<http://purl.obolibrary.org/obo/XAO_0005186>	<http://purl.obolibrary.org/obo/xao#start_stage>	<http://purl.obolibrary.org/obo/XAO_1000052>
<http://purl.obolibrary.org/obo/XAO_0004023>	<http://purl.obolibrary.org/obo/xao#start_stage>	<http://purl.obolibrary.org/obo/XAO_1000057>
<http://purl.obolibrary.org/obo/XAO_0000220>	<http://purl.obolibrary.org/obo/xao#end_stage>	<http://purl.obolibrary.org/obo/XAO_1000059>
<http://purl.obolibrary.org/obo/XAO_0004139>	<http://purl.obolibrary.org/obo/xao#end_stage>	<http://purl.obolibrary.org/obo/XAO_0000437>
<http://purl.obolibrary.org/obo/XAO_0005250>	<http://purl.obolibrary.org/obo/xao#end_stage>	<http://purl.obolibrary.org/obo/XAO_1000056>
<http://purl.obolibrary.org/obo/XAO_0005217>	<http://purl.obolibrary.org/obo/xao#start_stage>	<http://purl.obolibrary.org/obo/XAO_1000032>
<http://purl.obolibrary.org/obo/XAO_0004321>	<http://purl.obolibrary.org/obo/xao#start_stage>	<http://purl.obolibrary.org/obo/XAO_1000049>
<http://purl.obolibrary.org/obo/XAO_1000074>	<http://purl.obolibrary.org/obo/BFO_0000050>	<http://purl.obolibrary.org/obo/XAO_1000091>
<http://purl.obolibrary.org/obo/XAO_0004304>	<http://purl.obolibrary.org/obo/xao#end_stage>	<http://purl.obolibrary.org/obo/XAO_0000437>
<http://purl.obolibrary.org/obo/XAO_0004578>	<http://purl.obolibrary.org/obo/RO_0002202>	<http://purl.obolibrary.org/obo/XAO_0004259>
<http://purl.obolibrary.org/obo/XAO_0005423>	<http://purl.obolibrary.org/obo/xao#end_stage>	<http://purl.obolibrary.org/obo/XAO_0000437>
<http://purl.obolibrary.org/obo/XAO_0000279>	<http://purl.obolibrary.org/obo/RO_0002202>	<http://purl.obolibrary.org/obo/XAO_0000280>
<http://purl.obolibrary.org/obo/XAO_0000018>	<http://purl.obolibrary.org/obo/RO_0002202>	<http://purl.obolibrary.org/obo/XAO_0000085>
<http://purl.obolibrary.org/obo/XAO_0000148>	<http://purl.obolibrary.org/obo/xao#start_stage>	<http://purl.obolibrary.org/obo/XAO_1000057>
<http://purl.obolibrary.org/obo/XAO_0003036>	<http://purl.obolibrary.org/obo/BFO_0000050>	<http://purl.obolibrary.org/obo/XAO_0003061>
<http://purl.obolibrary.org/obo/XAO_0000392>	<http://purl.obolibrary.org/obo/BFO_0000050>	<http://purl.obolibrary.org/obo/XAO_0000125>
<http://purl.obolibrary.org/obo/XAO_0004370>	<http://purl.obolibrary.org/obo/BFO_0000050>	<http://purl.obolibrary.org/obo/XAO_0003059>
<http://purl.obolibrary.org/obo/XAO_0002000>	<http://purl.obolibrary.org/obo/xao#end_stage>	<http://purl.obolibrary.org/obo/XAO_1000076>
<http://purl.obolibrary.org/obo/XAO_0001102>	<http://purl.obolibrary.org/obo/BFO_0000050>	<http://purl.obolibrary.org/obo/XAO_0005128>
<http://purl.obolibrary.org/obo/XAO_0003083>	<http://purl.obolibrary.org/obo/xao#end_stage>	<http://purl.obolibrary.org/obo/XAO_0000437>
<http://purl.obolibrary.org/obo/XAO_0005035>	<http://purl.obolibrary.org/obo/BFO_0000050>	<http://purl.obolibrary.org/obo/XAO_0000015>
<http://purl.obolibrary.org/obo/XAO_0004549>	<http://purl.obolibrary.org/obo/xao#start_stage>	<http://purl.obolibrary.org/obo/XAO_1000047>
<http://purl.obolibrary.org/obo/XAO_0000214>	<http://purl.obolibrary.org/obo/xao#end_stage>	<http://purl.obolibrary.org/obo/XAO_0000437>
<http://purl.obolibrary.org/obo/XAO_0005095>	<http://purl.obolibrary.org/obo/xao#start_stage>	<http://purl.obolibrary.org/obo/XAO_1000015>
<http://purl.obolibrary.org/obo/XAO_0000192>	<http://purl.obolibrary.org/obo/xao#end_stage>	<http://purl.obolibrary.org/obo/XAO_0000437>
<http://purl.obolibrary.org/obo/XAO_0004527>	<http://purl.obolibrary.org/obo/xao#end_stage>	<http://purl.obolibrary.org/obo/XAO_0000437>
<http://purl.obolibrary.org/obo/XAO_0005168>	<http://purl.obolibrary.org/obo/xao#end_stage>	<http://purl.obolibrary.org/obo/XAO_0000437>
<http://purl.obolibrary.org/obo/XAO_0005060>	<http://purl.obolibrary.org/obo/BFO_0000050>	<http://purl.obolibrary.org/obo/XAO_0000318>
<http://purl.obolibrary.org/obo/XAO_0005194>	<http://purl.obolibrary.org/obo/xao#end_stage>	<http://purl.obolibrary.org/obo/XAO_1000056>
<http://purl.obolibrary.org/obo/XAO_0000188>	<http://purl.obolibrary.org/obo/RO_0002202>	<http://purl.obolibrary.org/obo/XAO_0000475>
<http://purl.obolibrary.org/obo/XAO_0004154>	<http://purl.obolibrary.org/obo/BFO_0000050>	<http://purl.obolibrary.org/obo/XAO_0004152>
<http://purl.obolibrary.org/obo/XAO_0004183>	<http://purl.obolibrary.org/obo/xao#end_stage>	<http://purl.obolibrary.org/obo/XAO_0000437>
<http://purl.obolibrary.org/obo/XAO_0005236>	<http://purl.obolibrary.org/obo/xao#end_stage>	<http://purl.obolibrary.org/obo/XAO_0000437>
<http://purl.obolibrary.org/obo/XAO_0004210>	<http://purl.obolibrary.org/obo/xao#start_stage>	<http://purl.obolibrary.org/obo/XAO_1000038>
<http://purl.obolibrary.org/obo/XAO_0000411>	<http://purl.obolibrary.org/obo/xao#end_stage>	<http://purl.obolibrary.org/obo/XAO_1000059>
<http://purl.obolibrary.org/obo/XAO_0004190>	<http://purl.obolibrary.org/obo/xao#start_stage>	<http://purl.obolibrary.org/obo/XAO_1000025>
<http://purl.obolibrary.org/obo/XAO_0000179>	<http://purl.obolibrary.org/obo/BFO_0000050>	<http://purl.obolibrary.org/obo/XAO_0000215>
<http://purl.obolibrary.org/obo/XAO_0004093>	<http://purl.obolibrary.org/obo/xao#start_stage>	<http://purl.obolibrary.org/obo/XAO_1000038>
<http://purl.obolibrary.org/obo/XAO_0004328>	<http://purl.obolibrary.org/obo/RO_0002202>	<http://purl.obolibrary.org/obo/XAO_0004425>
<http://purl.obolibrary.org/obo/XAO_0004488>	<http://purl.obolibrary.org/obo/BFO_0000050>	<http://purl.obolibrary.org/obo/XAO_0003210>
<http://purl.obolibrary.org/obo/XAO_0004133>	<http://purl.obolibrary.org/obo/BFO_0000050>	<http://purl.obolibrary.org/obo/XAO_0000192>
<http://purl.obolibrary.org/obo/XAO_0000237>	<http://purl.obolibrary.org/obo/xao#end_stage>	<http://purl.obolibrary.org/obo/XAO_0000437>
<http://purl.obolibrary.org/obo/XAO_0005119>	<http://purl.obolibrary.org/obo/BFO_0000050>	<http://purl.obolibrary.org/obo/XAO_0000256>
<http://purl.obolibrary.org/obo/XAO_0000218>	<http://purl.obolibrary.org/obo/xao#start_stage>	<http://purl.obolibrary.org/obo/XAO_1000066>
<http://purl.obolibrary.org/obo/XAO_0003063>	<http://purl.obolibrary.org/obo/xao#start_stage>	<http://purl.obolibrary.org/obo/XAO_1000063>
<http://purl.obolibrary.org/obo/XAO_0004612>	<http://purl.obolibrary.org/obo/RO_0002202>	<http://purl.obolibrary.org/obo/XAO_0000001>
<http://purl.obolibrary.org/obo/XAO_0000057>	<http://purl.obolibrary.org/obo/BFO_0000050>	<http://purl.obolibrary.org/obo/XAO_0004042>
<http://purl.obolibrary.org/obo/XAO_0000136>	<http://purl.obolibrary.org/obo/RO_0002202>	<http://purl.obolibrary.org/obo/XAO_0000467>
<http://purl.obolibrary.org/obo/XAO_0004545>	<http://purl.obolibrary.org/obo/xao#end_stage>	<http://purl.obolibrary.org/obo/XAO_0000437>
<http://purl.obolibrary.org/obo/XAO_0004475>	<http://purl.obolibrary.org/obo/xao#end_stage>	<http://purl.obolibrary.org/obo/XAO_0000437>
<http://purl.obolibrary.org/obo/XAO_0003114>	<http://purl.obolibrary.org/obo/RO_0002202>	<http://purl.obolibrary.org/obo/XAO_0000407>
<http://purl.obolibrary.org/obo/XAO_0004168>	<http://purl.obolibrary.org/obo/xao#end_stage>	<http://purl.obolibrary.org/obo/XAO_0000437>
<http://purl.obolibrary.org/obo/XAO_0005120>	<http://purl.obolibrary.org/obo/xao#start_stage>	<http://purl.obolibrary.org/obo/XAO_1000083>
<http://purl.obolibrary.org/obo/XAO_0000220>	<http://purl.obolibrary.org/obo/RO_0002202>	<http://purl.obolibrary.org/obo/XAO_0000403>
<http://purl.obolibrary.org/obo/XAO_0004137>	<http://purl.obolibrary.org/obo/xao#end_stage>	<http://purl.obolibrary.org/obo/XAO_0000437>
<http://purl.obolibrary.org/obo/XAO_0004028>	<http://purl.obolibrary.org/obo/xao#end_stage>	<http://purl.obolibrary.org/obo/XAO_0000437>
<http://purl.obolibrary.org/obo/XAO_0004302>	<http://purl.obolibrary.org/obo/BFO_0000050>	<http://purl.obolibrary.org/obo/XAO_0000012>
<http://purl.obolibrary.org/obo/XAO_0004593>	<http://purl.obolibrary.org/obo/xao#start_stage>	<http://purl.obolibrary.org/obo/XAO_1000047>
<http://purl.obolibrary.org/obo/XAO_0005308>	<http://purl.obolibrary.org/obo/xao#end_stage>	<http://purl.obolibrary.org/obo/XAO_0000437>
<http://purl.obolibrary.org/obo/XAO_0005292>	<http://purl.obolibrary.org/obo/xao#start_stage>	<http://purl.obolibrary.org/obo/XAO_1000044>
<http://purl.obolibrary.org/obo/XAO_0000085>	<http://purl.obolibrary.org/obo/xao#end_stage>	<http://purl.obolibrary.org/obo/XAO_1000078>
<http://purl.obolibrary.org/obo/XAO_0000166>	<http://purl.obolibrary.org/obo/xao#start_stage>	<http://purl.obolibrary.org/obo/XAO_1000047>
<http://purl.obolibrary.org/obo/XAO_0004080>	<http://purl.obolibrary.org/obo/xao#start_stage>	<http://purl.obolibrary.org/obo/XAO_1000038>
<http://purl.obolibrary.org/obo/XAO_0004367>	<http://purl.obolibrary.org/obo/xao#start_stage>	<http://purl.obolibrary.org/obo/XAO_1000052>
<http://purl.obolibrary.org/obo/XAO_0004234>	<http://purl.obolibrary.org/obo/xao#start_stage>	<http://purl.obolibrary.org/obo/XAO_1000044>
<http://purl.obolibrary.org/obo/XAO_0000443>	<http://purl.obolibrary.org/obo/RO_0002202>	<http://purl.obolibrary.org/obo/XAO_0000440>
<http://purl.obolibrary.org/obo/XAO_0004150>	<http://purl.obolibrary.org/obo/xao#start_stage>	<http://purl.obolibrary.org/obo/XAO_1000038>
<http://purl.obolibrary.org/obo/XAO_0003268>	<http://purl.obolibrary.org/obo/xao#end_stage>	<http://purl.obolibrary.org/obo/XAO_1000035>
<http://purl.obolibrary.org/obo/XAO_0000269>	<http://purl.obolibrary.org/obo/BFO_0000050>	<http://purl.obolibrary.org/obo/XAO_0000001>
<http://purl.obolibrary.org/obo/XAO_0004075>	<http://purl.obolibrary.org/obo/xao#start_stage>	<http://purl.obolibrary.org/obo/XAO_1000048>
<http://purl.obolibrary.org/obo/XAO_1000031>	<http://purl.obolibrary.org/obo/xao#preceded_by>	<http://purl.obolibrary.org/obo/XAO_1000030>
<http://purl.obolibrary.org/obo/XAO_0004391>	<http://purl.obolibrary.org/obo/xao#start_stage>	<http://purl.obolibrary.org/obo/XAO_1000050>
<http://purl.obolibrary.org/obo/XAO_0000338>	<http://purl.obolibrary.org/obo/RO_0002202>	<http://purl.obolibrary.org/obo/XAO_0000337>
<http://purl.obolibrary.org/obo/XAO_0005037>	<http://purl.obolibrary.org/obo/BFO_0000050>	<http://purl.obolibrary.org/obo/XAO_0000067>
<http://purl.obolibrary.org/obo/XAO_0003258>	<http://purl.obolibrary.org/obo/BFO_0000050>	<http://purl.obolibrary.org/obo/XAO_0000023>
<http://purl.obolibrary.org/obo/XAO_0005071>	<http://purl.obolibrary.org/obo/xao#start_stage>	<http://purl.obolibrary.org/obo/XAO_1000039>
<http://purl.obolibrary.org/obo/XAO_0004493>	<http://purl.obolibrary.org/obo/xao#end_stage>	<http://purl.obolibrary.org/obo/XAO_1000066>
<http://purl.obolibrary.org/obo/XAO_0004428>	<http://purl.obolibrary.org/obo/xao#start_stage>	<http://purl.obolibrary.org/obo/XAO_1000051>
<http://purl.obolibrary.org/obo/XAO_0000377>	<http://purl.obolibrary.org/obo/xao#start_stage>	<http://purl.obolibrary.org/obo/XAO_1000049>
<http://purl.obolibrary.org/obo/XAO_0004607>	<http://purl.obolibrary.org/obo/xao#start_stage>	<http://purl.obolibrary.org/obo/XAO_1000038>
<http://purl.obolibrary.org/obo/XAO_0000163>	<http://purl.obolibrary.org/obo/xao#end_stage>	<http://purl.obolibrary.org/obo/XAO_0000437>
<http://purl.obolibrary.org/obo/XAO_0000341>	<http://purl.obolibrary.org/obo/RO_0002202>	<http://purl.obolibrary.org/obo/XAO_0004190>
<http://purl.obolibrary.org/obo/XAO_0000135>	<http://purl.obolibrary.org/obo/RO_0002202>	<http://purl.obolibrary.org/obo/XAO_0000101>
<http://purl.obolibrary.org/obo/XAO_0003123>	<http://purl.obolibrary.org/obo/RO_0002202>	<http://purl.obolibrary.org/obo/XAO_0000412>
<http://purl.obolibrary.org/obo/XAO_0000048>	<http://purl.obolibrary.org/obo/BFO_0000050>	<http://purl.obolibrary.org/obo/XAO_0000042>
<http://purl.obolibrary.org/obo/XAO_0005425>	<http://purl.obolibrary.org/obo/xao#end_stage>	<http://purl.obolibrary.org/obo/XAO_1000056>
<http://purl.obolibrary.org/obo/XAO_0004051>	<http://purl.obolibrary.org/obo/xao#end_stage>	<http://purl.obolibrary.org/obo/XAO_0000437>
<http://purl.obolibrary.org/obo/XAO_0004173>	<http://purl.obolibrary.org/obo/BFO_0000050>	<http://purl.obolibrary.org/obo/XAO_0004152>
<http://purl.obolibrary.org/obo/XAO_0004252>	<http://purl.obolibrary.org/obo/xao#start_stage>	<http://purl.obolibrary.org/obo/XAO_1000067>
<http://purl.obolibrary.org/obo/XAO_0004581>	<http://purl.obolibrary.org/obo/xao#start_stage>	<http://purl.obolibrary.org/obo/XAO_1000038>
<http://purl.obolibrary.org/obo/XAO_0005024>	<http://purl.obolibrary.org/obo/xao#start_stage>	<http://purl.obolibrary.org/obo/XAO_1000039>
<http://purl.obolibrary.org/obo/XAO_0005269>	<http://purl.obolibrary.org/obo/xao#end_stage>	<http://purl.obolibrary.org/obo/XAO_0000437>
<http://purl.obolibrary.org/obo/XAO_0003119>	<http://purl.obolibrary.org/obo/xao#end_stage>	<http://purl.obolibrary.org/obo/XAO_1000059>
<http://purl.obolibrary.org/obo/XAO_1000023>	<http://purl.obolibrary.org/obo/BFO_0000050>	<http://purl.obolibrary.org/obo/XAO_1000006>
<http://purl.obolibrary.org/obo/XAO_0005502>	<http://purl.obolibrary.org/obo/xao#start_stage>	<http://purl.obolibrary.org/obo/XAO_1000023>
<http://purl.obolibrary.org/obo/XAO_0000086>	<http://purl.obolibrary.org/obo/xao#start_stage>	<http://purl.obolibrary.org/obo/XAO_1000049>
<http://purl.obolibrary.org/obo/XAO_0004020>	<http://purl.obolibrary.org/obo/xao#end_stage>	<http://purl.obolibrary.org/obo/XAO_0000437>
<http://purl.obolibrary.org/obo/XAO_0005156>	<http://purl.obolibrary.org/obo/BFO_0000050>	<http://purl.obolibrary.org/obo/XAO_0005129>
<http://purl.obolibrary.org/obo/XAO_0004404>	<http://purl.obolibrary.org/obo/xao#start_stage>	<http://purl.obolibrary.org/obo/XAO_1000023>
<http://purl.obolibrary.org/obo/XAO_0000283>	<http://purl.obolibrary.org/obo/BFO_0000050>	<http://purl.obolibrary.org/obo/XAO_0000179>
<http://purl.obolibrary.org/obo/XAO_0006029>	<http://purl.obolibrary.org/obo/xao#end_stage>	<http://purl.obolibrary.org/obo/XAO_0000437>
<http://purl.obolibrary.org/obo/XAO_0004389>	<http://purl.obolibrary.org/obo/xao#start_stage>	<http://purl.obolibrary.org/obo/XAO_1000050>
<http://purl.obolibrary.org/obo/XAO_0004269>	<http://purl.obolibrary.org/obo/xao#start_stage>	<http://purl.obolibrary.org/obo/XAO_1000044>
<http://purl.obolibrary.org/obo/XAO_0004587>	<http://purl.obolibrary.org/obo/xao#start_stage>	<http://purl.obolibrary.org/obo/XAO_1000065>
<http://purl.obolibrary.org/obo/XAO_0000363>	<http://purl.obolibrary.org/obo/xao#start_stage>	<http://purl.obolibrary.org/obo/XAO_1000053>
<http://purl.obolibrary.org/obo/XAO_0001011>	<http://purl.obolibrary.org/obo/xao#start_stage>	<http://purl.obolibrary.org/obo/XAO_1000042>
<http://purl.obolibrary.org/obo/XAO_0004308>	<http://purl.obolibrary.org/obo/BFO_0000050>	<http://purl.obolibrary.org/obo/XAO_0000177>
<http://purl.obolibrary.org/obo/XAO_0005026>	<http://purl.obolibrary.org/obo/xao#end_stage>	<http://purl.obolibrary.org/obo/XAO_1000037>
<http://purl.obolibrary.org/obo/XAO_0003121>	<http://purl.obolibrary.org/obo/RO_0002202>	<http://purl.obolibrary.org/obo/XAO_0000410>
<http://purl.obolibrary.org/obo/XAO_0004439>	<http://purl.obolibrary.org/obo/xao#start_stage>	<http://purl.obolibrary.org/obo/XAO_1000050>
<http://purl.obolibrary.org/obo/XAO_0003078>	<http://purl.obolibrary.org/obo/RO_0002202>	<http://purl.obolibrary.org/obo/XAO_0000418>
<http://purl.obolibrary.org/obo/XAO_0004006>	<http://purl.obolibrary.org/obo/xao#start_stage>	<http://purl.obolibrary.org/obo/XAO_1000020>
<http://purl.obolibrary.org/obo/XAO_0000156>	<http://purl.obolibrary.org/obo/xao#end_stage>	<http://purl.obolibrary.org/obo/XAO_0000437>
<http://purl.obolibrary.org/obo/XAO_0004591>	<http://purl.obolibrary.org/obo/xao#end_stage>	<http://purl.obolibrary.org/obo/XAO_0000437>
<http://purl.obolibrary.org/obo/XAO_0005034>	<http://purl.obolibrary.org/obo/xao#end_stage>	<http://purl.obolibrary.org/obo/XAO_0000437>
<http://purl.obolibrary.org/obo/XAO_0004069>	<http://purl.obolibrary.org/obo/RO_0002202>	<http://purl.obolibrary.org/obo/XAO_0000048>
<http://purl.obolibrary.org/obo/XAO_0004374>	<http://purl.obolibrary.org/obo/BFO_0000050>	<http://purl.obolibrary.org/obo/XAO_0003059>
<http://purl.obolibrary.org/obo/XAO_0000364>	<http://purl.obolibrary.org/obo/xao#end_stage>	<http://purl.obolibrary.org/obo/XAO_1000078>
<http://purl.obolibrary.org/obo/XAO_0005001>	<http://purl.obolibrary.org/obo/xao#start_stage>	<http://purl.obolibrary.org/obo/XAO_1000057>
<http://purl.obolibrary.org/obo/XAO_0003097>	<http://purl.obolibrary.org/obo/RO_0002202>	<http://purl.obolibrary.org/obo/XAO_0000284>
<http://purl.obolibrary.org/obo/XAO_0005043>	<http://purl.obolibrary.org/obo/BFO_0000050>	<http://purl.obolibrary.org/obo/XAO_0000174>
<http://purl.obolibrary.org/obo/XAO_0000141>	<http://purl.obolibrary.org/obo/BFO_0000050>	<http://purl.obolibrary.org/obo/XAO_0003025>
<http://purl.obolibrary.org/obo/XAO_0003242>	<http://purl.obolibrary.org/obo/xao#start_stage>	<http://purl.obolibrary.org/obo/XAO_1000017>
<http://purl.obolibrary.org/obo/XAO_0006025>	<http://purl.obolibrary.org/obo/xao#start_stage>	<http://purl.obolibrary.org/obo/XAO_1000052>
<http://purl.obolibrary.org/obo/XAO_0004058>	<http://purl.obolibrary.org/obo/xao#start_stage>	<http://purl.obolibrary.org/obo/XAO_1000046>
<http://purl.obolibrary.org/obo/XAO_0005133>	<http://purl.obolibrary.org/obo/xao#start_stage>	<http://purl.obolibrary.org/obo/XAO_1000038>
<http://purl.obolibrary.org/obo/XAO_0005100>	<http://purl.obolibrary.org/obo/xao#start_stage>	<http://purl.obolibrary.org/obo/XAO_1000016>
<http://purl.obolibrary.org/obo/XAO_0003105>	<http://purl.obolibrary.org/obo/xao#end_stage>	<http://purl.obolibrary.org/obo/XAO_1000045>
<http://purl.obolibrary.org/obo/XAO_0004118>	<http://purl.obolibrary.org/obo/xao#end_stage>	<http://purl.obolibrary.org/obo/XAO_1000087>
<http://purl.obolibrary.org/obo/XAO_0000310>	<http://purl.obolibrary.org/obo/BFO_0000050>	<http://purl.obolibrary.org/obo/XAO_0000045>
<http://purl.obolibrary.org/obo/XAO_0005320>	<http://purl.obolibrary.org/obo/xao#start_stage>	<http://purl.obolibrary.org/obo/XAO_1000049>
<http://purl.obolibrary.org/obo/XAO_0004422>	<http://purl.obolibrary.org/obo/RO_0002202>	<http://purl.obolibrary.org/obo/XAO_0004223>
<http://purl.obolibrary.org/obo/XAO_0000271>	<http://purl.obolibrary.org/obo/xao#end_stage>	<http://purl.obolibrary.org/obo/XAO_1000056>
<http://purl.obolibrary.org/obo/XAO_0000142>	<http://purl.obolibrary.org/obo/RO_0002202>	<http://purl.obolibrary.org/obo/XAO_0000018>
<http://purl.obolibrary.org/obo/XAO_0000336>	<http://purl.obolibrary.org/obo/xao#start_stage>	<http://purl.obolibrary.org/obo/XAO_1000035>
<http://purl.obolibrary.org/obo/XAO_0000314>	<http://purl.obolibrary.org/obo/xao#end_stage>	<http://purl.obolibrary.org/obo/XAO_1000059>
<http://purl.obolibrary.org/obo/XAO_0000375>	<http://purl.obolibrary.org/obo/xao#start_stage>	<http://purl.obolibrary.org/obo/XAO_1000049>
<http://purl.obolibrary.org/obo/XAO_0004198>	<http://purl.obolibrary.org/obo/xao#end_stage>	<http://purl.obolibrary.org/obo/XAO_0000437>
<http://purl.obolibrary.org/obo/XAO_0004460>	<http://purl.obolibrary.org/obo/BFO_0000050>	<http://purl.obolibrary.org/obo/XAO_0004529>
<http://purl.obolibrary.org/obo/XAO_0000382>	<http://purl.obolibrary.org/obo/xao#start_stage>	<http://purl.obolibrary.org/obo/XAO_1000055>
<http://purl.obolibrary.org/obo/XAO_0004336>	<http://purl.obolibrary.org/obo/RO_0002202>	<http://purl.obolibrary.org/obo/XAO_0004433>
<http://purl.obolibrary.org/obo/XAO_0000422>	<http://purl.obolibrary.org/obo/xao#start_stage>	<http://purl.obolibrary.org/obo/XAO_1000042>
<http://purl.obolibrary.org/obo/XAO_0005125>	<http://purl.obolibrary.org/obo/xao#start_stage>	<http://purl.obolibrary.org/obo/XAO_1000036>
<http://purl.obolibrary.org/obo/XAO_0003208>	<http://purl.obolibrary.org/obo/xao#end_stage>	<http://purl.obolibrary.org/obo/XAO_0000437>
<http://purl.obolibrary.org/obo/XAO_0005022>	<http://purl.obolibrary.org/obo/xao#end_stage>	<http://purl.obolibrary.org/obo/XAO_0000437>
<http://purl.obolibrary.org/obo/XAO_0000005>	<http://purl.obolibrary.org/obo/RO_0002202>	<http://purl.obolibrary.org/obo/XAO_0004209>
<http://purl.obolibrary.org/obo/XAO_0000026>	<http://purl.obolibrary.org/obo/xao#end_stage>	<http://purl.obolibrary.org/obo/XAO_1000056>
<http://purl.obolibrary.org/obo/XAO_0003265>	<http://purl.obolibrary.org/obo/xao#start_stage>	<http://purl.obolibrary.org/obo/XAO_1000020>
<http://purl.obolibrary.org/obo/XAO_0004078>	<http://purl.obolibrary.org/obo/xao#end_stage>	<http://purl.obolibrary.org/obo/XAO_1000059>
<http://purl.obolibrary.org/obo/XAO_0000049>	<http://purl.obolibrary.org/obo/xao#start_stage>	<http://purl.obolibrary.org/obo/XAO_1000023>
<http://purl.obolibrary.org/obo/XAO_0000181>	<http://purl.obolibrary.org/obo/BFO_0000050>	<http://purl.obolibrary.org/obo/XAO_0000179>
<http://purl.obolibrary.org/obo/XAO_0006031>	<http://purl.obolibrary.org/obo/xao#start_stage>	<http://purl.obolibrary.org/obo/XAO_1000027>
<http://purl.obolibrary.org/obo/XAO_0003228>	<http://purl.obolibrary.org/obo/BFO_0000050>	<http://purl.obolibrary.org/obo/XAO_0003230>
<http://purl.obolibrary.org/obo/XAO_0005314>	<http://purl.obolibrary.org/obo/xao#start_stage>	<http://purl.obolibrary.org/obo/XAO_1000057>
<http://purl.obolibrary.org/obo/XAO_0005052>	<http://purl.obolibrary.org/obo/BFO_0000050>	<http://purl.obolibrary.org/obo/XAO_0003100>
<http://purl.obolibrary.org/obo/XAO_0004248>	<http://purl.obolibrary.org/obo/BFO_0000050>	<http://purl.obolibrary.org/obo/XAO_0004423>
<http://purl.obolibrary.org/obo/XAO_0004408>	<http://purl.obolibrary.org/obo/xao#end_stage>	<http://purl.obolibrary.org/obo/XAO_1000068>
<http://purl.obolibrary.org/obo/XAO_0005221>	<http://purl.obolibrary.org/obo/xao#end_stage>	<http://purl.obolibrary.org/obo/XAO_0000437>
<http://purl.obolibrary.org/obo/XAO_0006010>	<http://purl.obolibrary.org/obo/BFO_0000050>	<http://purl.obolibrary.org/obo/XAO_0006009>
<http://purl.obolibrary.org/obo/XAO_0000361>	<http://purl.obolibrary.org/obo/xao#start_stage>	<http://purl.obolibrary.org/obo/XAO_1000061>
<http://purl.obolibrary.org/obo/XAO_0005036>	<http://purl.obolibrary.org/obo/xao#start_stage>	<http://purl.obolibrary.org/obo/XAO_1000039>
<http://purl.obolibrary.org/obo/XAO_0004219>	<http://purl.obolibrary.org/obo/xao#start_stage>	<http://purl.obolibrary.org/obo/XAO_1000052>
<http://purl.obolibrary.org/obo/XAO_0004477>	<http://purl.obolibrary.org/obo/xao#start_stage>	<http://purl.obolibrary.org/obo/XAO_1000043>
<http://purl.obolibrary.org/obo/XAO_1000026>	<http://purl.obolibrary.org/obo/BFO_0000050>	<http://purl.obolibrary.org/obo/XAO_1000006>
<http://purl.obolibrary.org/obo/XAO_0003039>	<http://purl.obolibrary.org/obo/BFO_0000050>	<http://purl.obolibrary.org/obo/XAO_0003041>
<http://purl.obolibrary.org/obo/XAO_0001013>	<http://purl.obolibrary.org/obo/xao#start_stage>	<http://purl.obolibrary.org/obo/XAO_1000052>
<http://purl.obolibrary.org/obo/XAO_0004086>	<http://purl.obolibrary.org/obo/xao#end_stage>	<http://purl.obolibrary.org/obo/XAO_1000038>
<http://purl.obolibrary.org/obo/XAO_0000305>	<http://purl.obolibrary.org/obo/xao#start_stage>	<http://purl.obolibrary.org/obo/XAO_1000023>
<http://purl.obolibrary.org/obo/XAO_0003048>	<http://purl.obolibrary.org/obo/xao#end_stage>	<http://purl.obolibrary.org/obo/XAO_0000437>
<http://purl.obolibrary.org/obo/XAO_0005037>	<http://purl.obolibrary.org/obo/RO_0002202>	<http://purl.obolibrary.org/obo/XAO_0003055>
<http://purl.obolibrary.org/obo/XAO_0005082>	<http://purl.obolibrary.org/obo/xao#start_stage>	<http://purl.obolibrary.org/obo/XAO_1000083>
<http://purl.obolibrary.org/obo/XAO_0000138>	<http://purl.obolibrary.org/obo/xao#start_stage>	<http://purl.obolibrary.org/obo/XAO_1000053>
<http://purl.obolibrary.org/obo/XAO_0003029>	<http://purl.obolibrary.org/obo/RO_0002202>	<http://purl.obolibrary.org/obo/XAO_0000269>
<http://purl.obolibrary.org/obo/XAO_0004056>	<http://purl.obolibrary.org/obo/xao#end_stage>	<http://purl.obolibrary.org/obo/XAO_1000068>
<http://purl.obolibrary.org/obo/XAO_0004456>	<http://purl.obolibrary.org/obo/xao#end_stage>	<http://purl.obolibrary.org/obo/XAO_1000037>
<http://purl.obolibrary.org/obo/XAO_0000454>	<http://purl.obolibrary.org/obo/RO_0002202>	<http://purl.obolibrary.org/obo/XAO_0000101>
<http://purl.obolibrary.org/obo/XAO_0004530>	<http://purl.obolibrary.org/obo/xao#start_stage>	<http://purl.obolibrary.org/obo/XAO_1000042>
<http://purl.obolibrary.org/obo/XAO_0005170>	<http://purl.obolibrary.org/obo/xao#start_stage>	<http://purl.obolibrary.org/obo/XAO_1000027>
<http://purl.obolibrary.org/obo/XAO_0000236>	<http://purl.obolibrary.org/obo/xao#start_stage>	<http://purl.obolibrary.org/obo/XAO_1000053>
<http://purl.obolibrary.org/obo/XAO_0003074>	<http://purl.obolibrary.org/obo/xao#end_stage>	<http://purl.obolibrary.org/obo/XAO_0000437>
<http://purl.obolibrary.org/obo/XAO_0005028>	<http://purl.obolibrary.org/obo/xao#end_stage>	<http://purl.obolibrary.org/obo/XAO_0000437>
<http://purl.obolibrary.org/obo/XAO_0003123>	<http://purl.obolibrary.org/obo/xao#end_stage>	<http://purl.obolibrary.org/obo/XAO_1000059>
<http://purl.obolibrary.org/obo/XAO_0004194>	<http://purl.obolibrary.org/obo/xao#start_stage>	<http://purl.obolibrary.org/obo/XAO_1000057>
<http://purl.obolibrary.org/obo/XAO_0004153>	<http://purl.obolibrary.org/obo/xao#end_stage>	<http://purl.obolibrary.org/obo/XAO_0000437>
<http://purl.obolibrary.org/obo/XAO_0004513>	<http://purl.obolibrary.org/obo/xao#end_stage>	<http://purl.obolibrary.org/obo/XAO_1000051>
<http://purl.obolibrary.org/obo/XAO_0000206>	<http://purl.obolibrary.org/obo/xao#start_stage>	<http://purl.obolibrary.org/obo/XAO_1000017>
<http://purl.obolibrary.org/obo/XAO_0005087>	<http://purl.obolibrary.org/obo/xao#start_stage>	<http://purl.obolibrary.org/obo/XAO_1000014>
<http://purl.obolibrary.org/obo/XAO_0003024>	<http://purl.obolibrary.org/obo/xao#end_stage>	<http://purl.obolibrary.org/obo/XAO_0000437>
<http://purl.obolibrary.org/obo/XAO_0004233>	<http://purl.obolibrary.org/obo/xao#end_stage>	<http://purl.obolibrary.org/obo/XAO_0000437>
<http://purl.obolibrary.org/obo/XAO_0005162>	<http://purl.obolibrary.org/obo/BFO_0000050>	<http://purl.obolibrary.org/obo/XAO_0003176>
<http://purl.obolibrary.org/obo/XAO_0000158>	<http://purl.obolibrary.org/obo/xao#end_stage>	<http://purl.obolibrary.org/obo/XAO_0000437>
<http://purl.obolibrary.org/obo/XAO_1000044>	<http://purl.obolibrary.org/obo/xao#preceded_by>	<http://purl.obolibrary.org/obo/XAO_1000043>
<http://purl.obolibrary.org/obo/XAO_0000313>	<http://purl.obolibrary.org/obo/BFO_0000050>	<http://purl.obolibrary.org/obo/XAO_0000040>
<http://purl.obolibrary.org/obo/XAO_0004075>	<http://purl.obolibrary.org/obo/BFO_0000050>	<http://purl.obolibrary.org/obo/XAO_0001010>
<http://purl.obolibrary.org/obo/XAO_0000123>	<http://purl.obolibrary.org/obo/xao#end_stage>	<http://purl.obolibrary.org/obo/XAO_0000437>
<http://purl.obolibrary.org/obo/XAO_0005266>	<http://purl.obolibrary.org/obo/BFO_0000050>	<http://purl.obolibrary.org/obo/XAO_0000124>
<http://purl.obolibrary.org/obo/XAO_0000415>	<http://purl.obolibrary.org/obo/BFO_0000050>	<http://purl.obolibrary.org/obo/XAO_0000055>
<http://purl.obolibrary.org/obo/XAO_0004038>	<http://purl.obolibrary.org/obo/xao#start_stage>	<http://purl.obolibrary.org/obo/XAO_1000040>
<http://purl.obolibrary.org/obo/XAO_0004294>	<http://purl.obolibrary.org/obo/xao#start_stage>	<http://purl.obolibrary.org/obo/XAO_1000067>
<http://purl.obolibrary.org/obo/XAO_0003233>	<http://purl.obolibrary.org/obo/BFO_0000050>	<http://purl.obolibrary.org/obo/XAO_0000136>
<http://purl.obolibrary.org/obo/XAO_0004096>	<http://purl.obolibrary.org/obo/xao#end_stage>	<http://purl.obolibrary.org/obo/XAO_0000437>
<http://purl.obolibrary.org/obo/XAO_1000006>	<http://purl.obolibrary.org/obo/xao#preceded_by>	<http://purl.obolibrary.org/obo/XAO_1000005>
<http://purl.obolibrary.org/obo/XAO_0004202>	<http://purl.obolibrary.org/obo/xao#start_stage>	<http://purl.obolibrary.org/obo/XAO_1000072>
<http://purl.obolibrary.org/obo/XAO_0000396>	<http://purl.obolibrary.org/obo/xao#start_stage>	<http://purl.obolibrary.org/obo/XAO_1000027>
<http://purl.obolibrary.org/obo/XAO_0000257>	<http://purl.obolibrary.org/obo/xao#start_stage>	<http://purl.obolibrary.org/obo/XAO_1000036>
<http://purl.obolibrary.org/obo/XAO_0004553>	<http://purl.obolibrary.org/obo/xao#start_stage>	<http://purl.obolibrary.org/obo/XAO_1000038>
<http://purl.obolibrary.org/obo/XAO_0006055>	<http://purl.obolibrary.org/obo/xao#start_stage>	<http://purl.obolibrary.org/obo/XAO_1000039>
<http://purl.obolibrary.org/obo/XAO_0004476>	<http://purl.obolibrary.org/obo/xao#end_stage>	<http://purl.obolibrary.org/obo/XAO_0000437>
<http://purl.obolibrary.org/obo/XAO_0000465>	<http://purl.obolibrary.org/obo/xao#start_stage>	<http://purl.obolibrary.org/obo/XAO_1000056>
<http://purl.obolibrary.org/obo/XAO_0000291>	<http://purl.obolibrary.org/obo/xao#end_stage>	<http://purl.obolibrary.org/obo/XAO_0000437>
<http://purl.obolibrary.org/obo/XAO_0005107>	<http://purl.obolibrary.org/obo/RO_0002202>	<http://purl.obolibrary.org/obo/XAO_0005093>
<http://purl.obolibrary.org/obo/XAO_0003240>	<http://purl.obolibrary.org/obo/xao#start_stage>	<http://purl.obolibrary.org/obo/XAO_1000036>
<http://purl.obolibrary.org/obo/XAO_0003143>	<http://purl.obolibrary.org/obo/xao#start_stage>	<http://purl.obolibrary.org/obo/XAO_1000042>
<http://purl.obolibrary.org/obo/XAO_0000107>	<http://purl.obolibrary.org/obo/BFO_0000050>	<http://purl.obolibrary.org/obo/XAO_0000087>
<http://purl.obolibrary.org/obo/XAO_0005294>	<http://purl.obolibrary.org/obo/BFO_0000050>	<http://purl.obolibrary.org/obo/XAO_0003092>
<http://purl.obolibrary.org/obo/XAO_0000130>	<http://purl.obolibrary.org/obo/BFO_0000050>	<http://purl.obolibrary.org/obo/XAO_0000129>
<http://purl.obolibrary.org/obo/XAO_0000034>	<http://purl.obolibrary.org/obo/xao#end_stage>	<http://purl.obolibrary.org/obo/XAO_1000049>
<http://purl.obolibrary.org/obo/XAO_0000062>	<http://purl.obolibrary.org/obo/xao#start_stage>	<http://purl.obolibrary.org/obo/XAO_1000045>
<http://purl.obolibrary.org/obo/XAO_0004188>	<http://purl.obolibrary.org/obo/BFO_0000050>	<http://purl.obolibrary.org/obo/XAO_0000026>
<http://purl.obolibrary.org/obo/XAO_0005244>	<http://purl.obolibrary.org/obo/xao#start_stage>	<http://purl.obolibrary.org/obo/XAO_1000051>
<http://purl.obolibrary.org/obo/XAO_0005111>	<http://purl.obolibrary.org/obo/xao#end_stage>	<http://purl.obolibrary.org/obo/XAO_1000016>
<http://purl.obolibrary.org/obo/XAO_0004596>	<http://purl.obolibrary.org/obo/xao#end_stage>	<http://purl.obolibrary.org/obo/XAO_0000437>
<http://purl.obolibrary.org/obo/XAO_0005296>	<http://purl.obolibrary.org/obo/xao#start_stage>	<http://purl.obolibrary.org/obo/XAO_1000083>
<http://purl.obolibrary.org/obo/XAO_0000051>	<http://purl.obolibrary.org/obo/xao#end_stage>	<http://purl.obolibrary.org/obo/XAO_0000437>
<http://purl.obolibrary.org/obo/XAO_0005251>	<http://purl.obolibrary.org/obo/xao#end_stage>	<http://purl.obolibrary.org/obo/XAO_1000056>
<http://purl.obolibrary.org/obo/XAO_0004084>	<http://purl.obolibrary.org/obo/xao#end_stage>	<http://purl.obolibrary.org/obo/XAO_1000056>
<http://purl.obolibrary.org/obo/XAO_0006030>	<http://purl.obolibrary.org/obo/BFO_0000050>	<http://purl.obolibrary.org/obo/XAO_0000122>
<http://purl.obolibrary.org/obo/XAO_0004458>	<http://purl.obolibrary.org/obo/xao#end_stage>	<http://purl.obolibrary.org/obo/XAO_0000437>
<http://purl.obolibrary.org/obo/XAO_0000242>	<http://purl.obolibrary.org/obo/BFO_0000050>	<http://purl.obolibrary.org/obo/XAO_0000141>
<http://purl.obolibrary.org/obo/XAO_0000271>	<http://purl.obolibrary.org/obo/BFO_0000050>	<http://purl.obolibrary.org/obo/XAO_0000311>
<http://purl.obolibrary.org/obo/XAO_0000418>	<http://purl.obolibrary.org/obo/xao#end_stage>	<http://purl.obolibrary.org/obo/XAO_1000059>
<http://purl.obolibrary.org/obo/XAO_0004361>	<http://purl.obolibrary.org/obo/BFO_0000050>	<http://purl.obolibrary.org/obo/XAO_0003059>
<http://purl.obolibrary.org/obo/XAO_0004226>	<http://purl.obolibrary.org/obo/xao#start_stage>	<http://purl.obolibrary.org/obo/XAO_1000025>
<http://purl.obolibrary.org/obo/XAO_0004427>	<http://purl.obolibrary.org/obo/xao#end_stage>	<http://purl.obolibrary.org/obo/XAO_1000050>
<http://purl.obolibrary.org/obo/XAO_0005226>	<http://purl.obolibrary.org/obo/xao#start_stage>	<http://purl.obolibrary.org/obo/XAO_1000035>
<http://purl.obolibrary.org/obo/XAO_0000452>	<http://purl.obolibrary.org/obo/RO_0002202>	<http://purl.obolibrary.org/obo/XAO_0000453>
<http://purl.obolibrary.org/obo/XAO_0000015>	<http://purl.obolibrary.org/obo/BFO_0000050>	<http://purl.obolibrary.org/obo/XAO_0000010>
<http://purl.obolibrary.org/obo/XAO_1000035>	<http://purl.obolibrary.org/obo/BFO_0000050>	<http://purl.obolibrary.org/obo/XAO_1000006>
<http://purl.obolibrary.org/obo/XAO_0004394>	<http://purl.obolibrary.org/obo/BFO_0000050>	<http://purl.obolibrary.org/obo/XAO_0003024>
<http://purl.obolibrary.org/obo/XAO_0004511>	<http://purl.obolibrary.org/obo/xao#start_stage>	<http://purl.obolibrary.org/obo/XAO_1000026>
<http://purl.obolibrary.org/obo/XAO_0000245>	<http://purl.obolibrary.org/obo/xao#start_stage>	<http://purl.obolibrary.org/obo/XAO_1000083>
<http://purl.obolibrary.org/obo/XAO_0004520>	<http://purl.obolibrary.org/obo/xao#start_stage>	<http://purl.obolibrary.org/obo/XAO_1000045>
<http://purl.obolibrary.org/obo/XAO_0003088>	<http://purl.obolibrary.org/obo/BFO_0000050>	<http://purl.obolibrary.org/obo/XAO_0000157>
<http://purl.obolibrary.org/obo/XAO_0004496>	<http://purl.obolibrary.org/obo/BFO_0000050>	<http://purl.obolibrary.org/obo/XAO_0003064>
<http://purl.obolibrary.org/obo/XAO_0000225>	<http://purl.obolibrary.org/obo/RO_0002202>	<http://purl.obolibrary.org/obo/XAO_0000187>
<http://purl.obolibrary.org/obo/XAO_0005268>	<http://purl.obolibrary.org/obo/RO_0002202>	<http://purl.obolibrary.org/obo/XAO_0003055>
<http://purl.obolibrary.org/obo/XAO_0003205>	<http://purl.obolibrary.org/obo/xao#end_stage>	<http://purl.obolibrary.org/obo/XAO_0000437>
<http://purl.obolibrary.org/obo/XAO_0003166>	<http://purl.obolibrary.org/obo/xao#end_stage>	<http://purl.obolibrary.org/obo/XAO_0000437>
<http://purl.obolibrary.org/obo/XAO_0004175>	<http://purl.obolibrary.org/obo/xao#start_stage>	<http://purl.obolibrary.org/obo/XAO_1000053>
<http://purl.obolibrary.org/obo/XAO_0004584>	<http://purl.obolibrary.org/obo/xao#end_stage>	<http://purl.obolibrary.org/obo/XAO_0000437>
<http://purl.obolibrary.org/obo/XAO_0005103>	<http://purl.obolibrary.org/obo/RO_0002202>	<http://purl.obolibrary.org/obo/XAO_0005091>
<http://purl.obolibrary.org/obo/XAO_0005195>	<http://purl.obolibrary.org/obo/RO_0002202>	<http://purl.obolibrary.org/obo/XAO_0000048>
<http://purl.obolibrary.org/obo/XAO_0004310>	<http://purl.obolibrary.org/obo/xao#end_stage>	<http://purl.obolibrary.org/obo/XAO_0000437>
<http://purl.obolibrary.org/obo/XAO_0004184>	<http://purl.obolibrary.org/obo/xao#start_stage>	<http://purl.obolibrary.org/obo/XAO_1000043>
<http://purl.obolibrary.org/obo/XAO_0005282>	<http://purl.obolibrary.org/obo/xao#start_stage>	<http://purl.obolibrary.org/obo/XAO_1000085>
<http://purl.obolibrary.org/obo/XAO_0005240>	<http://purl.obolibrary.org/obo/BFO_0000050>	<http://purl.obolibrary.org/obo/XAO_0004109>
<http://purl.obolibrary.org/obo/XAO_0000252>	<http://purl.obolibrary.org/obo/xao#end_stage>	<http://purl.obolibrary.org/obo/XAO_0000437>
<http://purl.obolibrary.org/obo/XAO_0005158>	<http://purl.obolibrary.org/obo/RO_0002202>	<http://purl.obolibrary.org/obo/XAO_0005130>
<http://purl.obolibrary.org/obo/XAO_0000208>	<http://purl.obolibrary.org/obo/RO_0002202>	<http://purl.obolibrary.org/obo/XAO_0000281>
<http://purl.obolibrary.org/obo/XAO_1000057>	<http://purl.obolibrary.org/obo/BFO_0000050>	<http://purl.obolibrary.org/obo/XAO_1000089>
<http://purl.obolibrary.org/obo/XAO_0000285>	<http://purl.obolibrary.org/obo/xao#end_stage>	<http://purl.obolibrary.org/obo/XAO_1000076>
<http://purl.obolibrary.org/obo/XAO_0000444>	<http://purl.obolibrary.org/obo/xao#start_stage>	<http://purl.obolibrary.org/obo/XAO_1000048>
<http://purl.obolibrary.org/obo/XAO_0004127>	<http://purl.obolibrary.org/obo/RO_0002202>	<http://purl.obolibrary.org/obo/XAO_0004444>
<http://purl.obolibrary.org/obo/XAO_0004345>	<http://purl.obolibrary.org/obo/xao#start_stage>	<http://purl.obolibrary.org/obo/XAO_1000054>
<http://purl.obolibrary.org/obo/XAO_0004491>	<http://purl.obolibrary.org/obo/xao#end_stage>	<http://purl.obolibrary.org/obo/XAO_1000067>
<http://purl.obolibrary.org/obo/XAO_0004216>	<http://purl.obolibrary.org/obo/RO_0002202>	<http://purl.obolibrary.org/obo/XAO_0000318>
<http://purl.obolibrary.org/obo/XAO_0000341>	<http://purl.obolibrary.org/obo/RO_0002202>	<http://purl.obolibrary.org/obo/XAO_0000340>
<http://purl.obolibrary.org/obo/XAO_0004567>	<http://purl.obolibrary.org/obo/xao#start_stage>	<http://purl.obolibrary.org/obo/XAO_1000049>
<http://purl.obolibrary.org/obo/XAO_0000046>	<http://purl.obolibrary.org/obo/xao#start_stage>	<http://purl.obolibrary.org/obo/XAO_1000023>
<http://purl.obolibrary.org/obo/XAO_0004225>	<http://purl.obolibrary.org/obo/BFO_0000050>	<http://purl.obolibrary.org/obo/XAO_0003045>
<http://purl.obolibrary.org/obo/XAO_0003044>	<http://purl.obolibrary.org/obo/xao#end_stage>	<http://purl.obolibrary.org/obo/XAO_1000078>
<http://purl.obolibrary.org/obo/XAO_0005124>	<http://purl.obolibrary.org/obo/BFO_0000050>	<http://purl.obolibrary.org/obo/XAO_0005140>
<http://purl.obolibrary.org/obo/XAO_0000108>	<http://purl.obolibrary.org/obo/xao#start_stage>	<http://purl.obolibrary.org/obo/XAO_1000041>
<http://purl.obolibrary.org/obo/XAO_0000220>	<http://purl.obolibrary.org/obo/RO_0002202>	<http://purl.obolibrary.org/obo/XAO_0000421>
<http://purl.obolibrary.org/obo/XAO_0004164>	<http://purl.obolibrary.org/obo/RO_0002202>	<http://purl.obolibrary.org/obo/XAO_0000241>
<http://purl.obolibrary.org/obo/XAO_0004019>	<http://purl.obolibrary.org/obo/xao#end_stage>	<http://purl.obolibrary.org/obo/XAO_0000437>
<http://purl.obolibrary.org/obo/XAO_0005045>	<http://purl.obolibrary.org/obo/xao#end_stage>	<http://purl.obolibrary.org/obo/XAO_1000078>
<http://purl.obolibrary.org/obo/XAO_0000143>	<http://purl.obolibrary.org/obo/xao#start_stage>	<http://purl.obolibrary.org/obo/XAO_1000044>
<http://purl.obolibrary.org/obo/XAO_0003033>	<http://purl.obolibrary.org/obo/xao#start_stage>	<http://purl.obolibrary.org/obo/XAO_1000070>
<http://purl.obolibrary.org/obo/XAO_0000063>	<http://purl.obolibrary.org/obo/xao#start_stage>	<http://purl.obolibrary.org/obo/XAO_1000044>
<http://purl.obolibrary.org/obo/XAO_0004061>	<http://purl.obolibrary.org/obo/xao#start_stage>	<http://purl.obolibrary.org/obo/XAO_1000043>
<http://purl.obolibrary.org/obo/XAO_0000313>	<http://purl.obolibrary.org/obo/xao#end_stage>	<http://purl.obolibrary.org/obo/XAO_1000051>
<http://purl.obolibrary.org/obo/XAO_0000193>	<http://purl.obolibrary.org/obo/BFO_0000050>	<http://purl.obolibrary.org/obo/XAO_0000192>
<http://purl.obolibrary.org/obo/XAO_0004200>	<http://purl.obolibrary.org/obo/xao#end_stage>	<http://purl.obolibrary.org/obo/XAO_0000437>
<http://purl.obolibrary.org/obo/XAO_0004109>	<http://purl.obolibrary.org/obo/xao#end_stage>	<http://purl.obolibrary.org/obo/XAO_0000437>
<http://purl.obolibrary.org/obo/XAO_0000189>	<http://purl.obolibrary.org/obo/xao#start_stage>	<http://purl.obolibrary.org/obo/XAO_1000055>
<http://purl.obolibrary.org/obo/XAO_0006004>	<http://purl.obolibrary.org/obo/BFO_0000050>	<http://purl.obolibrary.org/obo/XAO_0003023>
<http://purl.obolibrary.org/obo/XAO_0004238>	<http://purl.obolibrary.org/obo/xao#start_stage>	<http://purl.obolibrary.org/obo/XAO_1000063>
<http://purl.obolibrary.org/obo/XAO_0005166>	<http://purl.obolibrary.org/obo/xao#end_stage>	<http://purl.obolibrary.org/obo/XAO_0000437>
<http://purl.obolibrary.org/obo/XAO_0000094>	<http://purl.obolibrary.org/obo/RO_0002202>	<http://purl.obolibrary.org/obo/XAO_0000083>
<http://purl.obolibrary.org/obo/XAO_0000388>	<http://purl.obolibrary.org/obo/RO_0002202>	<http://purl.obolibrary.org/obo/XAO_0000387>
<http://purl.obolibrary.org/obo/XAO_0000282>	<http://purl.obolibrary.org/obo/BFO_0000050>	<http://purl.obolibrary.org/obo/XAO_0004261>
<http://purl.obolibrary.org/obo/XAO_0003269>	<http://purl.obolibrary.org/obo/xao#end_stage>	<http://purl.obolibrary.org/obo/XAO_0000437>
<http://purl.obolibrary.org/obo/XAO_0004278>	<http://purl.obolibrary.org/obo/xao#end_stage>	<http://purl.obolibrary.org/obo/XAO_0000437>
<http://purl.obolibrary.org/obo/XAO_0004337>	<http://purl.obolibrary.org/obo/xao#start_stage>	<http://purl.obolibrary.org/obo/XAO_1000053>
<http://purl.obolibrary.org/obo/XAO_0004283>	<http://purl.obolibrary.org/obo/xao#end_stage>	<http://purl.obolibrary.org/obo/XAO_0000437>
<http://purl.obolibrary.org/obo/XAO_0000395>	<http://purl.obolibrary.org/obo/xao#start_stage>	<http://purl.obolibrary.org/obo/XAO_1000054>
<http://purl.obolibrary.org/obo/XAO_0004371>	<http://purl.obolibrary.org/obo/xao#start_stage>	<http://purl.obolibrary.org/obo/XAO_1000052>
<http://purl.obolibrary.org/obo/XAO_0004211>	<http://purl.obolibrary.org/obo/xao#start_stage>	<http://purl.obolibrary.org/obo/XAO_1000044>
<http://purl.obolibrary.org/obo/XAO_0000369>	<http://purl.obolibrary.org/obo/xao#end_stage>	<http://purl.obolibrary.org/obo/XAO_0000437>
<http://purl.obolibrary.org/obo/XAO_1000015>	<http://purl.obolibrary.org/obo/xao#preceded_by>	<http://purl.obolibrary.org/obo/XAO_1000014>
<http://purl.obolibrary.org/obo/XAO_0000261>	<http://purl.obolibrary.org/obo/xao#end_stage>	<http://purl.obolibrary.org/obo/XAO_1000047>
<http://purl.obolibrary.org/obo/XAO_0000205>	<http://purl.obolibrary.org/obo/RO_0002202>	<http://purl.obolibrary.org/obo/XAO_0004406>
<http://purl.obolibrary.org/obo/XAO_0000407>	<http://purl.obolibrary.org/obo/xao#end_stage>	<http://purl.obolibrary.org/obo/XAO_1000059>
<http://purl.obolibrary.org/obo/XAO_0003210>	<http://purl.obolibrary.org/obo/xao#start_stage>	<http://purl.obolibrary.org/obo/XAO_1000068>
<http://purl.obolibrary.org/obo/XAO_0003016>	<http://purl.obolibrary.org/obo/xao#start_stage>	<http://purl.obolibrary.org/obo/XAO_1000011>
<http://purl.obolibrary.org/obo/XAO_0004595>	<http://purl.obolibrary.org/obo/xao#end_stage>	<http://purl.obolibrary.org/obo/XAO_0000437>
<http://purl.obolibrary.org/obo/XAO_0003102>	<http://purl.obolibrary.org/obo/xao#start_stage>	<http://purl.obolibrary.org/obo/XAO_1000073>
<http://purl.obolibrary.org/obo/XAO_0004155>	<http://purl.obolibrary.org/obo/xao#end_stage>	<http://purl.obolibrary.org/obo/XAO_0000437>
<http://purl.obolibrary.org/obo/XAO_0005294>	<http://purl.obolibrary.org/obo/xao#end_stage>	<http://purl.obolibrary.org/obo/XAO_0000437>
<http://purl.obolibrary.org/obo/XAO_0005142>	<http://purl.obolibrary.org/obo/xao#end_stage>	<http://purl.obolibrary.org/obo/XAO_0000437>
<http://purl.obolibrary.org/obo/XAO_0004290>	<http://purl.obolibrary.org/obo/BFO_0000050>	<http://purl.obolibrary.org/obo/XAO_0003012>
<http://purl.obolibrary.org/obo/XAO_0003256>	<http://purl.obolibrary.org/obo/xao#start_stage>	<http://purl.obolibrary.org/obo/XAO_1000036>
<http://purl.obolibrary.org/obo/XAO_0005073>	<http://purl.obolibrary.org/obo/xao#start_stage>	<http://purl.obolibrary.org/obo/XAO_1000039>
<http://purl.obolibrary.org/obo/XAO_0003149>	<http://purl.obolibrary.org/obo/RO_0002202>	<http://purl.obolibrary.org/obo/XAO_0000233>
<http://purl.obolibrary.org/obo/XAO_0003018>	<http://purl.obolibrary.org/obo/BFO_0000050>	<http://purl.obolibrary.org/obo/XAO_0000157>
<http://purl.obolibrary.org/obo/XAO_0004218>	<http://purl.obolibrary.org/obo/xao#end_stage>	<http://purl.obolibrary.org/obo/XAO_0000437>
<http://purl.obolibrary.org/obo/XAO_0005147>	<http://purl.obolibrary.org/obo/xao#start_stage>	<http://purl.obolibrary.org/obo/XAO_1000059>
<http://purl.obolibrary.org/obo/XAO_0000072>	<http://purl.obolibrary.org/obo/xao#start_stage>	<http://purl.obolibrary.org/obo/XAO_1000001>
<http://purl.obolibrary.org/obo/XAO_0005078>	<http://purl.obolibrary.org/obo/xao#end_stage>	<http://purl.obolibrary.org/obo/XAO_1000059>
<http://purl.obolibrary.org/obo/XAO_0003128>	<http://purl.obolibrary.org/obo/RO_0002202>	<http://purl.obolibrary.org/obo/XAO_0000418>
<http://purl.obolibrary.org/obo/XAO_0006022>	<http://purl.obolibrary.org/obo/BFO_0000050>	<http://purl.obolibrary.org/obo/XAO_0000122>
<http://purl.obolibrary.org/obo/XAO_1000028>	<http://purl.obolibrary.org/obo/BFO_0000050>	<http://purl.obolibrary.org/obo/XAO_1000004>
<http://purl.obolibrary.org/obo/XAO_0004498>	<http://purl.obolibrary.org/obo/xao#end_stage>	<http://purl.obolibrary.org/obo/XAO_0000437>
<http://purl.obolibrary.org/obo/XAO_0005503>	<http://purl.obolibrary.org/obo/RO_0002202>	<http://purl.obolibrary.org/obo/XAO_0005425>
<http://purl.obolibrary.org/obo/XAO_0004586>	<http://purl.obolibrary.org/obo/BFO_0000050>	<http://purl.obolibrary.org/obo/XAO_0005048>
<http://purl.obolibrary.org/obo/XAO_0005248>	<http://purl.obolibrary.org/obo/xao#end_stage>	<http://purl.obolibrary.org/obo/XAO_1000056>
<http://purl.obolibrary.org/obo/XAO_0004393>	<http://purl.obolibrary.org/obo/BFO_0000050>	<http://purl.obolibrary.org/obo/XAO_0000028>
<http://purl.obolibrary.org/obo/XAO_0000380>	<http://purl.obolibrary.org/obo/RO_0002202>	<http://purl.obolibrary.org/obo/XAO_0000358>
<http://purl.obolibrary.org/obo/XAO_0005210>	<http://purl.obolibrary.org/obo/xao#start_stage>	<http://purl.obolibrary.org/obo/XAO_1000032>
<http://purl.obolibrary.org/obo/XAO_0004471>	<http://purl.obolibrary.org/obo/BFO_0000050>	<http://purl.obolibrary.org/obo/XAO_0000064>
<http://purl.obolibrary.org/obo/XAO_0004394>	<http://purl.obolibrary.org/obo/RO_0002202>	<http://purl.obolibrary.org/obo/XAO_0004091>
<http://purl.obolibrary.org/obo/XAO_0004440>	<http://purl.obolibrary.org/obo/xao#start_stage>	<http://purl.obolibrary.org/obo/XAO_1000050>
<http://purl.obolibrary.org/obo/XAO_0005086>	<http://purl.obolibrary.org/obo/RO_0002202>	<http://purl.obolibrary.org/obo/XAO_0003016>
<http://purl.obolibrary.org/obo/XAO_0003031>	<http://purl.obolibrary.org/obo/xao#end_stage>	<http://purl.obolibrary.org/obo/XAO_0000437>
<http://purl.obolibrary.org/obo/XAO_0004174>	<http://purl.obolibrary.org/obo/xao#start_stage>	<http://purl.obolibrary.org/obo/XAO_1000057>
<http://purl.obolibrary.org/obo/XAO_0005160>	<http://purl.obolibrary.org/obo/xao#start_stage>	<http://purl.obolibrary.org/obo/XAO_1000068>
<http://purl.obolibrary.org/obo/XAO_0003080>	<http://purl.obolibrary.org/obo/RO_0002202>	<http://purl.obolibrary.org/obo/XAO_0000420>
<http://purl.obolibrary.org/obo/XAO_0004623>	<http://purl.obolibrary.org/obo/RO_0002202>	<http://purl.obolibrary.org/obo/XAO_0004528>
<http://purl.obolibrary.org/obo/XAO_1000065>	<http://purl.obolibrary.org/obo/BFO_0000050>	<http://purl.obolibrary.org/obo/XAO_1000089>
<http://purl.obolibrary.org/obo/XAO_0004547>	<http://purl.obolibrary.org/obo/BFO_0000050>	<http://purl.obolibrary.org/obo/XAO_0004578>
<http://purl.obolibrary.org/obo/XAO_0000457>	<http://purl.obolibrary.org/obo/xao#end_stage>	<http://purl.obolibrary.org/obo/XAO_0000437>
<http://purl.obolibrary.org/obo/XAO_0004381>	<http://purl.obolibrary.org/obo/xao#start_stage>	<http://purl.obolibrary.org/obo/XAO_1000052>
<http://purl.obolibrary.org/obo/XAO_0000367>	<http://purl.obolibrary.org/obo/xao#start_stage>	<http://purl.obolibrary.org/obo/XAO_1000053>
<http://purl.obolibrary.org/obo/XAO_0003039>	<http://purl.obolibrary.org/obo/xao#start_stage>	<http://purl.obolibrary.org/obo/XAO_1000037>
<http://purl.obolibrary.org/obo/XAO_0005031>	<http://purl.obolibrary.org/obo/BFO_0000050>	<http://purl.obolibrary.org/obo/XAO_0000177>
<http://purl.obolibrary.org/obo/XAO_0003126>	<http://purl.obolibrary.org/obo/RO_0002202>	<http://purl.obolibrary.org/obo/XAO_0000417>
<http://purl.obolibrary.org/obo/XAO_0004516>	<http://purl.obolibrary.org/obo/BFO_0000050>	<http://purl.obolibrary.org/obo/XAO_0000294>
<http://purl.obolibrary.org/obo/XAO_0000250>	<http://purl.obolibrary.org/obo/xao#end_stage>	<http://purl.obolibrary.org/obo/XAO_1000044>
<http://purl.obolibrary.org/obo/XAO_0004344>	<http://purl.obolibrary.org/obo/RO_0002202>	<http://purl.obolibrary.org/obo/XAO_0004441>
<http://purl.obolibrary.org/obo/XAO_0005057>	<http://purl.obolibrary.org/obo/xao#start_stage>	<http://purl.obolibrary.org/obo/XAO_1000038>
<http://purl.obolibrary.org/obo/XAO_0003081>	<http://purl.obolibrary.org/obo/BFO_0000050>	<http://purl.obolibrary.org/obo/XAO_0000117>
<http://purl.obolibrary.org/obo/XAO_0000229>	<http://purl.obolibrary.org/obo/BFO_0000050>	<http://purl.obolibrary.org/obo/XAO_0000256>
<http://purl.obolibrary.org/obo/XAO_0004146>	<http://purl.obolibrary.org/obo/xao#start_stage>	<http://purl.obolibrary.org/obo/XAO_1000038>
<http://purl.obolibrary.org/obo/XAO_0004077>	<http://purl.obolibrary.org/obo/xao#end_stage>	<http://purl.obolibrary.org/obo/XAO_1000059>
<http://purl.obolibrary.org/obo/XAO_0000169>	<http://purl.obolibrary.org/obo/xao#start_stage>	<http://purl.obolibrary.org/obo/XAO_1000057>
<http://purl.obolibrary.org/obo/XAO_0004112>	<http://purl.obolibrary.org/obo/xao#end_stage>	<http://purl.obolibrary.org/obo/XAO_0000437>
<http://purl.obolibrary.org/obo/XAO_0004605>	<http://purl.obolibrary.org/obo/BFO_0000050>	<http://purl.obolibrary.org/obo/XAO_0004236>
<http://purl.obolibrary.org/obo/XAO_0005234>	<http://purl.obolibrary.org/obo/BFO_0000050>	<http://purl.obolibrary.org/obo/XAO_0000028>
<http://purl.obolibrary.org/obo/XAO_0004021>	<http://purl.obolibrary.org/obo/BFO_0000050>	<http://purl.obolibrary.org/obo/XAO_0003004>
<http://purl.obolibrary.org/obo/XAO_0005324>	<http://purl.obolibrary.org/obo/xao#end_stage>	<http://purl.obolibrary.org/obo/XAO_0000437>
<http://purl.obolibrary.org/obo/XAO_0004417>	<http://purl.obolibrary.org/obo/xao#end_stage>	<http://purl.obolibrary.org/obo/XAO_0000437>
<http://purl.obolibrary.org/obo/XAO_0004064>	<http://purl.obolibrary.org/obo/BFO_0000050>	<http://purl.obolibrary.org/obo/XAO_0004062>
<http://purl.obolibrary.org/obo/XAO_0004319>	<http://purl.obolibrary.org/obo/xao#end_stage>	<http://purl.obolibrary.org/obo/XAO_0000437>
<http://purl.obolibrary.org/obo/XAO_1000012>	<http://purl.obolibrary.org/obo/xao#preceded_by>	<http://purl.obolibrary.org/obo/XAO_1000082>
<http://purl.obolibrary.org/obo/XAO_0005048>	<http://purl.obolibrary.org/obo/BFO_0000050>	<http://purl.obolibrary.org/obo/XAO_0003100>
<http://purl.obolibrary.org/obo/XAO_0000260>	<http://purl.obolibrary.org/obo/BFO_0000050>	<http://purl.obolibrary.org/obo/XAO_0000035>
<http://purl.obolibrary.org/obo/XAO_0004286>	<http://purl.obolibrary.org/obo/xao#end_stage>	<http://purl.obolibrary.org/obo/XAO_0000437>
<http://purl.obolibrary.org/obo/XAO_0004430>	<http://purl.obolibrary.org/obo/xao#start_stage>	<http://purl.obolibrary.org/obo/XAO_1000049>
<http://purl.obolibrary.org/obo/XAO_0003249>	<http://purl.obolibrary.org/obo/BFO_0000050>	<http://purl.obolibrary.org/obo/XAO_0003045>
<http://purl.obolibrary.org/obo/XAO_0004368>	<http://purl.obolibrary.org/obo/BFO_0000050>	<http://purl.obolibrary.org/obo/XAO_0003059>
<http://purl.obolibrary.org/obo/XAO_0000246>	<http://purl.obolibrary.org/obo/xao#end_stage>	<http://purl.obolibrary.org/obo/XAO_1000034>
<http://purl.obolibrary.org/obo/XAO_0003195>	<http://purl.obolibrary.org/obo/xao#end_stage>	<http://purl.obolibrary.org/obo/XAO_0000437>
<http://purl.obolibrary.org/obo/XAO_1000072>	<http://purl.obolibrary.org/obo/BFO_0000050>	<http://purl.obolibrary.org/obo/XAO_1000091>
<http://purl.obolibrary.org/obo/XAO_0003164>	<http://purl.obolibrary.org/obo/xao#start_stage>	<http://purl.obolibrary.org/obo/XAO_1000037>
<http://purl.obolibrary.org/obo/XAO_0004535>	<http://purl.obolibrary.org/obo/xao#end_stage>	<http://purl.obolibrary.org/obo/XAO_0000437>
<http://purl.obolibrary.org/obo/XAO_0004580>	<http://purl.obolibrary.org/obo/xao#end_stage>	<http://purl.obolibrary.org/obo/XAO_0000437>
<http://purl.obolibrary.org/obo/XAO_0005025>	<http://purl.obolibrary.org/obo/xao#start_stage>	<http://purl.obolibrary.org/obo/XAO_1000027>
<http://purl.obolibrary.org/obo/XAO_0003146>	<http://purl.obolibrary.org/obo/xao#end_stage>	<http://purl.obolibrary.org/obo/XAO_0000437>
<http://purl.obolibrary.org/obo/XAO_0004504>	<http://purl.obolibrary.org/obo/xao#start_stage>	<http://purl.obolibrary.org/obo/XAO_1000057>
<http://purl.obolibrary.org/obo/XAO_0004464>	<http://purl.obolibrary.org/obo/xao#end_stage>	<http://purl.obolibrary.org/obo/XAO_1000056>
<http://purl.obolibrary.org/obo/XAO_0004574>	<http://purl.obolibrary.org/obo/xao#start_stage>	<http://purl.obolibrary.org/obo/XAO_1000042>
<http://purl.obolibrary.org/obo/XAO_0005229>	<http://purl.obolibrary.org/obo/xao#end_stage>	<http://purl.obolibrary.org/obo/XAO_0000437>
<http://purl.obolibrary.org/obo/XAO_0003231>	<http://purl.obolibrary.org/obo/xao#end_stage>	<http://purl.obolibrary.org/obo/XAO_0000437>
<http://purl.obolibrary.org/obo/XAO_0000037>	<http://purl.obolibrary.org/obo/xao#end_stage>	<http://purl.obolibrary.org/obo/XAO_1000023>
<http://purl.obolibrary.org/obo/XAO_0003212>	<http://purl.obolibrary.org/obo/xao#end_stage>	<http://purl.obolibrary.org/obo/XAO_0000437>
<http://purl.obolibrary.org/obo/XAO_0000100>	<http://purl.obolibrary.org/obo/xao#start_stage>	<http://purl.obolibrary.org/obo/XAO_1000035>
<http://purl.obolibrary.org/obo/XAO_0004007>	<http://purl.obolibrary.org/obo/xao#end_stage>	<http://purl.obolibrary.org/obo/XAO_0000437>
<http://purl.obolibrary.org/obo/XAO_0004168>	<http://purl.obolibrary.org/obo/xao#start_stage>	<http://purl.obolibrary.org/obo/XAO_1000050>
<http://purl.obolibrary.org/obo/XAO_0000186>	<http://purl.obolibrary.org/obo/BFO_0000050>	<http://purl.obolibrary.org/obo/XAO_0000179>
<http://purl.obolibrary.org/obo/XAO_0006040>	<http://purl.obolibrary.org/obo/BFO_0000050>	<http://purl.obolibrary.org/obo/XAO_0000169>
<http://purl.obolibrary.org/obo/XAO_0005225>	<http://purl.obolibrary.org/obo/RO_0002202>	<http://purl.obolibrary.org/obo/XAO_0000006>
<http://purl.obolibrary.org/obo/XAO_0000083>	<http://purl.obolibrary.org/obo/xao#end_stage>	<http://purl.obolibrary.org/obo/XAO_1000025>
<http://purl.obolibrary.org/obo/XAO_0004108>	<http://purl.obolibrary.org/obo/xao#start_stage>	<http://purl.obolibrary.org/obo/XAO_1000041>
<http://purl.obolibrary.org/obo/XAO_0000244>	<http://purl.obolibrary.org/obo/xao#end_stage>	<http://purl.obolibrary.org/obo/XAO_0000437>
<http://purl.obolibrary.org/obo/XAO_0000199>	<http://purl.obolibrary.org/obo/BFO_0000050>	<http://purl.obolibrary.org/obo/XAO_0000193>
<http://purl.obolibrary.org/obo/XAO_0003077>	<http://purl.obolibrary.org/obo/xao#end_stage>	<http://purl.obolibrary.org/obo/XAO_0000437>
<http://purl.obolibrary.org/obo/XAO_0004449>	<http://purl.obolibrary.org/obo/xao#end_stage>	<http://purl.obolibrary.org/obo/XAO_1000051>
<http://purl.obolibrary.org/obo/XAO_0006009>	<http://purl.obolibrary.org/obo/BFO_0000050>	<http://purl.obolibrary.org/obo/XAO_0004110>
<http://purl.obolibrary.org/obo/XAO_0000105>	<http://purl.obolibrary.org/obo/xao#start_stage>	<http://purl.obolibrary.org/obo/XAO_1000045>
<http://purl.obolibrary.org/obo/XAO_0004422>	<http://purl.obolibrary.org/obo/xao#start_stage>	<http://purl.obolibrary.org/obo/XAO_1000044>
<http://purl.obolibrary.org/obo/XAO_0000306>	<http://purl.obolibrary.org/obo/BFO_0000050>	<http://purl.obolibrary.org/obo/XAO_0000020>
<http://purl.obolibrary.org/obo/XAO_0001001>	<http://purl.obolibrary.org/obo/xao#end_stage>	<http://purl.obolibrary.org/obo/XAO_1000056>
<http://purl.obolibrary.org/obo/XAO_0005116>	<http://purl.obolibrary.org/obo/xao#start_stage>	<http://purl.obolibrary.org/obo/XAO_1000052>
<http://purl.obolibrary.org/obo/XAO_0003061>	<http://purl.obolibrary.org/obo/xao#end_stage>	<http://purl.obolibrary.org/obo/XAO_0000437>
<http://purl.obolibrary.org/obo/XAO_0005041>	<http://purl.obolibrary.org/obo/xao#start_stage>	<http://purl.obolibrary.org/obo/XAO_1000057>
<http://purl.obolibrary.org/obo/XAO_0000033>	<http://purl.obolibrary.org/obo/RO_0002202>	<http://purl.obolibrary.org/obo/XAO_0000049>
<http://purl.obolibrary.org/obo/XAO_0000139>	<http://purl.obolibrary.org/obo/xao#end_stage>	<http://purl.obolibrary.org/obo/XAO_0000437>
<http://purl.obolibrary.org/obo/XAO_0005213>	<http://purl.obolibrary.org/obo/xao#start_stage>	<http://purl.obolibrary.org/obo/XAO_1000032>
<http://purl.obolibrary.org/obo/XAO_0003219>	<http://purl.obolibrary.org/obo/BFO_0000050>	<http://purl.obolibrary.org/obo/XAO_0003216>
<http://purl.obolibrary.org/obo/XAO_0000232>	<http://purl.obolibrary.org/obo/RO_0002202>	<http://purl.obolibrary.org/obo/XAO_0000092>
<http://purl.obolibrary.org/obo/XAO_0000209>	<http://purl.obolibrary.org/obo/xao#start_stage>	<http://purl.obolibrary.org/obo/XAO_1000037>
<http://purl.obolibrary.org/obo/XAO_0000217>	<http://purl.obolibrary.org/obo/RO_0002202>	<http://purl.obolibrary.org/obo/XAO_0000220>
<http://purl.obolibrary.org/obo/XAO_0000116>	<http://purl.obolibrary.org/obo/xao#start_stage>	<http://purl.obolibrary.org/obo/XAO_1000046>
<http://purl.obolibrary.org/obo/XAO_0005260>	<http://purl.obolibrary.org/obo/xao#start_stage>	<http://purl.obolibrary.org/obo/XAO_1000035>
<http://purl.obolibrary.org/obo/XAO_0003107>	<http://purl.obolibrary.org/obo/xao#end_stage>	<http://purl.obolibrary.org/obo/XAO_1000051>
<http://purl.obolibrary.org/obo/XAO_0004161>	<http://purl.obolibrary.org/obo/xao#start_stage>	<http://purl.obolibrary.org/obo/XAO_1000050>
<http://purl.obolibrary.org/obo/XAO_0000459>	<http://purl.obolibrary.org/obo/xao#start_stage>	<http://purl.obolibrary.org/obo/XAO_1000049>
<http://purl.obolibrary.org/obo/XAO_0005209>	<http://purl.obolibrary.org/obo/xao#end_stage>	<http://purl.obolibrary.org/obo/XAO_0000437>
<http://purl.obolibrary.org/obo/XAO_0004089>	<http://purl.obolibrary.org/obo/xao#end_stage>	<http://purl.obolibrary.org/obo/XAO_0000437>
<http://purl.obolibrary.org/obo/XAO_0005306>	<http://purl.obolibrary.org/obo/RO_0002202>	<http://purl.obolibrary.org/obo/XAO_0003044>
<http://purl.obolibrary.org/obo/XAO_0004322>	<http://purl.obolibrary.org/obo/RO_0002202>	<http://purl.obolibrary.org/obo/XAO_0004455>
<http://purl.obolibrary.org/obo/XAO_0005147>	<http://purl.obolibrary.org/obo/BFO_0000050>	<http://purl.obolibrary.org/obo/XAO_0003059>
<http://purl.obolibrary.org/obo/XAO_0004130>	<http://purl.obolibrary.org/obo/BFO_0000050>	<http://purl.obolibrary.org/obo/XAO_0000192>
<http://purl.obolibrary.org/obo/XAO_0003023>	<http://purl.obolibrary.org/obo/RO_0002202>	<http://purl.obolibrary.org/obo/XAO_0004272>
<http://purl.obolibrary.org/obo/XAO_0004231>	<http://purl.obolibrary.org/obo/xao#start_stage>	<http://purl.obolibrary.org/obo/XAO_1000056>
<http://purl.obolibrary.org/obo/XAO_0004260>	<http://purl.obolibrary.org/obo/xao#end_stage>	<http://purl.obolibrary.org/obo/XAO_1000051>
<http://purl.obolibrary.org/obo/XAO_0003207>	<http://purl.obolibrary.org/obo/BFO_0000050>	<http://purl.obolibrary.org/obo/XAO_0004299>
<http://purl.obolibrary.org/obo/XAO_0001103>	<http://purl.obolibrary.org/obo/RO_0002202>	<http://purl.obolibrary.org/obo/XAO_0001101>
<http://purl.obolibrary.org/obo/XAO_0004503>	<http://purl.obolibrary.org/obo/RO_0002202>	<http://purl.obolibrary.org/obo/XAO_0004049>
<http://purl.obolibrary.org/obo/XAO_0004554>	<http://purl.obolibrary.org/obo/xao#start_stage>	<http://purl.obolibrary.org/obo/XAO_1000038>
<http://purl.obolibrary.org/obo/XAO_0004299>	<http://purl.obolibrary.org/obo/xao#end_stage>	<http://purl.obolibrary.org/obo/XAO_0000437>
<http://purl.obolibrary.org/obo/XAO_0000163>	<http://purl.obolibrary.org/obo/RO_0002202>	<http://purl.obolibrary.org/obo/XAO_0004260>
<http://purl.obolibrary.org/obo/XAO_0004288>	<http://purl.obolibrary.org/obo/xao#end_stage>	<http://purl.obolibrary.org/obo/XAO_0000437>
<http://purl.obolibrary.org/obo/XAO_0003131>	<http://purl.obolibrary.org/obo/xao#end_stage>	<http://purl.obolibrary.org/obo/XAO_1000059>
<http://purl.obolibrary.org/obo/XAO_0003255>	<http://purl.obolibrary.org/obo/BFO_0000050>	<http://purl.obolibrary.org/obo/XAO_0000050>
<http://purl.obolibrary.org/obo/XAO_0004558>	<http://purl.obolibrary.org/obo/xao#start_stage>	<http://purl.obolibrary.org/obo/XAO_1000047>
<http://purl.obolibrary.org/obo/XAO_0005069>	<http://purl.obolibrary.org/obo/BFO_0000050>	<http://purl.obolibrary.org/obo/XAO_0003031>
<http://purl.obolibrary.org/obo/XAO_0003237>	<http://purl.obolibrary.org/obo/xao#end_stage>	<http://purl.obolibrary.org/obo/XAO_0000437>
<http://purl.obolibrary.org/obo/XAO_0003174>	<http://purl.obolibrary.org/obo/BFO_0000050>	<http://purl.obolibrary.org/obo/XAO_0003075>
<http://purl.obolibrary.org/obo/XAO_0004589>	<http://purl.obolibrary.org/obo/BFO_0000050>	<http://purl.obolibrary.org/obo/XAO_0004304>
<http://purl.obolibrary.org/obo/XAO_0000160>	<http://purl.obolibrary.org/obo/xao#start_stage>	<http://purl.obolibrary.org/obo/XAO_1000034>
<http://purl.obolibrary.org/obo/XAO_0000001>	<http://purl.obolibrary.org/obo/xao#end_stage>	<http://purl.obolibrary.org/obo/XAO_1000078>
<http://purl.obolibrary.org/obo/XAO_0004048>	<http://purl.obolibrary.org/obo/xao#start_stage>	<http://purl.obolibrary.org/obo/XAO_1000049>
<http://purl.obolibrary.org/obo/XAO_0006002>	<http://purl.obolibrary.org/obo/xao#end_stage>	<http://purl.obolibrary.org/obo/XAO_1000056>
<http://purl.obolibrary.org/obo/XAO_0004627>	<http://purl.obolibrary.org/obo/BFO_0000050>	<http://purl.obolibrary.org/obo/XAO_0000067>
<http://purl.obolibrary.org/obo/XAO_0004506>	<http://purl.obolibrary.org/obo/xao#end_stage>	<http://purl.obolibrary.org/obo/XAO_0000437>
<http://purl.obolibrary.org/obo/XAO_0000197>	<http://purl.obolibrary.org/obo/xao#end_stage>	<http://purl.obolibrary.org/obo/XAO_0000437>
<http://purl.obolibrary.org/obo/XAO_0000264>	<http://purl.obolibrary.org/obo/xao#start_stage>	<http://purl.obolibrary.org/obo/XAO_1000037>
<http://purl.obolibrary.org/obo/XAO_0004112>	<http://purl.obolibrary.org/obo/xao#start_stage>	<http://purl.obolibrary.org/obo/XAO_1000054>
<http://purl.obolibrary.org/obo/XAO_0000134>	<http://purl.obolibrary.org/obo/RO_0002202>	<http://purl.obolibrary.org/obo/XAO_0000101>
<http://purl.obolibrary.org/obo/XAO_0004087>	<http://purl.obolibrary.org/obo/xao#start_stage>	<http://purl.obolibrary.org/obo/XAO_1000023>
<http://purl.obolibrary.org/obo/XAO_0000305>	<http://purl.obolibrary.org/obo/BFO_0000050>	<http://purl.obolibrary.org/obo/XAO_0000042>
<http://purl.obolibrary.org/obo/XAO_0004002>	<http://purl.obolibrary.org/obo/xao#end_stage>	<http://purl.obolibrary.org/obo/XAO_0000437>
<http://purl.obolibrary.org/obo/XAO_0006049>	<http://purl.obolibrary.org/obo/xao#end_stage>	<http://purl.obolibrary.org/obo/XAO_0000437>
<http://purl.obolibrary.org/obo/XAO_0004387>	<http://purl.obolibrary.org/obo/xao#start_stage>	<http://purl.obolibrary.org/obo/XAO_1000049>
<http://purl.obolibrary.org/obo/XAO_0000333>	<http://purl.obolibrary.org/obo/xao#start_stage>	<http://purl.obolibrary.org/obo/XAO_1000057>
<http://purl.obolibrary.org/obo/XAO_0004286>	<http://purl.obolibrary.org/obo/xao#start_stage>	<http://purl.obolibrary.org/obo/XAO_1000072>
<http://purl.obolibrary.org/obo/XAO_0000260>	<http://purl.obolibrary.org/obo/xao#end_stage>	<http://purl.obolibrary.org/obo/XAO_1000001>
<http://purl.obolibrary.org/obo/XAO_0000017>	<http://purl.obolibrary.org/obo/xao#end_stage>	<http://purl.obolibrary.org/obo/XAO_0000437>
<http://purl.obolibrary.org/obo/XAO_0004214>	<http://purl.obolibrary.org/obo/xao#start_stage>	<http://purl.obolibrary.org/obo/XAO_1000049>
<http://purl.obolibrary.org/obo/XAO_0005301>	<http://purl.obolibrary.org/obo/BFO_0000050>	<http://purl.obolibrary.org/obo/XAO_0000090>
<http://purl.obolibrary.org/obo/XAO_1000019>	<http://purl.obolibrary.org/obo/BFO_0000050>	<http://purl.obolibrary.org/obo/XAO_1000003>
<http://purl.obolibrary.org/obo/XAO_0004305>	<http://purl.obolibrary.org/obo/xao#start_stage>	<http://purl.obolibrary.org/obo/XAO_1000038>
<http://purl.obolibrary.org/obo/XAO_0000246>	<http://purl.obolibrary.org/obo/xao#start_stage>	<http://purl.obolibrary.org/obo/XAO_1000026>
<http://purl.obolibrary.org/obo/XAO_0003019>	<http://purl.obolibrary.org/obo/RO_0002202>	<http://purl.obolibrary.org/obo/XAO_0003020>
<http://purl.obolibrary.org/obo/XAO_0000018>	<http://purl.obolibrary.org/obo/xao#end_stage>	<http://purl.obolibrary.org/obo/XAO_1000064>
<http://purl.obolibrary.org/obo/XAO_0006020>	<http://purl.obolibrary.org/obo/xao#start_stage>	<http://purl.obolibrary.org/obo/XAO_1000083>
<http://purl.obolibrary.org/obo/XAO_0000154>	<http://purl.obolibrary.org/obo/BFO_0000050>	<http://purl.obolibrary.org/obo/XAO_0000143>
<http://purl.obolibrary.org/obo/XAO_0000191>	<http://purl.obolibrary.org/obo/xao#start_stage>	<http://purl.obolibrary.org/obo/XAO_1000059>
<http://purl.obolibrary.org/obo/XAO_0000467>	<http://purl.obolibrary.org/obo/RO_0002202>	<http://purl.obolibrary.org/obo/XAO_0004270>
<http://purl.obolibrary.org/obo/XAO_0004067>	<http://purl.obolibrary.org/obo/RO_0002202>	<http://purl.obolibrary.org/obo/XAO_0000090>
<http://purl.obolibrary.org/obo/XAO_0004372>	<http://purl.obolibrary.org/obo/BFO_0000050>	<http://purl.obolibrary.org/obo/XAO_0003059>
<http://purl.obolibrary.org/obo/XAO_0003263>	<http://purl.obolibrary.org/obo/xao#start_stage>	<http://purl.obolibrary.org/obo/XAO_1000020>
<http://purl.obolibrary.org/obo/XAO_0003201>	<http://purl.obolibrary.org/obo/xao#end_stage>	<http://purl.obolibrary.org/obo/XAO_0000437>
<http://purl.obolibrary.org/obo/XAO_0003001>	<http://purl.obolibrary.org/obo/xao#start_stage>	<http://purl.obolibrary.org/obo/XAO_1000001>
<http://purl.obolibrary.org/obo/XAO_0004585>	<http://purl.obolibrary.org/obo/RO_0002202>	<http://purl.obolibrary.org/obo/XAO_0004258>
<http://purl.obolibrary.org/obo/XAO_0004029>	<http://purl.obolibrary.org/obo/xao#end_stage>	<http://purl.obolibrary.org/obo/XAO_0000437>
<http://purl.obolibrary.org/obo/XAO_0005151>	<http://purl.obolibrary.org/obo/xao#end_stage>	<http://purl.obolibrary.org/obo/XAO_0000437>
<http://purl.obolibrary.org/obo/XAO_0005287>	<http://purl.obolibrary.org/obo/RO_0002202>	<http://purl.obolibrary.org/obo/XAO_0000097>
<http://purl.obolibrary.org/obo/XAO_0005132>	<http://purl.obolibrary.org/obo/RO_0002202>	<http://purl.obolibrary.org/obo/XAO_0005131>
<http://purl.obolibrary.org/obo/XAO_0003103>	<http://purl.obolibrary.org/obo/BFO_0000050>	<http://purl.obolibrary.org/obo/XAO_0003035>
<http://purl.obolibrary.org/obo/XAO_0004281>	<http://purl.obolibrary.org/obo/xao#start_stage>	<http://purl.obolibrary.org/obo/XAO_1000046>
<http://purl.obolibrary.org/obo/XAO_0004245>	<http://purl.obolibrary.org/obo/BFO_0000050>	<http://purl.obolibrary.org/obo/XAO_0004152>
<http://purl.obolibrary.org/obo/XAO_0000327>	<http://purl.obolibrary.org/obo/RO_0002202>	<http://purl.obolibrary.org/obo/XAO_0000276>
<http://purl.obolibrary.org/obo/XAO_0005062>	<http://purl.obolibrary.org/obo/xao#end_stage>	<http://purl.obolibrary.org/obo/XAO_1000056>
<http://purl.obolibrary.org/obo/XAO_0003140>	<http://purl.obolibrary.org/obo/xao#start_stage>	<http://purl.obolibrary.org/obo/XAO_1000044>
<http://purl.obolibrary.org/obo/XAO_0005129>	<http://purl.obolibrary.org/obo/xao#end_stage>	<http://purl.obolibrary.org/obo/XAO_0000437>
<http://purl.obolibrary.org/obo/XAO_0004188>	<http://purl.obolibrary.org/obo/xao#start_stage>	<http://purl.obolibrary.org/obo/XAO_1000025>
<http://purl.obolibrary.org/obo/XAO_0004013>	<http://purl.obolibrary.org/obo/RO_0002202>	<http://purl.obolibrary.org/obo/XAO_0004022>
<http://purl.obolibrary.org/obo/XAO_0004351>	<http://purl.obolibrary.org/obo/xao#end_stage>	<http://purl.obolibrary.org/obo/XAO_0000437>
<http://purl.obolibrary.org/obo/XAO_0004249>	<http://purl.obolibrary.org/obo/xao#start_stage>	<http://purl.obolibrary.org/obo/XAO_1000053>
<http://purl.obolibrary.org/obo/XAO_0005241>	<http://purl.obolibrary.org/obo/RO_0002202>	<http://purl.obolibrary.org/obo/XAO_0000249>
<http://purl.obolibrary.org/obo/XAO_0000374>	<http://purl.obolibrary.org/obo/BFO_0000050>	<http://purl.obolibrary.org/obo/XAO_0003199>
<http://purl.obolibrary.org/obo/XAO_0005016>	<http://purl.obolibrary.org/obo/BFO_0000050>	<http://purl.obolibrary.org/obo/XAO_0003023>
<http://purl.obolibrary.org/obo/XAO_0003109>	<http://purl.obolibrary.org/obo/xao#end_stage>	<http://purl.obolibrary.org/obo/XAO_1000059>
<http://purl.obolibrary.org/obo/XAO_0002000>	<http://purl.obolibrary.org/obo/xao#start_stage>	<http://purl.obolibrary.org/obo/XAO_1000044>
<http://purl.obolibrary.org/obo/XAO_0000380>	<http://purl.obolibrary.org/obo/xao#start_stage>	<http://purl.obolibrary.org/obo/XAO_1000056>
<http://purl.obolibrary.org/obo/XAO_0000033>	<http://purl.obolibrary.org/obo/xao#end_stage>	<http://purl.obolibrary.org/obo/XAO_1000062>
<http://purl.obolibrary.org/obo/XAO_0004352>	<http://purl.obolibrary.org/obo/xao#start_stage>	<http://purl.obolibrary.org/obo/XAO_1000052>
<http://purl.obolibrary.org/obo/XAO_0003180>	<http://purl.obolibrary.org/obo/BFO_0000050>	<http://purl.obolibrary.org/obo/XAO_0003176>
<http://purl.obolibrary.org/obo/XAO_0003083>	<http://purl.obolibrary.org/obo/xao#start_stage>	<http://purl.obolibrary.org/obo/XAO_1000055>
<http://purl.obolibrary.org/obo/XAO_0005080>	<http://purl.obolibrary.org/obo/xao#start_stage>	<http://purl.obolibrary.org/obo/XAO_1000027>
<http://purl.obolibrary.org/obo/XAO_0003147>	<http://purl.obolibrary.org/obo/RO_0002202>	<http://purl.obolibrary.org/obo/XAO_0003151>
<http://purl.obolibrary.org/obo/XAO_0000419>	<http://purl.obolibrary.org/obo/xao#end_stage>	<http://purl.obolibrary.org/obo/XAO_1000059>
<http://purl.obolibrary.org/obo/XAO_0000135>	<http://purl.obolibrary.org/obo/xao#start_stage>	<http://purl.obolibrary.org/obo/XAO_1000052>
<http://purl.obolibrary.org/obo/XAO_0000024>	<http://purl.obolibrary.org/obo/xao#end_stage>	<http://purl.obolibrary.org/obo/XAO_1000054>
<http://purl.obolibrary.org/obo/XAO_0004606>	<http://purl.obolibrary.org/obo/xao#start_stage>	<http://purl.obolibrary.org/obo/XAO_1000047>
<http://purl.obolibrary.org/obo/XAO_0001015>	<http://purl.obolibrary.org/obo/BFO_0000050>	<http://purl.obolibrary.org/obo/XAO_0000143>
<http://purl.obolibrary.org/obo/XAO_0003111>	<http://purl.obolibrary.org/obo/xao#start_stage>	<http://purl.obolibrary.org/obo/XAO_1000037>
<http://purl.obolibrary.org/obo/XAO_0004022>	<http://purl.obolibrary.org/obo/xao#start_stage>	<http://purl.obolibrary.org/obo/XAO_1000048>
<http://purl.obolibrary.org/obo/XAO_0003192>	<http://purl.obolibrary.org/obo/xao#end_stage>	<http://purl.obolibrary.org/obo/XAO_0000437>
<http://purl.obolibrary.org/obo/XAO_0000082>	<http://purl.obolibrary.org/obo/xao#end_stage>	<http://purl.obolibrary.org/obo/XAO_1000036>
<http://purl.obolibrary.org/obo/XAO_0005138>	<http://purl.obolibrary.org/obo/xao#end_stage>	<http://purl.obolibrary.org/obo/XAO_1000092>
<http://purl.obolibrary.org/obo/XAO_0000114>	<http://purl.obolibrary.org/obo/xao#end_stage>	<http://purl.obolibrary.org/obo/XAO_0000437>
<http://purl.obolibrary.org/obo/XAO_0005049>	<http://purl.obolibrary.org/obo/xao#end_stage>	<http://purl.obolibrary.org/obo/XAO_0000437>
<http://purl.obolibrary.org/obo/XAO_1000041>	<http://purl.obolibrary.org/obo/BFO_0000050>	<http://purl.obolibrary.org/obo/XAO_1000002>
<http://purl.obolibrary.org/obo/XAO_0004608>	<http://purl.obolibrary.org/obo/BFO_0000050>	<http://purl.obolibrary.org/obo/XAO_0000013>
<http://purl.obolibrary.org/obo/XAO_0005123>	<http://purl.obolibrary.org/obo/BFO_0000050>	<http://purl.obolibrary.org/obo/XAO_0005119>
<http://purl.obolibrary.org/obo/XAO_0000121>	<http://purl.obolibrary.org/obo/BFO_0000050>	<http://purl.obolibrary.org/obo/XAO_0000117>
<http://purl.obolibrary.org/obo/XAO_0006030>	<http://purl.obolibrary.org/obo/RO_0002202>	<http://purl.obolibrary.org/obo/XAO_0006029>
<http://purl.obolibrary.org/obo/XAO_0004193>	<http://purl.obolibrary.org/obo/xao#end_stage>	<http://purl.obolibrary.org/obo/XAO_0000437>
<http://purl.obolibrary.org/obo/XAO_0000391>	<http://purl.obolibrary.org/obo/RO_0002202>	<http://purl.obolibrary.org/obo/XAO_0000358>
<http://purl.obolibrary.org/obo/XAO_0004036>	<http://purl.obolibrary.org/obo/BFO_0000050>	<http://purl.obolibrary.org/obo/XAO_0004055>
<http://purl.obolibrary.org/obo/XAO_0000208>	<http://purl.obolibrary.org/obo/BFO_0000050>	<http://purl.obolibrary.org/obo/XAO_0000068>
<http://purl.obolibrary.org/obo/XAO_0000179>	<http://purl.obolibrary.org/obo/BFO_0000050>	<http://purl.obolibrary.org/obo/XAO_0003024>
<http://purl.obolibrary.org/obo/XAO_1000074>	<http://purl.obolibrary.org/obo/xao#preceded_by>	<http://purl.obolibrary.org/obo/XAO_1000073>
<http://purl.obolibrary.org/obo/XAO_0000379>	<http://purl.obolibrary.org/obo/BFO_0000050>	<http://purl.obolibrary.org/obo/XAO_0004152>
<http://purl.obolibrary.org/obo/XAO_1000046>	<http://purl.obolibrary.org/obo/xao#preceded_by>	<http://purl.obolibrary.org/obo/XAO_1000045>
<http://purl.obolibrary.org/obo/XAO_0000431>	<http://purl.obolibrary.org/obo/RO_0002202>	<http://purl.obolibrary.org/obo/XAO_0000269>
<http://purl.obolibrary.org/obo/XAO_0004402>	<http://purl.obolibrary.org/obo/xao#end_stage>	<http://purl.obolibrary.org/obo/XAO_0000437>
<http://purl.obolibrary.org/obo/XAO_0006054>	<http://purl.obolibrary.org/obo/BFO_0000050>	<http://purl.obolibrary.org/obo/XAO_0006053>
<http://purl.obolibrary.org/obo/XAO_0003036>	<http://purl.obolibrary.org/obo/BFO_0000050>	<http://purl.obolibrary.org/obo/XAO_0004299>
<http://purl.obolibrary.org/obo/XAO_0000392>	<http://purl.obolibrary.org/obo/BFO_0000050>	<http://purl.obolibrary.org/obo/XAO_0004423>
<http://purl.obolibrary.org/obo/XAO_0004370>	<http://purl.obolibrary.org/obo/RO_0002202>	<http://purl.obolibrary.org/obo/XAO_0003205>
<http://purl.obolibrary.org/obo/XAO_0000249>	<http://purl.obolibrary.org/obo/BFO_0000050>	<http://purl.obolibrary.org/obo/XAO_0000042>
<http://purl.obolibrary.org/obo/XAO_0000286>	<http://purl.obolibrary.org/obo/BFO_0000050>	<http://purl.obolibrary.org/obo/XAO_0004518>
<http://purl.obolibrary.org/obo/XAO_0000445>	<http://purl.obolibrary.org/obo/BFO_0000050>	<http://purl.obolibrary.org/obo/XAO_0003197>
<http://purl.obolibrary.org/obo/XAO_0004266>	<http://purl.obolibrary.org/obo/xao#end_stage>	<http://purl.obolibrary.org/obo/XAO_1000056>
<http://purl.obolibrary.org/obo/XAO_0004342>	<http://purl.obolibrary.org/obo/xao#start_stage>	<http://purl.obolibrary.org/obo/XAO_1000053>
<http://purl.obolibrary.org/obo/XAO_0000357>	<http://purl.obolibrary.org/obo/RO_0002202>	<http://purl.obolibrary.org/obo/XAO_0000356>
<http://purl.obolibrary.org/obo/XAO_0003211>	<http://purl.obolibrary.org/obo/BFO_0000050>	<http://purl.obolibrary.org/obo/XAO_0004300>
<http://purl.obolibrary.org/obo/XAO_0005035>	<http://purl.obolibrary.org/obo/xao#end_stage>	<http://purl.obolibrary.org/obo/XAO_0000437>
<http://purl.obolibrary.org/obo/XAO_0003131>	<http://purl.obolibrary.org/obo/xao#start_stage>	<http://purl.obolibrary.org/obo/XAO_1000041>
<http://purl.obolibrary.org/obo/XAO_0004005>	<http://purl.obolibrary.org/obo/xao#start_stage>	<http://purl.obolibrary.org/obo/XAO_1000083>
<http://purl.obolibrary.org/obo/XAO_0000470>	<http://purl.obolibrary.org/obo/RO_0002202>	<http://purl.obolibrary.org/obo/XAO_0000320>
<http://purl.obolibrary.org/obo/XAO_0004527>	<http://purl.obolibrary.org/obo/xao#start_stage>	<http://purl.obolibrary.org/obo/XAO_1000039>
<http://purl.obolibrary.org/obo/XAO_0005168>	<http://purl.obolibrary.org/obo/xao#start_stage>	<http://purl.obolibrary.org/obo/XAO_1000051>
<http://purl.obolibrary.org/obo/XAO_0005232>	<http://purl.obolibrary.org/obo/xao#end_stage>	<http://purl.obolibrary.org/obo/XAO_0000437>
<http://purl.obolibrary.org/obo/XAO_0000339>	<http://purl.obolibrary.org/obo/xao#end_stage>	<http://purl.obolibrary.org/obo/XAO_1000078>
<http://purl.obolibrary.org/obo/XAO_0000133>	<http://purl.obolibrary.org/obo/xao#end_stage>	<http://purl.obolibrary.org/obo/XAO_0000437>
<http://purl.obolibrary.org/obo/XAO_0003135>	<http://purl.obolibrary.org/obo/xao#end_stage>	<http://purl.obolibrary.org/obo/XAO_1000059>
<http://purl.obolibrary.org/obo/XAO_0003260>	<http://purl.obolibrary.org/obo/xao#end_stage>	<http://purl.obolibrary.org/obo/XAO_0000437>
<http://purl.obolibrary.org/obo/XAO_0000103>	<http://purl.obolibrary.org/obo/BFO_0000050>	<http://purl.obolibrary.org/obo/XAO_0000125>
<http://purl.obolibrary.org/obo/XAO_0003022>	<http://purl.obolibrary.org/obo/BFO_0000050>	<http://purl.obolibrary.org/obo/XAO_0000249>
<http://purl.obolibrary.org/obo/XAO_0004230>	<http://purl.obolibrary.org/obo/BFO_0000050>	<http://purl.obolibrary.org/obo/XAO_0004070>
<http://purl.obolibrary.org/obo/XAO_0005171>	<http://purl.obolibrary.org/obo/xao#start_stage>	<http://purl.obolibrary.org/obo/XAO_1000042>
<http://purl.obolibrary.org/obo/XAO_0004154>	<http://purl.obolibrary.org/obo/xao#end_stage>	<http://purl.obolibrary.org/obo/XAO_0000437>
<http://purl.obolibrary.org/obo/XAO_0005501>	<http://purl.obolibrary.org/obo/xao#end_stage>	<http://purl.obolibrary.org/obo/XAO_0000437>
<http://purl.obolibrary.org/obo/XAO_0004421>	<http://purl.obolibrary.org/obo/xao#end_stage>	<http://purl.obolibrary.org/obo/XAO_0000437>
<http://purl.obolibrary.org/obo/XAO_0000411>	<http://purl.obolibrary.org/obo/xao#start_stage>	<http://purl.obolibrary.org/obo/XAO_1000038>
<http://purl.obolibrary.org/obo/XAO_0004292>	<http://purl.obolibrary.org/obo/BFO_0000050>	<http://purl.obolibrary.org/obo/XAO_0000256>
<http://purl.obolibrary.org/obo/XAO_0003247>	<http://purl.obolibrary.org/obo/RO_0002202>	<http://purl.obolibrary.org/obo/XAO_0004208>
<http://purl.obolibrary.org/obo/XAO_0003062>	<http://purl.obolibrary.org/obo/xao#start_stage>	<http://purl.obolibrary.org/obo/XAO_1000067>
<http://purl.obolibrary.org/obo/XAO_0006028>	<http://purl.obolibrary.org/obo/xao#start_stage>	<http://purl.obolibrary.org/obo/XAO_1000020>
<http://purl.obolibrary.org/obo/XAO_0004226>	<http://purl.obolibrary.org/obo/RO_0002202>	<http://purl.obolibrary.org/obo/XAO_0000249>
<http://purl.obolibrary.org/obo/XAO_0005215>	<http://purl.obolibrary.org/obo/xao#start_stage>	<http://purl.obolibrary.org/obo/XAO_1000032>
<http://purl.obolibrary.org/obo/XAO_0000269>	<http://purl.obolibrary.org/obo/BFO_0000050>	<http://purl.obolibrary.org/obo/XAO_0000125>
<http://purl.obolibrary.org/obo/XAO_0000353>	<http://purl.obolibrary.org/obo/xao#start_stage>	<http://purl.obolibrary.org/obo/XAO_1000052>
<http://purl.obolibrary.org/obo/XAO_0000075>	<http://purl.obolibrary.org/obo/BFO_0000050>	<http://purl.obolibrary.org/obo/XAO_0000074>
<http://purl.obolibrary.org/obo/XAO_0000416>	<http://purl.obolibrary.org/obo/xao#end_stage>	<http://purl.obolibrary.org/obo/XAO_1000059>
<http://purl.obolibrary.org/obo/XAO_0004133>	<http://purl.obolibrary.org/obo/xao#end_stage>	<http://purl.obolibrary.org/obo/XAO_0000437>
<http://purl.obolibrary.org/obo/XAO_0000237>	<http://purl.obolibrary.org/obo/xao#start_stage>	<http://purl.obolibrary.org/obo/XAO_1000053>
<http://purl.obolibrary.org/obo/XAO_0003155>	<http://purl.obolibrary.org/obo/RO_0002202>	<http://purl.obolibrary.org/obo/XAO_0005323>
<http://purl.obolibrary.org/obo/XAO_0004474>	<http://purl.obolibrary.org/obo/xao#start_stage>	<http://purl.obolibrary.org/obo/XAO_1000041>
<http://purl.obolibrary.org/obo/XAO_0005119>	<http://purl.obolibrary.org/obo/xao#end_stage>	<http://purl.obolibrary.org/obo/XAO_1000092>
<http://purl.obolibrary.org/obo/XAO_0000118>	<http://purl.obolibrary.org/obo/RO_0002202>	<http://purl.obolibrary.org/obo/XAO_0005127>
<http://purl.obolibrary.org/obo/XAO_0004626>	<http://purl.obolibrary.org/obo/BFO_0000050>	<http://purl.obolibrary.org/obo/XAO_0004624>
<http://purl.obolibrary.org/obo/XAO_0001017>	<http://purl.obolibrary.org/obo/xao#start_stage>	<http://purl.obolibrary.org/obo/XAO_1000040>
<http://purl.obolibrary.org/obo/XAO_0003019>	<http://purl.obolibrary.org/obo/xao#end_stage>	<http://purl.obolibrary.org/obo/XAO_0000437>
<http://purl.obolibrary.org/obo/XAO_0000461>	<http://purl.obolibrary.org/obo/BFO_0000050>	<http://purl.obolibrary.org/obo/XAO_0000001>
<http://purl.obolibrary.org/obo/XAO_0005104>	<http://purl.obolibrary.org/obo/xao#start_stage>	<http://purl.obolibrary.org/obo/XAO_1000016>
<http://purl.obolibrary.org/obo/XAO_0003238>	<http://purl.obolibrary.org/obo/RO_0002202>	<http://purl.obolibrary.org/obo/XAO_0004320>
<http://purl.obolibrary.org/obo/XAO_0005033>	<http://purl.obolibrary.org/obo/xao#start_stage>	<http://purl.obolibrary.org/obo/XAO_1000020>
<http://purl.obolibrary.org/obo/XAO_0005305>	<http://purl.obolibrary.org/obo/BFO_0000050>	<http://purl.obolibrary.org/obo/XAO_0003044>
<http://purl.obolibrary.org/obo/XAO_0004475>	<http://purl.obolibrary.org/obo/xao#start_stage>	<http://purl.obolibrary.org/obo/XAO_1000043>
<http://purl.obolibrary.org/obo/XAO_0004520>	<http://purl.obolibrary.org/obo/BFO_0000050>	<http://purl.obolibrary.org/obo/XAO_0004518>
<http://purl.obolibrary.org/obo/XAO_0005061>	<http://purl.obolibrary.org/obo/xao#end_stage>	<http://purl.obolibrary.org/obo/XAO_1000067>
<http://purl.obolibrary.org/obo/XAO_0000119>	<http://purl.obolibrary.org/obo/RO_0002202>	<http://purl.obolibrary.org/obo/XAO_0005140>
<http://purl.obolibrary.org/obo/XAO_0005165>	<http://purl.obolibrary.org/obo/xao#end_stage>	<http://purl.obolibrary.org/obo/XAO_0000437>
<http://purl.obolibrary.org/obo/XAO_0004029>	<http://purl.obolibrary.org/obo/xao#start_stage>	<http://purl.obolibrary.org/obo/XAO_1000048>
<http://purl.obolibrary.org/obo/XAO_0003241>	<http://purl.obolibrary.org/obo/xao#start_stage>	<http://purl.obolibrary.org/obo/XAO_1000001>
<http://purl.obolibrary.org/obo/XAO_0004173>	<http://purl.obolibrary.org/obo/xao#end_stage>	<http://purl.obolibrary.org/obo/XAO_0000437>
<http://purl.obolibrary.org/obo/XAO_0000058>	<http://purl.obolibrary.org/obo/BFO_0000050>	<http://purl.obolibrary.org/obo/XAO_0000050>
<http://purl.obolibrary.org/obo/XAO_0005099>	<http://purl.obolibrary.org/obo/xao#start_stage>	<http://purl.obolibrary.org/obo/XAO_1000016>
<http://purl.obolibrary.org/obo/XAO_0005079>	<http://purl.obolibrary.org/obo/BFO_0000050>	<http://purl.obolibrary.org/obo/XAO_0000315>
<http://purl.obolibrary.org/obo/XAO_0006011>	<http://purl.obolibrary.org/obo/BFO_0000050>	<http://purl.obolibrary.org/obo/XAO_0000472>
<http://purl.obolibrary.org/obo/XAO_0005062>	<http://purl.obolibrary.org/obo/xao#start_stage>	<http://purl.obolibrary.org/obo/XAO_1000023>
<http://purl.obolibrary.org/obo/XAO_0004100>	<http://purl.obolibrary.org/obo/BFO_0000050>	<http://purl.obolibrary.org/obo/XAO_0003223>
<http://purl.obolibrary.org/obo/XAO_0000443>	<http://purl.obolibrary.org/obo/xao#end_stage>	<http://purl.obolibrary.org/obo/XAO_0000437>
<http://purl.obolibrary.org/obo/XAO_1000017>	<http://purl.obolibrary.org/obo/xao#preceded_by>	<http://purl.obolibrary.org/obo/XAO_1000029>
<http://purl.obolibrary.org/obo/XAO_0005196>	<http://purl.obolibrary.org/obo/xao#start_stage>	<http://purl.obolibrary.org/obo/XAO_1000038>
<http://purl.obolibrary.org/obo/XAO_0000405>	<http://purl.obolibrary.org/obo/xao#start_stage>	<http://purl.obolibrary.org/obo/XAO_1000034>
<http://purl.obolibrary.org/obo/XAO_0004351>	<http://purl.obolibrary.org/obo/xao#start_stage>	<http://purl.obolibrary.org/obo/XAO_1000054>
<http://purl.obolibrary.org/obo/XAO_0004287>	<http://purl.obolibrary.org/obo/xao#end_stage>	<http://purl.obolibrary.org/obo/XAO_0000437>
<http://purl.obolibrary.org/obo/XAO_1000067>	<http://purl.obolibrary.org/obo/xao#preceded_by>	<http://purl.obolibrary.org/obo/XAO_1000066>
<http://purl.obolibrary.org/obo/XAO_0004118>	<http://purl.obolibrary.org/obo/xao#start_stage>	<http://purl.obolibrary.org/obo/XAO_1000087>
<http://purl.obolibrary.org/obo/XAO_0000331>	<http://purl.obolibrary.org/obo/RO_0002202>	<http://purl.obolibrary.org/obo/XAO_0000292>
<http://purl.obolibrary.org/obo/XAO_0005241>	<http://purl.obolibrary.org/obo/xao#end_stage>	<http://purl.obolibrary.org/obo/XAO_1000078>
<http://purl.obolibrary.org/obo/XAO_0004459>	<http://purl.obolibrary.org/obo/xao#start_stage>	<http://purl.obolibrary.org/obo/XAO_1000052>
<http://purl.obolibrary.org/obo/XAO_0003200>	<http://purl.obolibrary.org/obo/BFO_0000050>	<http://purl.obolibrary.org/obo/XAO_0000125>
<http://purl.obolibrary.org/obo/XAO_1000077>	<http://purl.obolibrary.org/obo/xao#preceded_by>	<http://purl.obolibrary.org/obo/XAO_1000076>
<http://purl.obolibrary.org/obo/XAO_0004611>	<http://purl.obolibrary.org/obo/xao#end_stage>	<http://purl.obolibrary.org/obo/XAO_0000437>
<http://purl.obolibrary.org/obo/XAO_0003109>	<http://purl.obolibrary.org/obo/xao#start_stage>	<http://purl.obolibrary.org/obo/XAO_1000035>
<http://purl.obolibrary.org/obo/XAO_0000338>	<http://purl.obolibrary.org/obo/xao#end_stage>	<http://purl.obolibrary.org/obo/XAO_0000437>
<http://purl.obolibrary.org/obo/XAO_0003180>	<http://purl.obolibrary.org/obo/xao#end_stage>	<http://purl.obolibrary.org/obo/XAO_0000437>
<http://purl.obolibrary.org/obo/XAO_0004493>	<http://purl.obolibrary.org/obo/xao#start_stage>	<http://purl.obolibrary.org/obo/XAO_1000065>
<http://purl.obolibrary.org/obo/XAO_0005149>	<http://purl.obolibrary.org/obo/RO_0002202>	<http://purl.obolibrary.org/obo/XAO_0000053>
<http://purl.obolibrary.org/obo/XAO_0003264>	<http://purl.obolibrary.org/obo/xao#start_stage>	<http://purl.obolibrary.org/obo/XAO_1000045>
<http://purl.obolibrary.org/obo/XAO_0005186>	<http://purl.obolibrary.org/obo/BFO_0000050>	<http://purl.obolibrary.org/obo/XAO_0000017>
<http://purl.obolibrary.org/obo/XAO_0004540>	<http://purl.obolibrary.org/obo/BFO_0000050>	<http://purl.obolibrary.org/obo/XAO_0004539>
<http://purl.obolibrary.org/obo/XAO_0000448>	<http://purl.obolibrary.org/obo/xao#end_stage>	<http://purl.obolibrary.org/obo/XAO_1000051>
<http://purl.obolibrary.org/obo/XAO_0005192>	<http://purl.obolibrary.org/obo/xao#start_stage>	<http://purl.obolibrary.org/obo/XAO_1000052>
<http://purl.obolibrary.org/obo/XAO_0004172>	<http://purl.obolibrary.org/obo/BFO_0000050>	<http://purl.obolibrary.org/obo/XAO_0004423>
<http://purl.obolibrary.org/obo/XAO_0003119>	<http://purl.obolibrary.org/obo/xao#start_stage>	<http://purl.obolibrary.org/obo/XAO_1000039>
<http://purl.obolibrary.org/obo/XAO_0005269>	<http://purl.obolibrary.org/obo/xao#start_stage>	<http://purl.obolibrary.org/obo/XAO_1000067>
<http://purl.obolibrary.org/obo/XAO_0000388>	<http://purl.obolibrary.org/obo/BFO_0000050>	<http://purl.obolibrary.org/obo/XAO_0004423>
<http://purl.obolibrary.org/obo/XAO_0004407>	<http://purl.obolibrary.org/obo/xao#start_stage>	<http://purl.obolibrary.org/obo/XAO_1000058>
<http://purl.obolibrary.org/obo/XAO_0005234>	<http://purl.obolibrary.org/obo/xao#start_stage>	<http://purl.obolibrary.org/obo/XAO_1000041>
<http://purl.obolibrary.org/obo/XAO_0000220>	<http://purl.obolibrary.org/obo/xao#start_stage>	<http://purl.obolibrary.org/obo/XAO_1000027>
<http://purl.obolibrary.org/obo/XAO_0004268>	<http://purl.obolibrary.org/obo/xao#start_stage>	<http://purl.obolibrary.org/obo/XAO_1000053>
<http://purl.obolibrary.org/obo/XAO_0004139>	<http://purl.obolibrary.org/obo/xao#start_stage>	<http://purl.obolibrary.org/obo/XAO_1000053>
<http://purl.obolibrary.org/obo/XAO_0004470>	<http://purl.obolibrary.org/obo/BFO_0000050>	<http://purl.obolibrary.org/obo/XAO_0000064>
<http://purl.obolibrary.org/obo/XAO_0005156>	<http://purl.obolibrary.org/obo/RO_0002202>	<http://purl.obolibrary.org/obo/XAO_0005129>
<http://purl.obolibrary.org/obo/XAO_0000188>	<http://purl.obolibrary.org/obo/xao#end_stage>	<http://purl.obolibrary.org/obo/XAO_0000437>
<http://purl.obolibrary.org/obo/XAO_0004307>	<http://purl.obolibrary.org/obo/BFO_0000050>	<http://purl.obolibrary.org/obo/XAO_0003024>
<http://purl.obolibrary.org/obo/XAO_0000283>	<http://purl.obolibrary.org/obo/xao#end_stage>	<http://purl.obolibrary.org/obo/XAO_0000437>
<http://purl.obolibrary.org/obo/XAO_0004304>	<http://purl.obolibrary.org/obo/xao#start_stage>	<http://purl.obolibrary.org/obo/XAO_1000038>
<http://purl.obolibrary.org/obo/XAO_0004308>	<http://purl.obolibrary.org/obo/RO_0002202>	<http://purl.obolibrary.org/obo/XAO_0000048>
<http://purl.obolibrary.org/obo/XAO_0000249>	<http://purl.obolibrary.org/obo/xao#end_stage>	<http://purl.obolibrary.org/obo/XAO_1000038>
<http://purl.obolibrary.org/obo/XAO_0004525>	<http://purl.obolibrary.org/obo/xao#end_stage>	<http://purl.obolibrary.org/obo/XAO_0000437>
<http://purl.obolibrary.org/obo/XAO_0004565>	<http://purl.obolibrary.org/obo/BFO_0000050>	<http://purl.obolibrary.org/obo/XAO_0004271>
<http://purl.obolibrary.org/obo/XAO_0005059>	<http://purl.obolibrary.org/obo/BFO_0000050>	<http://purl.obolibrary.org/obo/XAO_0000217>
<http://purl.obolibrary.org/obo/XAO_0004336>	<http://purl.obolibrary.org/obo/xao#end_stage>	<http://purl.obolibrary.org/obo/XAO_0000437>
<http://purl.obolibrary.org/obo/XAO_0004563>	<http://purl.obolibrary.org/obo/xao#start_stage>	<http://purl.obolibrary.org/obo/XAO_1000038>
<http://purl.obolibrary.org/obo/XAO_0004455>	<http://purl.obolibrary.org/obo/xao#end_stage>	<http://purl.obolibrary.org/obo/XAO_1000057>
<http://purl.obolibrary.org/obo/XAO_0000239>	<http://purl.obolibrary.org/obo/xao#start_stage>	<http://purl.obolibrary.org/obo/XAO_1000052>
<http://purl.obolibrary.org/obo/XAO_0003042>	<http://purl.obolibrary.org/obo/BFO_0000050>	<http://purl.obolibrary.org/obo/XAO_0000113>
<http://purl.obolibrary.org/obo/XAO_0000470>	<http://purl.obolibrary.org/obo/xao#end_stage>	<http://purl.obolibrary.org/obo/XAO_1000010>
<http://purl.obolibrary.org/obo/XAO_0004374>	<http://purl.obolibrary.org/obo/RO_0002202>	<http://purl.obolibrary.org/obo/XAO_0003205>
<http://purl.obolibrary.org/obo/XAO_0003005>	<http://purl.obolibrary.org/obo/xao#end_stage>	<http://purl.obolibrary.org/obo/XAO_0000437>
<http://purl.obolibrary.org/obo/XAO_0004152>	<http://purl.obolibrary.org/obo/xao#end_stage>	<http://purl.obolibrary.org/obo/XAO_0000437>
<http://purl.obolibrary.org/obo/XAO_0000220>	<http://purl.obolibrary.org/obo/RO_0002202>	<http://purl.obolibrary.org/obo/XAO_0000408>
<http://purl.obolibrary.org/obo/XAO_0003086>	<http://purl.obolibrary.org/obo/BFO_0000050>	<http://purl.obolibrary.org/obo/XAO_0003176>
<http://purl.obolibrary.org/obo/XAO_0000038>	<http://purl.obolibrary.org/obo/BFO_0000050>	<http://purl.obolibrary.org/obo/XAO_0000036>
<http://purl.obolibrary.org/obo/XAO_0004135>	<http://purl.obolibrary.org/obo/xao#start_stage>	<http://purl.obolibrary.org/obo/XAO_1000038>
<http://purl.obolibrary.org/obo/XAO_0005043>	<http://purl.obolibrary.org/obo/xao#end_stage>	<http://purl.obolibrary.org/obo/XAO_0000437>
<http://purl.obolibrary.org/obo/XAO_0000204>	<http://purl.obolibrary.org/obo/BFO_0000050>	<http://purl.obolibrary.org/obo/XAO_0005199>
<http://purl.obolibrary.org/obo/XAO_0004187>	<http://purl.obolibrary.org/obo/xao#end_stage>	<http://purl.obolibrary.org/obo/XAO_1000056>
<http://purl.obolibrary.org/obo/XAO_0003105>	<http://purl.obolibrary.org/obo/xao#start_stage>	<http://purl.obolibrary.org/obo/XAO_1000034>
<http://purl.obolibrary.org/obo/XAO_0003224>	<http://purl.obolibrary.org/obo/BFO_0000050>	<http://purl.obolibrary.org/obo/XAO_0003216>
<http://purl.obolibrary.org/obo/XAO_0000310>	<http://purl.obolibrary.org/obo/BFO_0000050>	<http://purl.obolibrary.org/obo/XAO_0004087>
<http://purl.obolibrary.org/obo/XAO_0005265>	<http://purl.obolibrary.org/obo/xao#end_stage>	<http://purl.obolibrary.org/obo/XAO_0000437>
<http://purl.obolibrary.org/obo/XAO_0004131>	<http://purl.obolibrary.org/obo/BFO_0000050>	<http://purl.obolibrary.org/obo/XAO_0000192>
<http://purl.obolibrary.org/obo/XAO_0000271>	<http://purl.obolibrary.org/obo/xao#start_stage>	<http://purl.obolibrary.org/obo/XAO_1000026>
<http://purl.obolibrary.org/obo/XAO_0004292>	<http://purl.obolibrary.org/obo/xao#end_stage>	<http://purl.obolibrary.org/obo/XAO_1000085>
<http://purl.obolibrary.org/obo/XAO_0004191>	<http://purl.obolibrary.org/obo/BFO_0000050>	<http://purl.obolibrary.org/obo/XAO_0000048>
<http://purl.obolibrary.org/obo/XAO_0005177>	<http://purl.obolibrary.org/obo/RO_0002202>	<http://purl.obolibrary.org/obo/XAO_0005173>
<http://purl.obolibrary.org/obo/XAO_0004016>	<http://purl.obolibrary.org/obo/BFO_0000050>	<http://purl.obolibrary.org/obo/XAO_0004026>
<http://purl.obolibrary.org/obo/XAO_0000314>	<http://purl.obolibrary.org/obo/xao#start_stage>	<http://purl.obolibrary.org/obo/XAO_1000035>
<http://purl.obolibrary.org/obo/XAO_0004255>	<http://purl.obolibrary.org/obo/xao#start_stage>	<http://purl.obolibrary.org/obo/XAO_1000049>
<http://purl.obolibrary.org/obo/XAO_1000047>	<http://purl.obolibrary.org/obo/xao#preceded_by>	<http://purl.obolibrary.org/obo/XAO_1000046>
<http://purl.obolibrary.org/obo/XAO_0004300>	<http://purl.obolibrary.org/obo/xao#end_stage>	<http://purl.obolibrary.org/obo/XAO_0000437>
<http://purl.obolibrary.org/obo/XAO_0004328>	<http://purl.obolibrary.org/obo/xao#end_stage>	<http://purl.obolibrary.org/obo/XAO_0000437>
<http://purl.obolibrary.org/obo/XAO_1000091>	<http://purl.obolibrary.org/obo/xao#preceded_by>	<http://purl.obolibrary.org/obo/XAO_1000090>
<http://purl.obolibrary.org/obo/XAO_1000026>	<http://purl.obolibrary.org/obo/xao#preceded_by>	<http://purl.obolibrary.org/obo/XAO_1000025>
<http://purl.obolibrary.org/obo/XAO_0005506>	<http://purl.obolibrary.org/obo/BFO_0000050>	<http://purl.obolibrary.org/obo/XAO_0000215>
<http://purl.obolibrary.org/obo/XAO_0005019>	<http://purl.obolibrary.org/obo/RO_0002202>	<http://purl.obolibrary.org/obo/XAO_0000085>
<http://purl.obolibrary.org/obo/XAO_0004198>	<http://purl.obolibrary.org/obo/xao#start_stage>	<http://purl.obolibrary.org/obo/XAO_1000072>
<http://purl.obolibrary.org/obo/XAO_0004102>	<http://purl.obolibrary.org/obo/BFO_0000050>	<http://purl.obolibrary.org/obo/XAO_0004104>
<http://purl.obolibrary.org/obo/XAO_0000023>	<http://purl.obolibrary.org/obo/RO_0002202>	<http://purl.obolibrary.org/obo/XAO_0000028>
<http://purl.obolibrary.org/obo/XAO_0004406>	<http://purl.obolibrary.org/obo/RO_0002202>	<http://purl.obolibrary.org/obo/XAO_0000083>
<http://purl.obolibrary.org/obo/XAO_0004237>	<http://purl.obolibrary.org/obo/BFO_0000050>	<http://purl.obolibrary.org/obo/XAO_0004258>
<http://purl.obolibrary.org/obo/XAO_0004438>	<http://purl.obolibrary.org/obo/xao#start_stage>	<http://purl.obolibrary.org/obo/XAO_1000050>
<http://purl.obolibrary.org/obo/XAO_0003029>	<http://purl.obolibrary.org/obo/xao#end_stage>	<http://purl.obolibrary.org/obo/XAO_0000437>
<http://purl.obolibrary.org/obo/XAO_0000224>	<http://purl.obolibrary.org/obo/xao#end_stage>	<http://purl.obolibrary.org/obo/XAO_1000022>
<http://purl.obolibrary.org/obo/XAO_0004275>	<http://purl.obolibrary.org/obo/BFO_0000050>	<http://purl.obolibrary.org/obo/XAO_0003073>
<http://purl.obolibrary.org/obo/XAO_0004545>	<http://purl.obolibrary.org/obo/xao#start_stage>	<http://purl.obolibrary.org/obo/XAO_1000038>
<http://purl.obolibrary.org/obo/XAO_0000026>	<http://purl.obolibrary.org/obo/xao#start_stage>	<http://purl.obolibrary.org/obo/XAO_1000025>
<http://purl.obolibrary.org/obo/XAO_0000164>	<http://purl.obolibrary.org/obo/xao#start_stage>	<http://purl.obolibrary.org/obo/XAO_1000058>
<http://purl.obolibrary.org/obo/XAO_0000002>	<http://purl.obolibrary.org/obo/BFO_0000050>	<http://purl.obolibrary.org/obo/XAO_0000001>
<http://purl.obolibrary.org/obo/XAO_0003074>	<http://purl.obolibrary.org/obo/xao#start_stage>	<http://purl.obolibrary.org/obo/XAO_1000057>
<http://purl.obolibrary.org/obo/XAO_0005028>	<http://purl.obolibrary.org/obo/xao#start_stage>	<http://purl.obolibrary.org/obo/XAO_1000052>
<http://purl.obolibrary.org/obo/XAO_0004078>	<http://purl.obolibrary.org/obo/xao#start_stage>	<http://purl.obolibrary.org/obo/XAO_1000027>
<http://purl.obolibrary.org/obo/XAO_0005002>	<http://purl.obolibrary.org/obo/xao#start_stage>	<http://purl.obolibrary.org/obo/XAO_1000011>
<http://purl.obolibrary.org/obo/XAO_0005162>	<http://purl.obolibrary.org/obo/xao#end_stage>	<http://purl.obolibrary.org/obo/XAO_0000437>
<http://purl.obolibrary.org/obo/XAO_0005243>	<http://purl.obolibrary.org/obo/xao#end_stage>	<http://purl.obolibrary.org/obo/XAO_1000076>
<http://purl.obolibrary.org/obo/XAO_0000090>	<http://purl.obolibrary.org/obo/RO_0002202>	<http://purl.obolibrary.org/obo/XAO_0003044>
<http://purl.obolibrary.org/obo/XAO_0000200>	<http://purl.obolibrary.org/obo/xao#end_stage>	<http://purl.obolibrary.org/obo/XAO_1000017>
<http://purl.obolibrary.org/obo/XAO_0005295>	<http://purl.obolibrary.org/obo/xao#start_stage>	<http://purl.obolibrary.org/obo/XAO_1000044>
<http://purl.obolibrary.org/obo/XAO_0000069>	<http://purl.obolibrary.org/obo/xao#end_stage>	<http://purl.obolibrary.org/obo/XAO_1000022>
<http://purl.obolibrary.org/obo/XAO_0004075>	<http://purl.obolibrary.org/obo/BFO_0000050>	<http://purl.obolibrary.org/obo/XAO_0004074>
<http://purl.obolibrary.org/obo/XAO_0004117>	<http://purl.obolibrary.org/obo/xao#end_stage>	<http://purl.obolibrary.org/obo/XAO_1000086>
<http://purl.obolibrary.org/obo/XAO_0000123>	<http://purl.obolibrary.org/obo/xao#start_stage>	<http://purl.obolibrary.org/obo/XAO_1000010>
<http://purl.obolibrary.org/obo/XAO_0003013>	<http://purl.obolibrary.org/obo/xao#start_stage>	<http://purl.obolibrary.org/obo/XAO_1000023>
<http://purl.obolibrary.org/obo/XAO_0004054>	<http://purl.obolibrary.org/obo/BFO_0000050>	<http://purl.obolibrary.org/obo/XAO_0000055>
<http://purl.obolibrary.org/obo/XAO_0006010>	<http://purl.obolibrary.org/obo/xao#end_stage>	<http://purl.obolibrary.org/obo/XAO_0000437>
<http://purl.obolibrary.org/obo/XAO_0006050>	<http://purl.obolibrary.org/obo/xao#end_stage>	<http://purl.obolibrary.org/obo/XAO_0000437>
<http://purl.obolibrary.org/obo/XAO_0006015>	<http://purl.obolibrary.org/obo/BFO_0000050>	<http://purl.obolibrary.org/obo/XAO_0006014>
<http://purl.obolibrary.org/obo/XAO_0001016>	<http://purl.obolibrary.org/obo/RO_0002202>	<http://purl.obolibrary.org/obo/XAO_0000314>
<http://purl.obolibrary.org/obo/XAO_0004541>	<http://purl.obolibrary.org/obo/xao#start_stage>	<http://purl.obolibrary.org/obo/XAO_1000061>
<http://purl.obolibrary.org/obo/XAO_0005323>	<http://purl.obolibrary.org/obo/RO_0002202>	<http://purl.obolibrary.org/obo/XAO_0006026>
<http://purl.obolibrary.org/obo/XAO_0004086>	<http://purl.obolibrary.org/obo/xao#start_stage>	<http://purl.obolibrary.org/obo/XAO_1000023>
<http://purl.obolibrary.org/obo/XAO_0000276>	<http://purl.obolibrary.org/obo/BFO_0000050>	<http://purl.obolibrary.org/obo/XAO_0000050>
<http://purl.obolibrary.org/obo/XAO_0000340>	<http://purl.obolibrary.org/obo/xao#start_stage>	<http://purl.obolibrary.org/obo/XAO_1000046>
<http://purl.obolibrary.org/obo/XAO_0003122>	<http://purl.obolibrary.org/obo/xao#end_stage>	<http://purl.obolibrary.org/obo/XAO_1000059>
<http://purl.obolibrary.org/obo/XAO_0000338>	<http://purl.obolibrary.org/obo/xao#start_stage>	<http://purl.obolibrary.org/obo/XAO_1000046>
<http://purl.obolibrary.org/obo/XAO_0004392>	<http://purl.obolibrary.org/obo/BFO_0000050>	<http://purl.obolibrary.org/obo/XAO_0000023>
<http://purl.obolibrary.org/obo/XAO_0000319>	<http://purl.obolibrary.org/obo/xao#end_stage>	<http://purl.obolibrary.org/obo/XAO_1000046>
<http://purl.obolibrary.org/obo/XAO_0003048>	<http://purl.obolibrary.org/obo/xao#start_stage>	<http://purl.obolibrary.org/obo/XAO_1000093>
<http://purl.obolibrary.org/obo/XAO_0003160>	<http://purl.obolibrary.org/obo/xao#start_stage>	<http://purl.obolibrary.org/obo/XAO_1000001>
<http://purl.obolibrary.org/obo/XAO_0005024>	<http://purl.obolibrary.org/obo/BFO_0000050>	<http://purl.obolibrary.org/obo/XAO_0003196>
<http://purl.obolibrary.org/obo/XAO_0000341>	<http://purl.obolibrary.org/obo/xao#end_stage>	<http://purl.obolibrary.org/obo/XAO_1000078>
<http://purl.obolibrary.org/obo/XAO_0003123>	<http://purl.obolibrary.org/obo/xao#start_stage>	<http://purl.obolibrary.org/obo/XAO_1000039>
<http://purl.obolibrary.org/obo/XAO_0000180>	<http://purl.obolibrary.org/obo/xao#end_stage>	<http://purl.obolibrary.org/obo/XAO_0000437>
<http://purl.obolibrary.org/obo/XAO_0003163>	<http://purl.obolibrary.org/obo/BFO_0000050>	<http://purl.obolibrary.org/obo/XAO_0003045>
<http://purl.obolibrary.org/obo/XAO_0003024>	<http://purl.obolibrary.org/obo/xao#start_stage>	<http://purl.obolibrary.org/obo/XAO_1000023>
<http://purl.obolibrary.org/obo/XAO_0004233>	<http://purl.obolibrary.org/obo/xao#start_stage>	<http://purl.obolibrary.org/obo/XAO_1000046>
<http://purl.obolibrary.org/obo/XAO_0004582>	<http://purl.obolibrary.org/obo/BFO_0000050>	<http://purl.obolibrary.org/obo/XAO_0004271>
<http://purl.obolibrary.org/obo/XAO_0000158>	<http://purl.obolibrary.org/obo/xao#start_stage>	<http://purl.obolibrary.org/obo/XAO_1000042>
<http://purl.obolibrary.org/obo/XAO_0005190>	<http://purl.obolibrary.org/obo/xao#end_stage>	<http://purl.obolibrary.org/obo/XAO_0000437>
<http://purl.obolibrary.org/obo/XAO_0000051>	<http://purl.obolibrary.org/obo/xao#start_stage>	<http://purl.obolibrary.org/obo/XAO_1000046>
<http://purl.obolibrary.org/obo/XAO_0003233>	<http://purl.obolibrary.org/obo/xao#end_stage>	<http://purl.obolibrary.org/obo/XAO_0000437>
<http://purl.obolibrary.org/obo/XAO_0005156>	<http://purl.obolibrary.org/obo/xao#end_stage>	<http://purl.obolibrary.org/obo/XAO_0000437>
<http://purl.obolibrary.org/obo/XAO_0006003>	<http://purl.obolibrary.org/obo/xao#end_stage>	<http://purl.obolibrary.org/obo/XAO_0000437>
<http://purl.obolibrary.org/obo/XAO_0004376>	<http://purl.obolibrary.org/obo/RO_0002202>	<http://purl.obolibrary.org/obo/XAO_0003205>
<http://purl.obolibrary.org/obo/XAO_0005285>	<http://purl.obolibrary.org/obo/xao#end_stage>	<http://purl.obolibrary.org/obo/XAO_0000437>
<http://purl.obolibrary.org/obo/XAO_0004250>	<http://purl.obolibrary.org/obo/xao#end_stage>	<http://purl.obolibrary.org/obo/XAO_0000437>
<http://purl.obolibrary.org/obo/XAO_0004215>	<http://purl.obolibrary.org/obo/xao#start_stage>	<http://purl.obolibrary.org/obo/XAO_1000049>
<http://purl.obolibrary.org/obo/XAO_0004476>	<http://purl.obolibrary.org/obo/xao#start_stage>	<http://purl.obolibrary.org/obo/XAO_1000058>
<http://purl.obolibrary.org/obo/XAO_0004378>	<http://purl.obolibrary.org/obo/BFO_0000050>	<http://purl.obolibrary.org/obo/XAO_0003059>
<http://purl.obolibrary.org/obo/XAO_0004356>	<http://purl.obolibrary.org/obo/xao#end_stage>	<http://purl.obolibrary.org/obo/XAO_0000437>
<http://purl.obolibrary.org/obo/XAO_0005107>	<http://purl.obolibrary.org/obo/xao#end_stage>	<http://purl.obolibrary.org/obo/XAO_1000016>
<http://purl.obolibrary.org/obo/XAO_0005007>	<http://purl.obolibrary.org/obo/xao#end_stage>	<http://purl.obolibrary.org/obo/XAO_0000437>
<http://purl.obolibrary.org/obo/XAO_0004571>	<http://purl.obolibrary.org/obo/BFO_0000050>	<http://purl.obolibrary.org/obo/XAO_0004585>
<http://purl.obolibrary.org/obo/XAO_0005064>	<http://purl.obolibrary.org/obo/BFO_0000050>	<http://purl.obolibrary.org/obo/XAO_0000130>
<http://purl.obolibrary.org/obo/XAO_0000107>	<http://purl.obolibrary.org/obo/RO_0002202>	<http://purl.obolibrary.org/obo/XAO_0000001>
<http://purl.obolibrary.org/obo/XAO_0003005>	<http://purl.obolibrary.org/obo/xao#start_stage>	<http://purl.obolibrary.org/obo/XAO_1000001>
<http://purl.obolibrary.org/obo/XAO_0005141>	<http://purl.obolibrary.org/obo/xao#start_stage>	<http://purl.obolibrary.org/obo/XAO_1000059>
<http://purl.obolibrary.org/obo/XAO_0000141>	<http://purl.obolibrary.org/obo/xao#end_stage>	<http://purl.obolibrary.org/obo/XAO_0000437>
<http://purl.obolibrary.org/obo/XAO_0005043>	<http://purl.obolibrary.org/obo/xao#start_stage>	<http://purl.obolibrary.org/obo/XAO_1000044>
<http://purl.obolibrary.org/obo/XAO_0000034>	<http://purl.obolibrary.org/obo/xao#start_stage>	<http://purl.obolibrary.org/obo/XAO_1000025>
<http://purl.obolibrary.org/obo/XAO_0000077>	<http://purl.obolibrary.org/obo/xao#start_stage>	<http://purl.obolibrary.org/obo/XAO_1000020>
<http://purl.obolibrary.org/obo/XAO_0006048>	<http://purl.obolibrary.org/obo/BFO_0000050>	<http://purl.obolibrary.org/obo/XAO_0005024>
<http://purl.obolibrary.org/obo/XAO_0005176>	<http://purl.obolibrary.org/obo/RO_0002202>	<http://purl.obolibrary.org/obo/XAO_0005172>
<http://purl.obolibrary.org/obo/XAO_0005053>	<http://purl.obolibrary.org/obo/xao#end_stage>	<http://purl.obolibrary.org/obo/XAO_0000437>
<http://purl.obolibrary.org/obo/XAO_0000223>	<http://purl.obolibrary.org/obo/RO_0002202>	<http://purl.obolibrary.org/obo/XAO_0000320>
<http://purl.obolibrary.org/obo/XAO_0004166>	<http://purl.obolibrary.org/obo/xao#start_stage>	<http://purl.obolibrary.org/obo/XAO_1000048>
<http://purl.obolibrary.org/obo/XAO_0006036>	<http://purl.obolibrary.org/obo/RO_0002202>	<http://purl.obolibrary.org/obo/XAO_0006035>
<http://purl.obolibrary.org/obo/XAO_0000426>	<http://purl.obolibrary.org/obo/RO_0002202>	<http://purl.obolibrary.org/obo/XAO_0000005>
<http://purl.obolibrary.org/obo/XAO_0004197>	<http://purl.obolibrary.org/obo/xao#start_stage>	<http://purl.obolibrary.org/obo/XAO_1000048>
<http://purl.obolibrary.org/obo/XAO_0000208>	<http://purl.obolibrary.org/obo/xao#end_stage>	<http://purl.obolibrary.org/obo/XAO_1000034>
<http://purl.obolibrary.org/obo/XAO_0004127>	<http://purl.obolibrary.org/obo/xao#end_stage>	<http://purl.obolibrary.org/obo/XAO_0000437>
<http://purl.obolibrary.org/obo/XAO_0004458>	<http://purl.obolibrary.org/obo/xao#start_stage>	<http://purl.obolibrary.org/obo/XAO_1000044>
<http://purl.obolibrary.org/obo/XAO_0000242>	<http://purl.obolibrary.org/obo/RO_0002202>	<http://purl.obolibrary.org/obo/XAO_0000063>
<http://purl.obolibrary.org/obo/XAO_0005054>	<http://purl.obolibrary.org/obo/xao#start_stage>	<http://purl.obolibrary.org/obo/XAO_1000038>
<http://purl.obolibrary.org/obo/XAO_0004335>	<http://purl.obolibrary.org/obo/RO_0002202>	<http://purl.obolibrary.org/obo/XAO_0004432>
<http://purl.obolibrary.org/obo/XAO_0004163>	<http://purl.obolibrary.org/obo/BFO_0000050>	<http://purl.obolibrary.org/obo/XAO_0000100>
<http://purl.obolibrary.org/obo/XAO_0004201>	<http://purl.obolibrary.org/obo/xao#start_stage>	<http://purl.obolibrary.org/obo/XAO_1000072>
<http://purl.obolibrary.org/obo/XAO_0004491>	<http://purl.obolibrary.org/obo/xao#start_stage>	<http://purl.obolibrary.org/obo/XAO_1000060>
<http://purl.obolibrary.org/obo/XAO_0004131>	<http://purl.obolibrary.org/obo/xao#start_stage>	<http://purl.obolibrary.org/obo/XAO_1000059>
<http://purl.obolibrary.org/obo/XAO_0000395>	<http://purl.obolibrary.org/obo/BFO_0000050>	<http://purl.obolibrary.org/obo/XAO_0004423>
<http://purl.obolibrary.org/obo/XAO_0004041>	<http://purl.obolibrary.org/obo/xao#start_stage>	<http://purl.obolibrary.org/obo/XAO_1000057>
<http://purl.obolibrary.org/obo/XAO_0000213>	<http://purl.obolibrary.org/obo/BFO_0000050>	<http://purl.obolibrary.org/obo/XAO_0000189>
<http://purl.obolibrary.org/obo/XAO_0004371>	<http://purl.obolibrary.org/obo/BFO_0000050>	<http://purl.obolibrary.org/obo/XAO_0003059>
<http://purl.obolibrary.org/obo/XAO_0000383>	<http://purl.obolibrary.org/obo/RO_0002202>	<http://purl.obolibrary.org/obo/XAO_0000052>
<http://purl.obolibrary.org/obo/XAO_0004260>	<http://purl.obolibrary.org/obo/xao#start_stage>	<http://purl.obolibrary.org/obo/XAO_1000043>
<http://purl.obolibrary.org/obo/XAO_0000126>	<http://purl.obolibrary.org/obo/BFO_0000050>	<http://purl.obolibrary.org/obo/XAO_0003029>
<http://purl.obolibrary.org/obo/XAO_0003227>	<http://purl.obolibrary.org/obo/BFO_0000050>	<http://purl.obolibrary.org/obo/XAO_0005501>
<http://purl.obolibrary.org/obo/XAO_0005038>	<http://purl.obolibrary.org/obo/xao#end_stage>	<http://purl.obolibrary.org/obo/XAO_0000437>
<http://purl.obolibrary.org/obo/XAO_0003208>	<http://purl.obolibrary.org/obo/xao#start_stage>	<http://purl.obolibrary.org/obo/XAO_1000069>
<http://purl.obolibrary.org/obo/XAO_0000005>	<http://purl.obolibrary.org/obo/xao#end_stage>	<http://purl.obolibrary.org/obo/XAO_1000054>
<http://purl.obolibrary.org/obo/XAO_0004556>	<http://purl.obolibrary.org/obo/BFO_0000050>	<http://purl.obolibrary.org/obo/XAO_0004390>
<http://purl.obolibrary.org/obo/XAO_0000471>	<http://purl.obolibrary.org/obo/RO_0002202>	<http://purl.obolibrary.org/obo/XAO_0006017>
<http://purl.obolibrary.org/obo/XAO_0005268>	<http://purl.obolibrary.org/obo/xao#end_stage>	<http://purl.obolibrary.org/obo/XAO_0000437>
<http://purl.obolibrary.org/obo/XAO_0004528>	<http://purl.obolibrary.org/obo/xao#start_stage>	<http://purl.obolibrary.org/obo/XAO_1000045>
<http://purl.obolibrary.org/obo/XAO_0003216>	<http://purl.obolibrary.org/obo/xao#start_stage>	<http://purl.obolibrary.org/obo/XAO_1000044>
<http://purl.obolibrary.org/obo/XAO_0003139>	<http://purl.obolibrary.org/obo/RO_0002202>	<http://purl.obolibrary.org/obo/XAO_0000424>
<http://purl.obolibrary.org/obo/XAO_0000129>	<http://purl.obolibrary.org/obo/xao#end_stage>	<http://purl.obolibrary.org/obo/XAO_0000437>
<http://purl.obolibrary.org/obo/XAO_0003051>	<http://purl.obolibrary.org/obo/BFO_0000050>	<http://purl.obolibrary.org/obo/XAO_0000311>
<http://purl.obolibrary.org/obo/XAO_0005103>	<http://purl.obolibrary.org/obo/xao#end_stage>	<http://purl.obolibrary.org/obo/XAO_1000016>
<http://purl.obolibrary.org/obo/XAO_0000103>	<http://purl.obolibrary.org/obo/xao#end_stage>	<http://purl.obolibrary.org/obo/XAO_1000056>
<http://purl.obolibrary.org/obo/XAO_0005195>	<http://purl.obolibrary.org/obo/xao#end_stage>	<http://purl.obolibrary.org/obo/XAO_0000437>
<http://purl.obolibrary.org/obo/XAO_0004015>	<http://purl.obolibrary.org/obo/BFO_0000050>	<http://purl.obolibrary.org/obo/XAO_0004025>
<http://purl.obolibrary.org/obo/XAO_0000030>	<http://purl.obolibrary.org/obo/xao#end_stage>	<http://purl.obolibrary.org/obo/XAO_1000001>
<http://purl.obolibrary.org/obo/XAO_0004158>	<http://purl.obolibrary.org/obo/xao#start_stage>	<http://purl.obolibrary.org/obo/XAO_1000050>
<http://purl.obolibrary.org/obo/XAO_0005240>	<http://purl.obolibrary.org/obo/RO_0002202>	<http://purl.obolibrary.org/obo/XAO_0000001>
<http://purl.obolibrary.org/obo/XAO_0005077>	<http://purl.obolibrary.org/obo/xao#start_stage>	<http://purl.obolibrary.org/obo/XAO_1000043>
<http://purl.obolibrary.org/obo/XAO_0000379>	<http://purl.obolibrary.org/obo/xao#start_stage>	<http://purl.obolibrary.org/obo/XAO_1000052>
<http://purl.obolibrary.org/obo/XAO_0004278>	<http://purl.obolibrary.org/obo/xao#start_stage>	<http://purl.obolibrary.org/obo/XAO_1000070>
<http://purl.obolibrary.org/obo/XAO_0005207>	<http://purl.obolibrary.org/obo/xao#end_stage>	<http://purl.obolibrary.org/obo/XAO_0000437>
<http://purl.obolibrary.org/obo/XAO_0000417>	<http://purl.obolibrary.org/obo/xao#end_stage>	<http://purl.obolibrary.org/obo/XAO_1000059>
<http://purl.obolibrary.org/obo/XAO_0004360>	<http://purl.obolibrary.org/obo/xao#end_stage>	<http://purl.obolibrary.org/obo/XAO_1000078>
<http://purl.obolibrary.org/obo/XAO_0003027>	<http://purl.obolibrary.org/obo/xao#end_stage>	<http://purl.obolibrary.org/obo/XAO_0000437>
<http://purl.obolibrary.org/obo/XAO_0004500>	<http://purl.obolibrary.org/obo/xao#start_stage>	<http://purl.obolibrary.org/obo/XAO_1000064>
<http://purl.obolibrary.org/obo/XAO_0004426>	<http://purl.obolibrary.org/obo/xao#end_stage>	<http://purl.obolibrary.org/obo/XAO_1000052>
<http://purl.obolibrary.org/obo/XAO_0004297>	<http://purl.obolibrary.org/obo/BFO_0000050>	<http://purl.obolibrary.org/obo/XAO_0003030>
<http://purl.obolibrary.org/obo/XAO_0000160>	<http://purl.obolibrary.org/obo/xao#end_stage>	<http://purl.obolibrary.org/obo/XAO_0000437>
<http://purl.obolibrary.org/obo/XAO_0003073>	<http://purl.obolibrary.org/obo/xao#start_stage>	<http://purl.obolibrary.org/obo/XAO_1000057>
<http://purl.obolibrary.org/obo/XAO_0005027>	<http://purl.obolibrary.org/obo/xao#end_stage>	<http://purl.obolibrary.org/obo/XAO_0000437>
<http://purl.obolibrary.org/obo/XAO_0004225>	<http://purl.obolibrary.org/obo/RO_0002202>	<http://purl.obolibrary.org/obo/XAO_0000001>
<http://purl.obolibrary.org/obo/XAO_0001020>	<http://purl.obolibrary.org/obo/RO_0002202>	<http://purl.obolibrary.org/obo/XAO_0000055>
<http://purl.obolibrary.org/obo/XAO_0003087>	<http://purl.obolibrary.org/obo/xao#end_stage>	<http://purl.obolibrary.org/obo/XAO_0000437>
<http://purl.obolibrary.org/obo/XAO_0004546>	<http://purl.obolibrary.org/obo/xao#end_stage>	<http://purl.obolibrary.org/obo/XAO_0000437>
<http://purl.obolibrary.org/obo/XAO_0005424>	<http://purl.obolibrary.org/obo/BFO_0000050>	<http://purl.obolibrary.org/obo/XAO_0000055>
<http://purl.obolibrary.org/obo/XAO_0000089>	<http://purl.obolibrary.org/obo/RO_0002202>	<http://purl.obolibrary.org/obo/XAO_0000050>
<http://purl.obolibrary.org/obo/XAO_0000454>	<http://purl.obolibrary.org/obo/xao#end_stage>	<http://purl.obolibrary.org/obo/XAO_0000437>
<http://purl.obolibrary.org/obo/XAO_0000144>	<http://purl.obolibrary.org/obo/xao#start_stage>	<http://purl.obolibrary.org/obo/XAO_1000057>
<http://purl.obolibrary.org/obo/XAO_0005092>	<http://purl.obolibrary.org/obo/xao#end_stage>	<http://purl.obolibrary.org/obo/XAO_1000015>
<http://purl.obolibrary.org/obo/XAO_0005124>	<http://purl.obolibrary.org/obo/xao#end_stage>	<http://purl.obolibrary.org/obo/XAO_0000437>
<http://purl.obolibrary.org/obo/XAO_0003036>	<http://purl.obolibrary.org/obo/xao#start_stage>	<http://purl.obolibrary.org/obo/XAO_1000068>
<http://purl.obolibrary.org/obo/XAO_0000220>	<http://purl.obolibrary.org/obo/RO_0002202>	<http://purl.obolibrary.org/obo/XAO_0000422>
<http://purl.obolibrary.org/obo/XAO_0004513>	<http://purl.obolibrary.org/obo/xao#start_stage>	<http://purl.obolibrary.org/obo/XAO_1000024>
<http://purl.obolibrary.org/obo/XAO_0004138>	<http://purl.obolibrary.org/obo/xao#end_stage>	<http://purl.obolibrary.org/obo/XAO_0000437>
<http://purl.obolibrary.org/obo/XAO_0004034>	<http://purl.obolibrary.org/obo/xao#start_stage>	<http://purl.obolibrary.org/obo/XAO_1000020>
<http://purl.obolibrary.org/obo/XAO_0004177>	<http://purl.obolibrary.org/obo/xao#end_stage>	<http://purl.obolibrary.org/obo/XAO_1000078>
<http://purl.obolibrary.org/obo/XAO_0001021>	<http://purl.obolibrary.org/obo/xao#end_stage>	<http://purl.obolibrary.org/obo/XAO_1000074>
<http://purl.obolibrary.org/obo/XAO_0004145>	<http://purl.obolibrary.org/obo/xao#start_stage>	<http://purl.obolibrary.org/obo/XAO_1000059>
<http://purl.obolibrary.org/obo/XAO_0005191>	<http://purl.obolibrary.org/obo/BFO_0000050>	<http://purl.obolibrary.org/obo/XAO_0005192>
<http://purl.obolibrary.org/obo/XAO_0005284>	<http://purl.obolibrary.org/obo/BFO_0000050>	<http://purl.obolibrary.org/obo/XAO_0005311>
<http://purl.obolibrary.org/obo/XAO_0005096>	<http://purl.obolibrary.org/obo/xao#end_stage>	<http://purl.obolibrary.org/obo/XAO_1000016>
<http://purl.obolibrary.org/obo/XAO_0000185>	<http://purl.obolibrary.org/obo/xao#end_stage>	<http://purl.obolibrary.org/obo/XAO_0000437>
<http://purl.obolibrary.org/obo/XAO_0005032>	<http://purl.obolibrary.org/obo/RO_0002202>	<http://purl.obolibrary.org/obo/XAO_0000042>
<http://purl.obolibrary.org/obo/XAO_0003128>	<http://purl.obolibrary.org/obo/xao#end_stage>	<http://purl.obolibrary.org/obo/XAO_1000059>
<http://purl.obolibrary.org/obo/XAO_0000193>	<http://purl.obolibrary.org/obo/xao#end_stage>	<http://purl.obolibrary.org/obo/XAO_0000437>
<http://purl.obolibrary.org/obo/XAO_0004181>	<http://purl.obolibrary.org/obo/xao#end_stage>	<http://purl.obolibrary.org/obo/XAO_0000437>
<http://purl.obolibrary.org/obo/XAO_0005066>	<http://purl.obolibrary.org/obo/xao#end_stage>	<http://purl.obolibrary.org/obo/XAO_0000437>
<http://purl.obolibrary.org/obo/XAO_0004103>	<http://purl.obolibrary.org/obo/xao#end_stage>	<http://purl.obolibrary.org/obo/XAO_1000038>
<http://purl.obolibrary.org/obo/XAO_0000167>	<http://purl.obolibrary.org/obo/RO_0002202>	<http://purl.obolibrary.org/obo/XAO_0000447>
<http://purl.obolibrary.org/obo/XAO_0004109>	<http://purl.obolibrary.org/obo/xao#start_stage>	<http://purl.obolibrary.org/obo/XAO_1000034>
<http://purl.obolibrary.org/obo/XAO_0000324>	<http://purl.obolibrary.org/obo/RO_0002202>	<http://purl.obolibrary.org/obo/XAO_0000187>
<http://purl.obolibrary.org/obo/XAO_0004085>	<http://purl.obolibrary.org/obo/xao#end_stage>	<http://purl.obolibrary.org/obo/XAO_0000437>
<http://purl.obolibrary.org/obo/XAO_1000056>	<http://purl.obolibrary.org/obo/BFO_0000050>	<http://purl.obolibrary.org/obo/XAO_1000080>
<http://purl.obolibrary.org/obo/XAO_0000444>	<http://purl.obolibrary.org/obo/BFO_0000050>	<http://purl.obolibrary.org/obo/XAO_0000158>
<http://purl.obolibrary.org/obo/XAO_0000094>	<http://purl.obolibrary.org/obo/xao#end_stage>	<http://purl.obolibrary.org/obo/XAO_1000050>
<http://purl.obolibrary.org/obo/XAO_0000282>	<http://purl.obolibrary.org/obo/RO_0002202>	<http://purl.obolibrary.org/obo/XAO_0000232>
<http://purl.obolibrary.org/obo/XAO_0003269>	<http://purl.obolibrary.org/obo/xao#start_stage>	<http://purl.obolibrary.org/obo/XAO_1000052>
<http://purl.obolibrary.org/obo/XAO_1000051>	<http://purl.obolibrary.org/obo/BFO_0000050>	<http://purl.obolibrary.org/obo/XAO_1000080>
<http://purl.obolibrary.org/obo/XAO_0004303>	<http://purl.obolibrary.org/obo/BFO_0000050>	<http://purl.obolibrary.org/obo/XAO_0000013>
<http://purl.obolibrary.org/obo/XAO_0004283>	<http://purl.obolibrary.org/obo/xao#start_stage>	<http://purl.obolibrary.org/obo/XAO_1000066>
<http://purl.obolibrary.org/obo/XAO_0000258>	<http://purl.obolibrary.org/obo/BFO_0000050>	<http://purl.obolibrary.org/obo/XAO_0000156>
<http://purl.obolibrary.org/obo/XAO_0000449>	<http://purl.obolibrary.org/obo/xao#start_stage>	<http://purl.obolibrary.org/obo/XAO_1000047>
<http://purl.obolibrary.org/obo/XAO_0000016>	<http://purl.obolibrary.org/obo/BFO_0000050>	<http://purl.obolibrary.org/obo/XAO_0000010>
<http://purl.obolibrary.org/obo/XAO_0000291>	<http://purl.obolibrary.org/obo/xao#start_stage>	<http://purl.obolibrary.org/obo/XAO_1000055>
<http://purl.obolibrary.org/obo/XAO_0004319>	<http://purl.obolibrary.org/obo/xao#start_stage>	<http://purl.obolibrary.org/obo/XAO_1000058>
<http://purl.obolibrary.org/obo/XAO_0000261>	<http://purl.obolibrary.org/obo/xao#start_stage>	<http://purl.obolibrary.org/obo/XAO_1000044>
<http://purl.obolibrary.org/obo/XAO_0003184>	<http://purl.obolibrary.org/obo/BFO_0000050>	<http://purl.obolibrary.org/obo/XAO_0000453>
<http://purl.obolibrary.org/obo/XAO_0004534>	<http://purl.obolibrary.org/obo/xao#end_stage>	<http://purl.obolibrary.org/obo/XAO_0000437>
<http://purl.obolibrary.org/obo/XAO_0004350>	<http://purl.obolibrary.org/obo/RO_0002202>	<http://purl.obolibrary.org/obo/XAO_0004447>
<http://purl.obolibrary.org/obo/XAO_0004494>	<http://purl.obolibrary.org/obo/RO_0002202>	<http://purl.obolibrary.org/obo/XAO_0004495>
<http://purl.obolibrary.org/obo/XAO_1000065>	<http://purl.obolibrary.org/obo/xao#preceded_by>	<http://purl.obolibrary.org/obo/XAO_1000064>
<http://purl.obolibrary.org/obo/XAO_0004463>	<http://purl.obolibrary.org/obo/xao#end_stage>	<http://purl.obolibrary.org/obo/XAO_1000044>
<http://purl.obolibrary.org/obo/XAO_0004155>	<http://purl.obolibrary.org/obo/xao#start_stage>	<http://purl.obolibrary.org/obo/XAO_1000048>
<http://purl.obolibrary.org/obo/XAO_0004165>	<http://purl.obolibrary.org/obo/xao#end_stage>	<http://purl.obolibrary.org/obo/XAO_1000059>
<http://purl.obolibrary.org/obo/XAO_0000051>	<http://purl.obolibrary.org/obo/BFO_0000050>	<http://purl.obolibrary.org/obo/XAO_0004423>
<http://purl.obolibrary.org/obo/XAO_0003260>	<http://purl.obolibrary.org/obo/xao#start_stage>	<http://purl.obolibrary.org/obo/XAO_1000038>
<http://purl.obolibrary.org/obo/XAO_0000215>	<http://purl.obolibrary.org/obo/xao#start_stage>	<http://purl.obolibrary.org/obo/XAO_1000038>
<http://purl.obolibrary.org/obo/XAO_0004134>	<http://purl.obolibrary.org/obo/RO_0002202>	<http://purl.obolibrary.org/obo/XAO_0000083>
<http://purl.obolibrary.org/obo/XAO_0003149>	<http://purl.obolibrary.org/obo/xao#end_stage>	<http://purl.obolibrary.org/obo/XAO_1000070>
<http://purl.obolibrary.org/obo/XAO_0004218>	<http://purl.obolibrary.org/obo/xao#start_stage>	<http://purl.obolibrary.org/obo/XAO_1000040>
<http://purl.obolibrary.org/obo/XAO_0005324>	<http://purl.obolibrary.org/obo/xao#start_stage>	<http://purl.obolibrary.org/obo/XAO_1000044>
<http://purl.obolibrary.org/obo/XAO_0004498>	<http://purl.obolibrary.org/obo/xao#start_stage>	<http://purl.obolibrary.org/obo/XAO_1000065>
<http://purl.obolibrary.org/obo/XAO_0005184>	<http://purl.obolibrary.org/obo/xao#end_stage>	<http://purl.obolibrary.org/obo/XAO_0000437>
<http://purl.obolibrary.org/obo/XAO_0005251>	<http://purl.obolibrary.org/obo/xao#start_stage>	<http://purl.obolibrary.org/obo/XAO_1000036>
<http://purl.obolibrary.org/obo/XAO_0004021>	<http://purl.obolibrary.org/obo/xao#end_stage>	<http://purl.obolibrary.org/obo/XAO_0000437>
<http://purl.obolibrary.org/obo/XAO_0004142>	<http://purl.obolibrary.org/obo/xao#start_stage>	<http://purl.obolibrary.org/obo/XAO_1000037>
<http://purl.obolibrary.org/obo/XAO_0000275>	<http://purl.obolibrary.org/obo/BFO_0000050>	<http://purl.obolibrary.org/obo/XAO_0003196>
<http://purl.obolibrary.org/obo/XAO_0005223>	<http://purl.obolibrary.org/obo/xao#end_stage>	<http://purl.obolibrary.org/obo/XAO_0000437>
<http://purl.obolibrary.org/obo/XAO_0000082>	<http://purl.obolibrary.org/obo/xao#start_stage>	<http://purl.obolibrary.org/obo/XAO_1000022>
<http://purl.obolibrary.org/obo/XAO_0000189>	<http://purl.obolibrary.org/obo/BFO_0000050>	<http://purl.obolibrary.org/obo/XAO_0003195>
<http://purl.obolibrary.org/obo/XAO_1000034>	<http://purl.obolibrary.org/obo/BFO_0000050>	<http://purl.obolibrary.org/obo/XAO_1000006>
<http://purl.obolibrary.org/obo/XAO_0004586>	<http://purl.obolibrary.org/obo/xao#end_stage>	<http://purl.obolibrary.org/obo/XAO_0000437>
<http://purl.obolibrary.org/obo/XAO_0004064>	<http://purl.obolibrary.org/obo/xao#end_stage>	<http://purl.obolibrary.org/obo/XAO_1000078>
<http://purl.obolibrary.org/obo/XAO_0004272>	<http://purl.obolibrary.org/obo/xao#start_stage>	<http://purl.obolibrary.org/obo/XAO_1000025>
<http://purl.obolibrary.org/obo/XAO_0006042>	<http://purl.obolibrary.org/obo/BFO_0000050>	<http://purl.obolibrary.org/obo/XAO_0000123>
<http://purl.obolibrary.org/obo/XAO_0005106>	<http://purl.obolibrary.org/obo/RO_0002202>	<http://purl.obolibrary.org/obo/XAO_0005093>
<http://purl.obolibrary.org/obo/XAO_0000387>	<http://purl.obolibrary.org/obo/BFO_0000050>	<http://purl.obolibrary.org/obo/XAO_0000125>
<http://purl.obolibrary.org/obo/XAO_0006051>	<http://purl.obolibrary.org/obo/xao#end_stage>	<http://purl.obolibrary.org/obo/XAO_0000437>
<http://purl.obolibrary.org/obo/XAO_0003125>	<http://purl.obolibrary.org/obo/RO_0002202>	<http://purl.obolibrary.org/obo/XAO_0000417>
<http://purl.obolibrary.org/obo/XAO_0000390>	<http://purl.obolibrary.org/obo/BFO_0000050>	<http://purl.obolibrary.org/obo/XAO_0004151>
<http://purl.obolibrary.org/obo/XAO_0004368>	<http://purl.obolibrary.org/obo/RO_0002202>	<http://purl.obolibrary.org/obo/XAO_0003205>
<http://purl.obolibrary.org/obo/XAO_0000370>	<http://purl.obolibrary.org/obo/xao#end_stage>	<http://purl.obolibrary.org/obo/XAO_0000437>
<http://purl.obolibrary.org/obo/XAO_0004340>	<http://purl.obolibrary.org/obo/RO_0002202>	<http://purl.obolibrary.org/obo/XAO_0004437>
<http://purl.obolibrary.org/obo/XAO_0003080>	<http://purl.obolibrary.org/obo/RO_0002202>	<http://purl.obolibrary.org/obo/XAO_0000421>
<http://purl.obolibrary.org/obo/XAO_0004344>	<http://purl.obolibrary.org/obo/xao#end_stage>	<http://purl.obolibrary.org/obo/XAO_1000078>
<http://purl.obolibrary.org/obo/XAO_0005044>	<http://purl.obolibrary.org/obo/BFO_0000050>	<http://purl.obolibrary.org/obo/XAO_0003047>
<http://purl.obolibrary.org/obo/XAO_0004123>	<http://purl.obolibrary.org/obo/xao#start_stage>	<http://purl.obolibrary.org/obo/XAO_1000053>
<http://purl.obolibrary.org/obo/XAO_0003212>	<http://purl.obolibrary.org/obo/xao#start_stage>	<http://purl.obolibrary.org/obo/XAO_1000067>
<http://purl.obolibrary.org/obo/XAO_0003255>	<http://purl.obolibrary.org/obo/xao#start_stage>	<http://purl.obolibrary.org/obo/XAO_1000020>
<http://purl.obolibrary.org/obo/XAO_0005072>	<http://purl.obolibrary.org/obo/xao#start_stage>	<http://purl.obolibrary.org/obo/XAO_1000039>
<http://purl.obolibrary.org/obo/XAO_0005011>	<http://purl.obolibrary.org/obo/xao#start_stage>	<http://purl.obolibrary.org/obo/XAO_1000001>
<http://purl.obolibrary.org/obo/XAO_0003106>	<http://purl.obolibrary.org/obo/xao#end_stage>	<http://purl.obolibrary.org/obo/XAO_1000045>
<http://purl.obolibrary.org/obo/XAO_0000173>	<http://purl.obolibrary.org/obo/RO_0002202>	<http://purl.obolibrary.org/obo/XAO_0005325>
<http://purl.obolibrary.org/obo/XAO_0004088>	<http://purl.obolibrary.org/obo/xao#start_stage>	<http://purl.obolibrary.org/obo/XAO_1000001>
<http://purl.obolibrary.org/obo/XAO_0005305>	<http://purl.obolibrary.org/obo/xao#end_stage>	<http://purl.obolibrary.org/obo/XAO_1000034>
<http://purl.obolibrary.org/obo/XAO_0004605>	<http://purl.obolibrary.org/obo/xao#end_stage>	<http://purl.obolibrary.org/obo/XAO_0000437>
<http://purl.obolibrary.org/obo/XAO_0000133>	<http://purl.obolibrary.org/obo/xao#start_stage>	<http://purl.obolibrary.org/obo/XAO_1000049>
<http://purl.obolibrary.org/obo/XAO_0005426>	<http://purl.obolibrary.org/obo/BFO_0000050>	<http://purl.obolibrary.org/obo/XAO_0005127>
<http://purl.obolibrary.org/obo/XAO_0000022>	<http://purl.obolibrary.org/obo/BFO_0000050>	<http://purl.obolibrary.org/obo/XAO_0000020>
<http://purl.obolibrary.org/obo/XAO_0000318>	<http://purl.obolibrary.org/obo/xao#end_stage>	<http://purl.obolibrary.org/obo/XAO_1000067>
<http://purl.obolibrary.org/obo/XAO_0006026>	<http://purl.obolibrary.org/obo/xao#end_stage>	<http://purl.obolibrary.org/obo/XAO_0000437>
<http://purl.obolibrary.org/obo/XAO_0004224>	<http://purl.obolibrary.org/obo/xao#start_stage>	<http://purl.obolibrary.org/obo/XAO_1000020>
<http://purl.obolibrary.org/obo/XAO_0005048>	<http://purl.obolibrary.org/obo/xao#end_stage>	<http://purl.obolibrary.org/obo/XAO_0000437>
<http://purl.obolibrary.org/obo/XAO_1000031>	<http://purl.obolibrary.org/obo/BFO_0000050>	<http://purl.obolibrary.org/obo/XAO_1000005>
<http://purl.obolibrary.org/obo/XAO_0001102>	<http://purl.obolibrary.org/obo/xao#start_stage>	<http://purl.obolibrary.org/obo/XAO_1000043>
<http://purl.obolibrary.org/obo/XAO_0004552>	<http://purl.obolibrary.org/obo/xao#end_stage>	<http://purl.obolibrary.org/obo/XAO_0000437>
<http://purl.obolibrary.org/obo/XAO_0004470>	<http://purl.obolibrary.org/obo/xao#start_stage>	<http://purl.obolibrary.org/obo/XAO_1000053>
<http://purl.obolibrary.org/obo/XAO_0000284>	<http://purl.obolibrary.org/obo/BFO_0000050>	<http://purl.obolibrary.org/obo/XAO_0000178>
<http://purl.obolibrary.org/obo/XAO_0003061>	<http://purl.obolibrary.org/obo/xao#start_stage>	<http://purl.obolibrary.org/obo/XAO_1000068>
<http://purl.obolibrary.org/obo/XAO_0004225>	<http://purl.obolibrary.org/obo/xao#end_stage>	<http://purl.obolibrary.org/obo/XAO_0000437>
<http://purl.obolibrary.org/obo/XAO_0004580>	<http://purl.obolibrary.org/obo/xao#start_stage>	<http://purl.obolibrary.org/obo/XAO_1000038>
<http://purl.obolibrary.org/obo/XAO_0000355>	<http://purl.obolibrary.org/obo/xao#end_stage>	<http://purl.obolibrary.org/obo/XAO_1000078>
<http://purl.obolibrary.org/obo/XAO_0004364>	<http://purl.obolibrary.org/obo/xao#end_stage>	<http://purl.obolibrary.org/obo/XAO_0000437>
<http://purl.obolibrary.org/obo/XAO_0003209>	<http://purl.obolibrary.org/obo/BFO_0000050>	<http://purl.obolibrary.org/obo/XAO_0004297>
<http://purl.obolibrary.org/obo/XAO_0004624>	<http://purl.obolibrary.org/obo/RO_0002202>	<http://purl.obolibrary.org/obo/XAO_0000050>
<http://purl.obolibrary.org/obo/XAO_0000053>	<http://purl.obolibrary.org/obo/RO_0002202>	<http://purl.obolibrary.org/obo/XAO_0000079>
<http://purl.obolibrary.org/obo/XAO_0003236>	<http://purl.obolibrary.org/obo/xao#end_stage>	<http://purl.obolibrary.org/obo/XAO_0000437>
<http://purl.obolibrary.org/obo/XAO_0004588>	<http://purl.obolibrary.org/obo/xao#end_stage>	<http://purl.obolibrary.org/obo/XAO_0000437>
<http://purl.obolibrary.org/obo/XAO_0006034>	<http://purl.obolibrary.org/obo/xao#start_stage>	<http://purl.obolibrary.org/obo/XAO_1000052>
<http://purl.obolibrary.org/obo/XAO_0003094>	<http://purl.obolibrary.org/obo/BFO_0000050>	<http://purl.obolibrary.org/obo/XAO_0003197>
<http://purl.obolibrary.org/obo/XAO_0003247>	<http://purl.obolibrary.org/obo/BFO_0000050>	<http://purl.obolibrary.org/obo/XAO_0000158>
<http://purl.obolibrary.org/obo/XAO_0000228>	<http://purl.obolibrary.org/obo/xao#end_stage>	<http://purl.obolibrary.org/obo/XAO_1000047>
<http://purl.obolibrary.org/obo/XAO_0004625>	<http://purl.obolibrary.org/obo/BFO_0000050>	<http://purl.obolibrary.org/obo/XAO_0004624>
<http://purl.obolibrary.org/obo/XAO_0005056>	<http://purl.obolibrary.org/obo/BFO_0000050>	<http://purl.obolibrary.org/obo/XAO_0004230>
<http://purl.obolibrary.org/obo/XAO_0005131>	<http://purl.obolibrary.org/obo/xao#start_stage>	<http://purl.obolibrary.org/obo/XAO_1000038>
<http://purl.obolibrary.org/obo/XAO_0004007>	<http://purl.obolibrary.org/obo/xao#start_stage>	<http://purl.obolibrary.org/obo/XAO_1000020>
<http://purl.obolibrary.org/obo/XAO_0003042>	<http://purl.obolibrary.org/obo/RO_0002202>	<http://purl.obolibrary.org/obo/XAO_0000113>
<http://purl.obolibrary.org/obo/XAO_0005032>	<http://purl.obolibrary.org/obo/xao#end_stage>	<http://purl.obolibrary.org/obo/XAO_0000437>
<http://purl.obolibrary.org/obo/XAO_0006040>	<http://purl.obolibrary.org/obo/RO_0002202>	<http://purl.obolibrary.org/obo/XAO_0004507>
<http://purl.obolibrary.org/obo/XAO_0004200>	<http://purl.obolibrary.org/obo/xao#start_stage>	<http://purl.obolibrary.org/obo/XAO_1000057>
<http://purl.obolibrary.org/obo/XAO_0005225>	<http://purl.obolibrary.org/obo/xao#end_stage>	<http://purl.obolibrary.org/obo/XAO_0000437>
<http://purl.obolibrary.org/obo/XAO_0004040>	<http://purl.obolibrary.org/obo/RO_0002202>	<http://purl.obolibrary.org/obo/XAO_0004035>
<http://purl.obolibrary.org/obo/XAO_0005166>	<http://purl.obolibrary.org/obo/xao#start_stage>	<http://purl.obolibrary.org/obo/XAO_1000051>
<http://purl.obolibrary.org/obo/XAO_0004318>	<http://purl.obolibrary.org/obo/xao#end_stage>	<http://purl.obolibrary.org/obo/XAO_1000078>
<http://purl.obolibrary.org/obo/XAO_0006048>	<http://purl.obolibrary.org/obo/xao#start_stage>	<http://purl.obolibrary.org/obo/XAO_1000039>
<http://purl.obolibrary.org/obo/XAO_0004385>	<http://purl.obolibrary.org/obo/xao#start_stage>	<http://purl.obolibrary.org/obo/XAO_1000057>
<http://purl.obolibrary.org/obo/XAO_0000332>	<http://purl.obolibrary.org/obo/xao#start_stage>	<http://purl.obolibrary.org/obo/XAO_1000057>
<http://purl.obolibrary.org/obo/XAO_0000199>	<http://purl.obolibrary.org/obo/xao#end_stage>	<http://purl.obolibrary.org/obo/XAO_0000437>
<http://purl.obolibrary.org/obo/XAO_0004249>	<http://purl.obolibrary.org/obo/BFO_0000050>	<http://purl.obolibrary.org/obo/XAO_0000140>
<http://purl.obolibrary.org/obo/XAO_0004115>	<http://purl.obolibrary.org/obo/xao#end_stage>	<http://purl.obolibrary.org/obo/XAO_1000084>
<http://purl.obolibrary.org/obo/XAO_0004227>	<http://purl.obolibrary.org/obo/xao#start_stage>	<http://purl.obolibrary.org/obo/XAO_1000025>
<http://purl.obolibrary.org/obo/XAO_0005326>	<http://purl.obolibrary.org/obo/xao#end_stage>	<http://purl.obolibrary.org/obo/XAO_0000437>
<http://purl.obolibrary.org/obo/XAO_0000373>	<http://purl.obolibrary.org/obo/xao#end_stage>	<http://purl.obolibrary.org/obo/XAO_0000437>
<http://purl.obolibrary.org/obo/XAO_0000016>	<http://purl.obolibrary.org/obo/BFO_0000050>	<http://purl.obolibrary.org/obo/XAO_0000249>
<http://purl.obolibrary.org/obo/XAO_1000037>	<http://purl.obolibrary.org/obo/BFO_0000050>	<http://purl.obolibrary.org/obo/XAO_1000006>
<http://purl.obolibrary.org/obo/XAO_0000306>	<http://purl.obolibrary.org/obo/RO_0002202>	<http://purl.obolibrary.org/obo/XAO_0000047>
<http://purl.obolibrary.org/obo/XAO_0004395>	<http://purl.obolibrary.org/obo/xao#end_stage>	<http://purl.obolibrary.org/obo/XAO_1000022>
<http://purl.obolibrary.org/obo/XAO_0003052>	<http://purl.obolibrary.org/obo/xao#end_stage>	<http://purl.obolibrary.org/obo/XAO_0000437>
<http://purl.obolibrary.org/obo/XAO_0000407>	<http://purl.obolibrary.org/obo/xao#start_stage>	<http://purl.obolibrary.org/obo/XAO_1000035>
<http://purl.obolibrary.org/obo/XAO_0004288>	<http://purl.obolibrary.org/obo/xao#start_stage>	<http://purl.obolibrary.org/obo/XAO_1000057>
<http://purl.obolibrary.org/obo/XAO_0003060>	<http://purl.obolibrary.org/obo/BFO_0000050>	<http://purl.obolibrary.org/obo/XAO_0000168>
<http://purl.obolibrary.org/obo/XAO_0003017>	<http://purl.obolibrary.org/obo/xao#end_stage>	<http://purl.obolibrary.org/obo/XAO_0000437>
<http://purl.obolibrary.org/obo/XAO_0000376>	<http://purl.obolibrary.org/obo/xao#start_stage>	<http://purl.obolibrary.org/obo/XAO_1000048>
<http://purl.obolibrary.org/obo/XAO_0005019>	<http://purl.obolibrary.org/obo/xao#end_stage>	<http://purl.obolibrary.org/obo/XAO_1000056>
<http://purl.obolibrary.org/obo/XAO_0003219>	<http://purl.obolibrary.org/obo/xao#end_stage>	<http://purl.obolibrary.org/obo/XAO_0000437>
<http://purl.obolibrary.org/obo/XAO_0003127>	<http://purl.obolibrary.org/obo/xao#end_stage>	<http://purl.obolibrary.org/obo/XAO_1000059>
<http://purl.obolibrary.org/obo/XAO_0005303>	<http://purl.obolibrary.org/obo/BFO_0000050>	<http://purl.obolibrary.org/obo/XAO_0000090>
<http://purl.obolibrary.org/obo/XAO_0004066>	<http://purl.obolibrary.org/obo/xao#end_stage>	<http://purl.obolibrary.org/obo/XAO_1000020>
<http://purl.obolibrary.org/obo/XAO_0000232>	<http://purl.obolibrary.org/obo/RO_0002202>	<http://purl.obolibrary.org/obo/XAO_0004513>
<http://purl.obolibrary.org/obo/XAO_0003191>	<http://purl.obolibrary.org/obo/xao#start_stage>	<http://purl.obolibrary.org/obo/XAO_1000058>
<http://purl.obolibrary.org/obo/XAO_0003198>	<http://purl.obolibrary.org/obo/xao#start_stage>	<http://purl.obolibrary.org/obo/XAO_1000034>
<http://purl.obolibrary.org/obo/XAO_0005163>	<http://purl.obolibrary.org/obo/xao#end_stage>	<http://purl.obolibrary.org/obo/XAO_1000056>
<http://purl.obolibrary.org/obo/XAO_0005150>	<http://purl.obolibrary.org/obo/xao#end_stage>	<http://purl.obolibrary.org/obo/XAO_0000437>
<http://purl.obolibrary.org/obo/XAO_0005209>	<http://purl.obolibrary.org/obo/xao#start_stage>	<http://purl.obolibrary.org/obo/XAO_1000032>
<http://purl.obolibrary.org/obo/XAO_0005097>	<http://purl.obolibrary.org/obo/RO_0002202>	<http://purl.obolibrary.org/obo/XAO_0005088>
<http://purl.obolibrary.org/obo/XAO_0003234>	<http://purl.obolibrary.org/obo/xao#end_stage>	<http://purl.obolibrary.org/obo/XAO_0000437>
<http://purl.obolibrary.org/obo/XAO_0004207>	<http://purl.obolibrary.org/obo/xao#start_stage>	<http://purl.obolibrary.org/obo/XAO_1000032>
<http://purl.obolibrary.org/obo/XAO_0000475>	<http://purl.obolibrary.org/obo/BFO_0000050>	<http://purl.obolibrary.org/obo/XAO_0000013>
<http://purl.obolibrary.org/obo/XAO_0005289>	<http://purl.obolibrary.org/obo/BFO_0000050>	<http://purl.obolibrary.org/obo/XAO_0000010>
<http://purl.obolibrary.org/obo/XAO_1000014>	<http://purl.obolibrary.org/obo/BFO_0000050>	<http://purl.obolibrary.org/obo/XAO_1000004>
<http://purl.obolibrary.org/obo/XAO_0004349>	<http://purl.obolibrary.org/obo/RO_0002202>	<http://purl.obolibrary.org/obo/XAO_0004446>
<http://purl.obolibrary.org/obo/XAO_0003207>	<http://purl.obolibrary.org/obo/xao#end_stage>	<http://purl.obolibrary.org/obo/XAO_0000437>
<http://purl.obolibrary.org/obo/XAO_0004503>	<http://purl.obolibrary.org/obo/xao#end_stage>	<http://purl.obolibrary.org/obo/XAO_0000437>
<http://purl.obolibrary.org/obo/XAO_0000387>	<http://purl.obolibrary.org/obo/BFO_0000050>	<http://purl.obolibrary.org/obo/XAO_0004423>
<http://purl.obolibrary.org/obo/XAO_0004267>	<http://purl.obolibrary.org/obo/BFO_0000050>	<http://purl.obolibrary.org/obo/XAO_0005195>
<http://purl.obolibrary.org/obo/XAO_0006008>	<http://purl.obolibrary.org/obo/xao#start_stage>	<http://purl.obolibrary.org/obo/XAO_1000054>
<http://purl.obolibrary.org/obo/XAO_0003035>	<http://purl.obolibrary.org/obo/xao#start_stage>	<http://purl.obolibrary.org/obo/XAO_1000067>
<http://purl.obolibrary.org/obo/XAO_0000065>	<http://purl.obolibrary.org/obo/xao#start_stage>	<http://purl.obolibrary.org/obo/XAO_1000047>
<http://purl.obolibrary.org/obo/XAO_0005030>	<http://purl.obolibrary.org/obo/BFO_0000050>	<http://purl.obolibrary.org/obo/XAO_0003226>
<http://purl.obolibrary.org/obo/XAO_0003214>	<http://purl.obolibrary.org/obo/BFO_0000050>	<http://purl.obolibrary.org/obo/XAO_0004296>
<http://purl.obolibrary.org/obo/XAO_0005161>	<http://purl.obolibrary.org/obo/BFO_0000050>	<http://purl.obolibrary.org/obo/XAO_0004300>
<http://purl.obolibrary.org/obo/XAO_0005111>	<http://purl.obolibrary.org/obo/RO_0002202>	<http://purl.obolibrary.org/obo/XAO_0005095>
<http://purl.obolibrary.org/obo/XAO_0003080>	<http://purl.obolibrary.org/obo/xao#end_stage>	<http://purl.obolibrary.org/obo/XAO_0000437>
<http://purl.obolibrary.org/obo/XAO_0003144>	<http://purl.obolibrary.org/obo/xao#start_stage>	<http://purl.obolibrary.org/obo/XAO_1000059>
<http://purl.obolibrary.org/obo/XAO_0004452>	<http://purl.obolibrary.org/obo/xao#start_stage>	<http://purl.obolibrary.org/obo/XAO_1000047>
<http://purl.obolibrary.org/obo/XAO_0005095>	<http://purl.obolibrary.org/obo/RO_0002202>	<http://purl.obolibrary.org/obo/XAO_0005087>
<http://purl.obolibrary.org/obo/XAO_0003012>	<http://purl.obolibrary.org/obo/BFO_0000050>	<http://purl.obolibrary.org/obo/XAO_0003004>
<http://purl.obolibrary.org/obo/XAO_0004111>	<http://purl.obolibrary.org/obo/xao#end_stage>	<http://purl.obolibrary.org/obo/XAO_0000437>
<http://purl.obolibrary.org/obo/XAO_0003085>	<http://purl.obolibrary.org/obo/BFO_0000050>	<http://purl.obolibrary.org/obo/XAO_0000097>
<http://purl.obolibrary.org/obo/XAO_0004601>	<http://purl.obolibrary.org/obo/BFO_0000050>	<http://purl.obolibrary.org/obo/XAO_0000012>
<http://purl.obolibrary.org/obo/XAO_0000035>	<http://purl.obolibrary.org/obo/xao#start_stage>	<http://purl.obolibrary.org/obo/XAO_1000001>
<http://purl.obolibrary.org/obo/XAO_0000447>	<http://purl.obolibrary.org/obo/RO_0002202>	<http://purl.obolibrary.org/obo/XAO_0000251>
<http://purl.obolibrary.org/obo/XAO_0005084>	<http://purl.obolibrary.org/obo/xao#end_stage>	<http://purl.obolibrary.org/obo/XAO_1000014>
<http://purl.obolibrary.org/obo/XAO_0005287>	<http://purl.obolibrary.org/obo/RO_0002202>	<http://purl.obolibrary.org/obo/XAO_0000098>
<http://purl.obolibrary.org/obo/XAO_0004457>	<http://purl.obolibrary.org/obo/BFO_0000050>	<http://purl.obolibrary.org/obo/XAO_0000095>
<http://purl.obolibrary.org/obo/XAO_0004506>	<http://purl.obolibrary.org/obo/xao#start_stage>	<http://purl.obolibrary.org/obo/XAO_1000067>
<http://purl.obolibrary.org/obo/XAO_0005254>	<http://purl.obolibrary.org/obo/xao#end_stage>	<http://purl.obolibrary.org/obo/XAO_0000437>
<http://purl.obolibrary.org/obo/XAO_0005146>	<http://purl.obolibrary.org/obo/xao#end_stage>	<http://purl.obolibrary.org/obo/XAO_0000437>
<http://purl.obolibrary.org/obo/XAO_0000041>	<http://purl.obolibrary.org/obo/BFO_0000050>	<http://purl.obolibrary.org/obo/XAO_0000028>
<http://purl.obolibrary.org/obo/XAO_0000410>	<http://purl.obolibrary.org/obo/xao#start_stage>	<http://purl.obolibrary.org/obo/XAO_1000038>
<http://purl.obolibrary.org/obo/XAO_0005263>	<http://purl.obolibrary.org/obo/BFO_0000050>	<http://purl.obolibrary.org/obo/XAO_0000042>
<http://purl.obolibrary.org/obo/XAO_0004128>	<http://purl.obolibrary.org/obo/xao#start_stage>	<http://purl.obolibrary.org/obo/XAO_1000058>
<http://purl.obolibrary.org/obo/XAO_0000389>	<http://purl.obolibrary.org/obo/BFO_0000050>	<http://purl.obolibrary.org/obo/XAO_0004423>
<http://purl.obolibrary.org/obo/XAO_0000178>	<http://purl.obolibrary.org/obo/xao#start_stage>	<http://purl.obolibrary.org/obo/XAO_1000044>
<http://purl.obolibrary.org/obo/XAO_1000071>	<http://purl.obolibrary.org/obo/BFO_0000050>	<http://purl.obolibrary.org/obo/XAO_1000091>
<http://purl.obolibrary.org/obo/XAO_0004092>	<http://purl.obolibrary.org/obo/xao#start_stage>	<http://purl.obolibrary.org/obo/XAO_1000032>
<http://purl.obolibrary.org/obo/XAO_0005048>	<http://purl.obolibrary.org/obo/xao#start_stage>	<http://purl.obolibrary.org/obo/XAO_1000038>
<http://purl.obolibrary.org/obo/XAO_1000045>	<http://purl.obolibrary.org/obo/xao#preceded_by>	<http://purl.obolibrary.org/obo/XAO_1000044>
<http://purl.obolibrary.org/obo/XAO_0000430>	<http://purl.obolibrary.org/obo/xao#start_stage>	<http://purl.obolibrary.org/obo/XAO_1000044>
<http://purl.obolibrary.org/obo/XAO_0004401>	<http://purl.obolibrary.org/obo/RO_0002202>	<http://purl.obolibrary.org/obo/XAO_0004397>
<http://purl.obolibrary.org/obo/XAO_0004132>	<http://purl.obolibrary.org/obo/xao#start_stage>	<http://purl.obolibrary.org/obo/XAO_1000001>
<http://purl.obolibrary.org/obo/XAO_0000278>	<http://purl.obolibrary.org/obo/xao#start_stage>	<http://purl.obolibrary.org/obo/XAO_1000020>
<http://purl.obolibrary.org/obo/XAO_0005227>	<http://purl.obolibrary.org/obo/xao#end_stage>	<http://purl.obolibrary.org/obo/XAO_1000078>
<http://purl.obolibrary.org/obo/XAO_0000453>	<http://purl.obolibrary.org/obo/RO_0002202>	<http://purl.obolibrary.org/obo/XAO_0000265>
<http://purl.obolibrary.org/obo/XAO_0000017>	<http://purl.obolibrary.org/obo/xao#start_stage>	<http://purl.obolibrary.org/obo/XAO_1000052>
<http://purl.obolibrary.org/obo/XAO_0000462>	<http://purl.obolibrary.org/obo/xao#end_stage>	<http://purl.obolibrary.org/obo/XAO_0000437>
<http://purl.obolibrary.org/obo/XAO_0004405>	<http://purl.obolibrary.org/obo/BFO_0000050>	<http://purl.obolibrary.org/obo/XAO_0004060>
<http://purl.obolibrary.org/obo/XAO_0004523>	<http://purl.obolibrary.org/obo/BFO_0000050>	<http://purl.obolibrary.org/obo/XAO_0005195>
<http://purl.obolibrary.org/obo/XAO_0000006>	<http://purl.obolibrary.org/obo/xao#start_stage>	<http://purl.obolibrary.org/obo/XAO_1000041>
<http://purl.obolibrary.org/obo/XAO_0003130>	<http://purl.obolibrary.org/obo/xao#start_stage>	<http://purl.obolibrary.org/obo/XAO_1000040>
<http://purl.obolibrary.org/obo/XAO_0004560>	<http://purl.obolibrary.org/obo/BFO_0000050>	<http://purl.obolibrary.org/obo/XAO_0000020>
<http://purl.obolibrary.org/obo/XAO_0003173>	<http://purl.obolibrary.org/obo/xao#end_stage>	<http://purl.obolibrary.org/obo/XAO_0000437>
<http://purl.obolibrary.org/obo/XAO_0004526>	<http://purl.obolibrary.org/obo/xao#start_stage>	<http://purl.obolibrary.org/obo/XAO_1000078>
<http://purl.obolibrary.org/obo/XAO_0004168>	<http://purl.obolibrary.org/obo/BFO_0000050>	<http://purl.obolibrary.org/obo/XAO_0000010>
<http://purl.obolibrary.org/obo/XAO_0000467>	<http://purl.obolibrary.org/obo/RO_0002202>	<http://purl.obolibrary.org/obo/XAO_0005128>
<http://purl.obolibrary.org/obo/XAO_0000024>	<http://purl.obolibrary.org/obo/xao#start_stage>	<http://purl.obolibrary.org/obo/XAO_1000025>
<http://purl.obolibrary.org/obo/XAO_0004487>	<http://purl.obolibrary.org/obo/BFO_0000050>	<http://purl.obolibrary.org/obo/XAO_0003210>
<http://purl.obolibrary.org/obo/XAO_0005229>	<http://purl.obolibrary.org/obo/xao#start_stage>	<http://purl.obolibrary.org/obo/XAO_1000025>
<http://purl.obolibrary.org/obo/XAO_0003231>	<http://purl.obolibrary.org/obo/xao#start_stage>	<http://purl.obolibrary.org/obo/XAO_1000020>
<http://purl.obolibrary.org/obo/XAO_0004524>	<http://purl.obolibrary.org/obo/BFO_0000050>	<http://purl.obolibrary.org/obo/XAO_0004261>
<http://purl.obolibrary.org/obo/XAO_0004585>	<http://purl.obolibrary.org/obo/xao#end_stage>	<http://purl.obolibrary.org/obo/XAO_0000437>
<http://purl.obolibrary.org/obo/XAO_0000057>	<http://purl.obolibrary.org/obo/xao#end_stage>	<http://purl.obolibrary.org/obo/XAO_1000059>
<http://purl.obolibrary.org/obo/XAO_0004562>	<http://purl.obolibrary.org/obo/BFO_0000050>	<http://purl.obolibrary.org/obo/XAO_0004070>
<http://purl.obolibrary.org/obo/XAO_0004185>	<http://purl.obolibrary.org/obo/xao#end_stage>	<http://purl.obolibrary.org/obo/XAO_1000048>
<http://purl.obolibrary.org/obo/XAO_0000114>	<http://purl.obolibrary.org/obo/xao#start_stage>	<http://purl.obolibrary.org/obo/XAO_1000046>
<http://purl.obolibrary.org/obo/XAO_0003221>	<http://purl.obolibrary.org/obo/xao#start_stage>	<http://purl.obolibrary.org/obo/XAO_1000049>
<http://purl.obolibrary.org/obo/XAO_0004323>	<http://purl.obolibrary.org/obo/xao#start_stage>	<http://purl.obolibrary.org/obo/XAO_1000050>
<http://purl.obolibrary.org/obo/XAO_0005292>	<http://purl.obolibrary.org/obo/BFO_0000050>	<http://purl.obolibrary.org/obo/XAO_0003092>
<http://purl.obolibrary.org/obo/XAO_0000166>	<http://purl.obolibrary.org/obo/RO_0002202>	<http://purl.obolibrary.org/obo/XAO_0000319>
<http://purl.obolibrary.org/obo/XAO_0006008>	<http://purl.obolibrary.org/obo/xao#end_stage>	<http://purl.obolibrary.org/obo/XAO_0000437>
<http://purl.obolibrary.org/obo/XAO_0000104>	<http://purl.obolibrary.org/obo/xao#end_stage>	<http://purl.obolibrary.org/obo/XAO_1000056>
<http://purl.obolibrary.org/obo/XAO_0004013>	<http://purl.obolibrary.org/obo/xao#end_stage>	<http://purl.obolibrary.org/obo/XAO_0000437>
<http://purl.obolibrary.org/obo/XAO_0004163>	<http://purl.obolibrary.org/obo/xao#start_stage>	<http://purl.obolibrary.org/obo/XAO_1000038>
<http://purl.obolibrary.org/obo/XAO_0005212>	<http://purl.obolibrary.org/obo/xao#start_stage>	<http://purl.obolibrary.org/obo/XAO_1000032>
<http://purl.obolibrary.org/obo/XAO_0004325>	<http://purl.obolibrary.org/obo/xao#end_stage>	<http://purl.obolibrary.org/obo/XAO_1000078>
<http://purl.obolibrary.org/obo/XAO_0004449>	<http://purl.obolibrary.org/obo/xao#start_stage>	<http://purl.obolibrary.org/obo/XAO_1000047>
<http://purl.obolibrary.org/obo/XAO_0000306>	<http://purl.obolibrary.org/obo/xao#end_stage>	<http://purl.obolibrary.org/obo/XAO_1000078>
<http://purl.obolibrary.org/obo/XAO_0003052>	<http://purl.obolibrary.org/obo/xao#start_stage>	<http://purl.obolibrary.org/obo/XAO_1000076>
<http://purl.obolibrary.org/obo/XAO_0004435>	<http://purl.obolibrary.org/obo/xao#end_stage>	<http://purl.obolibrary.org/obo/XAO_1000054>
<http://purl.obolibrary.org/obo/XAO_0004492>	<http://purl.obolibrary.org/obo/xao#start_stage>	<http://purl.obolibrary.org/obo/XAO_1000092>
<http://purl.obolibrary.org/obo/XAO_0001015>	<http://purl.obolibrary.org/obo/xao#start_stage>	<http://purl.obolibrary.org/obo/XAO_1000045>
<http://purl.obolibrary.org/obo/XAO_0000458>	<http://purl.obolibrary.org/obo/xao#start_stage>	<http://purl.obolibrary.org/obo/XAO_1000050>
<http://purl.obolibrary.org/obo/XAO_0004332>	<http://purl.obolibrary.org/obo/RO_0002202>	<http://purl.obolibrary.org/obo/XAO_0004429>
<http://purl.obolibrary.org/obo/XAO_0000153>	<http://purl.obolibrary.org/obo/xao#end_stage>	<http://purl.obolibrary.org/obo/XAO_0000437>
<http://purl.obolibrary.org/obo/XAO_0004543>	<http://purl.obolibrary.org/obo/BFO_0000050>	<http://purl.obolibrary.org/obo/XAO_0000020>
<http://purl.obolibrary.org/obo/XAO_0004066>	<http://purl.obolibrary.org/obo/xao#start_stage>	<http://purl.obolibrary.org/obo/XAO_1000011>
<http://purl.obolibrary.org/obo/XAO_0003066>	<http://purl.obolibrary.org/obo/xao#end_stage>	<http://purl.obolibrary.org/obo/XAO_1000068>
<http://purl.obolibrary.org/obo/XAO_0004126>	<http://purl.obolibrary.org/obo/BFO_0000050>	<http://purl.obolibrary.org/obo/XAO_0000064>
<http://purl.obolibrary.org/obo/XAO_0003022>	<http://purl.obolibrary.org/obo/xao#end_stage>	<http://purl.obolibrary.org/obo/XAO_1000067>
<http://purl.obolibrary.org/obo/XAO_0004230>	<http://purl.obolibrary.org/obo/xao#end_stage>	<http://purl.obolibrary.org/obo/XAO_0000437>
<http://purl.obolibrary.org/obo/XAO_0005097>	<http://purl.obolibrary.org/obo/xao#end_stage>	<http://purl.obolibrary.org/obo/XAO_1000016>
<http://purl.obolibrary.org/obo/XAO_0000198>	<http://purl.obolibrary.org/obo/xao#start_stage>	<http://purl.obolibrary.org/obo/XAO_1000057>
<http://purl.obolibrary.org/obo/XAO_0000182>	<http://purl.obolibrary.org/obo/BFO_0000050>	<http://purl.obolibrary.org/obo/XAO_0000179>
<http://purl.obolibrary.org/obo/XAO_0000121>	<http://purl.obolibrary.org/obo/xao#end_stage>	<http://purl.obolibrary.org/obo/XAO_0000437>
<http://purl.obolibrary.org/obo/XAO_0005501>	<http://purl.obolibrary.org/obo/xao#start_stage>	<http://purl.obolibrary.org/obo/XAO_1000036>
<http://purl.obolibrary.org/obo/XAO_0004036>	<http://purl.obolibrary.org/obo/xao#end_stage>	<http://purl.obolibrary.org/obo/XAO_0000437>
<http://purl.obolibrary.org/obo/XAO_0004279>	<http://purl.obolibrary.org/obo/xao#end_stage>	<http://purl.obolibrary.org/obo/XAO_0000437>
<http://purl.obolibrary.org/obo/XAO_0004149>	<http://purl.obolibrary.org/obo/xao#start_stage>	<http://purl.obolibrary.org/obo/XAO_1000046>
<http://purl.obolibrary.org/obo/XAO_0004226>	<http://purl.obolibrary.org/obo/xao#end_stage>	<http://purl.obolibrary.org/obo/XAO_0000437>
<http://purl.obolibrary.org/obo/XAO_0005196>	<http://purl.obolibrary.org/obo/BFO_0000050>	<http://purl.obolibrary.org/obo/XAO_0000124>
<http://purl.obolibrary.org/obo/XAO_0005289>	<http://purl.obolibrary.org/obo/xao#end_stage>	<http://purl.obolibrary.org/obo/XAO_0000437>
<http://purl.obolibrary.org/obo/XAO_0004311>	<http://purl.obolibrary.org/obo/BFO_0000050>	<http://purl.obolibrary.org/obo/XAO_0004060>
<http://purl.obolibrary.org/obo/XAO_0004284>	<http://purl.obolibrary.org/obo/xao#start_stage>	<http://purl.obolibrary.org/obo/XAO_1000066>
<http://purl.obolibrary.org/obo/XAO_0006013>	<http://purl.obolibrary.org/obo/BFO_0000050>	<http://purl.obolibrary.org/obo/XAO_0000471>
<http://purl.obolibrary.org/obo/XAO_0005240>	<http://purl.obolibrary.org/obo/xao#start_stage>	<http://purl.obolibrary.org/obo/XAO_1000034>
<http://purl.obolibrary.org/obo/XAO_0000253>	<http://purl.obolibrary.org/obo/BFO_0000050>	<http://purl.obolibrary.org/obo/XAO_0000001>
<http://purl.obolibrary.org/obo/XAO_0000329>	<http://purl.obolibrary.org/obo/RO_0002202>	<http://purl.obolibrary.org/obo/XAO_0000271>
<http://purl.obolibrary.org/obo/XAO_0000286>	<http://purl.obolibrary.org/obo/xao#end_stage>	<http://purl.obolibrary.org/obo/XAO_1000076>
<http://purl.obolibrary.org/obo/XAO_0003214>	<http://purl.obolibrary.org/obo/RO_0002202>	<http://purl.obolibrary.org/obo/XAO_0004238>
<http://purl.obolibrary.org/obo/XAO_0004564>	<http://purl.obolibrary.org/obo/xao#end_stage>	<http://purl.obolibrary.org/obo/XAO_0000437>
<http://purl.obolibrary.org/obo/XAO_0000445>	<http://purl.obolibrary.org/obo/RO_0002202>	<http://purl.obolibrary.org/obo/XAO_0000105>
<http://purl.obolibrary.org/obo/XAO_0000262>	<http://purl.obolibrary.org/obo/xao#end_stage>	<http://purl.obolibrary.org/obo/XAO_1000088>
<http://purl.obolibrary.org/obo/XAO_0000408>	<http://purl.obolibrary.org/obo/xao#start_stage>	<http://purl.obolibrary.org/obo/XAO_1000036>
<http://purl.obolibrary.org/obo/XAO_0003211>	<http://purl.obolibrary.org/obo/xao#end_stage>	<http://purl.obolibrary.org/obo/XAO_0000437>
<http://purl.obolibrary.org/obo/XAO_0000043>	<http://purl.obolibrary.org/obo/xao#start_stage>	<http://purl.obolibrary.org/obo/XAO_1000020>
<http://purl.obolibrary.org/obo/XAO_0004626>	<http://purl.obolibrary.org/obo/RO_0002202>	<http://purl.obolibrary.org/obo/XAO_0000050>
<http://purl.obolibrary.org/obo/XAO_0000099>	<http://purl.obolibrary.org/obo/xao#end_stage>	<http://purl.obolibrary.org/obo/XAO_0000437>
<http://purl.obolibrary.org/obo/XAO_0000020>	<http://purl.obolibrary.org/obo/xao#end_stage>	<http://purl.obolibrary.org/obo/XAO_0000437>
<http://purl.obolibrary.org/obo/XAO_0001014>	<http://purl.obolibrary.org/obo/xao#end_stage>	<http://purl.obolibrary.org/obo/XAO_0000437>
<http://purl.obolibrary.org/obo/XAO_0000339>	<http://purl.obolibrary.org/obo/xao#start_stage>	<http://purl.obolibrary.org/obo/XAO_1000046>
<http://purl.obolibrary.org/obo/XAO_0003261>	<http://purl.obolibrary.org/obo/xao#end_stage>	<http://purl.obolibrary.org/obo/XAO_0000437>
<http://purl.obolibrary.org/obo/XAO_0004616>	<http://purl.obolibrary.org/obo/xao#start_stage>	<http://purl.obolibrary.org/obo/XAO_1000034>
<http://purl.obolibrary.org/obo/XAO_0004539>	<http://purl.obolibrary.org/obo/RO_0002202>	<http://purl.obolibrary.org/obo/XAO_0004258>
<http://purl.obolibrary.org/obo/XAO_0004355>	<http://purl.obolibrary.org/obo/RO_0002202>	<http://purl.obolibrary.org/obo/XAO_0004452>
<http://purl.obolibrary.org/obo/XAO_0003182>	<http://purl.obolibrary.org/obo/xao#start_stage>	<http://purl.obolibrary.org/obo/XAO_1000047>
<http://purl.obolibrary.org/obo/XAO_0003153>	<http://purl.obolibrary.org/obo/xao#start_stage>	<http://purl.obolibrary.org/obo/XAO_1000052>
<http://purl.obolibrary.org/obo/XAO_0005311>	<http://purl.obolibrary.org/obo/BFO_0000050>	<http://purl.obolibrary.org/obo/XAO_0000174>
<http://purl.obolibrary.org/obo/XAO_0003045>	<http://purl.obolibrary.org/obo/xao#end_stage>	<http://purl.obolibrary.org/obo/XAO_0000437>
<http://purl.obolibrary.org/obo/XAO_0005079>	<http://purl.obolibrary.org/obo/xao#end_stage>	<http://purl.obolibrary.org/obo/XAO_1000059>
<http://purl.obolibrary.org/obo/XAO_0006011>	<http://purl.obolibrary.org/obo/xao#end_stage>	<http://purl.obolibrary.org/obo/XAO_0000437>
<http://purl.obolibrary.org/obo/XAO_0004499>	<http://purl.obolibrary.org/obo/xao#end_stage>	<http://purl.obolibrary.org/obo/XAO_1000078>
<http://purl.obolibrary.org/obo/XAO_0004025>	<http://purl.obolibrary.org/obo/xao#end_stage>	<http://purl.obolibrary.org/obo/XAO_0000437>
<http://purl.obolibrary.org/obo/XAO_0000220>	<http://purl.obolibrary.org/obo/RO_0002202>	<http://purl.obolibrary.org/obo/XAO_0000425>
<http://purl.obolibrary.org/obo/XAO_0004139>	<http://purl.obolibrary.org/obo/BFO_0000050>	<http://purl.obolibrary.org/obo/XAO_0000064>
<http://purl.obolibrary.org/obo/XAO_0004421>	<http://purl.obolibrary.org/obo/xao#start_stage>	<http://purl.obolibrary.org/obo/XAO_1000070>
<http://purl.obolibrary.org/obo/XAO_0006001>	<http://purl.obolibrary.org/obo/BFO_0000050>	<http://purl.obolibrary.org/obo/XAO_0000311>
<http://purl.obolibrary.org/obo/XAO_0003155>	<http://purl.obolibrary.org/obo/xao#end_stage>	<http://purl.obolibrary.org/obo/XAO_0000437>
<http://purl.obolibrary.org/obo/XAO_0000393>	<http://purl.obolibrary.org/obo/BFO_0000050>	<http://purl.obolibrary.org/obo/XAO_0004151>
<http://purl.obolibrary.org/obo/XAO_0004369>	<http://purl.obolibrary.org/obo/BFO_0000050>	<http://purl.obolibrary.org/obo/XAO_0003059>
<http://purl.obolibrary.org/obo/XAO_0003200>	<http://purl.obolibrary.org/obo/xao#end_stage>	<http://purl.obolibrary.org/obo/XAO_0000437>
<http://purl.obolibrary.org/obo/XAO_0000118>	<http://purl.obolibrary.org/obo/xao#end_stage>	<http://purl.obolibrary.org/obo/XAO_0000437>
<http://purl.obolibrary.org/obo/XAO_0003001>	<http://purl.obolibrary.org/obo/BFO_0000050>	<http://purl.obolibrary.org/obo/XAO_0003004>
<http://purl.obolibrary.org/obo/XAO_0004335>	<http://purl.obolibrary.org/obo/xao#end_stage>	<http://purl.obolibrary.org/obo/XAO_0000437>
<http://purl.obolibrary.org/obo/XAO_0005149>	<http://purl.obolibrary.org/obo/xao#end_stage>	<http://purl.obolibrary.org/obo/XAO_0000437>
<http://purl.obolibrary.org/obo/XAO_0006056>	<http://purl.obolibrary.org/obo/xao#start_stage>	<http://purl.obolibrary.org/obo/XAO_1000039>
<http://purl.obolibrary.org/obo/XAO_0003099>	<http://purl.obolibrary.org/obo/xao#end_stage>	<http://purl.obolibrary.org/obo/XAO_0000437>
<http://purl.obolibrary.org/obo/XAO_0005003>	<http://purl.obolibrary.org/obo/xao#start_stage>	<http://purl.obolibrary.org/obo/XAO_1000057>
<http://purl.obolibrary.org/obo/XAO_0003130>	<http://purl.obolibrary.org/obo/RO_0002202>	<http://purl.obolibrary.org/obo/XAO_0000419>
<http://purl.obolibrary.org/obo/XAO_0000394>	<http://purl.obolibrary.org/obo/BFO_0000050>	<http://purl.obolibrary.org/obo/XAO_0004423>
<http://purl.obolibrary.org/obo/XAO_0005186>	<http://purl.obolibrary.org/obo/RO_0002202>	<http://purl.obolibrary.org/obo/XAO_0004208>
<http://purl.obolibrary.org/obo/XAO_0004372>	<http://purl.obolibrary.org/obo/RO_0002202>	<http://purl.obolibrary.org/obo/XAO_0003205>
<http://purl.obolibrary.org/obo/XAO_0000233>	<http://purl.obolibrary.org/obo/xao#end_stage>	<http://purl.obolibrary.org/obo/XAO_1000052>
<http://purl.obolibrary.org/obo/XAO_0003085>	<http://purl.obolibrary.org/obo/xao#end_stage>	<http://purl.obolibrary.org/obo/XAO_0000437>
<http://purl.obolibrary.org/obo/XAO_0005061>	<http://purl.obolibrary.org/obo/xao#start_stage>	<http://purl.obolibrary.org/obo/XAO_1000045>
<http://purl.obolibrary.org/obo/XAO_0003002>	<http://purl.obolibrary.org/obo/xao#end_stage>	<http://purl.obolibrary.org/obo/XAO_0000437>
<http://purl.obolibrary.org/obo/XAO_0005165>	<http://purl.obolibrary.org/obo/xao#start_stage>	<http://purl.obolibrary.org/obo/XAO_1000051>
<http://purl.obolibrary.org/obo/XAO_0005139>	<http://purl.obolibrary.org/obo/xao#start_stage>	<http://purl.obolibrary.org/obo/XAO_1000020>
<http://purl.obolibrary.org/obo/XAO_0000202>	<http://purl.obolibrary.org/obo/xao#end_stage>	<http://purl.obolibrary.org/obo/XAO_1000021>
<http://purl.obolibrary.org/obo/XAO_0006045>	<http://purl.obolibrary.org/obo/xao#end_stage>	<http://purl.obolibrary.org/obo/XAO_0000437>
<http://purl.obolibrary.org/obo/XAO_0005173>	<http://purl.obolibrary.org/obo/xao#start_stage>	<http://purl.obolibrary.org/obo/XAO_1000011>
<http://purl.obolibrary.org/obo/XAO_0004012>	<http://purl.obolibrary.org/obo/xao#end_stage>	<http://purl.obolibrary.org/obo/XAO_0000437>
<http://purl.obolibrary.org/obo/XAO_0003103>	<http://purl.obolibrary.org/obo/RO_0002202>	<http://purl.obolibrary.org/obo/XAO_0004416>
<http://purl.obolibrary.org/obo/XAO_0000068>	<http://purl.obolibrary.org/obo/xao#end_stage>	<http://purl.obolibrary.org/obo/XAO_1000022>
<http://purl.obolibrary.org/obo/XAO_0004609>	<http://purl.obolibrary.org/obo/xao#end_stage>	<http://purl.obolibrary.org/obo/XAO_0000437>
<http://purl.obolibrary.org/obo/XAO_0000309>	<http://purl.obolibrary.org/obo/xao#end_stage>	<http://purl.obolibrary.org/obo/XAO_1000044>
<http://purl.obolibrary.org/obo/XAO_0000185>	<http://purl.obolibrary.org/obo/BFO_0000050>	<http://purl.obolibrary.org/obo/XAO_0000179>
<http://purl.obolibrary.org/obo/XAO_0004053>	<http://purl.obolibrary.org/obo/xao#end_stage>	<http://purl.obolibrary.org/obo/XAO_0000437>
<http://purl.obolibrary.org/obo/XAO_0004210>	<http://purl.obolibrary.org/obo/BFO_0000050>	<http://purl.obolibrary.org/obo/XAO_0000013>
<http://purl.obolibrary.org/obo/XAO_0005140>	<http://purl.obolibrary.org/obo/xao#end_stage>	<http://purl.obolibrary.org/obo/XAO_1000065>
<http://purl.obolibrary.org/obo/XAO_0000104>	<http://purl.obolibrary.org/obo/xao#start_stage>	<http://purl.obolibrary.org/obo/XAO_1000036>
<http://purl.obolibrary.org/obo/XAO_0005174>	<http://purl.obolibrary.org/obo/xao#start_stage>	<http://purl.obolibrary.org/obo/XAO_1000013>
<http://purl.obolibrary.org/obo/XAO_0004489>	<http://purl.obolibrary.org/obo/BFO_0000050>	<http://purl.obolibrary.org/obo/XAO_0004311>
<http://purl.obolibrary.org/obo/XAO_1000025>	<http://purl.obolibrary.org/obo/xao#preceded_by>	<http://purl.obolibrary.org/obo/XAO_1000024>
<http://purl.obolibrary.org/obo/XAO_0004385>	<http://purl.obolibrary.org/obo/BFO_0000050>	<http://purl.obolibrary.org/obo/XAO_0003024>
<http://purl.obolibrary.org/obo/XAO_0005016>	<http://purl.obolibrary.org/obo/xao#end_stage>	<http://purl.obolibrary.org/obo/XAO_0000437>
<http://purl.obolibrary.org/obo/XAO_0006052>	<http://purl.obolibrary.org/obo/xao#end_stage>	<http://purl.obolibrary.org/obo/XAO_0000437>
<http://purl.obolibrary.org/obo/XAO_0005249>	<http://purl.obolibrary.org/obo/RO_0002202>	<http://purl.obolibrary.org/obo/XAO_0000090>
<http://purl.obolibrary.org/obo/XAO_0004611>	<http://purl.obolibrary.org/obo/xao#start_stage>	<http://purl.obolibrary.org/obo/XAO_1000038>
<http://purl.obolibrary.org/obo/XAO_0000381>	<http://purl.obolibrary.org/obo/BFO_0000050>	<http://purl.obolibrary.org/obo/XAO_0000140>
<http://purl.obolibrary.org/obo/XAO_0004258>	<http://purl.obolibrary.org/obo/xao#end_stage>	<http://purl.obolibrary.org/obo/XAO_0000437>
<http://purl.obolibrary.org/obo/XAO_0000356>	<http://purl.obolibrary.org/obo/BFO_0000050>	<http://purl.obolibrary.org/obo/XAO_0000100>
<http://purl.obolibrary.org/obo/XAO_0003029>	<http://purl.obolibrary.org/obo/BFO_0000050>	<http://purl.obolibrary.org/obo/XAO_0003024>
<http://purl.obolibrary.org/obo/XAO_0003147>	<http://purl.obolibrary.org/obo/xao#end_stage>	<http://purl.obolibrary.org/obo/XAO_0000437>
<http://purl.obolibrary.org/obo/XAO_0004455>	<http://purl.obolibrary.org/obo/xao#start_stage>	<http://purl.obolibrary.org/obo/XAO_1000047>
<http://purl.obolibrary.org/obo/XAO_0000419>	<http://purl.obolibrary.org/obo/xao#start_stage>	<http://purl.obolibrary.org/obo/XAO_1000040>
<http://purl.obolibrary.org/obo/XAO_0003026>	<http://purl.obolibrary.org/obo/BFO_0000050>	<http://purl.obolibrary.org/obo/XAO_0000087>
<http://purl.obolibrary.org/obo/XAO_0005122>	<http://purl.obolibrary.org/obo/xao#end_stage>	<http://purl.obolibrary.org/obo/XAO_0000437>
<http://purl.obolibrary.org/obo/XAO_0003066>	<http://purl.obolibrary.org/obo/xao#start_stage>	<http://purl.obolibrary.org/obo/XAO_1000058>
<http://purl.obolibrary.org/obo/XAO_0000220>	<http://purl.obolibrary.org/obo/RO_0002202>	<http://purl.obolibrary.org/obo/XAO_0000409>
<http://purl.obolibrary.org/obo/XAO_0000038>	<http://purl.obolibrary.org/obo/xao#end_stage>	<http://purl.obolibrary.org/obo/XAO_1000023>
<http://purl.obolibrary.org/obo/XAO_0003136>	<http://purl.obolibrary.org/obo/xao#start_stage>	<http://purl.obolibrary.org/obo/XAO_1000042>
<http://purl.obolibrary.org/obo/XAO_0005087>	<http://purl.obolibrary.org/obo/RO_0002202>	<http://purl.obolibrary.org/obo/XAO_0003016>
<http://purl.obolibrary.org/obo/XAO_0000127>	<http://purl.obolibrary.org/obo/xao#end_stage>	<http://purl.obolibrary.org/obo/XAO_0000437>
<http://purl.obolibrary.org/obo/XAO_0005161>	<http://purl.obolibrary.org/obo/xao#start_stage>	<http://purl.obolibrary.org/obo/XAO_1000067>
<http://purl.obolibrary.org/obo/XAO_0004628>	<http://purl.obolibrary.org/obo/BFO_0000050>	<http://purl.obolibrary.org/obo/XAO_0000067>
<http://purl.obolibrary.org/obo/XAO_0001019>	<http://purl.obolibrary.org/obo/RO_0002202>	<http://purl.obolibrary.org/obo/XAO_0000208>
<http://purl.obolibrary.org/obo/XAO_0000101>	<http://purl.obolibrary.org/obo/RO_0002202>	<http://purl.obolibrary.org/obo/XAO_0004513>
<http://purl.obolibrary.org/obo/XAO_0004548>	<http://purl.obolibrary.org/obo/BFO_0000050>	<http://purl.obolibrary.org/obo/XAO_0004302>
<http://purl.obolibrary.org/obo/XAO_0004593>	<http://purl.obolibrary.org/obo/BFO_0000050>	<http://purl.obolibrary.org/obo/XAO_0004578>
<http://purl.obolibrary.org/obo/XAO_0000028>	<http://purl.obolibrary.org/obo/BFO_0000050>	<http://purl.obolibrary.org/obo/XAO_0000023>
<http://purl.obolibrary.org/obo/XAO_0004074>	<http://purl.obolibrary.org/obo/xao#end_stage>	<http://purl.obolibrary.org/obo/XAO_1000059>
<http://purl.obolibrary.org/obo/XAO_0005265>	<http://purl.obolibrary.org/obo/xao#start_stage>	<http://purl.obolibrary.org/obo/XAO_1000035>
<http://purl.obolibrary.org/obo/XAO_0004131>	<http://purl.obolibrary.org/obo/xao#end_stage>	<http://purl.obolibrary.org/obo/XAO_0000437>
<http://purl.obolibrary.org/obo/XAO_0000391>	<http://purl.obolibrary.org/obo/xao#end_stage>	<http://purl.obolibrary.org/obo/XAO_0000437>
<http://purl.obolibrary.org/obo/XAO_0004036>	<http://purl.obolibrary.org/obo/xao#start_stage>	<http://purl.obolibrary.org/obo/XAO_1000020>
<http://purl.obolibrary.org/obo/XAO_0003248>	<http://purl.obolibrary.org/obo/xao#end_stage>	<http://purl.obolibrary.org/obo/XAO_0000437>
<http://purl.obolibrary.org/obo/XAO_0004367>	<http://purl.obolibrary.org/obo/BFO_0000050>	<http://purl.obolibrary.org/obo/XAO_0003059>
<http://purl.obolibrary.org/obo/XAO_0006013>	<http://purl.obolibrary.org/obo/xao#end_stage>	<http://purl.obolibrary.org/obo/XAO_0000437>
<http://purl.obolibrary.org/obo/XAO_0004075>	<http://purl.obolibrary.org/obo/RO_0002202>	<http://purl.obolibrary.org/obo/XAO_0000050>
<http://purl.obolibrary.org/obo/XAO_0004120>	<http://purl.obolibrary.org/obo/xao#end_stage>	<http://purl.obolibrary.org/obo/XAO_1000048>
<http://purl.obolibrary.org/obo/XAO_0004358>	<http://purl.obolibrary.org/obo/xao#end_stage>	<http://purl.obolibrary.org/obo/XAO_0000437>
<http://purl.obolibrary.org/obo/XAO_0004182>	<http://purl.obolibrary.org/obo/BFO_0000050>	<http://purl.obolibrary.org/obo/XAO_0000100>
<http://purl.obolibrary.org/obo/XAO_0000465>	<http://purl.obolibrary.org/obo/RO_0002202>	<http://purl.obolibrary.org/obo/XAO_0000464>
<http://purl.obolibrary.org/obo/XAO_0004085>	<http://purl.obolibrary.org/obo/xao#start_stage>	<http://purl.obolibrary.org/obo/XAO_1000020>
<http://purl.obolibrary.org/obo/XAO_0004423>	<http://purl.obolibrary.org/obo/xao#end_stage>	<http://purl.obolibrary.org/obo/XAO_0000437>
<http://purl.obolibrary.org/obo/XAO_0004525>	<http://purl.obolibrary.org/obo/xao#start_stage>	<http://purl.obolibrary.org/obo/XAO_1000078>
<http://purl.obolibrary.org/obo/XAO_0000445>	<http://purl.obolibrary.org/obo/RO_0002202>	<http://purl.obolibrary.org/obo/XAO_0000446>
<http://purl.obolibrary.org/obo/XAO_0004316>	<http://purl.obolibrary.org/obo/xao#end_stage>	<http://purl.obolibrary.org/obo/XAO_0000437>
<http://purl.obolibrary.org/obo/XAO_0004391>	<http://purl.obolibrary.org/obo/BFO_0000050>	<http://purl.obolibrary.org/obo/XAO_0000014>
<http://purl.obolibrary.org/obo/XAO_0000009>	<http://purl.obolibrary.org/obo/BFO_0000050>	<http://purl.obolibrary.org/obo/XAO_0000179>
<http://purl.obolibrary.org/obo/XAO_0000258>	<http://purl.obolibrary.org/obo/xao#end_stage>	<http://purl.obolibrary.org/obo/XAO_0000437>
<http://purl.obolibrary.org/obo/XAO_0000377>	<http://purl.obolibrary.org/obo/RO_0002202>	<http://purl.obolibrary.org/obo/XAO_0000376>
<http://purl.obolibrary.org/obo/XAO_0003250>	<http://purl.obolibrary.org/obo/xao#end_stage>	<http://purl.obolibrary.org/obo/XAO_0000437>
<http://purl.obolibrary.org/obo/XAO_0003143>	<http://purl.obolibrary.org/obo/BFO_0000050>	<http://purl.obolibrary.org/obo/XAO_0003026>
<http://purl.obolibrary.org/obo/XAO_0003220>	<http://purl.obolibrary.org/obo/BFO_0000050>	<http://purl.obolibrary.org/obo/XAO_0003216>
<http://purl.obolibrary.org/obo/XAO_0004461>	<http://purl.obolibrary.org/obo/xao#start_stage>	<http://purl.obolibrary.org/obo/XAO_1000038>
<http://purl.obolibrary.org/obo/XAO_0005299>	<http://purl.obolibrary.org/obo/RO_0002202>	<http://purl.obolibrary.org/obo/XAO_0005127>
<http://purl.obolibrary.org/obo/XAO_0004152>	<http://purl.obolibrary.org/obo/xao#start_stage>	<http://purl.obolibrary.org/obo/XAO_1000046>
<http://purl.obolibrary.org/obo/XAO_0000120>	<http://purl.obolibrary.org/obo/RO_0002202>	<http://purl.obolibrary.org/obo/XAO_0000448>
<http://purl.obolibrary.org/obo/XAO_0005425>	<http://purl.obolibrary.org/obo/BFO_0000050>	<http://purl.obolibrary.org/obo/XAO_0005127>
<http://purl.obolibrary.org/obo/XAO_0004031>	<http://purl.obolibrary.org/obo/xao#end_stage>	<http://purl.obolibrary.org/obo/XAO_0000437>
<http://purl.obolibrary.org/obo/XAO_0003162>	<http://purl.obolibrary.org/obo/xao#end_stage>	<http://purl.obolibrary.org/obo/XAO_0000437>
<http://purl.obolibrary.org/obo/XAO_0004252>	<http://purl.obolibrary.org/obo/BFO_0000050>	<http://purl.obolibrary.org/obo/XAO_0004296>
<http://purl.obolibrary.org/obo/XAO_0004187>	<http://purl.obolibrary.org/obo/xao#start_stage>	<http://purl.obolibrary.org/obo/XAO_1000025>
<http://purl.obolibrary.org/obo/XAO_0005243>	<http://purl.obolibrary.org/obo/xao#start_stage>	<http://purl.obolibrary.org/obo/XAO_1000044>
<http://purl.obolibrary.org/obo/XAO_0004510>	<http://purl.obolibrary.org/obo/xao#end_stage>	<http://purl.obolibrary.org/obo/XAO_1000047>
<http://purl.obolibrary.org/obo/XAO_0005024>	<http://purl.obolibrary.org/obo/RO_0002202>	<http://purl.obolibrary.org/obo/XAO_0004092>
<http://purl.obolibrary.org/obo/XAO_0003224>	<http://purl.obolibrary.org/obo/xao#end_stage>	<http://purl.obolibrary.org/obo/XAO_0000437>
<http://purl.obolibrary.org/obo/XAO_0005307>	<http://purl.obolibrary.org/obo/BFO_0000050>	<http://purl.obolibrary.org/obo/XAO_0003044>
<http://purl.obolibrary.org/obo/XAO_0004327>	<http://purl.obolibrary.org/obo/xao#end_stage>	<http://purl.obolibrary.org/obo/XAO_0000437>
<http://purl.obolibrary.org/obo/XAO_0005188>	<http://purl.obolibrary.org/obo/BFO_0000050>	<http://purl.obolibrary.org/obo/XAO_0005186>
<http://purl.obolibrary.org/obo/XAO_0000086>	<http://purl.obolibrary.org/obo/BFO_0000050>	<http://purl.obolibrary.org/obo/XAO_0000009>
<http://purl.obolibrary.org/obo/XAO_0005230>	<http://purl.obolibrary.org/obo/xao#end_stage>	<http://purl.obolibrary.org/obo/XAO_1000078>
<http://purl.obolibrary.org/obo/XAO_0004101>	<http://purl.obolibrary.org/obo/xao#end_stage>	<http://purl.obolibrary.org/obo/XAO_0000437>
<http://purl.obolibrary.org/obo/XAO_0005155>	<http://purl.obolibrary.org/obo/xao#start_stage>	<http://purl.obolibrary.org/obo/XAO_1000020>
<http://purl.obolibrary.org/obo/XAO_0005316>	<http://purl.obolibrary.org/obo/xao#end_stage>	<http://purl.obolibrary.org/obo/XAO_1000078>
<http://purl.obolibrary.org/obo/XAO_0000441>	<http://purl.obolibrary.org/obo/xao#start_stage>	<http://purl.obolibrary.org/obo/XAO_1000048>
<http://purl.obolibrary.org/obo/XAO_0005216>	<http://purl.obolibrary.org/obo/xao#end_stage>	<http://purl.obolibrary.org/obo/XAO_0000437>
<http://purl.obolibrary.org/obo/XAO_0004433>	<http://purl.obolibrary.org/obo/xao#end_stage>	<http://purl.obolibrary.org/obo/XAO_1000051>
<http://purl.obolibrary.org/obo/XAO_0001016>	<http://purl.obolibrary.org/obo/xao#end_stage>	<http://purl.obolibrary.org/obo/XAO_1000059>
<http://purl.obolibrary.org/obo/XAO_0004300>	<http://purl.obolibrary.org/obo/xao#start_stage>	<http://purl.obolibrary.org/obo/XAO_1000067>
<http://purl.obolibrary.org/obo/XAO_0004410>	<http://purl.obolibrary.org/obo/BFO_0000050>	<http://purl.obolibrary.org/obo/XAO_0003161>
<http://purl.obolibrary.org/obo/XAO_0000186>	<http://purl.obolibrary.org/obo/xao#start_stage>	<http://purl.obolibrary.org/obo/XAO_1000056>
<http://purl.obolibrary.org/obo/XAO_0004270>	<http://purl.obolibrary.org/obo/xao#start_stage>	<http://purl.obolibrary.org/obo/XAO_1000036>
<http://purl.obolibrary.org/obo/XAO_0005226>	<http://purl.obolibrary.org/obo/RO_0002202>	<http://purl.obolibrary.org/obo/XAO_0000314>
<http://purl.obolibrary.org/obo/XAO_0004102>	<http://purl.obolibrary.org/obo/xao#end_stage>	<http://purl.obolibrary.org/obo/XAO_1000038>
<http://purl.obolibrary.org/obo/XAO_0000023>	<http://purl.obolibrary.org/obo/xao#end_stage>	<http://purl.obolibrary.org/obo/XAO_0000437>
<http://purl.obolibrary.org/obo/XAO_0004406>	<http://purl.obolibrary.org/obo/xao#end_stage>	<http://purl.obolibrary.org/obo/XAO_1000033>
<http://purl.obolibrary.org/obo/XAO_0000363>	<http://purl.obolibrary.org/obo/RO_0002202>	<http://purl.obolibrary.org/obo/XAO_0000051>
<http://purl.obolibrary.org/obo/XAO_0005127>	<http://purl.obolibrary.org/obo/xao#end_stage>	<http://purl.obolibrary.org/obo/XAO_1000056>
<http://purl.obolibrary.org/obo/XAO_0003181>	<http://purl.obolibrary.org/obo/xao#start_stage>	<http://purl.obolibrary.org/obo/XAO_1000043>
<http://purl.obolibrary.org/obo/XAO_0000224>	<http://purl.obolibrary.org/obo/xao#start_stage>	<http://purl.obolibrary.org/obo/XAO_1000020>
<http://purl.obolibrary.org/obo/XAO_0000461>	<http://purl.obolibrary.org/obo/RO_0002202>	<http://purl.obolibrary.org/obo/XAO_0000320>
<http://purl.obolibrary.org/obo/XAO_0004275>	<http://purl.obolibrary.org/obo/xao#end_stage>	<http://purl.obolibrary.org/obo/XAO_0000437>
<http://purl.obolibrary.org/obo/XAO_0000136>	<http://purl.obolibrary.org/obo/xao#start_stage>	<http://purl.obolibrary.org/obo/XAO_1000051>
<http://purl.obolibrary.org/obo/XAO_0003238>	<http://purl.obolibrary.org/obo/xao#end_stage>	<http://purl.obolibrary.org/obo/XAO_0000437>
<http://purl.obolibrary.org/obo/XAO_0003041>	<http://purl.obolibrary.org/obo/xao#end_stage>	<http://purl.obolibrary.org/obo/XAO_0000437>
<http://purl.obolibrary.org/obo/XAO_0000002>	<http://purl.obolibrary.org/obo/RO_0002202>	<http://purl.obolibrary.org/obo/XAO_0000001>
<http://purl.obolibrary.org/obo/XAO_0000013>	<http://purl.obolibrary.org/obo/xao#start_stage>	<http://purl.obolibrary.org/obo/XAO_1000038>
<http://purl.obolibrary.org/obo/XAO_0005042>	<http://purl.obolibrary.org/obo/xao#start_stage>	<http://purl.obolibrary.org/obo/XAO_1000057>
<http://purl.obolibrary.org/obo/XAO_0000140>	<http://purl.obolibrary.org/obo/xao#start_stage>	<http://purl.obolibrary.org/obo/XAO_1000044>
<http://purl.obolibrary.org/obo/XAO_0004058>	<http://purl.obolibrary.org/obo/BFO_0000050>	<http://purl.obolibrary.org/obo/XAO_0003095>
<http://purl.obolibrary.org/obo/XAO_0005100>	<http://purl.obolibrary.org/obo/RO_0002202>	<http://purl.obolibrary.org/obo/XAO_0005090>
<http://purl.obolibrary.org/obo/XAO_0000171>	<http://purl.obolibrary.org/obo/BFO_0000050>	<http://purl.obolibrary.org/obo/XAO_0004274>
<http://purl.obolibrary.org/obo/XAO_0000090>	<http://purl.obolibrary.org/obo/xao#end_stage>	<http://purl.obolibrary.org/obo/XAO_1000078>
<http://purl.obolibrary.org/obo/XAO_0000200>	<http://purl.obolibrary.org/obo/xao#start_stage>	<http://purl.obolibrary.org/obo/XAO_1000014>
<http://purl.obolibrary.org/obo/XAO_0004117>	<http://purl.obolibrary.org/obo/xao#start_stage>	<http://purl.obolibrary.org/obo/XAO_1000086>
<http://purl.obolibrary.org/obo/XAO_0005303>	<http://purl.obolibrary.org/obo/xao#end_stage>	<http://purl.obolibrary.org/obo/XAO_1000078>
<http://purl.obolibrary.org/obo/XAO_0005322>	<http://purl.obolibrary.org/obo/xao#end_stage>	<http://purl.obolibrary.org/obo/XAO_1000078>
<http://purl.obolibrary.org/obo/XAO_0005089>	<http://purl.obolibrary.org/obo/xao#end_stage>	<http://purl.obolibrary.org/obo/XAO_1000015>
<http://purl.obolibrary.org/obo/XAO_0006050>	<http://purl.obolibrary.org/obo/xao#start_stage>	<http://purl.obolibrary.org/obo/XAO_1000053>
<http://purl.obolibrary.org/obo/XAO_0004126>	<http://purl.obolibrary.org/obo/xao#start_stage>	<http://purl.obolibrary.org/obo/XAO_1000054>
<http://purl.obolibrary.org/obo/XAO_0004192>	<http://purl.obolibrary.org/obo/BFO_0000050>	<http://purl.obolibrary.org/obo/XAO_0000048>
<http://purl.obolibrary.org/obo/XAO_0000241>	<http://purl.obolibrary.org/obo/xao#end_stage>	<http://purl.obolibrary.org/obo/XAO_0000437>
<http://purl.obolibrary.org/obo/XAO_0003108>	<http://purl.obolibrary.org/obo/RO_0002202>	<http://purl.obolibrary.org/obo/XAO_0000406>
<http://purl.obolibrary.org/obo/XAO_0004257>	<http://purl.obolibrary.org/obo/xao#end_stage>	<http://purl.obolibrary.org/obo/XAO_0000437>
<http://purl.obolibrary.org/obo/XAO_0004287>	<http://purl.obolibrary.org/obo/xao#start_stage>	<http://purl.obolibrary.org/obo/XAO_1000057>
<http://purl.obolibrary.org/obo/XAO_0006015>	<http://purl.obolibrary.org/obo/RO_0002202>	<http://purl.obolibrary.org/obo/XAO_0000028>
<http://purl.obolibrary.org/obo/XAO_0004162>	<http://purl.obolibrary.org/obo/xao#end_stage>	<http://purl.obolibrary.org/obo/XAO_0000437>
<http://purl.obolibrary.org/obo/XAO_0005145>	<http://purl.obolibrary.org/obo/RO_0002202>	<http://purl.obolibrary.org/obo/XAO_0005129>
<http://purl.obolibrary.org/obo/XAO_0004296>	<http://purl.obolibrary.org/obo/xao#end_stage>	<http://purl.obolibrary.org/obo/XAO_0000437>
<http://purl.obolibrary.org/obo/XAO_0000276>	<http://purl.obolibrary.org/obo/BFO_0000050>	<http://purl.obolibrary.org/obo/XAO_0000311>
<http://purl.obolibrary.org/obo/XAO_0003263>	<http://purl.obolibrary.org/obo/xao#end_stage>	<http://purl.obolibrary.org/obo/XAO_0000437>
<http://purl.obolibrary.org/obo/XAO_0004356>	<http://purl.obolibrary.org/obo/xao#start_stage>	<http://purl.obolibrary.org/obo/XAO_1000051>
<http://purl.obolibrary.org/obo/XAO_0000319>	<http://purl.obolibrary.org/obo/xao#start_stage>	<http://purl.obolibrary.org/obo/XAO_1000023>
<http://purl.obolibrary.org/obo/XAO_0005309>	<http://purl.obolibrary.org/obo/BFO_0000050>	<http://purl.obolibrary.org/obo/XAO_0000178>
<http://purl.obolibrary.org/obo/XAO_0005125>	<http://purl.obolibrary.org/obo/BFO_0000050>	<http://purl.obolibrary.org/obo/XAO_0000232>
<http://purl.obolibrary.org/obo/XAO_0003208>	<http://purl.obolibrary.org/obo/BFO_0000050>	<http://purl.obolibrary.org/obo/XAO_0003061>
<http://purl.obolibrary.org/obo/XAO_0004508>	<http://purl.obolibrary.org/obo/BFO_0000050>	<http://purl.obolibrary.org/obo/XAO_0004279>
<http://purl.obolibrary.org/obo/XAO_0000005>	<http://purl.obolibrary.org/obo/RO_0002202>	<http://purl.obolibrary.org/obo/XAO_0000320>
<http://purl.obolibrary.org/obo/XAO_0004619>	<http://purl.obolibrary.org/obo/BFO_0000050>	<http://purl.obolibrary.org/obo/XAO_0000057>
<http://purl.obolibrary.org/obo/XAO_0000180>	<http://purl.obolibrary.org/obo/xao#start_stage>	<http://purl.obolibrary.org/obo/XAO_1000045>
<http://purl.obolibrary.org/obo/XAO_0000385>	<http://purl.obolibrary.org/obo/BFO_0000050>	<http://purl.obolibrary.org/obo/XAO_0002000>
<http://purl.obolibrary.org/obo/XAO_0005314>	<http://purl.obolibrary.org/obo/BFO_0000050>	<http://purl.obolibrary.org/obo/XAO_0005225>
<http://purl.obolibrary.org/obo/XAO_0004172>	<http://purl.obolibrary.org/obo/xao#end_stage>	<http://purl.obolibrary.org/obo/XAO_0000437>
<http://purl.obolibrary.org/obo/XAO_0000028>	<http://purl.obolibrary.org/obo/RO_0002202>	<http://purl.obolibrary.org/obo/XAO_0004091>
<http://purl.obolibrary.org/obo/XAO_0005190>	<http://purl.obolibrary.org/obo/xao#start_stage>	<http://purl.obolibrary.org/obo/XAO_1000052>
<http://purl.obolibrary.org/obo/XAO_0005075>	<http://purl.obolibrary.org/obo/BFO_0000050>	<http://purl.obolibrary.org/obo/XAO_0005024>
<http://purl.obolibrary.org/obo/XAO_0003141>	<http://purl.obolibrary.org/obo/xao#start_stage>	<http://purl.obolibrary.org/obo/XAO_1000044>
<http://purl.obolibrary.org/obo/XAO_0004269>	<http://purl.obolibrary.org/obo/RO_0002202>	<http://purl.obolibrary.org/obo/XAO_0004206>
<http://purl.obolibrary.org/obo/XAO_0006036>	<http://purl.obolibrary.org/obo/xao#end_stage>	<http://purl.obolibrary.org/obo/XAO_1000047>
<http://purl.obolibrary.org/obo/XAO_0000131>	<http://purl.obolibrary.org/obo/xao#end_stage>	<http://purl.obolibrary.org/obo/XAO_0000437>
<http://purl.obolibrary.org/obo/XAO_0004307>	<http://purl.obolibrary.org/obo/xao#end_stage>	<http://purl.obolibrary.org/obo/XAO_1000078>
<http://purl.obolibrary.org/obo/XAO_0006003>	<http://purl.obolibrary.org/obo/xao#start_stage>	<http://purl.obolibrary.org/obo/XAO_1000083>
<http://purl.obolibrary.org/obo/XAO_0000295>	<http://purl.obolibrary.org/obo/RO_0002202>	<http://purl.obolibrary.org/obo/XAO_0000090>
<http://purl.obolibrary.org/obo/XAO_0005245>	<http://purl.obolibrary.org/obo/xao#start_stage>	<http://purl.obolibrary.org/obo/XAO_1000027>
<http://purl.obolibrary.org/obo/XAO_0004017>	<http://purl.obolibrary.org/obo/xao#start_stage>	<http://purl.obolibrary.org/obo/XAO_1000055>
<http://purl.obolibrary.org/obo/XAO_0000008>	<http://purl.obolibrary.org/obo/RO_0002202>	<http://purl.obolibrary.org/obo/XAO_0000240>
<http://purl.obolibrary.org/obo/XAO_0004477>	<http://purl.obolibrary.org/obo/BFO_0000050>	<http://purl.obolibrary.org/obo/XAO_0000175>
<http://purl.obolibrary.org/obo/XAO_0005298>	<http://purl.obolibrary.org/obo/BFO_0000050>	<http://purl.obolibrary.org/obo/XAO_0000118>
<http://purl.obolibrary.org/obo/XAO_0004329>	<http://purl.obolibrary.org/obo/xao#start_stage>	<http://purl.obolibrary.org/obo/XAO_1000053>
<http://purl.obolibrary.org/obo/XAO_0000263>	<http://purl.obolibrary.org/obo/BFO_0000050>	<http://purl.obolibrary.org/obo/XAO_0000258>
<http://purl.obolibrary.org/obo/XAO_0000395>	<http://purl.obolibrary.org/obo/RO_0002202>	<http://purl.obolibrary.org/obo/XAO_0000358>
<http://purl.obolibrary.org/obo/XAO_0004371>	<http://purl.obolibrary.org/obo/RO_0002202>	<http://purl.obolibrary.org/obo/XAO_0003205>
<http://purl.obolibrary.org/obo/XAO_0003004>	<http://purl.obolibrary.org/obo/xao#end_stage>	<http://purl.obolibrary.org/obo/XAO_0000437>
<http://purl.obolibrary.org/obo/XAO_0004468>	<http://purl.obolibrary.org/obo/xao#end_stage>	<http://purl.obolibrary.org/obo/XAO_0000437>
<http://purl.obolibrary.org/obo/XAO_0006019>	<http://purl.obolibrary.org/obo/xao#start_stage>	<http://purl.obolibrary.org/obo/XAO_1000083>
<http://purl.obolibrary.org/obo/XAO_0000009>	<http://purl.obolibrary.org/obo/xao#end_stage>	<http://purl.obolibrary.org/obo/XAO_0000437>
<http://purl.obolibrary.org/obo/XAO_0005038>	<http://purl.obolibrary.org/obo/xao#start_stage>	<http://purl.obolibrary.org/obo/XAO_1000083>
<http://purl.obolibrary.org/obo/XAO_0001018>	<http://purl.obolibrary.org/obo/xao#start_stage>	<http://purl.obolibrary.org/obo/XAO_1000071>
<http://purl.obolibrary.org/obo/XAO_0004362>	<http://purl.obolibrary.org/obo/xao#end_stage>	<http://purl.obolibrary.org/obo/XAO_1000078>
<http://purl.obolibrary.org/obo/XAO_0004576>	<http://purl.obolibrary.org/obo/BFO_0000050>	<http://purl.obolibrary.org/obo/XAO_0004539>
<http://purl.obolibrary.org/obo/XAO_0005007>	<http://purl.obolibrary.org/obo/xao#start_stage>	<http://purl.obolibrary.org/obo/XAO_1000044>
<http://purl.obolibrary.org/obo/XAO_0003102>	<http://purl.obolibrary.org/obo/BFO_0000050>	<http://purl.obolibrary.org/obo/XAO_0004019>
<http://purl.obolibrary.org/obo/XAO_0000236>	<http://purl.obolibrary.org/obo/BFO_0000050>	<http://purl.obolibrary.org/obo/XAO_0000130>
<http://purl.obolibrary.org/obo/XAO_0000050>	<http://purl.obolibrary.org/obo/xao#end_stage>	<http://purl.obolibrary.org/obo/XAO_1000078>
<http://purl.obolibrary.org/obo/XAO_0005299>	<http://purl.obolibrary.org/obo/xao#end_stage>	<http://purl.obolibrary.org/obo/XAO_0000437>
<http://purl.obolibrary.org/obo/XAO_0004513>	<http://purl.obolibrary.org/obo/BFO_0000050>	<http://purl.obolibrary.org/obo/XAO_0000090>
<http://purl.obolibrary.org/obo/XAO_0005264>	<http://purl.obolibrary.org/obo/xao#end_stage>	<http://purl.obolibrary.org/obo/XAO_1000078>
<http://purl.obolibrary.org/obo/XAO_0003051>	<http://purl.obolibrary.org/obo/xao#end_stage>	<http://purl.obolibrary.org/obo/XAO_1000056>
<http://purl.obolibrary.org/obo/XAO_0003091>	<http://purl.obolibrary.org/obo/xao#end_stage>	<http://purl.obolibrary.org/obo/XAO_0000437>
<http://purl.obolibrary.org/obo/XAO_0003244>	<http://purl.obolibrary.org/obo/xao#start_stage>	<http://purl.obolibrary.org/obo/XAO_1000020>
<http://purl.obolibrary.org/obo/XAO_0005176>	<http://purl.obolibrary.org/obo/xao#end_stage>	<http://purl.obolibrary.org/obo/XAO_1000013>
<http://purl.obolibrary.org/obo/XAO_0004365>	<http://purl.obolibrary.org/obo/xao#start_stage>	<http://purl.obolibrary.org/obo/XAO_1000052>
<http://purl.obolibrary.org/obo/XAO_0004015>	<http://purl.obolibrary.org/obo/xao#end_stage>	<http://purl.obolibrary.org/obo/XAO_0000437>
<http://purl.obolibrary.org/obo/XAO_0000226>	<http://purl.obolibrary.org/obo/xao#start_stage>	<http://purl.obolibrary.org/obo/XAO_1000001>
<http://purl.obolibrary.org/obo/XAO_0004143>	<http://purl.obolibrary.org/obo/xao#start_stage>	<http://purl.obolibrary.org/obo/XAO_1000046>
<http://purl.obolibrary.org/obo/XAO_0004327>	<http://purl.obolibrary.org/obo/xao#start_stage>	<http://purl.obolibrary.org/obo/XAO_1000051>
<http://purl.obolibrary.org/obo/XAO_0006021>	<http://purl.obolibrary.org/obo/xao#start_stage>	<http://purl.obolibrary.org/obo/XAO_1000038>
<http://purl.obolibrary.org/obo/XAO_0000124>	<http://purl.obolibrary.org/obo/xao#start_stage>	<http://purl.obolibrary.org/obo/XAO_1000038>
<http://purl.obolibrary.org/obo/XAO_0004101>	<http://purl.obolibrary.org/obo/xao#start_stage>	<http://purl.obolibrary.org/obo/XAO_1000038>
<http://purl.obolibrary.org/obo/XAO_0000323>	<http://purl.obolibrary.org/obo/xao#start_stage>	<http://purl.obolibrary.org/obo/XAO_1000040>
<http://purl.obolibrary.org/obo/XAO_0005230>	<http://purl.obolibrary.org/obo/xao#start_stage>	<http://purl.obolibrary.org/obo/XAO_1000052>
<http://purl.obolibrary.org/obo/XAO_0004037>	<http://purl.obolibrary.org/obo/xao#end_stage>	<http://purl.obolibrary.org/obo/XAO_0000437>
<http://purl.obolibrary.org/obo/XAO_0003232>	<http://purl.obolibrary.org/obo/xao#start_stage>	<http://purl.obolibrary.org/obo/XAO_1000020>
<http://purl.obolibrary.org/obo/XAO_0004236>	<http://purl.obolibrary.org/obo/BFO_0000050>	<http://purl.obolibrary.org/obo/XAO_0004070>
<http://purl.obolibrary.org/obo/XAO_0003268>	<http://purl.obolibrary.org/obo/xao#start_stage>	<http://purl.obolibrary.org/obo/XAO_1000024>
<http://purl.obolibrary.org/obo/XAO_0004315>	<http://purl.obolibrary.org/obo/xao#end_stage>	<http://purl.obolibrary.org/obo/XAO_0000437>
<http://purl.obolibrary.org/obo/XAO_0004282>	<http://purl.obolibrary.org/obo/xao#end_stage>	<http://purl.obolibrary.org/obo/XAO_1000078>
<http://purl.obolibrary.org/obo/XAO_0000257>	<http://purl.obolibrary.org/obo/RO_0002202>	<http://purl.obolibrary.org/obo/XAO_0000232>
<http://purl.obolibrary.org/obo/XAO_0004246>	<http://purl.obolibrary.org/obo/xao#end_stage>	<http://purl.obolibrary.org/obo/XAO_1000056>
<http://purl.obolibrary.org/obo/XAO_0003027>	<http://purl.obolibrary.org/obo/xao#start_stage>	<http://purl.obolibrary.org/obo/XAO_1000067>
<http://purl.obolibrary.org/obo/XAO_0005506>	<http://purl.obolibrary.org/obo/xao#end_stage>	<http://purl.obolibrary.org/obo/XAO_0000437>
<http://purl.obolibrary.org/obo/XAO_0006055>	<http://purl.obolibrary.org/obo/BFO_0000050>	<http://purl.obolibrary.org/obo/XAO_0006053>
<http://purl.obolibrary.org/obo/XAO_0000371>	<http://purl.obolibrary.org/obo/RO_0002202>	<http://purl.obolibrary.org/obo/XAO_0000358>
<http://purl.obolibrary.org/obo/XAO_1000059>	<http://purl.obolibrary.org/obo/xao#preceded_by>	<http://purl.obolibrary.org/obo/XAO_1000058>
<http://purl.obolibrary.org/obo/XAO_0000291>	<http://purl.obolibrary.org/obo/BFO_0000050>	<http://purl.obolibrary.org/obo/XAO_0003025>
<http://purl.obolibrary.org/obo/XAO_0000126>	<http://purl.obolibrary.org/obo/xao#end_stage>	<http://purl.obolibrary.org/obo/XAO_0000437>
<http://purl.obolibrary.org/obo/XAO_0000358>	<http://purl.obolibrary.org/obo/BFO_0000050>	<http://purl.obolibrary.org/obo/XAO_0000115>
<http://purl.obolibrary.org/obo/XAO_0004416>	<http://purl.obolibrary.org/obo/BFO_0000050>	<http://purl.obolibrary.org/obo/XAO_0003035>
<http://purl.obolibrary.org/obo/XAO_0004532>	<http://purl.obolibrary.org/obo/BFO_0000050>	<http://purl.obolibrary.org/obo/XAO_0004531>
<http://purl.obolibrary.org/obo/XAO_0003055>	<http://purl.obolibrary.org/obo/BFO_0000050>	<http://purl.obolibrary.org/obo/XAO_0003051>
<http://purl.obolibrary.org/obo/XAO_0000089>	<http://purl.obolibrary.org/obo/xao#end_stage>	<http://purl.obolibrary.org/obo/XAO_1000023>
<http://purl.obolibrary.org/obo/XAO_0000367>	<http://purl.obolibrary.org/obo/BFO_0000050>	<http://purl.obolibrary.org/obo/XAO_0000366>
<http://purl.obolibrary.org/obo/XAO_0000342>	<http://purl.obolibrary.org/obo/xao#start_stage>	<http://purl.obolibrary.org/obo/XAO_1000046>
<http://purl.obolibrary.org/obo/XAO_0004570>	<http://purl.obolibrary.org/obo/xao#end_stage>	<http://purl.obolibrary.org/obo/XAO_0000437>
<http://purl.obolibrary.org/obo/XAO_0003139>	<http://purl.obolibrary.org/obo/xao#end_stage>	<http://purl.obolibrary.org/obo/XAO_1000059>
<http://purl.obolibrary.org/obo/XAO_0000129>	<http://purl.obolibrary.org/obo/xao#start_stage>	<http://purl.obolibrary.org/obo/XAO_1000053>
<http://purl.obolibrary.org/obo/XAO_0000034>	<http://purl.obolibrary.org/obo/BFO_0000050>	<http://purl.obolibrary.org/obo/XAO_0000001>
<http://purl.obolibrary.org/obo/XAO_0000079>	<http://purl.obolibrary.org/obo/BFO_0000050>	<http://purl.obolibrary.org/obo/XAO_0000205>
<http://purl.obolibrary.org/obo/XAO_0000103>	<http://purl.obolibrary.org/obo/xao#start_stage>	<http://purl.obolibrary.org/obo/XAO_1000036>
<http://purl.obolibrary.org/obo/XAO_0005113>	<http://purl.obolibrary.org/obo/xao#end_stage>	<http://purl.obolibrary.org/obo/XAO_1000016>
<http://purl.obolibrary.org/obo/XAO_0000030>	<http://purl.obolibrary.org/obo/xao#start_stage>	<http://purl.obolibrary.org/obo/XAO_1000092>
<http://purl.obolibrary.org/obo/XAO_0006014>	<http://purl.obolibrary.org/obo/xao#end_stage>	<http://purl.obolibrary.org/obo/XAO_0000437>
<http://purl.obolibrary.org/obo/XAO_0004621>	<http://purl.obolibrary.org/obo/xao#end_stage>	<http://purl.obolibrary.org/obo/XAO_0000437>
<http://purl.obolibrary.org/obo/XAO_0003014>	<http://purl.obolibrary.org/obo/BFO_0000050>	<http://purl.obolibrary.org/obo/XAO_0000023>
<http://purl.obolibrary.org/obo/XAO_0004020>	<http://purl.obolibrary.org/obo/xao#start_stage>	<http://purl.obolibrary.org/obo/XAO_1000020>
<http://purl.obolibrary.org/obo/XAO_0003190>	<http://purl.obolibrary.org/obo/RO_0002202>	<http://purl.obolibrary.org/obo/XAO_0000113>
<http://purl.obolibrary.org/obo/XAO_0006029>	<http://purl.obolibrary.org/obo/xao#start_stage>	<http://purl.obolibrary.org/obo/XAO_1000023>
<http://purl.obolibrary.org/obo/XAO_0004063>	<http://purl.obolibrary.org/obo/xao#end_stage>	<http://purl.obolibrary.org/obo/XAO_1000078>
<http://purl.obolibrary.org/obo/XAO_0000241>	<http://purl.obolibrary.org/obo/xao#start_stage>	<http://purl.obolibrary.org/obo/XAO_1000046>
<http://purl.obolibrary.org/obo/XAO_0006015>	<http://purl.obolibrary.org/obo/xao#end_stage>	<http://purl.obolibrary.org/obo/XAO_0000437>
<http://purl.obolibrary.org/obo/XAO_0000417>	<http://purl.obolibrary.org/obo/xao#start_stage>	<http://purl.obolibrary.org/obo/XAO_1000039>
<http://purl.obolibrary.org/obo/XAO_1000042>	<http://purl.obolibrary.org/obo/BFO_0000050>	<http://purl.obolibrary.org/obo/XAO_1000002>
<http://purl.obolibrary.org/obo/XAO_0004360>	<http://purl.obolibrary.org/obo/xao#start_stage>	<http://purl.obolibrary.org/obo/XAO_1000052>
<http://purl.obolibrary.org/obo/XAO_0000428>	<http://purl.obolibrary.org/obo/xao#end_stage>	<http://purl.obolibrary.org/obo/XAO_0000437>
<http://purl.obolibrary.org/obo/XAO_0004399>	<http://purl.obolibrary.org/obo/BFO_0000050>	<http://purl.obolibrary.org/obo/XAO_0004397>
<http://purl.obolibrary.org/obo/XAO_0004426>	<http://purl.obolibrary.org/obo/xao#start_stage>	<http://purl.obolibrary.org/obo/XAO_1000051>
<http://purl.obolibrary.org/obo/XAO_0005027>	<http://purl.obolibrary.org/obo/xao#start_stage>	<http://purl.obolibrary.org/obo/XAO_1000038>
<http://purl.obolibrary.org/obo/XAO_0003122>	<http://purl.obolibrary.org/obo/xao#start_stage>	<http://purl.obolibrary.org/obo/XAO_1000038>
<http://purl.obolibrary.org/obo/XAO_0000179>	<http://purl.obolibrary.org/obo/xao#end_stage>	<http://purl.obolibrary.org/obo/XAO_0000437>
<http://purl.obolibrary.org/obo/XAO_1000071>	<http://purl.obolibrary.org/obo/xao#preceded_by>	<http://purl.obolibrary.org/obo/XAO_1000070>
<http://purl.obolibrary.org/obo/XAO_0003087>	<http://purl.obolibrary.org/obo/xao#start_stage>	<http://purl.obolibrary.org/obo/XAO_1000057>
<http://purl.obolibrary.org/obo/XAO_0000354>	<http://purl.obolibrary.org/obo/xao#end_stage>	<http://purl.obolibrary.org/obo/XAO_0000437>
<http://purl.obolibrary.org/obo/XAO_0003161>	<http://purl.obolibrary.org/obo/xao#end_stage>	<http://purl.obolibrary.org/obo/XAO_1000068>
<http://purl.obolibrary.org/obo/XAO_0000280>	<http://purl.obolibrary.org/obo/BFO_0000050>	<http://purl.obolibrary.org/obo/XAO_0000113>
<http://purl.obolibrary.org/obo/XAO_0004463>	<http://purl.obolibrary.org/obo/xao#start_stage>	<http://purl.obolibrary.org/obo/XAO_1000036>
<http://purl.obolibrary.org/obo/XAO_0004375>	<http://purl.obolibrary.org/obo/RO_0002202>	<http://purl.obolibrary.org/obo/XAO_0003205>
<http://purl.obolibrary.org/obo/XAO_0005092>	<http://purl.obolibrary.org/obo/xao#start_stage>	<http://purl.obolibrary.org/obo/XAO_1000015>
<http://purl.obolibrary.org/obo/XAO_0003205>	<http://purl.obolibrary.org/obo/BFO_0000050>	<http://purl.obolibrary.org/obo/XAO_0000170>
<http://purl.obolibrary.org/obo/XAO_0004619>	<http://purl.obolibrary.org/obo/xao#end_stage>	<http://purl.obolibrary.org/obo/XAO_1000059>
<http://purl.obolibrary.org/obo/XAO_0000123>	<http://purl.obolibrary.org/obo/BFO_0000050>	<http://purl.obolibrary.org/obo/XAO_0000122>
<http://purl.obolibrary.org/obo/XAO_0004343>	<http://purl.obolibrary.org/obo/xao#end_stage>	<http://purl.obolibrary.org/obo/XAO_1000078>
<http://purl.obolibrary.org/obo/XAO_0000130>	<http://purl.obolibrary.org/obo/xao#start_stage>	<http://purl.obolibrary.org/obo/XAO_1000053>
<http://purl.obolibrary.org/obo/XAO_0004598>	<http://purl.obolibrary.org/obo/xao#start_stage>	<http://purl.obolibrary.org/obo/XAO_1000038>
<http://purl.obolibrary.org/obo/XAO_0003193>	<http://purl.obolibrary.org/obo/xao#end_stage>	<http://purl.obolibrary.org/obo/XAO_0000437>
<http://purl.obolibrary.org/obo/XAO_0005009>	<http://purl.obolibrary.org/obo/xao#start_stage>	<http://purl.obolibrary.org/obo/XAO_1000001>
<http://purl.obolibrary.org/obo/XAO_0003104>	<http://purl.obolibrary.org/obo/RO_0002202>	<http://purl.obolibrary.org/obo/XAO_0000396>
<http://purl.obolibrary.org/obo/XAO_0005284>	<http://purl.obolibrary.org/obo/xao#end_stage>	<http://purl.obolibrary.org/obo/XAO_0000437>
<http://purl.obolibrary.org/obo/XAO_0000185>	<http://purl.obolibrary.org/obo/xao#start_stage>	<http://purl.obolibrary.org/obo/XAO_1000048>
<http://purl.obolibrary.org/obo/XAO_0004240>	<http://purl.obolibrary.org/obo/xao#end_stage>	<http://purl.obolibrary.org/obo/XAO_1000078>
<http://purl.obolibrary.org/obo/XAO_0005066>	<http://purl.obolibrary.org/obo/xao#start_stage>	<http://purl.obolibrary.org/obo/XAO_1000048>
<http://purl.obolibrary.org/obo/XAO_0000167>	<http://purl.obolibrary.org/obo/RO_0002202>	<http://purl.obolibrary.org/obo/XAO_0000452>
<http://purl.obolibrary.org/obo/XAO_0005233>	<http://purl.obolibrary.org/obo/xao#end_stage>	<http://purl.obolibrary.org/obo/XAO_0000437>
<http://purl.obolibrary.org/obo/XAO_0004103>	<http://purl.obolibrary.org/obo/xao#start_stage>	<http://purl.obolibrary.org/obo/XAO_1000023>
<http://purl.obolibrary.org/obo/XAO_0005144>	<http://purl.obolibrary.org/obo/BFO_0000050>	<http://purl.obolibrary.org/obo/XAO_0004310>
<http://purl.obolibrary.org/obo/XAO_1000056>	<http://purl.obolibrary.org/obo/xao#preceded_by>	<http://purl.obolibrary.org/obo/XAO_1000055>
<http://purl.obolibrary.org/obo/XAO_0000444>	<http://purl.obolibrary.org/obo/RO_0002202>	<http://purl.obolibrary.org/obo/XAO_0000105>
<http://purl.obolibrary.org/obo/XAO_0003258>	<http://purl.obolibrary.org/obo/xao#start_stage>	<http://purl.obolibrary.org/obo/XAO_1000048>
<http://purl.obolibrary.org/obo/XAO_0004108>	<http://purl.obolibrary.org/obo/BFO_0000050>	<http://purl.obolibrary.org/obo/XAO_0004060>
<http://purl.obolibrary.org/obo/XAO_0004376>	<http://purl.obolibrary.org/obo/xao#end_stage>	<http://purl.obolibrary.org/obo/XAO_0000437>
<http://purl.obolibrary.org/obo/XAO_0004413>	<http://purl.obolibrary.org/obo/xao#end_stage>	<http://purl.obolibrary.org/obo/XAO_0000437>
<http://purl.obolibrary.org/obo/XAO_0004615>	<http://purl.obolibrary.org/obo/xao#start_stage>	<http://purl.obolibrary.org/obo/XAO_1000001>
<http://purl.obolibrary.org/obo/XAO_0001001>	<http://purl.obolibrary.org/obo/BFO_0000050>	<http://purl.obolibrary.org/obo/XAO_0000048>
<http://purl.obolibrary.org/obo/XAO_0004403>	<http://purl.obolibrary.org/obo/xao#end_stage>	<http://purl.obolibrary.org/obo/XAO_0000437>
<http://purl.obolibrary.org/obo/XAO_0000384>	<http://purl.obolibrary.org/obo/RO_0002202>	<http://purl.obolibrary.org/obo/XAO_0000052>
<http://purl.obolibrary.org/obo/XAO_0004261>	<http://purl.obolibrary.org/obo/xao#start_stage>	<http://purl.obolibrary.org/obo/XAO_1000036>
<http://purl.obolibrary.org/obo/XAO_0003184>	<http://purl.obolibrary.org/obo/xao#end_stage>	<http://purl.obolibrary.org/obo/XAO_0000437>
<http://purl.obolibrary.org/obo/XAO_0004534>	<http://purl.obolibrary.org/obo/xao#start_stage>	<http://purl.obolibrary.org/obo/XAO_1000047>
<http://purl.obolibrary.org/obo/XAO_0004494>	<http://purl.obolibrary.org/obo/xao#end_stage>	<http://purl.obolibrary.org/obo/XAO_0000437>
<http://purl.obolibrary.org/obo/XAO_0000424>	<http://purl.obolibrary.org/obo/xao#start_stage>	<http://purl.obolibrary.org/obo/XAO_1000044>
<http://purl.obolibrary.org/obo/XAO_0004165>	<http://purl.obolibrary.org/obo/xao#start_stage>	<http://purl.obolibrary.org/obo/XAO_1000050>
<http://purl.obolibrary.org/obo/XAO_0004263>	<http://purl.obolibrary.org/obo/xao#end_stage>	<http://purl.obolibrary.org/obo/XAO_0000437>
<http://purl.obolibrary.org/obo/XAO_0003229>	<http://purl.obolibrary.org/obo/BFO_0000050>	<http://purl.obolibrary.org/obo/XAO_0003230>
<http://purl.obolibrary.org/obo/XAO_0003033>	<http://purl.obolibrary.org/obo/BFO_0000050>	<http://purl.obolibrary.org/obo/XAO_0005505>
<http://purl.obolibrary.org/obo/XAO_0001101>	<http://purl.obolibrary.org/obo/xao#end_stage>	<http://purl.obolibrary.org/obo/XAO_1000051>
<http://purl.obolibrary.org/obo/XAO_0004045>	<http://purl.obolibrary.org/obo/xao#end_stage>	<http://purl.obolibrary.org/obo/XAO_0000437>
<http://purl.obolibrary.org/obo/XAO_0000173>	<http://purl.obolibrary.org/obo/xao#end_stage>	<http://purl.obolibrary.org/obo/XAO_0000437>
<http://purl.obolibrary.org/obo/XAO_0005053>	<http://purl.obolibrary.org/obo/xao#start_stage>	<http://purl.obolibrary.org/obo/XAO_1000038>
<http://purl.obolibrary.org/obo/XAO_0000459>	<http://purl.obolibrary.org/obo/RO_0002202>	<http://purl.obolibrary.org/obo/XAO_0000441>
<http://purl.obolibrary.org/obo/XAO_0000091>	<http://purl.obolibrary.org/obo/RO_0002202>	<http://purl.obolibrary.org/obo/XAO_0000090>
<http://purl.obolibrary.org/obo/XAO_0004408>	<http://purl.obolibrary.org/obo/xao#start_stage>	<http://purl.obolibrary.org/obo/XAO_1000058>
<http://purl.obolibrary.org/obo/XAO_0000223>	<http://purl.obolibrary.org/obo/RO_0002202>	<http://purl.obolibrary.org/obo/XAO_0004207>
<http://purl.obolibrary.org/obo/XAO_0000111>	<http://purl.obolibrary.org/obo/xao#end_stage>	<http://purl.obolibrary.org/obo/XAO_0000437>
<http://purl.obolibrary.org/obo/XAO_0000155>	<http://purl.obolibrary.org/obo/BFO_0000050>	<http://purl.obolibrary.org/obo/XAO_0003006>
<http://purl.obolibrary.org/obo/XAO_0005305>	<http://purl.obolibrary.org/obo/xao#start_stage>	<http://purl.obolibrary.org/obo/XAO_1000020>
<http://purl.obolibrary.org/obo/XAO_0000426>	<http://purl.obolibrary.org/obo/xao#end_stage>	<http://purl.obolibrary.org/obo/XAO_0000437>
<http://purl.obolibrary.org/obo/XAO_0000275>	<http://purl.obolibrary.org/obo/RO_0002202>	<http://purl.obolibrary.org/obo/XAO_0000005>
<http://purl.obolibrary.org/obo/XAO_0000189>	<http://purl.obolibrary.org/obo/RO_0002202>	<http://purl.obolibrary.org/obo/XAO_0000006>
<http://purl.obolibrary.org/obo/XAO_0000094>	<http://purl.obolibrary.org/obo/RO_0002202>	<http://purl.obolibrary.org/obo/XAO_0000076>
<http://purl.obolibrary.org/obo/XAO_0000318>	<http://purl.obolibrary.org/obo/xao#start_stage>	<http://purl.obolibrary.org/obo/XAO_1000045>
<http://purl.obolibrary.org/obo/XAO_0004260>	<http://purl.obolibrary.org/obo/BFO_0000050>	<http://purl.obolibrary.org/obo/XAO_0004261>
<http://purl.obolibrary.org/obo/XAO_0005193>	<http://purl.obolibrary.org/obo/xao#start_stage>	<http://purl.obolibrary.org/obo/XAO_1000023>
<http://purl.obolibrary.org/obo/XAO_0004446>	<http://purl.obolibrary.org/obo/xao#end_stage>	<http://purl.obolibrary.org/obo/XAO_1000054>
<http://purl.obolibrary.org/obo/XAO_0004320>	<http://purl.obolibrary.org/obo/xao#start_stage>	<http://purl.obolibrary.org/obo/XAO_1000033>
<http://purl.obolibrary.org/obo/XAO_0000284>	<http://purl.obolibrary.org/obo/RO_0002202>	<http://purl.obolibrary.org/obo/XAO_0000187>
<http://purl.obolibrary.org/obo/XAO_0003050>	<http://purl.obolibrary.org/obo/xao#start_stage>	<http://purl.obolibrary.org/obo/XAO_1000064>
<http://purl.obolibrary.org/obo/XAO_0000406>	<http://purl.obolibrary.org/obo/xao#start_stage>	<http://purl.obolibrary.org/obo/XAO_1000035>
<http://purl.obolibrary.org/obo/XAO_0004288>	<http://purl.obolibrary.org/obo/BFO_0000050>	<http://purl.obolibrary.org/obo/XAO_0003074>
<http://purl.obolibrary.org/obo/XAO_0003254>	<http://purl.obolibrary.org/obo/xao#start_stage>	<http://purl.obolibrary.org/obo/XAO_1000039>
<http://purl.obolibrary.org/obo/XAO_0003016>	<http://purl.obolibrary.org/obo/BFO_0000050>	<http://purl.obolibrary.org/obo/XAO_0000113>
<http://purl.obolibrary.org/obo/XAO_0000471>	<http://purl.obolibrary.org/obo/xao#end_stage>	<http://purl.obolibrary.org/obo/XAO_0000437>
<http://purl.obolibrary.org/obo/XAO_0003236>	<http://purl.obolibrary.org/obo/xao#start_stage>	<http://purl.obolibrary.org/obo/XAO_1000044>
<http://purl.obolibrary.org/obo/XAO_1000078>	<http://purl.obolibrary.org/obo/xao#preceded_by>	<http://purl.obolibrary.org/obo/XAO_1000077>
<http://purl.obolibrary.org/obo/XAO_0003106>	<http://purl.obolibrary.org/obo/xao#start_stage>	<http://purl.obolibrary.org/obo/XAO_1000034>
<http://purl.obolibrary.org/obo/XAO_0000264>	<http://purl.obolibrary.org/obo/RO_0002202>	<http://purl.obolibrary.org/obo/XAO_0000085>
<http://purl.obolibrary.org/obo/XAO_0005206>	<http://purl.obolibrary.org/obo/xao#end_stage>	<http://purl.obolibrary.org/obo/XAO_0000437>
<http://purl.obolibrary.org/obo/XAO_0000220>	<http://purl.obolibrary.org/obo/RO_0002202>	<http://purl.obolibrary.org/obo/XAO_0000412>
<http://purl.obolibrary.org/obo/XAO_0000040>	<http://purl.obolibrary.org/obo/xao#end_stage>	<http://purl.obolibrary.org/obo/XAO_0000437>
<http://purl.obolibrary.org/obo/XAO_0005426>	<http://purl.obolibrary.org/obo/RO_0002202>	<http://purl.obolibrary.org/obo/XAO_0005127>
<http://purl.obolibrary.org/obo/XAO_0004136>	<http://purl.obolibrary.org/obo/xao#start_stage>	<http://purl.obolibrary.org/obo/XAO_1000059>
<http://purl.obolibrary.org/obo/XAO_0000022>	<http://purl.obolibrary.org/obo/RO_0002202>	<http://purl.obolibrary.org/obo/XAO_0005241>
<http://purl.obolibrary.org/obo/XAO_0005248>	<http://purl.obolibrary.org/obo/BFO_0000050>	<http://purl.obolibrary.org/obo/XAO_0005250>
<http://purl.obolibrary.org/obo/XAO_0006026>	<http://purl.obolibrary.org/obo/xao#start_stage>	<http://purl.obolibrary.org/obo/XAO_1000020>
<http://purl.obolibrary.org/obo/XAO_0004301>	<http://purl.obolibrary.org/obo/xao#end_stage>	<http://purl.obolibrary.org/obo/XAO_0000437>
<http://purl.obolibrary.org/obo/XAO_0000349>	<http://purl.obolibrary.org/obo/RO_0002202>	<http://purl.obolibrary.org/obo/XAO_0000051>
<http://purl.obolibrary.org/obo/XAO_1000093>	<http://purl.obolibrary.org/obo/xao#preceded_by>	<http://purl.obolibrary.org/obo/XAO_1000010>
<http://purl.obolibrary.org/obo/XAO_0000241>	<http://purl.obolibrary.org/obo/BFO_0000050>	<http://purl.obolibrary.org/obo/XAO_0004423>
<http://purl.obolibrary.org/obo/XAO_0004552>	<http://purl.obolibrary.org/obo/xao#start_stage>	<http://purl.obolibrary.org/obo/XAO_1000042>
<http://purl.obolibrary.org/obo/XAO_0005235>	<http://purl.obolibrary.org/obo/xao#end_stage>	<http://purl.obolibrary.org/obo/XAO_0000437>
<http://purl.obolibrary.org/obo/XAO_0000386>	<http://purl.obolibrary.org/obo/xao#end_stage>	<http://purl.obolibrary.org/obo/XAO_0000437>
<http://purl.obolibrary.org/obo/XAO_0000085>	<http://purl.obolibrary.org/obo/BFO_0000050>	<http://purl.obolibrary.org/obo/XAO_0000050>
<http://purl.obolibrary.org/obo/XAO_1000037>	<http://purl.obolibrary.org/obo/xao#preceded_by>	<http://purl.obolibrary.org/obo/XAO_1000036>
<http://purl.obolibrary.org/obo/XAO_0001020>	<http://purl.obolibrary.org/obo/xao#end_stage>	<http://purl.obolibrary.org/obo/XAO_1000074>
<http://purl.obolibrary.org/obo/XAO_0000053>	<http://purl.obolibrary.org/obo/xao#end_stage>	<http://purl.obolibrary.org/obo/XAO_1000078>
<http://purl.obolibrary.org/obo/XAO_0004364>	<http://purl.obolibrary.org/obo/xao#start_stage>	<http://purl.obolibrary.org/obo/XAO_1000052>
<http://purl.obolibrary.org/obo/XAO_0003080>	<http://purl.obolibrary.org/obo/RO_0002202>	<http://purl.obolibrary.org/obo/XAO_0000418>
<http://purl.obolibrary.org/obo/XAO_0000225>	<http://purl.obolibrary.org/obo/RO_0002202>	<http://purl.obolibrary.org/obo/XAO_0004206>
<http://purl.obolibrary.org/obo/XAO_0004276>	<http://purl.obolibrary.org/obo/xao#end_stage>	<http://purl.obolibrary.org/obo/XAO_0000437>
<http://purl.obolibrary.org/obo/XAO_0004624>	<http://purl.obolibrary.org/obo/xao#end_stage>	<http://purl.obolibrary.org/obo/XAO_1000078>
<http://purl.obolibrary.org/obo/XAO_0005108>	<http://purl.obolibrary.org/obo/xao#start_stage>	<http://purl.obolibrary.org/obo/XAO_1000016>
<http://purl.obolibrary.org/obo/XAO_0004546>	<http://purl.obolibrary.org/obo/xao#start_stage>	<http://purl.obolibrary.org/obo/XAO_1000049>
<http://purl.obolibrary.org/obo/XAO_0003127>	<http://purl.obolibrary.org/obo/xao#start_stage>	<http://purl.obolibrary.org/obo/XAO_1000040>
<http://purl.obolibrary.org/obo/XAO_0004180>	<http://purl.obolibrary.org/obo/xao#end_stage>	<http://purl.obolibrary.org/obo/XAO_0000437>
<http://purl.obolibrary.org/obo/XAO_0001012>	<http://purl.obolibrary.org/obo/RO_0002202>	<http://purl.obolibrary.org/obo/XAO_0000160>
<http://purl.obolibrary.org/obo/XAO_0005057>	<http://purl.obolibrary.org/obo/BFO_0000050>	<http://purl.obolibrary.org/obo/XAO_0000010>
<http://purl.obolibrary.org/obo/XAO_0003094>	<http://purl.obolibrary.org/obo/xao#end_stage>	<http://purl.obolibrary.org/obo/XAO_0000437>
<http://purl.obolibrary.org/obo/XAO_0004177>	<http://purl.obolibrary.org/obo/xao#start_stage>	<http://purl.obolibrary.org/obo/XAO_1000049>
<http://purl.obolibrary.org/obo/XAO_0005163>	<http://purl.obolibrary.org/obo/xao#start_stage>	<http://purl.obolibrary.org/obo/XAO_1000044>
<http://purl.obolibrary.org/obo/XAO_0000228>	<http://purl.obolibrary.org/obo/xao#start_stage>	<http://purl.obolibrary.org/obo/XAO_1000034>
<http://purl.obolibrary.org/obo/XAO_0000093>	<http://purl.obolibrary.org/obo/RO_0002202>	<http://purl.obolibrary.org/obo/XAO_0000281>
<http://purl.obolibrary.org/obo/XAO_0004146>	<http://purl.obolibrary.org/obo/BFO_0000050>	<http://purl.obolibrary.org/obo/XAO_0000122>
<http://purl.obolibrary.org/obo/XAO_0005191>	<http://purl.obolibrary.org/obo/xao#end_stage>	<http://purl.obolibrary.org/obo/XAO_0000437>
<http://purl.obolibrary.org/obo/XAO_0000157>	<http://purl.obolibrary.org/obo/BFO_0000050>	<http://purl.obolibrary.org/obo/XAO_0000155>
<http://purl.obolibrary.org/obo/XAO_0003042>	<http://purl.obolibrary.org/obo/xao#end_stage>	<http://purl.obolibrary.org/obo/XAO_1000056>
<http://purl.obolibrary.org/obo/XAO_0004181>	<http://purl.obolibrary.org/obo/xao#start_stage>	<http://purl.obolibrary.org/obo/XAO_1000044>
<http://purl.obolibrary.org/obo/XAO_0005233>	<http://purl.obolibrary.org/obo/xao#start_stage>	<http://purl.obolibrary.org/obo/XAO_1000020>
<http://purl.obolibrary.org/obo/XAO_0004040>	<http://purl.obolibrary.org/obo/xao#end_stage>	<http://purl.obolibrary.org/obo/XAO_0000437>
<http://purl.obolibrary.org/obo/XAO_0004318>	<http://purl.obolibrary.org/obo/xao#start_stage>	<http://purl.obolibrary.org/obo/XAO_1000041>
<http://purl.obolibrary.org/obo/XAO_0005129>	<http://purl.obolibrary.org/obo/BFO_0000050>	<http://purl.obolibrary.org/obo/XAO_0000128>
<http://purl.obolibrary.org/obo/XAO_0000175>	<http://purl.obolibrary.org/obo/xao#end_stage>	<http://purl.obolibrary.org/obo/XAO_0000437>
<http://purl.obolibrary.org/obo/XAO_1000014>	<http://purl.obolibrary.org/obo/xao#preceded_by>	<http://purl.obolibrary.org/obo/XAO_1000013>
<http://purl.obolibrary.org/obo/XAO_1000070>	<http://purl.obolibrary.org/obo/BFO_0000050>	<http://purl.obolibrary.org/obo/XAO_1000091>
<http://purl.obolibrary.org/obo/XAO_0000403>	<http://purl.obolibrary.org/obo/xao#end_stage>	<http://purl.obolibrary.org/obo/XAO_1000045>
<http://purl.obolibrary.org/obo/XAO_0004091>	<http://purl.obolibrary.org/obo/BFO_0000050>	<http://purl.obolibrary.org/obo/XAO_0000001>
<http://purl.obolibrary.org/obo/XAO_0001017>	<http://purl.obolibrary.org/obo/xao#end_stage>	<http://purl.obolibrary.org/obo/XAO_0000437>
<http://purl.obolibrary.org/obo/XAO_0004349>	<http://purl.obolibrary.org/obo/xao#end_stage>	<http://purl.obolibrary.org/obo/XAO_0000437>
<http://purl.obolibrary.org/obo/XAO_0004249>	<http://purl.obolibrary.org/obo/BFO_0000050>	<http://purl.obolibrary.org/obo/XAO_0004423>
<http://purl.obolibrary.org/obo/XAO_0005307>	<http://purl.obolibrary.org/obo/xao#end_stage>	<http://purl.obolibrary.org/obo/XAO_1000078>
<http://purl.obolibrary.org/obo/XAO_0005326>	<http://purl.obolibrary.org/obo/xao#start_stage>	<http://purl.obolibrary.org/obo/XAO_1000025>
<http://purl.obolibrary.org/obo/XAO_0000373>	<http://purl.obolibrary.org/obo/xao#start_stage>	<http://purl.obolibrary.org/obo/XAO_1000046>
<http://purl.obolibrary.org/obo/XAO_1000063>	<http://purl.obolibrary.org/obo/BFO_0000050>	<http://purl.obolibrary.org/obo/XAO_1000089>
<http://purl.obolibrary.org/obo/XAO_0000016>	<http://purl.obolibrary.org/obo/RO_0002202>	<http://purl.obolibrary.org/obo/XAO_0004086>
<http://purl.obolibrary.org/obo/XAO_0000320>	<http://purl.obolibrary.org/obo/RO_0002202>	<http://purl.obolibrary.org/obo/XAO_0000001>
<http://purl.obolibrary.org/obo/XAO_0003197>	<http://purl.obolibrary.org/obo/xao#end_stage>	<http://purl.obolibrary.org/obo/XAO_0000437>
<http://purl.obolibrary.org/obo/XAO_0003060>	<http://purl.obolibrary.org/obo/xao#end_stage>	<http://purl.obolibrary.org/obo/XAO_0000437>
<http://purl.obolibrary.org/obo/XAO_0005019>	<http://purl.obolibrary.org/obo/xao#start_stage>	<http://purl.obolibrary.org/obo/XAO_1000046>
<http://purl.obolibrary.org/obo/XAO_0003268>	<http://purl.obolibrary.org/obo/BFO_0000050>	<http://purl.obolibrary.org/obo/XAO_0000336>
<http://purl.obolibrary.org/obo/XAO_0004542>	<http://purl.obolibrary.org/obo/xao#end_stage>	<http://purl.obolibrary.org/obo/XAO_0000437>
<http://purl.obolibrary.org/obo/XAO_0004620>	<http://purl.obolibrary.org/obo/RO_0002202>	<http://purl.obolibrary.org/obo/XAO_0004092>
<http://purl.obolibrary.org/obo/XAO_0003111>	<http://purl.obolibrary.org/obo/RO_0002202>	<http://purl.obolibrary.org/obo/XAO_0000409>
<http://purl.obolibrary.org/obo/XAO_0005183>	<http://purl.obolibrary.org/obo/xao#end_stage>	<http://purl.obolibrary.org/obo/XAO_0000437>
<http://purl.obolibrary.org/obo/XAO_0005229>	<http://purl.obolibrary.org/obo/BFO_0000050>	<http://purl.obolibrary.org/obo/XAO_0005195>
<http://purl.obolibrary.org/obo/XAO_0003170>	<http://purl.obolibrary.org/obo/BFO_0000050>	<http://purl.obolibrary.org/obo/XAO_0003075>
<http://purl.obolibrary.org/obo/XAO_0000082>	<http://purl.obolibrary.org/obo/RO_0002202>	<http://purl.obolibrary.org/obo/XAO_0000088>
<http://purl.obolibrary.org/obo/XAO_0004134>	<http://purl.obolibrary.org/obo/xao#end_stage>	<http://purl.obolibrary.org/obo/XAO_1000023>
<http://purl.obolibrary.org/obo/XAO_0004583>	<http://purl.obolibrary.org/obo/BFO_0000050>	<http://purl.obolibrary.org/obo/XAO_0004230>
<http://purl.obolibrary.org/obo/XAO_0005150>	<http://purl.obolibrary.org/obo/xao#start_stage>	<http://purl.obolibrary.org/obo/XAO_1000050>
<http://purl.obolibrary.org/obo/XAO_0003239>	<http://purl.obolibrary.org/obo/BFO_0000050>	<http://purl.obolibrary.org/obo/XAO_0001010>
<http://purl.obolibrary.org/obo/XAO_0004590>	<http://purl.obolibrary.org/obo/xao#start_stage>	<http://purl.obolibrary.org/obo/XAO_1000038>
<http://purl.obolibrary.org/obo/XAO_0003234>	<http://purl.obolibrary.org/obo/xao#start_stage>	<http://purl.obolibrary.org/obo/XAO_1000020>
<http://purl.obolibrary.org/obo/XAO_0005000>	<http://purl.obolibrary.org/obo/xao#start_stage>	<http://purl.obolibrary.org/obo/XAO_1000020>
<http://purl.obolibrary.org/obo/XAO_0005290>	<http://purl.obolibrary.org/obo/BFO_0000050>	<http://purl.obolibrary.org/obo/XAO_0000256>
<http://purl.obolibrary.org/obo/XAO_0004050>	<http://purl.obolibrary.org/obo/xao#start_stage>	<http://purl.obolibrary.org/obo/XAO_1000040>
<http://purl.obolibrary.org/obo/XAO_0006007>	<http://purl.obolibrary.org/obo/xao#start_stage>	<http://purl.obolibrary.org/obo/XAO_1000044>
<http://purl.obolibrary.org/obo/XAO_0000475>	<http://purl.obolibrary.org/obo/RO_0002202>	<http://purl.obolibrary.org/obo/XAO_0000228>
<http://purl.obolibrary.org/obo/XAO_0004481>	<http://purl.obolibrary.org/obo/xao#end_stage>	<http://purl.obolibrary.org/obo/XAO_0000437>
<http://purl.obolibrary.org/obo/XAO_0005136>	<http://purl.obolibrary.org/obo/xao#start_stage>	<http://purl.obolibrary.org/obo/XAO_1000020>
<http://purl.obolibrary.org/obo/XAO_0004531>	<http://purl.obolibrary.org/obo/RO_0002202>	<http://purl.obolibrary.org/obo/XAO_0004258>
<http://purl.obolibrary.org/obo/XAO_0000266>	<http://purl.obolibrary.org/obo/xao#start_stage>	<http://purl.obolibrary.org/obo/XAO_1000044>
<http://purl.obolibrary.org/obo/XAO_0006042>	<http://purl.obolibrary.org/obo/xao#end_stage>	<http://purl.obolibrary.org/obo/XAO_0000437>
<http://purl.obolibrary.org/obo/XAO_0004401>	<http://purl.obolibrary.org/obo/xao#end_stage>	<http://purl.obolibrary.org/obo/XAO_0000437>
<http://purl.obolibrary.org/obo/XAO_0005227>	<http://purl.obolibrary.org/obo/xao#start_stage>	<http://purl.obolibrary.org/obo/XAO_1000033>
<http://purl.obolibrary.org/obo/XAO_0004381>	<http://purl.obolibrary.org/obo/BFO_0000050>	<http://purl.obolibrary.org/obo/XAO_0003059>
<http://purl.obolibrary.org/obo/XAO_0005116>	<http://purl.obolibrary.org/obo/BFO_0000050>	<http://purl.obolibrary.org/obo/XAO_0000017>
<http://purl.obolibrary.org/obo/XAO_0000012>	<http://purl.obolibrary.org/obo/xao#end_stage>	<http://purl.obolibrary.org/obo/XAO_0000437>
<http://purl.obolibrary.org/obo/XAO_0004600>	<http://purl.obolibrary.org/obo/BFO_0000050>	<http://purl.obolibrary.org/obo/XAO_0000012>
<http://purl.obolibrary.org/obo/XAO_0004389>	<http://purl.obolibrary.org/obo/BFO_0000050>	<http://purl.obolibrary.org/obo/XAO_0000014>
<http://purl.obolibrary.org/obo/XAO_0005034>	<http://purl.obolibrary.org/obo/xao#start_stage>	<http://purl.obolibrary.org/obo/XAO_1000023>
<http://purl.obolibrary.org/obo/XAO_0005168>	<http://purl.obolibrary.org/obo/BFO_0000050>	<http://purl.obolibrary.org/obo/XAO_0000159>
<http://purl.obolibrary.org/obo/XAO_0005302>	<http://purl.obolibrary.org/obo/xao#end_stage>	<http://purl.obolibrary.org/obo/XAO_1000078>
<http://purl.obolibrary.org/obo/XAO_0003012>	<http://purl.obolibrary.org/obo/xao#end_stage>	<http://purl.obolibrary.org/obo/XAO_0000437>
<http://purl.obolibrary.org/obo/XAO_0004487>	<http://purl.obolibrary.org/obo/BFO_0000050>	<http://purl.obolibrary.org/obo/XAO_0003213>
<http://purl.obolibrary.org/obo/XAO_0005142>	<http://purl.obolibrary.org/obo/xao#start_stage>	<http://purl.obolibrary.org/obo/XAO_1000059>
<http://purl.obolibrary.org/obo/XAO_0000133>	<http://purl.obolibrary.org/obo/BFO_0000050>	<http://purl.obolibrary.org/obo/XAO_0000132>
<http://purl.obolibrary.org/obo/XAO_0004601>	<http://purl.obolibrary.org/obo/xao#end_stage>	<http://purl.obolibrary.org/obo/XAO_1000056>
<http://purl.obolibrary.org/obo/XAO_0005044>	<http://purl.obolibrary.org/obo/RO_0002202>	<http://purl.obolibrary.org/obo/XAO_0006036>
<http://purl.obolibrary.org/obo/XAO_0005012>	<http://purl.obolibrary.org/obo/xao#end_stage>	<http://purl.obolibrary.org/obo/XAO_0000437>
<http://purl.obolibrary.org/obo/XAO_0004229>	<http://purl.obolibrary.org/obo/xao#start_stage>	<http://purl.obolibrary.org/obo/XAO_1000042>
<http://purl.obolibrary.org/obo/XAO_0005054>	<http://purl.obolibrary.org/obo/xao#end_stage>	<http://purl.obolibrary.org/obo/XAO_0000437>
<http://purl.obolibrary.org/obo/XAO_1000040>	<http://purl.obolibrary.org/obo/BFO_0000050>	<http://purl.obolibrary.org/obo/XAO_1000002>
<http://purl.obolibrary.org/obo/XAO_0004070>	<http://purl.obolibrary.org/obo/xao#start_stage>	<http://purl.obolibrary.org/obo/XAO_1000038>
<http://purl.obolibrary.org/obo/XAO_0005146>	<http://purl.obolibrary.org/obo/xao#start_stage>	<http://purl.obolibrary.org/obo/XAO_1000055>
<http://purl.obolibrary.org/obo/XAO_0005426>	<http://purl.obolibrary.org/obo/xao#end_stage>	<http://purl.obolibrary.org/obo/XAO_1000056>
<http://purl.obolibrary.org/obo/XAO_0003096>	<http://purl.obolibrary.org/obo/xao#start_stage>	<http://purl.obolibrary.org/obo/XAO_1000044>
<http://purl.obolibrary.org/obo/XAO_0005263>	<http://purl.obolibrary.org/obo/RO_0002202>	<http://purl.obolibrary.org/obo/XAO_0000001>
<http://purl.obolibrary.org/obo/XAO_0000389>	<http://purl.obolibrary.org/obo/RO_0002202>	<http://purl.obolibrary.org/obo/XAO_0000358>
<http://purl.obolibrary.org/obo/XAO_0004206>	<http://purl.obolibrary.org/obo/BFO_0000050>	<http://purl.obolibrary.org/obo/XAO_0004092>
<http://purl.obolibrary.org/obo/XAO_0000159>	<http://purl.obolibrary.org/obo/BFO_0000050>	<http://purl.obolibrary.org/obo/XAO_0000158>
<http://purl.obolibrary.org/obo/XAO_0000328>	<http://purl.obolibrary.org/obo/xao#end_stage>	<http://purl.obolibrary.org/obo/XAO_0000437>
<http://purl.obolibrary.org/obo/XAO_1000086>	<http://purl.obolibrary.org/obo/xao#preceded_by>	<http://purl.obolibrary.org/obo/XAO_1000085>
<http://purl.obolibrary.org/obo/XAO_0003172>	<http://purl.obolibrary.org/obo/xao#end_stage>	<http://purl.obolibrary.org/obo/XAO_0000437>
<http://purl.obolibrary.org/obo/XAO_0000462>	<http://purl.obolibrary.org/obo/xao#start_stage>	<http://purl.obolibrary.org/obo/XAO_1000049>
<http://purl.obolibrary.org/obo/XAO_0004405>	<http://purl.obolibrary.org/obo/xao#end_stage>	<http://purl.obolibrary.org/obo/XAO_1000078>
<http://purl.obolibrary.org/obo/XAO_0000361>	<http://purl.obolibrary.org/obo/BFO_0000050>	<http://purl.obolibrary.org/obo/XAO_0004423>
<http://purl.obolibrary.org/obo/XAO_0000386>	<http://purl.obolibrary.org/obo/BFO_0000050>	<http://purl.obolibrary.org/obo/XAO_0004423>
<http://purl.obolibrary.org/obo/XAO_0004265>	<http://purl.obolibrary.org/obo/xao#end_stage>	<http://purl.obolibrary.org/obo/XAO_0000437>
<http://purl.obolibrary.org/obo/XAO_0004043>	<http://purl.obolibrary.org/obo/xao#start_stage>	<http://purl.obolibrary.org/obo/XAO_1000048>
<http://purl.obolibrary.org/obo/XAO_0004435>	<http://purl.obolibrary.org/obo/xao#start_stage>	<http://purl.obolibrary.org/obo/XAO_1000051>
<http://purl.obolibrary.org/obo/XAO_0000336>	<http://purl.obolibrary.org/obo/BFO_0000050>	<http://purl.obolibrary.org/obo/XAO_0000100>
<http://purl.obolibrary.org/obo/XAO_0003209>	<http://purl.obolibrary.org/obo/xao#end_stage>	<http://purl.obolibrary.org/obo/XAO_0000437>
<http://purl.obolibrary.org/obo/XAO_0004624>	<http://purl.obolibrary.org/obo/xao#start_stage>	<http://purl.obolibrary.org/obo/XAO_1000042>
<http://purl.obolibrary.org/obo/XAO_0000375>	<http://purl.obolibrary.org/obo/RO_0002202>	<http://purl.obolibrary.org/obo/XAO_0000372>
<http://purl.obolibrary.org/obo/XAO_0005131>	<http://purl.obolibrary.org/obo/BFO_0000050>	<http://purl.obolibrary.org/obo/XAO_0000020>
<http://purl.obolibrary.org/obo/XAO_0003173>	<http://purl.obolibrary.org/obo/xao#start_stage>	<http://purl.obolibrary.org/obo/XAO_1000057>
<http://purl.obolibrary.org/obo/XAO_0003217>	<http://purl.obolibrary.org/obo/xao#start_stage>	<http://purl.obolibrary.org/obo/XAO_1000047>
<http://purl.obolibrary.org/obo/XAO_0004475>	<http://purl.obolibrary.org/obo/BFO_0000050>	<http://purl.obolibrary.org/obo/XAO_0000172>
<http://purl.obolibrary.org/obo/XAO_0004588>	<http://purl.obolibrary.org/obo/xao#start_stage>	<http://purl.obolibrary.org/obo/XAO_1000038>
<http://purl.obolibrary.org/obo/XAO_0000288>	<http://purl.obolibrary.org/obo/xao#start_stage>	<http://purl.obolibrary.org/obo/XAO_1000045>
<http://purl.obolibrary.org/obo/XAO_0004048>	<http://purl.obolibrary.org/obo/BFO_0000050>	<http://purl.obolibrary.org/obo/XAO_0003227>
<http://purl.obolibrary.org/obo/XAO_0000057>	<http://purl.obolibrary.org/obo/xao#start_stage>	<http://purl.obolibrary.org/obo/XAO_1000024>
<http://purl.obolibrary.org/obo/XAO_0005114>	<http://purl.obolibrary.org/obo/xao#end_stage>	<http://purl.obolibrary.org/obo/XAO_1000016>
<http://purl.obolibrary.org/obo/XAO_0006044>	<http://purl.obolibrary.org/obo/xao#end_stage>	<http://purl.obolibrary.org/obo/XAO_0000437>
<http://purl.obolibrary.org/obo/XAO_0000093>	<http://purl.obolibrary.org/obo/xao#end_stage>	<http://purl.obolibrary.org/obo/XAO_1000050>
<http://purl.obolibrary.org/obo/XAO_0004055>	<http://purl.obolibrary.org/obo/xao#start_stage>	<http://purl.obolibrary.org/obo/XAO_1000048>
<http://purl.obolibrary.org/obo/XAO_0005021>	<http://purl.obolibrary.org/obo/xao#start_stage>	<http://purl.obolibrary.org/obo/XAO_1000064>
<http://purl.obolibrary.org/obo/XAO_0005078>	<http://purl.obolibrary.org/obo/xao#start_stage>	<http://purl.obolibrary.org/obo/XAO_1000027>
<http://purl.obolibrary.org/obo/XAO_0003116>	<http://purl.obolibrary.org/obo/xao#end_stage>	<http://purl.obolibrary.org/obo/XAO_1000059>
<http://purl.obolibrary.org/obo/XAO_0004114>	<http://purl.obolibrary.org/obo/xao#end_stage>	<http://purl.obolibrary.org/obo/XAO_1000083>
<http://purl.obolibrary.org/obo/XAO_0000166>	<http://purl.obolibrary.org/obo/xao#end_stage>	<http://purl.obolibrary.org/obo/XAO_0000437>
<http://purl.obolibrary.org/obo/XAO_0000084>	<http://purl.obolibrary.org/obo/BFO_0000050>	<http://purl.obolibrary.org/obo/XAO_0000082>
<http://purl.obolibrary.org/obo/XAO_0004080>	<http://purl.obolibrary.org/obo/xao#end_stage>	<http://purl.obolibrary.org/obo/XAO_1000056>
<http://purl.obolibrary.org/obo/XAO_0004419>	<http://purl.obolibrary.org/obo/BFO_0000050>	<http://purl.obolibrary.org/obo/XAO_0004413>
<http://purl.obolibrary.org/obo/XAO_0005196>	<http://purl.obolibrary.org/obo/BFO_0000050>	<http://purl.obolibrary.org/obo/XAO_0003152>
<http://purl.obolibrary.org/obo/XAO_0006018>	<http://purl.obolibrary.org/obo/xao#end_stage>	<http://purl.obolibrary.org/obo/XAO_1000001>
<http://purl.obolibrary.org/obo/XAO_0004387>	<http://purl.obolibrary.org/obo/BFO_0000050>	<http://purl.obolibrary.org/obo/XAO_0000086>
<http://purl.obolibrary.org/obo/XAO_0000333>	<http://purl.obolibrary.org/obo/RO_0002202>	<http://purl.obolibrary.org/obo/XAO_0000292>
<http://purl.obolibrary.org/obo/XAO_0004027>	<http://purl.obolibrary.org/obo/xao#end_stage>	<http://purl.obolibrary.org/obo/XAO_0000437>
<http://purl.obolibrary.org/obo/XAO_0004141>	<http://purl.obolibrary.org/obo/BFO_0000050>	<http://purl.obolibrary.org/obo/XAO_0004140>
<http://purl.obolibrary.org/obo/XAO_1000076>	<http://purl.obolibrary.org/obo/xao#preceded_by>	<http://purl.obolibrary.org/obo/XAO_1000075>
<http://purl.obolibrary.org/obo/XAO_0004098>	<http://purl.obolibrary.org/obo/xao#end_stage>	<http://purl.obolibrary.org/obo/XAO_0000437>
<http://purl.obolibrary.org/obo/XAO_0003088>	<http://purl.obolibrary.org/obo/xao#end_stage>	<http://purl.obolibrary.org/obo/XAO_0000437>
<http://purl.obolibrary.org/obo/XAO_0004333>	<http://purl.obolibrary.org/obo/RO_0002202>	<http://purl.obolibrary.org/obo/XAO_0004430>
<http://purl.obolibrary.org/obo/XAO_0000439>	<http://purl.obolibrary.org/obo/BFO_0000050>	<http://purl.obolibrary.org/obo/XAO_0000311>
<http://purl.obolibrary.org/obo/XAO_0003206>	<http://purl.obolibrary.org/obo/BFO_0000050>	<http://purl.obolibrary.org/obo/XAO_0000318>
<http://purl.obolibrary.org/obo/XAO_0004467>	<http://purl.obolibrary.org/obo/xao#start_stage>	<http://purl.obolibrary.org/obo/XAO_1000001>
<http://purl.obolibrary.org/obo/XAO_0000020>	<http://purl.obolibrary.org/obo/xao#start_stage>	<http://purl.obolibrary.org/obo/XAO_1000038>
<http://purl.obolibrary.org/obo/XAO_0000003>	<http://purl.obolibrary.org/obo/BFO_0000050>	<http://purl.obolibrary.org/obo/XAO_0000002>
<http://purl.obolibrary.org/obo/XAO_0000153>	<http://purl.obolibrary.org/obo/xao#start_stage>	<http://purl.obolibrary.org/obo/XAO_1000057>
<http://purl.obolibrary.org/obo/XAO_0003038>	<http://purl.obolibrary.org/obo/xao#end_stage>	<http://purl.obolibrary.org/obo/XAO_0000437>
<http://purl.obolibrary.org/obo/XAO_0000047>	<http://purl.obolibrary.org/obo/xao#start_stage>	<http://purl.obolibrary.org/obo/XAO_1000033>
<http://purl.obolibrary.org/obo/XAO_0005039>	<http://purl.obolibrary.org/obo/xao#end_stage>	<http://purl.obolibrary.org/obo/XAO_0000437>
<http://purl.obolibrary.org/obo/XAO_0005311>	<http://purl.obolibrary.org/obo/xao#end_stage>	<http://purl.obolibrary.org/obo/XAO_0000437>
<http://purl.obolibrary.org/obo/XAO_0005192>	<http://purl.obolibrary.org/obo/BFO_0000050>	<http://purl.obolibrary.org/obo/XAO_0003075>
<http://purl.obolibrary.org/obo/XAO_0005097>	<http://purl.obolibrary.org/obo/xao#start_stage>	<http://purl.obolibrary.org/obo/XAO_1000016>
<http://purl.obolibrary.org/obo/XAO_0004244>	<http://purl.obolibrary.org/obo/xao#start_stage>	<http://purl.obolibrary.org/obo/XAO_1000049>
<http://purl.obolibrary.org/obo/XAO_0004529>	<http://purl.obolibrary.org/obo/xao#start_stage>	<http://purl.obolibrary.org/obo/XAO_1000056>
<http://purl.obolibrary.org/obo/XAO_0005170>	<http://purl.obolibrary.org/obo/BFO_0000050>	<http://purl.obolibrary.org/obo/XAO_0000094>
<http://purl.obolibrary.org/obo/XAO_0005234>	<http://purl.obolibrary.org/obo/RO_0002202>	<http://purl.obolibrary.org/obo/XAO_0000001>
<http://purl.obolibrary.org/obo/XAO_0000220>	<http://purl.obolibrary.org/obo/RO_0002202>	<http://purl.obolibrary.org/obo/XAO_0004528>
<http://purl.obolibrary.org/obo/XAO_0000372>	<http://purl.obolibrary.org/obo/xao#end_stage>	<http://purl.obolibrary.org/obo/XAO_0000437>
<http://purl.obolibrary.org/obo/XAO_0004139>	<http://purl.obolibrary.org/obo/RO_0002202>	<http://purl.obolibrary.org/obo/XAO_0004190>
<http://purl.obolibrary.org/obo/XAO_0005101>	<http://purl.obolibrary.org/obo/xao#end_stage>	<http://purl.obolibrary.org/obo/XAO_1000016>
<http://purl.obolibrary.org/obo/XAO_0005289>	<http://purl.obolibrary.org/obo/xao#start_stage>	<http://purl.obolibrary.org/obo/XAO_1000038>
<http://purl.obolibrary.org/obo/XAO_0004304>	<http://purl.obolibrary.org/obo/BFO_0000050>	<http://purl.obolibrary.org/obo/XAO_0004306>
<http://purl.obolibrary.org/obo/XAO_1000022>	<http://purl.obolibrary.org/obo/BFO_0000050>	<http://purl.obolibrary.org/obo/XAO_1000005>
<http://purl.obolibrary.org/obo/XAO_0005015>	<http://purl.obolibrary.org/obo/xao#start_stage>	<http://purl.obolibrary.org/obo/XAO_1000025>
<http://purl.obolibrary.org/obo/XAO_0004213>	<http://purl.obolibrary.org/obo/xao#end_stage>	<http://purl.obolibrary.org/obo/XAO_1000050>
<http://purl.obolibrary.org/obo/XAO_0000414>	<http://purl.obolibrary.org/obo/xao#end_stage>	<http://purl.obolibrary.org/obo/XAO_1000059>
<http://purl.obolibrary.org/obo/XAO_0001011>	<http://purl.obolibrary.org/obo/BFO_0000050>	<http://purl.obolibrary.org/obo/XAO_0001010>
<http://purl.obolibrary.org/obo/XAO_0003214>	<http://purl.obolibrary.org/obo/xao#end_stage>	<http://purl.obolibrary.org/obo/XAO_0000437>
<http://purl.obolibrary.org/obo/XAO_0004564>	<http://purl.obolibrary.org/obo/xao#start_stage>	<http://purl.obolibrary.org/obo/XAO_1000047>
<http://purl.obolibrary.org/obo/XAO_0000262>	<http://purl.obolibrary.org/obo/xao#start_stage>	<http://purl.obolibrary.org/obo/XAO_1000083>
<http://purl.obolibrary.org/obo/XAO_0004600>	<http://purl.obolibrary.org/obo/xao#end_stage>	<http://purl.obolibrary.org/obo/XAO_1000056>
<http://purl.obolibrary.org/obo/XAO_0005319>	<http://purl.obolibrary.org/obo/BFO_0000050>	<http://purl.obolibrary.org/obo/XAO_0005313>
<http://purl.obolibrary.org/obo/XAO_0004354>	<http://purl.obolibrary.org/obo/RO_0002202>	<http://purl.obolibrary.org/obo/XAO_0004451>
<http://purl.obolibrary.org/obo/XAO_0000270>	<http://purl.obolibrary.org/obo/xao#end_stage>	<http://purl.obolibrary.org/obo/XAO_1000078>
<http://purl.obolibrary.org/obo/XAO_0004506>	<http://purl.obolibrary.org/obo/BFO_0000050>	<http://purl.obolibrary.org/obo/XAO_0004265>
<http://purl.obolibrary.org/obo/XAO_0000451>	<http://purl.obolibrary.org/obo/xao#start_stage>	<http://purl.obolibrary.org/obo/XAO_1000049>
<http://purl.obolibrary.org/obo/XAO_0001014>	<http://purl.obolibrary.org/obo/xao#start_stage>	<http://purl.obolibrary.org/obo/XAO_1000048>
<http://purl.obolibrary.org/obo/XAO_0005121>	<http://purl.obolibrary.org/obo/xao#end_stage>	<http://purl.obolibrary.org/obo/XAO_1000021>
<http://purl.obolibrary.org/obo/XAO_0003261>	<http://purl.obolibrary.org/obo/xao#start_stage>	<http://purl.obolibrary.org/obo/XAO_1000039>
<http://purl.obolibrary.org/obo/XAO_0000220>	<http://purl.obolibrary.org/obo/RO_0002202>	<http://purl.obolibrary.org/obo/XAO_0000406>
<http://purl.obolibrary.org/obo/XAO_0004135>	<http://purl.obolibrary.org/obo/BFO_0000050>	<http://purl.obolibrary.org/obo/XAO_0000015>
<http://purl.obolibrary.org/obo/XAO_0004511>	<http://purl.obolibrary.org/obo/BFO_0000050>	<http://purl.obolibrary.org/obo/XAO_0000090>
<http://purl.obolibrary.org/obo/XAO_0004539>	<http://purl.obolibrary.org/obo/xao#end_stage>	<http://purl.obolibrary.org/obo/XAO_0000437>
<http://purl.obolibrary.org/obo/XAO_0000202>	<http://purl.obolibrary.org/obo/xao#start_stage>	<http://purl.obolibrary.org/obo/XAO_1000001>
<http://purl.obolibrary.org/obo/XAO_0005084>	<http://purl.obolibrary.org/obo/xao#start_stage>	<http://purl.obolibrary.org/obo/XAO_1000014>
<http://purl.obolibrary.org/obo/XAO_0005159>	<http://purl.obolibrary.org/obo/RO_0002202>	<http://purl.obolibrary.org/obo/XAO_0005129>
<http://purl.obolibrary.org/obo/XAO_0004092>	<http://purl.obolibrary.org/obo/RO_0002202>	<http://purl.obolibrary.org/obo/XAO_0000270>
<http://purl.obolibrary.org/obo/XAO_1000040>	<http://purl.obolibrary.org/obo/xao#preceded_by>	<http://purl.obolibrary.org/obo/XAO_1000039>
<http://purl.obolibrary.org/obo/XAO_0005306>	<http://purl.obolibrary.org/obo/xao#end_stage>	<http://purl.obolibrary.org/obo/XAO_1000078>
<http://purl.obolibrary.org/obo/XAO_0004170>	<http://purl.obolibrary.org/obo/BFO_0000050>	<http://purl.obolibrary.org/obo/XAO_0004152>
<http://purl.obolibrary.org/obo/XAO_0000309>	<http://purl.obolibrary.org/obo/xao#start_stage>	<http://purl.obolibrary.org/obo/XAO_1000036>
<http://purl.obolibrary.org/obo/XAO_0004609>	<http://purl.obolibrary.org/obo/xao#start_stage>	<http://purl.obolibrary.org/obo/XAO_1000038>
<http://purl.obolibrary.org/obo/XAO_0005254>	<http://purl.obolibrary.org/obo/xao#start_stage>	<http://purl.obolibrary.org/obo/XAO_1000020>
<http://purl.obolibrary.org/obo/XAO_0000120>	<http://purl.obolibrary.org/obo/xao#start_stage>	<http://purl.obolibrary.org/obo/XAO_1000051>
<http://purl.obolibrary.org/obo/XAO_0005217>	<http://purl.obolibrary.org/obo/xao#end_stage>	<http://purl.obolibrary.org/obo/XAO_0000437>
<http://purl.obolibrary.org/obo/XAO_0004035>	<http://purl.obolibrary.org/obo/xao#start_stage>	<http://purl.obolibrary.org/obo/XAO_1000057>
<http://purl.obolibrary.org/obo/XAO_0000292>	<http://purl.obolibrary.org/obo/BFO_0000050>	<http://purl.obolibrary.org/obo/XAO_0000141>
<http://purl.obolibrary.org/obo/XAO_0004093>	<http://purl.obolibrary.org/obo/xao#end_stage>	<http://purl.obolibrary.org/obo/XAO_1000045>
<http://purl.obolibrary.org/obo/XAO_0000254>	<http://purl.obolibrary.org/obo/xao#start_stage>	<http://purl.obolibrary.org/obo/XAO_1000041>
<http://purl.obolibrary.org/obo/XAO_0004279>	<http://purl.obolibrary.org/obo/xao#start_stage>	<http://purl.obolibrary.org/obo/XAO_1000057>
<http://purl.obolibrary.org/obo/XAO_0000279>	<http://purl.obolibrary.org/obo/BFO_0000050>	<http://purl.obolibrary.org/obo/XAO_0000280>
<http://purl.obolibrary.org/obo/XAO_0005067>	<http://purl.obolibrary.org/obo/BFO_0000050>	<http://purl.obolibrary.org/obo/XAO_0000129>
<http://purl.obolibrary.org/obo/XAO_0006052>	<http://purl.obolibrary.org/obo/xao#start_stage>	<http://purl.obolibrary.org/obo/XAO_1000052>
<http://purl.obolibrary.org/obo/XAO_0000393>	<http://purl.obolibrary.org/obo/RO_0002202>	<http://purl.obolibrary.org/obo/XAO_0000358>
<http://purl.obolibrary.org/obo/XAO_0004083>	<http://purl.obolibrary.org/obo/xao#end_stage>	<http://purl.obolibrary.org/obo/XAO_1000056>
<http://purl.obolibrary.org/obo/XAO_0004369>	<http://purl.obolibrary.org/obo/RO_0002202>	<http://purl.obolibrary.org/obo/XAO_0003205>
<http://purl.obolibrary.org/obo/XAO_0000287>	<http://purl.obolibrary.org/obo/xao#start_stage>	<http://purl.obolibrary.org/obo/XAO_1000045>
<http://purl.obolibrary.org/obo/XAO_0004236>	<http://purl.obolibrary.org/obo/xao#start_stage>	<http://purl.obolibrary.org/obo/XAO_1000038>
<http://purl.obolibrary.org/obo/XAO_0004265>	<http://purl.obolibrary.org/obo/xao#start_stage>	<http://purl.obolibrary.org/obo/XAO_1000067>
<http://purl.obolibrary.org/obo/XAO_0004523>	<http://purl.obolibrary.org/obo/RO_0002202>	<http://purl.obolibrary.org/obo/XAO_0000048>
<http://purl.obolibrary.org/obo/XAO_0004335>	<http://purl.obolibrary.org/obo/xao#start_stage>	<http://purl.obolibrary.org/obo/XAO_1000051>
<http://purl.obolibrary.org/obo/XAO_0000007>	<http://purl.obolibrary.org/obo/BFO_0000050>	<http://purl.obolibrary.org/obo/XAO_0000179>
<http://purl.obolibrary.org/obo/XAO_0000057>	<http://purl.obolibrary.org/obo/BFO_0000050>	<http://purl.obolibrary.org/obo/XAO_0000259>
<http://purl.obolibrary.org/obo/XAO_0004560>	<http://purl.obolibrary.org/obo/xao#end_stage>	<http://purl.obolibrary.org/obo/XAO_0000437>
<http://purl.obolibrary.org/obo/XAO_0004274>	<http://purl.obolibrary.org/obo/xao#start_stage>	<http://purl.obolibrary.org/obo/XAO_1000052>
<http://purl.obolibrary.org/obo/XAO_0000256>	<http://purl.obolibrary.org/obo/RO_0002202>	<http://purl.obolibrary.org/obo/XAO_0000268>
<http://purl.obolibrary.org/obo/XAO_0004254>	<http://purl.obolibrary.org/obo/BFO_0000050>	<http://purl.obolibrary.org/obo/XAO_0004423>
<http://purl.obolibrary.org/obo/XAO_0003099>	<http://purl.obolibrary.org/obo/xao#start_stage>	<http://purl.obolibrary.org/obo/XAO_1000038>
<http://purl.obolibrary.org/obo/XAO_0004527>	<http://purl.obolibrary.org/obo/BFO_0000050>	<http://purl.obolibrary.org/obo/XAO_0005024>
<http://purl.obolibrary.org/obo/XAO_0000233>	<http://purl.obolibrary.org/obo/xao#start_stage>	<http://purl.obolibrary.org/obo/XAO_1000083>
<http://purl.obolibrary.org/obo/XAO_0000048>	<http://purl.obolibrary.org/obo/RO_0002202>	<http://purl.obolibrary.org/obo/XAO_0004103>
<http://purl.obolibrary.org/obo/XAO_0005291>	<http://purl.obolibrary.org/obo/RO_0002202>	<http://purl.obolibrary.org/obo/XAO_0000269>
<http://purl.obolibrary.org/obo/XAO_0005262>	<http://purl.obolibrary.org/obo/BFO_0000050>	<http://purl.obolibrary.org/obo/XAO_0004063>
<http://purl.obolibrary.org/obo/XAO_0000127>	<http://purl.obolibrary.org/obo/xao#start_stage>	<http://purl.obolibrary.org/obo/XAO_1000050>
<http://purl.obolibrary.org/obo/XAO_0003260>	<http://purl.obolibrary.org/obo/BFO_0000050>	<http://purl.obolibrary.org/obo/XAO_0000124>
<http://purl.obolibrary.org/obo/XAO_0005074>	<http://purl.obolibrary.org/obo/xao#end_stage>	<http://purl.obolibrary.org/obo/XAO_0000437>
<http://purl.obolibrary.org/obo/XAO_0000101>	<http://purl.obolibrary.org/obo/xao#end_stage>	<http://purl.obolibrary.org/obo/XAO_1000052>
<http://purl.obolibrary.org/obo/XAO_0004185>	<http://purl.obolibrary.org/obo/xao#start_stage>	<http://purl.obolibrary.org/obo/XAO_1000035>
<http://purl.obolibrary.org/obo/XAO_0004495>	<http://purl.obolibrary.org/obo/xao#end_stage>	<http://purl.obolibrary.org/obo/XAO_1000065>
<http://purl.obolibrary.org/obo/XAO_0004012>	<http://purl.obolibrary.org/obo/xao#start_stage>	<http://purl.obolibrary.org/obo/XAO_1000040>
<http://purl.obolibrary.org/obo/XAO_0004593>	<http://purl.obolibrary.org/obo/xao#end_stage>	<http://purl.obolibrary.org/obo/XAO_0000437>
<http://purl.obolibrary.org/obo/XAO_0000068>	<http://purl.obolibrary.org/obo/xao#start_stage>	<http://purl.obolibrary.org/obo/XAO_1000001>
<http://purl.obolibrary.org/obo/XAO_0004324>	<http://purl.obolibrary.org/obo/xao#end_stage>	<http://purl.obolibrary.org/obo/XAO_0000437>
<http://purl.obolibrary.org/obo/XAO_0005292>	<http://purl.obolibrary.org/obo/xao#end_stage>	<http://purl.obolibrary.org/obo/XAO_0000437>
<http://purl.obolibrary.org/obo/XAO_0004053>	<http://purl.obolibrary.org/obo/xao#start_stage>	<http://purl.obolibrary.org/obo/XAO_1000040>
<http://purl.obolibrary.org/obo/XAO_0006027>	<http://purl.obolibrary.org/obo/RO_0002202>	<http://purl.obolibrary.org/obo/XAO_0006043>
<http://purl.obolibrary.org/obo/XAO_0004219>	<http://purl.obolibrary.org/obo/RO_0002202>	<http://purl.obolibrary.org/obo/XAO_0000025>
<http://purl.obolibrary.org/obo/XAO_0004358>	<http://purl.obolibrary.org/obo/xao#start_stage>	<http://purl.obolibrary.org/obo/XAO_1000052>
<http://purl.obolibrary.org/obo/XAO_0005504>	<http://purl.obolibrary.org/obo/BFO_0000050>	<http://purl.obolibrary.org/obo/XAO_0003025>
<http://purl.obolibrary.org/obo/XAO_0000275>	<http://purl.obolibrary.org/obo/xao#start_stage>	<http://purl.obolibrary.org/obo/XAO_1000045>
<http://purl.obolibrary.org/obo/XAO_0004423>	<http://purl.obolibrary.org/obo/xao#start_stage>	<http://purl.obolibrary.org/obo/XAO_1000035>
<http://purl.obolibrary.org/obo/XAO_0004141>	<http://purl.obolibrary.org/obo/RO_0002202>	<http://purl.obolibrary.org/obo/XAO_0004186>
<http://purl.obolibrary.org/obo/XAO_0005224>	<http://purl.obolibrary.org/obo/xao#end_stage>	<http://purl.obolibrary.org/obo/XAO_0000437>
<http://purl.obolibrary.org/obo/XAO_0004474>	<http://purl.obolibrary.org/obo/BFO_0000050>	<http://purl.obolibrary.org/obo/XAO_0000040>
<http://purl.obolibrary.org/obo/XAO_0005157>	<http://purl.obolibrary.org/obo/xao#start_stage>	<http://purl.obolibrary.org/obo/XAO_1000052>
<http://purl.obolibrary.org/obo/XAO_0003065>	<http://purl.obolibrary.org/obo/xao#end_stage>	<http://purl.obolibrary.org/obo/XAO_1000067>
<http://purl.obolibrary.org/obo/XAO_0004391>	<http://purl.obolibrary.org/obo/xao#end_stage>	<http://purl.obolibrary.org/obo/XAO_0000437>
<http://purl.obolibrary.org/obo/XAO_0000319>	<http://purl.obolibrary.org/obo/BFO_0000050>	<http://purl.obolibrary.org/obo/XAO_0000048>
<http://purl.obolibrary.org/obo/XAO_0000356>	<http://purl.obolibrary.org/obo/RO_0002202>	<http://purl.obolibrary.org/obo/XAO_0000085>
<http://purl.obolibrary.org/obo/XAO_0004428>	<http://purl.obolibrary.org/obo/xao#end_stage>	<http://purl.obolibrary.org/obo/XAO_1000052>
<http://purl.obolibrary.org/obo/XAO_0005104>	<http://purl.obolibrary.org/obo/RO_0002202>	<http://purl.obolibrary.org/obo/XAO_0005092>
<http://purl.obolibrary.org/obo/XAO_0003158>	<http://purl.obolibrary.org/obo/xao#end_stage>	<http://purl.obolibrary.org/obo/XAO_0000437>
<http://purl.obolibrary.org/obo/XAO_0003237>	<http://purl.obolibrary.org/obo/xao#start_stage>	<http://purl.obolibrary.org/obo/XAO_1000072>
<http://purl.obolibrary.org/obo/XAO_0004332>	<http://purl.obolibrary.org/obo/xao#end_stage>	<http://purl.obolibrary.org/obo/XAO_0000437>
<http://purl.obolibrary.org/obo/XAO_0000365>	<http://purl.obolibrary.org/obo/BFO_0000050>	<http://purl.obolibrary.org/obo/XAO_0004423>
<http://purl.obolibrary.org/obo/XAO_0000120>	<http://purl.obolibrary.org/obo/xao#end_stage>	<http://purl.obolibrary.org/obo/XAO_1000065>
<http://purl.obolibrary.org/obo/XAO_0004031>	<http://purl.obolibrary.org/obo/xao#start_stage>	<http://purl.obolibrary.org/obo/XAO_1000040>
<http://purl.obolibrary.org/obo/XAO_0003162>	<http://purl.obolibrary.org/obo/xao#start_stage>	<http://purl.obolibrary.org/obo/XAO_1000083>
<http://purl.obolibrary.org/obo/XAO_0004173>	<http://purl.obolibrary.org/obo/BFO_0000050>	<http://purl.obolibrary.org/obo/XAO_0000014>
<http://purl.obolibrary.org/obo/XAO_0004628>	<http://purl.obolibrary.org/obo/RO_0002202>	<http://purl.obolibrary.org/obo/XAO_0004473>
<http://purl.obolibrary.org/obo/XAO_0000032>	<http://purl.obolibrary.org/obo/BFO_0000050>	<http://purl.obolibrary.org/obo/XAO_0000001>
<http://purl.obolibrary.org/obo/XAO_0005134>	<http://purl.obolibrary.org/obo/xao#start_stage>	<http://purl.obolibrary.org/obo/XAO_1000038>
<http://purl.obolibrary.org/obo/XAO_0000088>	<http://purl.obolibrary.org/obo/BFO_0000050>	<http://purl.obolibrary.org/obo/XAO_0000078>
<http://purl.obolibrary.org/obo/XAO_0006012>	<http://purl.obolibrary.org/obo/xao#end_stage>	<http://purl.obolibrary.org/obo/XAO_1000070>
<http://purl.obolibrary.org/obo/XAO_0004074>	<http://purl.obolibrary.org/obo/xao#start_stage>	<http://purl.obolibrary.org/obo/XAO_1000027>
<http://purl.obolibrary.org/obo/XAO_0004184>	<http://purl.obolibrary.org/obo/BFO_0000050>	<http://purl.obolibrary.org/obo/XAO_0004182>
<http://purl.obolibrary.org/obo/XAO_0005044>	<http://purl.obolibrary.org/obo/xao#start_stage>	<http://purl.obolibrary.org/obo/XAO_1000044>
<http://purl.obolibrary.org/obo/XAO_1000053>	<http://purl.obolibrary.org/obo/BFO_0000050>	<http://purl.obolibrary.org/obo/XAO_1000080>
<http://purl.obolibrary.org/obo/XAO_0000205>	<http://purl.obolibrary.org/obo/xao#start_stage>	<http://purl.obolibrary.org/obo/XAO_1000033>
<http://purl.obolibrary.org/obo/XAO_0006049>	<http://purl.obolibrary.org/obo/xao#start_stage>	<http://purl.obolibrary.org/obo/XAO_1000039>
<http://purl.obolibrary.org/obo/XAO_0004124>	<http://purl.obolibrary.org/obo/xao#end_stage>	<http://purl.obolibrary.org/obo/XAO_0000437>
<http://purl.obolibrary.org/obo/XAO_0006013>	<http://purl.obolibrary.org/obo/xao#start_stage>	<http://purl.obolibrary.org/obo/XAO_1000058>
<http://purl.obolibrary.org/obo/XAO_0000396>	<http://purl.obolibrary.org/obo/xao#end_stage>	<http://purl.obolibrary.org/obo/XAO_1000042>
<http://purl.obolibrary.org/obo/XAO_0004488>	<http://purl.obolibrary.org/obo/xao#end_stage>	<http://purl.obolibrary.org/obo/XAO_0000437>
<http://purl.obolibrary.org/obo/XAO_0000376>	<http://purl.obolibrary.org/obo/xao#end_stage>	<http://purl.obolibrary.org/obo/XAO_1000053>
<http://purl.obolibrary.org/obo/XAO_0004377>	<http://purl.obolibrary.org/obo/xao#start_stage>	<http://purl.obolibrary.org/obo/XAO_1000052>
<http://purl.obolibrary.org/obo/XAO_0005202>	<http://purl.obolibrary.org/obo/xao#end_stage>	<http://purl.obolibrary.org/obo/XAO_0000437>
<http://purl.obolibrary.org/obo/XAO_0000363>	<http://purl.obolibrary.org/obo/xao#end_stage>	<http://purl.obolibrary.org/obo/XAO_0000437>
<http://purl.obolibrary.org/obo/XAO_1000021>	<http://purl.obolibrary.org/obo/BFO_0000050>	<http://purl.obolibrary.org/obo/XAO_1000005>
<http://purl.obolibrary.org/obo/XAO_0000338>	<http://purl.obolibrary.org/obo/BFO_0000050>	<http://purl.obolibrary.org/obo/XAO_0004423>
<http://purl.obolibrary.org/obo/XAO_0004354>	<http://purl.obolibrary.org/obo/xao#end_stage>	<http://purl.obolibrary.org/obo/XAO_0000437>
<http://purl.obolibrary.org/obo/XAO_1000068>	<http://purl.obolibrary.org/obo/BFO_0000050>	<http://purl.obolibrary.org/obo/XAO_1000090>
<http://purl.obolibrary.org/obo/XAO_0000349>	<http://purl.obolibrary.org/obo/xao#start_stage>	<http://purl.obolibrary.org/obo/XAO_1000059>
<http://purl.obolibrary.org/obo/XAO_0000377>	<http://purl.obolibrary.org/obo/xao#end_stage>	<http://purl.obolibrary.org/obo/XAO_0000437>
<http://purl.obolibrary.org/obo/XAO_0005023>	<http://purl.obolibrary.org/obo/xao#end_stage>	<http://purl.obolibrary.org/obo/XAO_0000437>
<http://purl.obolibrary.org/obo/XAO_0003143>	<http://purl.obolibrary.org/obo/xao#end_stage>	<http://purl.obolibrary.org/obo/XAO_1000059>
<http://purl.obolibrary.org/obo/XAO_0000215>	<http://purl.obolibrary.org/obo/xao#end_stage>	<http://purl.obolibrary.org/obo/XAO_0000437>
<http://purl.obolibrary.org/obo/XAO_0003220>	<http://purl.obolibrary.org/obo/xao#end_stage>	<http://purl.obolibrary.org/obo/XAO_0000437>
<http://purl.obolibrary.org/obo/XAO_0003203>	<http://purl.obolibrary.org/obo/xao#end_stage>	<http://purl.obolibrary.org/obo/XAO_0000437>
<http://purl.obolibrary.org/obo/XAO_0000106>	<http://purl.obolibrary.org/obo/xao#start_stage>	<http://purl.obolibrary.org/obo/XAO_1000041>
<http://purl.obolibrary.org/obo/XAO_0004617>	<http://purl.obolibrary.org/obo/BFO_0000050>	<http://purl.obolibrary.org/obo/XAO_0003204>
<http://purl.obolibrary.org/obo/XAO_0005425>	<http://purl.obolibrary.org/obo/RO_0002202>	<http://purl.obolibrary.org/obo/XAO_0005426>
<http://purl.obolibrary.org/obo/XAO_0000058>	<http://purl.obolibrary.org/obo/xao#end_stage>	<http://purl.obolibrary.org/obo/XAO_1000059>
<http://purl.obolibrary.org/obo/XAO_0006025>	<http://purl.obolibrary.org/obo/xao#end_stage>	<http://purl.obolibrary.org/obo/XAO_0000437>
<http://purl.obolibrary.org/obo/XAO_0004058>	<http://purl.obolibrary.org/obo/xao#end_stage>	<http://purl.obolibrary.org/obo/XAO_0000437>
<http://purl.obolibrary.org/obo/XAO_0004510>	<http://purl.obolibrary.org/obo/xao#start_stage>	<http://purl.obolibrary.org/obo/XAO_1000042>
<http://purl.obolibrary.org/obo/XAO_0005024>	<http://purl.obolibrary.org/obo/xao#end_stage>	<http://purl.obolibrary.org/obo/XAO_0000437>
<http://purl.obolibrary.org/obo/XAO_0004547>	<http://purl.obolibrary.org/obo/xao#end_stage>	<http://purl.obolibrary.org/obo/XAO_0000437>
<http://purl.obolibrary.org/obo/XAO_0003119>	<http://purl.obolibrary.org/obo/RO_0002202>	<http://purl.obolibrary.org/obo/XAO_0000412>
<http://purl.obolibrary.org/obo/XAO_0005188>	<http://purl.obolibrary.org/obo/xao#end_stage>	<http://purl.obolibrary.org/obo/XAO_0000437>
<http://purl.obolibrary.org/obo/XAO_0006035>	<http://purl.obolibrary.org/obo/xao#start_stage>	<http://purl.obolibrary.org/obo/XAO_1000038>
<http://purl.obolibrary.org/obo/XAO_0004197>	<http://purl.obolibrary.org/obo/RO_0002202>	<http://purl.obolibrary.org/obo/XAO_0004022>
<http://purl.obolibrary.org/obo/XAO_0000086>	<http://purl.obolibrary.org/obo/xao#end_stage>	<http://purl.obolibrary.org/obo/XAO_1000078>
<http://purl.obolibrary.org/obo/XAO_0005089>	<http://purl.obolibrary.org/obo/xao#start_stage>	<http://purl.obolibrary.org/obo/XAO_1000015>
<http://purl.obolibrary.org/obo/XAO_0005164>	<http://purl.obolibrary.org/obo/xao#end_stage>	<http://purl.obolibrary.org/obo/XAO_0000437>
<http://purl.obolibrary.org/obo/XAO_0006001>	<http://purl.obolibrary.org/obo/RO_0002202>	<http://purl.obolibrary.org/obo/XAO_0000050>
<http://purl.obolibrary.org/obo/XAO_0004105>	<http://purl.obolibrary.org/obo/BFO_0000050>	<http://purl.obolibrary.org/obo/XAO_0000285>
<http://purl.obolibrary.org/obo/XAO_0000292>	<http://purl.obolibrary.org/obo/RO_0002202>	<http://purl.obolibrary.org/obo/XAO_0000291>
<http://purl.obolibrary.org/obo/XAO_0004433>	<http://purl.obolibrary.org/obo/xao#start_stage>	<http://purl.obolibrary.org/obo/XAO_1000049>
<http://purl.obolibrary.org/obo/XAO_0004334>	<http://purl.obolibrary.org/obo/xao#start_stage>	<http://purl.obolibrary.org/obo/XAO_1000051>
<http://purl.obolibrary.org/obo/XAO_0004595>	<http://purl.obolibrary.org/obo/xao#start_stage>	<http://purl.obolibrary.org/obo/XAO_1000038>
<http://purl.obolibrary.org/obo/XAO_0000440>	<http://purl.obolibrary.org/obo/xao#end_stage>	<http://purl.obolibrary.org/obo/XAO_1000053>
<http://purl.obolibrary.org/obo/XAO_0004402>	<http://purl.obolibrary.org/obo/xao#start_stage>	<http://purl.obolibrary.org/obo/XAO_1000020>
<http://purl.obolibrary.org/obo/XAO_0004410>	<http://purl.obolibrary.org/obo/xao#end_stage>	<http://purl.obolibrary.org/obo/XAO_1000068>
<http://purl.obolibrary.org/obo/XAO_0000095>	<http://purl.obolibrary.org/obo/xao#end_stage>	<http://purl.obolibrary.org/obo/XAO_0000437>
<http://purl.obolibrary.org/obo/XAO_0000474>	<http://purl.obolibrary.org/obo/BFO_0000050>	<http://purl.obolibrary.org/obo/XAO_0000179>
<http://purl.obolibrary.org/obo/XAO_0003001>	<http://purl.obolibrary.org/obo/RO_0002202>	<http://purl.obolibrary.org/obo/XAO_0000113>
<http://purl.obolibrary.org/obo/XAO_0005037>	<http://purl.obolibrary.org/obo/xao#start_stage>	<http://purl.obolibrary.org/obo/XAO_1000027>
<http://purl.obolibrary.org/obo/XAO_0004479>	<http://purl.obolibrary.org/obo/xao#end_stage>	<http://purl.obolibrary.org/obo/XAO_0000437>
<http://purl.obolibrary.org/obo/XAO_0003208>	<http://purl.obolibrary.org/obo/BFO_0000050>	<http://purl.obolibrary.org/obo/XAO_0004299>
<http://purl.obolibrary.org/obo/XAO_0000005>	<http://purl.obolibrary.org/obo/RO_0002202>	<http://purl.obolibrary.org/obo/XAO_0004206>
<http://purl.obolibrary.org/obo/XAO_0003041>	<http://purl.obolibrary.org/obo/xao#start_stage>	<http://purl.obolibrary.org/obo/XAO_1000037>
<http://purl.obolibrary.org/obo/XAO_0005171>	<http://purl.obolibrary.org/obo/RO_0002202>	<http://purl.obolibrary.org/obo/XAO_0000028>
<http://purl.obolibrary.org/obo/XAO_0003085>	<http://purl.obolibrary.org/obo/xao#start_stage>	<http://purl.obolibrary.org/obo/XAO_1000055>
<http://purl.obolibrary.org/obo/XAO_0004396>	<http://purl.obolibrary.org/obo/BFO_0000050>	<http://purl.obolibrary.org/obo/XAO_0004060>
<http://purl.obolibrary.org/obo/XAO_0000448>	<http://purl.obolibrary.org/obo/BFO_0000050>	<http://purl.obolibrary.org/obo/XAO_0000117>
<http://purl.obolibrary.org/obo/XAO_0003253>	<http://purl.obolibrary.org/obo/BFO_0000050>	<http://purl.obolibrary.org/obo/XAO_0004031>
<http://purl.obolibrary.org/obo/XAO_0005070>	<http://purl.obolibrary.org/obo/BFO_0000050>	<http://purl.obolibrary.org/obo/XAO_0003204>
<http://purl.obolibrary.org/obo/XAO_0000171>	<http://purl.obolibrary.org/obo/BFO_0000050>	<http://purl.obolibrary.org/obo/XAO_0004313>
<http://purl.obolibrary.org/obo/XAO_0005303>	<http://purl.obolibrary.org/obo/xao#start_stage>	<http://purl.obolibrary.org/obo/XAO_1000032>
<http://purl.obolibrary.org/obo/XAO_1000024>	<http://purl.obolibrary.org/obo/BFO_0000050>	<http://purl.obolibrary.org/obo/XAO_1000006>
<http://purl.obolibrary.org/obo/XAO_0005266>	<http://purl.obolibrary.org/obo/xao#end_stage>	<http://purl.obolibrary.org/obo/XAO_0000437>
<http://purl.obolibrary.org/obo/XAO_0000208>	<http://purl.obolibrary.org/obo/BFO_0000050>	<http://purl.obolibrary.org/obo/XAO_0000281>
<http://purl.obolibrary.org/obo/XAO_0003165>	<http://purl.obolibrary.org/obo/xao#end_stage>	<http://purl.obolibrary.org/obo/XAO_0000437>
<http://purl.obolibrary.org/obo/XAO_0004192>	<http://purl.obolibrary.org/obo/RO_0002202>	<http://purl.obolibrary.org/obo/XAO_0000001>
<http://purl.obolibrary.org/obo/XAO_0004235>	<http://purl.obolibrary.org/obo/xao#end_stage>	<http://purl.obolibrary.org/obo/XAO_1000078>
<http://purl.obolibrary.org/obo/XAO_0004257>	<http://purl.obolibrary.org/obo/xao#start_stage>	<http://purl.obolibrary.org/obo/XAO_1000050>
<http://purl.obolibrary.org/obo/XAO_0004219>	<http://purl.obolibrary.org/obo/xao#end_stage>	<http://purl.obolibrary.org/obo/XAO_0000437>
<http://purl.obolibrary.org/obo/XAO_0004076>	<http://purl.obolibrary.org/obo/xao#end_stage>	<http://purl.obolibrary.org/obo/XAO_1000059>
<http://purl.obolibrary.org/obo/XAO_0004296>	<http://purl.obolibrary.org/obo/xao#start_stage>	<http://purl.obolibrary.org/obo/XAO_1000067>
<http://purl.obolibrary.org/obo/XAO_0000160>	<http://purl.obolibrary.org/obo/BFO_0000050>	<http://purl.obolibrary.org/obo/XAO_0000158>
<http://purl.obolibrary.org/obo/XAO_0005027>	<http://purl.obolibrary.org/obo/BFO_0000050>	<http://purl.obolibrary.org/obo/XAO_0000010>
<http://purl.obolibrary.org/obo/XAO_0004468>	<http://purl.obolibrary.org/obo/xao#start_stage>	<http://purl.obolibrary.org/obo/XAO_1000037>
<http://purl.obolibrary.org/obo/XAO_0003029>	<http://purl.obolibrary.org/obo/BFO_0000050>	<http://purl.obolibrary.org/obo/XAO_0005501>
<http://purl.obolibrary.org/obo/XAO_0003177>	<http://purl.obolibrary.org/obo/xao#end_stage>	<http://purl.obolibrary.org/obo/XAO_0000437>
<http://purl.obolibrary.org/obo/XAO_0004592>	<http://purl.obolibrary.org/obo/xao#end_stage>	<http://purl.obolibrary.org/obo/XAO_0000437>
<http://purl.obolibrary.org/obo/XAO_0000469>	<http://purl.obolibrary.org/obo/BFO_0000050>	<http://purl.obolibrary.org/obo/XAO_0004062>
<http://purl.obolibrary.org/obo/XAO_0000454>	<http://purl.obolibrary.org/obo/BFO_0000050>	<http://purl.obolibrary.org/obo/XAO_0000133>
<http://purl.obolibrary.org/obo/XAO_0000365>	<http://purl.obolibrary.org/obo/RO_0002202>	<http://purl.obolibrary.org/obo/XAO_0000363>
<http://purl.obolibrary.org/obo/XAO_0000164>	<http://purl.obolibrary.org/obo/BFO_0000050>	<http://purl.obolibrary.org/obo/XAO_0000158>
<http://purl.obolibrary.org/obo/XAO_0004078>	<http://purl.obolibrary.org/obo/BFO_0000050>	<http://purl.obolibrary.org/obo/XAO_0004074>
<http://purl.obolibrary.org/obo/XAO_0004513>	<http://purl.obolibrary.org/obo/RO_0002202>	<http://purl.obolibrary.org/obo/XAO_0000295>
<http://purl.obolibrary.org/obo/XAO_0005002>	<http://purl.obolibrary.org/obo/RO_0002202>	<http://purl.obolibrary.org/obo/XAO_0000113>
<http://purl.obolibrary.org/obo/XAO_0004442>	<http://purl.obolibrary.org/obo/xao#end_stage>	<http://purl.obolibrary.org/obo/XAO_1000053>
<http://purl.obolibrary.org/obo/XAO_0000063>	<http://purl.obolibrary.org/obo/RO_0002202>	<http://purl.obolibrary.org/obo/XAO_0000264>
<http://purl.obolibrary.org/obo/XAO_0003145>	<http://purl.obolibrary.org/obo/xao#start_stage>	<http://purl.obolibrary.org/obo/XAO_1000059>
<http://purl.obolibrary.org/obo/XAO_0003047>	<http://purl.obolibrary.org/obo/BFO_0000050>	<http://purl.obolibrary.org/obo/XAO_0000177>
<http://purl.obolibrary.org/obo/XAO_0005075>	<http://purl.obolibrary.org/obo/xao#end_stage>	<http://purl.obolibrary.org/obo/XAO_0000437>
<http://purl.obolibrary.org/obo/XAO_0000167>	<http://purl.obolibrary.org/obo/BFO_0000050>	<http://purl.obolibrary.org/obo/XAO_0000158>
<http://purl.obolibrary.org/obo/XAO_0004018>	<http://purl.obolibrary.org/obo/xao#start_stage>	<http://purl.obolibrary.org/obo/XAO_1000057>
<http://purl.obolibrary.org/obo/XAO_0005321>	<http://purl.obolibrary.org/obo/xao#end_stage>	<http://purl.obolibrary.org/obo/XAO_0000437>
<http://purl.obolibrary.org/obo/XAO_0004085>	<http://purl.obolibrary.org/obo/BFO_0000050>	<http://purl.obolibrary.org/obo/XAO_0000028>
<http://purl.obolibrary.org/obo/XAO_0000036>	<http://purl.obolibrary.org/obo/xao#start_stage>	<http://purl.obolibrary.org/obo/XAO_1000016>
<http://purl.obolibrary.org/obo/XAO_0003248>	<http://purl.obolibrary.org/obo/xao#start_stage>	<http://purl.obolibrary.org/obo/XAO_1000020>
<http://purl.obolibrary.org/obo/XAO_0000295>	<http://purl.obolibrary.org/obo/xao#end_stage>	<http://purl.obolibrary.org/obo/XAO_1000026>
<http://purl.obolibrary.org/obo/XAO_0004061>	<http://purl.obolibrary.org/obo/BFO_0000050>	<http://purl.obolibrary.org/obo/XAO_0000469>
<http://purl.obolibrary.org/obo/XAO_0004315>	<http://purl.obolibrary.org/obo/xao#start_stage>	<http://purl.obolibrary.org/obo/XAO_1000048>
<http://purl.obolibrary.org/obo/XAO_0004390>	<http://purl.obolibrary.org/obo/xao#end_stage>	<http://purl.obolibrary.org/obo/XAO_0000437>
<http://purl.obolibrary.org/obo/XAO_0000337>	<http://purl.obolibrary.org/obo/RO_0002202>	<http://purl.obolibrary.org/obo/XAO_0000066>
<http://purl.obolibrary.org/obo/XAO_0000008>	<http://purl.obolibrary.org/obo/xao#end_stage>	<http://purl.obolibrary.org/obo/XAO_0000437>
<http://purl.obolibrary.org/obo/XAO_0004120>	<http://purl.obolibrary.org/obo/xao#start_stage>	<http://purl.obolibrary.org/obo/XAO_1000044>
<http://purl.obolibrary.org/obo/XAO_0005298>	<http://purl.obolibrary.org/obo/RO_0002202>	<http://purl.obolibrary.org/obo/XAO_0005127>
<http://purl.obolibrary.org/obo/XAO_0001015>	<http://purl.obolibrary.org/obo/xao#end_stage>	<http://purl.obolibrary.org/obo/XAO_0000437>
<http://purl.obolibrary.org/obo/XAO_0004282>	<http://purl.obolibrary.org/obo/xao#start_stage>	<http://purl.obolibrary.org/obo/XAO_1000057>
<http://purl.obolibrary.org/obo/XAO_0000257>	<http://purl.obolibrary.org/obo/xao#end_stage>	<http://purl.obolibrary.org/obo/XAO_1000049>
<http://purl.obolibrary.org/obo/XAO_0000239>	<http://purl.obolibrary.org/obo/BFO_0000050>	<http://purl.obolibrary.org/obo/XAO_0000132>
<http://purl.obolibrary.org/obo/XAO_0004086>	<http://purl.obolibrary.org/obo/BFO_0000050>	<http://purl.obolibrary.org/obo/XAO_0000215>
<http://purl.obolibrary.org/obo/XAO_0000449>	<http://purl.obolibrary.org/obo/RO_0002202>	<http://purl.obolibrary.org/obo/XAO_0000254>
<http://purl.obolibrary.org/obo/XAO_0000291>	<http://purl.obolibrary.org/obo/RO_0002202>	<http://purl.obolibrary.org/obo/XAO_0000085>
<http://purl.obolibrary.org/obo/XAO_0004129>	<http://purl.obolibrary.org/obo/xao#end_stage>	<http://purl.obolibrary.org/obo/XAO_0000437>
<http://purl.obolibrary.org/obo/XAO_0000243>	<http://purl.obolibrary.org/obo/xao#start_stage>	<http://purl.obolibrary.org/obo/XAO_1000053>
<http://purl.obolibrary.org/obo/XAO_0004436>	<http://purl.obolibrary.org/obo/xao#start_stage>	<http://purl.obolibrary.org/obo/XAO_1000051>
<http://purl.obolibrary.org/obo/XAO_0005082>	<http://purl.obolibrary.org/obo/xao#end_stage>	<http://purl.obolibrary.org/obo/XAO_1000088>
<http://purl.obolibrary.org/obo/XAO_0005126>	<http://purl.obolibrary.org/obo/xao#start_stage>	<http://purl.obolibrary.org/obo/XAO_1000036>
<http://purl.obolibrary.org/obo/XAO_0005023>	<http://purl.obolibrary.org/obo/xao#start_stage>	<http://purl.obolibrary.org/obo/XAO_1000039>
<http://purl.obolibrary.org/obo/XAO_0004544>	<http://purl.obolibrary.org/obo/BFO_0000050>	<http://purl.obolibrary.org/obo/XAO_0004306>
<http://purl.obolibrary.org/obo/XAO_0005091>	<http://purl.obolibrary.org/obo/xao#start_stage>	<http://purl.obolibrary.org/obo/XAO_1000015>
<http://purl.obolibrary.org/obo/XAO_0000050>	<http://purl.obolibrary.org/obo/xao#start_stage>	<http://purl.obolibrary.org/obo/XAO_1000020>
<http://purl.obolibrary.org/obo/XAO_0003228>	<http://purl.obolibrary.org/obo/xao#end_stage>	<http://purl.obolibrary.org/obo/XAO_0000437>
<http://purl.obolibrary.org/obo/XAO_0003210>	<http://purl.obolibrary.org/obo/BFO_0000050>	<http://purl.obolibrary.org/obo/XAO_0003061>
<http://purl.obolibrary.org/obo/XAO_0000097>	<http://purl.obolibrary.org/obo/xao#end_stage>	<http://purl.obolibrary.org/obo/XAO_0000437>
<http://purl.obolibrary.org/obo/XAO_0005283>	<http://purl.obolibrary.org/obo/xao#end_stage>	<http://purl.obolibrary.org/obo/XAO_1000054>
<http://purl.obolibrary.org/obo/XAO_0005503>	<http://purl.obolibrary.org/obo/BFO_0000050>	<http://purl.obolibrary.org/obo/XAO_0005127>
<http://purl.obolibrary.org/obo/XAO_0004621>	<http://purl.obolibrary.org/obo/xao#start_stage>	<http://purl.obolibrary.org/obo/XAO_1000025>
<http://purl.obolibrary.org/obo/XAO_0000051>	<http://purl.obolibrary.org/obo/RO_0002202>	<http://purl.obolibrary.org/obo/XAO_0005019>
<http://purl.obolibrary.org/obo/XAO_0005251>	<http://purl.obolibrary.org/obo/RO_0002202>	<http://purl.obolibrary.org/obo/XAO_0000090>
<http://purl.obolibrary.org/obo/XAO_0004142>	<http://purl.obolibrary.org/obo/RO_0002202>	<http://purl.obolibrary.org/obo/XAO_0000223>
<http://purl.obolibrary.org/obo/XAO_0004179>	<http://purl.obolibrary.org/obo/xao#end_stage>	<http://purl.obolibrary.org/obo/XAO_1000057>
<http://purl.obolibrary.org/obo/XAO_0005316>	<http://purl.obolibrary.org/obo/xao#start_stage>	<http://purl.obolibrary.org/obo/XAO_1000034>
<http://purl.obolibrary.org/obo/XAO_0005226>	<http://purl.obolibrary.org/obo/xao#end_stage>	<http://purl.obolibrary.org/obo/XAO_1000059>
<http://purl.obolibrary.org/obo/XAO_0004445>	<http://purl.obolibrary.org/obo/xao#end_stage>	<http://purl.obolibrary.org/obo/XAO_1000053>
<http://purl.obolibrary.org/obo/XAO_0004568>	<http://purl.obolibrary.org/obo/xao#end_stage>	<http://purl.obolibrary.org/obo/XAO_0000437>
<http://purl.obolibrary.org/obo/XAO_0006006>	<http://purl.obolibrary.org/obo/xao#end_stage>	<http://purl.obolibrary.org/obo/XAO_0000437>
<http://purl.obolibrary.org/obo/XAO_0004416>	<http://purl.obolibrary.org/obo/RO_0002202>	<http://purl.obolibrary.org/obo/XAO_0000001>
<http://purl.obolibrary.org/obo/XAO_0004532>	<http://purl.obolibrary.org/obo/xao#end_stage>	<http://purl.obolibrary.org/obo/XAO_0000437>
<http://purl.obolibrary.org/obo/XAO_0004057>	<http://purl.obolibrary.org/obo/BFO_0000050>	<http://purl.obolibrary.org/obo/XAO_0004062>
<http://purl.obolibrary.org/obo/XAO_0000367>	<http://purl.obolibrary.org/obo/RO_0002202>	<http://purl.obolibrary.org/obo/XAO_0000366>
<http://purl.obolibrary.org/obo/XAO_0004375>	<http://purl.obolibrary.org/obo/xao#end_stage>	<http://purl.obolibrary.org/obo/XAO_0000437>
<http://purl.obolibrary.org/obo/XAO_0003266>	<http://purl.obolibrary.org/obo/RO_0002202>	<http://purl.obolibrary.org/obo/XAO_0004270>
<http://purl.obolibrary.org/obo/XAO_0004540>	<http://purl.obolibrary.org/obo/xao#end_stage>	<http://purl.obolibrary.org/obo/XAO_0000437>
<http://purl.obolibrary.org/obo/XAO_0004570>	<http://purl.obolibrary.org/obo/xao#start_stage>	<http://purl.obolibrary.org/obo/XAO_1000038>
<http://purl.obolibrary.org/obo/XAO_0000067>	<http://purl.obolibrary.org/obo/BFO_0000050>	<http://purl.obolibrary.org/obo/XAO_0000122>
<http://purl.obolibrary.org/obo/XAO_0005114>	<http://purl.obolibrary.org/obo/xao#start_stage>	<http://purl.obolibrary.org/obo/XAO_1000015>
<http://purl.obolibrary.org/obo/XAO_0004343>	<http://purl.obolibrary.org/obo/xao#start_stage>	<http://purl.obolibrary.org/obo/XAO_1000053>
<http://purl.obolibrary.org/obo/XAO_0000207>	<http://purl.obolibrary.org/obo/xao#end_stage>	<http://purl.obolibrary.org/obo/XAO_1000023>
<http://purl.obolibrary.org/obo/XAO_0005088>	<http://purl.obolibrary.org/obo/xao#end_stage>	<http://purl.obolibrary.org/obo/XAO_1000015>
<http://purl.obolibrary.org/obo/XAO_0000014>	<http://purl.obolibrary.org/obo/BFO_0000050>	<http://purl.obolibrary.org/obo/XAO_0000010>
<http://purl.obolibrary.org/obo/XAO_0000034>	<http://purl.obolibrary.org/obo/RO_0002202>	<http://purl.obolibrary.org/obo/XAO_0004394>
<http://purl.obolibrary.org/obo/XAO_0004123>	<http://purl.obolibrary.org/obo/BFO_0000050>	<http://purl.obolibrary.org/obo/XAO_0000064>
<http://purl.obolibrary.org/obo/XAO_0003193>	<http://purl.obolibrary.org/obo/xao#start_stage>	<http://purl.obolibrary.org/obo/XAO_1000050>
<http://purl.obolibrary.org/obo/XAO_0004184>	<http://purl.obolibrary.org/obo/xao#end_stage>	<http://purl.obolibrary.org/obo/XAO_0000437>
<http://purl.obolibrary.org/obo/XAO_0006014>	<http://purl.obolibrary.org/obo/xao#start_stage>	<http://purl.obolibrary.org/obo/XAO_1000093>
<http://purl.obolibrary.org/obo/XAO_0004518>	<http://purl.obolibrary.org/obo/xao#start_stage>	<http://purl.obolibrary.org/obo/XAO_1000045>
<http://purl.obolibrary.org/obo/XAO_0005144>	<http://purl.obolibrary.org/obo/xao#end_stage>	<http://purl.obolibrary.org/obo/XAO_0000437>
<http://purl.obolibrary.org/obo/XAO_0005222>	<http://purl.obolibrary.org/obo/xao#end_stage>	<http://purl.obolibrary.org/obo/XAO_0000437>
<http://purl.obolibrary.org/obo/XAO_0000208>	<http://purl.obolibrary.org/obo/RO_0002202>	<http://purl.obolibrary.org/obo/XAO_0000090>
<http://purl.obolibrary.org/obo/XAO_0004295>	<http://purl.obolibrary.org/obo/xao#start_stage>	<http://purl.obolibrary.org/obo/XAO_1000068>
<http://purl.obolibrary.org/obo/XAO_0000273>	<http://purl.obolibrary.org/obo/BFO_0000050>	<http://purl.obolibrary.org/obo/XAO_0003196>
<http://purl.obolibrary.org/obo/XAO_0000080>	<http://purl.obolibrary.org/obo/xao#end_stage>	<http://purl.obolibrary.org/obo/XAO_0000437>
<http://purl.obolibrary.org/obo/XAO_0004063>	<http://purl.obolibrary.org/obo/xao#start_stage>	<http://purl.obolibrary.org/obo/XAO_1000041>
<http://purl.obolibrary.org/obo/XAO_0005179>	<http://purl.obolibrary.org/obo/xao#end_stage>	<http://purl.obolibrary.org/obo/XAO_0000437>
<http://purl.obolibrary.org/obo/XAO_0004097>	<http://purl.obolibrary.org/obo/BFO_0000050>	<http://purl.obolibrary.org/obo/XAO_0003216>
<http://purl.obolibrary.org/obo/XAO_0004162>	<http://purl.obolibrary.org/obo/xao#start_stage>	<http://purl.obolibrary.org/obo/XAO_1000053>
<http://purl.obolibrary.org/obo/XAO_0004203>	<http://purl.obolibrary.org/obo/xao#start_stage>	<http://purl.obolibrary.org/obo/XAO_1000072>
<http://purl.obolibrary.org/obo/XAO_1000042>	<http://purl.obolibrary.org/obo/xao#preceded_by>	<http://purl.obolibrary.org/obo/XAO_1000041>
<http://purl.obolibrary.org/obo/XAO_0000004>	<http://purl.obolibrary.org/obo/xao#start_stage>	<http://purl.obolibrary.org/obo/XAO_1000041>
<http://purl.obolibrary.org/obo/XAO_0000428>	<http://purl.obolibrary.org/obo/xao#start_stage>	<http://purl.obolibrary.org/obo/XAO_1000040>
<http://purl.obolibrary.org/obo/XAO_0004399>	<http://purl.obolibrary.org/obo/xao#end_stage>	<http://purl.obolibrary.org/obo/XAO_0000437>
<http://purl.obolibrary.org/obo/XAO_0000326>	<http://purl.obolibrary.org/obo/xao#start_stage>	<http://purl.obolibrary.org/obo/XAO_1000055>
<http://purl.obolibrary.org/obo/XAO_0004403>	<http://purl.obolibrary.org/obo/xao#start_stage>	<http://purl.obolibrary.org/obo/XAO_1000020>
<http://purl.obolibrary.org/obo/XAO_0004482>	<http://purl.obolibrary.org/obo/xao#end_stage>	<http://purl.obolibrary.org/obo/XAO_1000044>
<http://purl.obolibrary.org/obo/XAO_0000384>	<http://purl.obolibrary.org/obo/xao#end_stage>	<http://purl.obolibrary.org/obo/XAO_0000437>
<http://purl.obolibrary.org/obo/XAO_0000179>	<http://purl.obolibrary.org/obo/xao#start_stage>	<http://purl.obolibrary.org/obo/XAO_1000044>
<http://purl.obolibrary.org/obo/XAO_0004520>	<http://purl.obolibrary.org/obo/xao#end_stage>	<http://purl.obolibrary.org/obo/XAO_1000076>
<http://purl.obolibrary.org/obo/XAO_0000010>	<http://purl.obolibrary.org/obo/RO_0002202>	<http://purl.obolibrary.org/obo/XAO_0003204>
<http://purl.obolibrary.org/obo/XAO_0005309>	<http://purl.obolibrary.org/obo/BFO_0000050>	<http://purl.obolibrary.org/obo/XAO_0003024>
<http://purl.obolibrary.org/obo/XAO_0004205>	<http://purl.obolibrary.org/obo/BFO_0000050>	<http://purl.obolibrary.org/obo/XAO_0005128>
<http://purl.obolibrary.org/obo/XAO_0000354>	<http://purl.obolibrary.org/obo/xao#start_stage>	<http://purl.obolibrary.org/obo/XAO_1000053>
<http://purl.obolibrary.org/obo/XAO_0004285>	<http://purl.obolibrary.org/obo/xao#start_stage>	<http://purl.obolibrary.org/obo/XAO_1000066>
<http://purl.obolibrary.org/obo/XAO_0000259>	<http://purl.obolibrary.org/obo/xao#end_stage>	<http://purl.obolibrary.org/obo/XAO_1000045>
<http://purl.obolibrary.org/obo/XAO_0003251>	<http://purl.obolibrary.org/obo/xao#start_stage>	<http://purl.obolibrary.org/obo/XAO_1000025>
<http://purl.obolibrary.org/obo/XAO_0004555>	<http://purl.obolibrary.org/obo/xao#start_stage>	<http://purl.obolibrary.org/obo/XAO_1000042>
<http://purl.obolibrary.org/obo/XAO_0003171>	<http://purl.obolibrary.org/obo/BFO_0000050>	<http://purl.obolibrary.org/obo/XAO_0003075>
<http://purl.obolibrary.org/obo/XAO_0003216>	<http://purl.obolibrary.org/obo/RO_0002202>	<http://purl.obolibrary.org/obo/XAO_0000266>
<http://purl.obolibrary.org/obo/XAO_0005300>	<http://purl.obolibrary.org/obo/xao#end_stage>	<http://purl.obolibrary.org/obo/XAO_0000437>
<http://purl.obolibrary.org/obo/XAO_0005140>	<http://purl.obolibrary.org/obo/RO_0002202>	<http://purl.obolibrary.org/obo/XAO_0001002>
<http://purl.obolibrary.org/obo/XAO_0003033>	<http://purl.obolibrary.org/obo/xao#end_stage>	<http://purl.obolibrary.org/obo/XAO_0000437>
<http://purl.obolibrary.org/obo/XAO_0000063>	<http://purl.obolibrary.org/obo/xao#end_stage>	<http://purl.obolibrary.org/obo/XAO_1000067>
<http://purl.obolibrary.org/obo/XAO_0004045>	<http://purl.obolibrary.org/obo/xao#start_stage>	<http://purl.obolibrary.org/obo/XAO_1000057>
<http://purl.obolibrary.org/obo/XAO_0003212>	<http://purl.obolibrary.org/obo/BFO_0000050>	<http://purl.obolibrary.org/obo/XAO_0003062>
<http://purl.obolibrary.org/obo/XAO_0000294>	<http://purl.obolibrary.org/obo/xao#start_stage>	<http://purl.obolibrary.org/obo/XAO_1000017>
<http://purl.obolibrary.org/obo/XAO_0005112>	<http://purl.obolibrary.org/obo/xao#end_stage>	<http://purl.obolibrary.org/obo/XAO_1000016>
<http://purl.obolibrary.org/obo/XAO_0004597>	<http://purl.obolibrary.org/obo/BFO_0000050>	<http://purl.obolibrary.org/obo/XAO_0000215>
<http://purl.obolibrary.org/obo/XAO_0003104>	<http://purl.obolibrary.org/obo/xao#end_stage>	<http://purl.obolibrary.org/obo/XAO_1000042>
<http://purl.obolibrary.org/obo/XAO_0000074>	<http://purl.obolibrary.org/obo/xao#end_stage>	<http://purl.obolibrary.org/obo/XAO_1000022>
<http://purl.obolibrary.org/obo/XAO_0005205>	<http://purl.obolibrary.org/obo/xao#end_stage>	<http://purl.obolibrary.org/obo/XAO_0000437>
<http://purl.obolibrary.org/obo/XAO_0006022>	<http://purl.obolibrary.org/obo/xao#end_stage>	<http://purl.obolibrary.org/obo/XAO_0000437>
<http://purl.obolibrary.org/obo/XAO_0000052>	<http://purl.obolibrary.org/obo/RO_0002202>	<http://purl.obolibrary.org/obo/XAO_0000358>
<http://purl.obolibrary.org/obo/XAO_0000131>	<http://purl.obolibrary.org/obo/xao#start_stage>	<http://purl.obolibrary.org/obo/XAO_1000053>
<http://purl.obolibrary.org/obo/XAO_0005166>	<http://purl.obolibrary.org/obo/BFO_0000050>	<http://purl.obolibrary.org/obo/XAO_0000125>
<http://purl.obolibrary.org/obo/XAO_0000295>	<http://purl.obolibrary.org/obo/xao#start_stage>	<http://purl.obolibrary.org/obo/XAO_1000032>
<http://purl.obolibrary.org/obo/XAO_0004018>	<http://purl.obolibrary.org/obo/RO_0002202>	<http://purl.obolibrary.org/obo/XAO_0004022>
<http://purl.obolibrary.org/obo/XAO_0004278>	<http://purl.obolibrary.org/obo/BFO_0000050>	<http://purl.obolibrary.org/obo/XAO_0003063>
<http://purl.obolibrary.org/obo/XAO_0004227>	<http://purl.obolibrary.org/obo/RO_0002202>	<http://purl.obolibrary.org/obo/XAO_0000249>
<http://purl.obolibrary.org/obo/XAO_0004500>	<http://purl.obolibrary.org/obo/BFO_0000050>	<http://purl.obolibrary.org/obo/XAO_0004019>
<http://purl.obolibrary.org/obo/XAO_1000036>	<http://purl.obolibrary.org/obo/BFO_0000050>	<http://purl.obolibrary.org/obo/XAO_1000006>
<http://purl.obolibrary.org/obo/XAO_0004422>	<http://purl.obolibrary.org/obo/xao#end_stage>	<http://purl.obolibrary.org/obo/XAO_0000437>
<http://purl.obolibrary.org/obo/XAO_0005250>	<http://purl.obolibrary.org/obo/BFO_0000050>	<http://purl.obolibrary.org/obo/XAO_0005247>
<http://purl.obolibrary.org/obo/XAO_0004512>	<http://purl.obolibrary.org/obo/xao#end_stage>	<http://purl.obolibrary.org/obo/XAO_1000035>
<http://purl.obolibrary.org/obo/XAO_0003061>	<http://purl.obolibrary.org/obo/BFO_0000050>	<http://purl.obolibrary.org/obo/XAO_0003030>
<http://purl.obolibrary.org/obo/XAO_0006020>	<http://purl.obolibrary.org/obo/BFO_0000050>	<http://purl.obolibrary.org/obo/XAO_0005039>
<http://purl.obolibrary.org/obo/XAO_0004362>	<http://purl.obolibrary.org/obo/xao#start_stage>	<http://purl.obolibrary.org/obo/XAO_1000052>
<http://purl.obolibrary.org/obo/XAO_0003016>	<http://purl.obolibrary.org/obo/xao#end_stage>	<http://purl.obolibrary.org/obo/XAO_1000017>
<http://purl.obolibrary.org/obo/XAO_0000279>	<http://purl.obolibrary.org/obo/xao#end_stage>	<http://purl.obolibrary.org/obo/XAO_1000017>
<http://purl.obolibrary.org/obo/XAO_0000148>	<http://purl.obolibrary.org/obo/BFO_0000050>	<http://purl.obolibrary.org/obo/XAO_0000292>
<http://purl.obolibrary.org/obo/XAO_0003076>	<http://purl.obolibrary.org/obo/RO_0002202>	<http://purl.obolibrary.org/obo/XAO_0000406>
<http://purl.obolibrary.org/obo/XAO_0003169>	<http://purl.obolibrary.org/obo/xao#end_stage>	<http://purl.obolibrary.org/obo/XAO_0000437>
<http://purl.obolibrary.org/obo/XAO_0000116>	<http://purl.obolibrary.org/obo/xao#end_stage>	<http://purl.obolibrary.org/obo/XAO_0000437>
<http://purl.obolibrary.org/obo/XAO_0004176>	<http://purl.obolibrary.org/obo/xao#start_stage>	<http://purl.obolibrary.org/obo/XAO_1000056>
<http://purl.obolibrary.org/obo/XAO_0003091>	<http://purl.obolibrary.org/obo/xao#start_stage>	<http://purl.obolibrary.org/obo/XAO_1000049>
<http://purl.obolibrary.org/obo/XAO_0001101>	<http://purl.obolibrary.org/obo/xao#start_stage>	<http://purl.obolibrary.org/obo/XAO_1000043>
<http://purl.obolibrary.org/obo/XAO_0005162>	<http://purl.obolibrary.org/obo/xao#start_stage>	<http://purl.obolibrary.org/obo/XAO_1000040>
<http://purl.obolibrary.org/obo/XAO_0000091>	<http://purl.obolibrary.org/obo/xao#end_stage>	<http://purl.obolibrary.org/obo/XAO_1000078>
<http://purl.obolibrary.org/obo/XAO_0005147>	<http://purl.obolibrary.org/obo/xao#end_stage>	<http://purl.obolibrary.org/obo/XAO_0000437>
<http://purl.obolibrary.org/obo/XAO_0005283>	<http://purl.obolibrary.org/obo/xao#start_stage>	<http://purl.obolibrary.org/obo/XAO_1000023>
<http://purl.obolibrary.org/obo/XAO_0005130>	<http://purl.obolibrary.org/obo/BFO_0000050>	<http://purl.obolibrary.org/obo/XAO_0000128>
<http://purl.obolibrary.org/obo/XAO_0005159>	<http://purl.obolibrary.org/obo/BFO_0000050>	<http://purl.obolibrary.org/obo/XAO_0005129>
<http://purl.obolibrary.org/obo/XAO_0004037>	<http://purl.obolibrary.org/obo/xao#start_stage>	<http://purl.obolibrary.org/obo/XAO_1000038>
<http://purl.obolibrary.org/obo/XAO_0004207>	<http://purl.obolibrary.org/obo/BFO_0000050>	<http://purl.obolibrary.org/obo/XAO_0004092>
<http://purl.obolibrary.org/obo/XAO_0000094>	<http://purl.obolibrary.org/obo/RO_0002202>	<http://purl.obolibrary.org/obo/XAO_0000077>
<http://purl.obolibrary.org/obo/XAO_0003269>	<http://purl.obolibrary.org/obo/RO_0002202>	<http://purl.obolibrary.org/obo/XAO_0005287>
<http://purl.obolibrary.org/obo/XAO_0006046>	<http://purl.obolibrary.org/obo/xao#end_stage>	<http://purl.obolibrary.org/obo/XAO_0000437>
<http://purl.obolibrary.org/obo/XAO_1000013>	<http://purl.obolibrary.org/obo/xao#preceded_by>	<http://purl.obolibrary.org/obo/XAO_1000011>
<http://purl.obolibrary.org/obo/XAO_0006016>	<http://purl.obolibrary.org/obo/RO_0002202>	<http://purl.obolibrary.org/obo/XAO_0003266>
<http://purl.obolibrary.org/obo/XAO_0000401>	<http://purl.obolibrary.org/obo/xao#end_stage>	<http://purl.obolibrary.org/obo/XAO_1000059>
<http://purl.obolibrary.org/obo/XAO_0004346>	<http://purl.obolibrary.org/obo/xao#end_stage>	<http://purl.obolibrary.org/obo/XAO_1000078>
<http://purl.obolibrary.org/obo/XAO_0004183>	<http://purl.obolibrary.org/obo/BFO_0000050>	<http://purl.obolibrary.org/obo/XAO_0000064>
<http://purl.obolibrary.org/obo/XAO_0004246>	<http://purl.obolibrary.org/obo/xao#start_stage>	<http://purl.obolibrary.org/obo/XAO_1000038>
<http://purl.obolibrary.org/obo/XAO_0005235>	<http://purl.obolibrary.org/obo/xao#start_stage>	<http://purl.obolibrary.org/obo/XAO_1000038>
<http://purl.obolibrary.org/obo/XAO_0004380>	<http://purl.obolibrary.org/obo/xao#end_stage>	<http://purl.obolibrary.org/obo/XAO_1000078>
<http://purl.obolibrary.org/obo/XAO_0000371>	<http://purl.obolibrary.org/obo/xao#end_stage>	<http://purl.obolibrary.org/obo/XAO_0000437>
<http://purl.obolibrary.org/obo/XAO_0000015>	<http://purl.obolibrary.org/obo/xao#start_stage>	<http://purl.obolibrary.org/obo/XAO_1000038>
<http://purl.obolibrary.org/obo/XAO_0004568>	<http://purl.obolibrary.org/obo/xao#start_stage>	<http://purl.obolibrary.org/obo/XAO_1000047>
<http://purl.obolibrary.org/obo/XAO_0000047>	<http://purl.obolibrary.org/obo/xao#end_stage>	<http://purl.obolibrary.org/obo/XAO_1000038>
<http://purl.obolibrary.org/obo/XAO_1000015>	<http://purl.obolibrary.org/obo/BFO_0000050>	<http://purl.obolibrary.org/obo/XAO_1000004>
<http://purl.obolibrary.org/obo/XAO_1000073>	<http://purl.obolibrary.org/obo/BFO_0000050>	<http://purl.obolibrary.org/obo/XAO_1000091>
<http://purl.obolibrary.org/obo/XAO_0003144>	<http://purl.obolibrary.org/obo/BFO_0000050>	<http://purl.obolibrary.org/obo/XAO_0000192>
<http://purl.obolibrary.org/obo/XAO_0003055>	<http://purl.obolibrary.org/obo/BFO_0000050>	<http://purl.obolibrary.org/obo/XAO_0006016>
<http://purl.obolibrary.org/obo/XAO_0004381>	<http://purl.obolibrary.org/obo/xao#end_stage>	<http://purl.obolibrary.org/obo/XAO_1000078>
<http://purl.obolibrary.org/obo/XAO_0004465>	<http://purl.obolibrary.org/obo/BFO_0000050>	<http://purl.obolibrary.org/obo/XAO_0000192>
<http://purl.obolibrary.org/obo/XAO_0000367>	<http://purl.obolibrary.org/obo/xao#end_stage>	<http://purl.obolibrary.org/obo/XAO_0000437>
<http://purl.obolibrary.org/obo/XAO_0005017>	<http://purl.obolibrary.org/obo/xao#end_stage>	<http://purl.obolibrary.org/obo/XAO_0000437>
<http://purl.obolibrary.org/obo/XAO_0000109>	<http://purl.obolibrary.org/obo/xao#start_stage>	<http://purl.obolibrary.org/obo/XAO_1000041>
<http://purl.obolibrary.org/obo/XAO_0004617>	<http://purl.obolibrary.org/obo/xao#start_stage>	<http://purl.obolibrary.org/obo/XAO_1000034>
<http://purl.obolibrary.org/obo/XAO_0001012>	<http://purl.obolibrary.org/obo/xao#end_stage>	<http://purl.obolibrary.org/obo/XAO_0000437>
<http://purl.obolibrary.org/obo/XAO_0000045>	<http://purl.obolibrary.org/obo/BFO_0000050>	<http://purl.obolibrary.org/obo/XAO_0000249>
<http://purl.obolibrary.org/obo/XAO_0000144>	<http://purl.obolibrary.org/obo/xao#end_stage>	<http://purl.obolibrary.org/obo/XAO_0000437>
<http://purl.obolibrary.org/obo/XAO_0004537>	<http://purl.obolibrary.org/obo/BFO_0000050>	<http://purl.obolibrary.org/obo/XAO_0004271>
<http://purl.obolibrary.org/obo/XAO_0004582>	<http://purl.obolibrary.org/obo/xao#end_stage>	<http://purl.obolibrary.org/obo/XAO_0000437>
<http://purl.obolibrary.org/obo/XAO_0000079>	<http://purl.obolibrary.org/obo/RO_0002202>	<http://purl.obolibrary.org/obo/XAO_0000050>
<http://purl.obolibrary.org/obo/XAO_0004062>	<http://purl.obolibrary.org/obo/xao#end_stage>	<http://purl.obolibrary.org/obo/XAO_1000078>
<http://purl.obolibrary.org/obo/XAO_0003149>	<http://purl.obolibrary.org/obo/RO_0002202>	<http://purl.obolibrary.org/obo/XAO_0000090>
<http://purl.obolibrary.org/obo/XAO_0004506>	<http://purl.obolibrary.org/obo/BFO_0000050>	<http://purl.obolibrary.org/obo/XAO_0004316>
<http://purl.obolibrary.org/obo/XAO_0000110>	<http://purl.obolibrary.org/obo/xao#end_stage>	<http://purl.obolibrary.org/obo/XAO_1000045>
<http://purl.obolibrary.org/obo/XAO_0005183>	<http://purl.obolibrary.org/obo/xao#start_stage>	<http://purl.obolibrary.org/obo/XAO_1000025>
<http://purl.obolibrary.org/obo/XAO_0000220>	<http://purl.obolibrary.org/obo/RO_0002202>	<http://purl.obolibrary.org/obo/XAO_0000416>
<http://purl.obolibrary.org/obo/XAO_0000040>	<http://purl.obolibrary.org/obo/xao#start_stage>	<http://purl.obolibrary.org/obo/XAO_1000023>
<http://purl.obolibrary.org/obo/XAO_0000190>	<http://purl.obolibrary.org/obo/RO_0002202>	<http://purl.obolibrary.org/obo/XAO_0005141>
<http://purl.obolibrary.org/obo/XAO_1000070>	<http://purl.obolibrary.org/obo/xao#preceded_by>	<http://purl.obolibrary.org/obo/XAO_1000069>
<http://purl.obolibrary.org/obo/XAO_0004301>	<http://purl.obolibrary.org/obo/xao#start_stage>	<http://purl.obolibrary.org/obo/XAO_1000038>
<http://purl.obolibrary.org/obo/XAO_0006041>	<http://purl.obolibrary.org/obo/xao#start_stage>	<http://purl.obolibrary.org/obo/XAO_1000040>
<http://purl.obolibrary.org/obo/XAO_0005227>	<http://purl.obolibrary.org/obo/BFO_0000050>	<http://purl.obolibrary.org/obo/XAO_0000055>
<http://purl.obolibrary.org/obo/XAO_0000386>	<http://purl.obolibrary.org/obo/xao#start_stage>	<http://purl.obolibrary.org/obo/XAO_1000049>
<http://purl.obolibrary.org/obo/XAO_0004399>	<http://purl.obolibrary.org/obo/xao#start_stage>	<http://purl.obolibrary.org/obo/XAO_1000023>
<http://purl.obolibrary.org/obo/XAO_0000277>	<http://purl.obolibrary.org/obo/BFO_0000050>	<http://purl.obolibrary.org/obo/XAO_0005505>
<http://purl.obolibrary.org/obo/XAO_0000085>	<http://purl.obolibrary.org/obo/RO_0002202>	<http://purl.obolibrary.org/obo/XAO_0000050>
<http://purl.obolibrary.org/obo/XAO_0000246>	<http://purl.obolibrary.org/obo/BFO_0000050>	<http://purl.obolibrary.org/obo/XAO_0000315>
<http://purl.obolibrary.org/obo/XAO_0001002>	<http://purl.obolibrary.org/obo/BFO_0000050>	<http://purl.obolibrary.org/obo/XAO_0000117>
<http://purl.obolibrary.org/obo/XAO_0004005>	<http://purl.obolibrary.org/obo/BFO_0000050>	<http://purl.obolibrary.org/obo/XAO_0003004>
<http://purl.obolibrary.org/obo/XAO_0004305>	<http://purl.obolibrary.org/obo/RO_0002202>	<http://purl.obolibrary.org/obo/XAO_0000001>
<http://purl.obolibrary.org/obo/XAO_0004440>	<http://purl.obolibrary.org/obo/xao#end_stage>	<http://purl.obolibrary.org/obo/XAO_1000052>
<http://purl.obolibrary.org/obo/XAO_0000370>	<http://purl.obolibrary.org/obo/BFO_0000050>	<http://purl.obolibrary.org/obo/XAO_0004423>
<http://purl.obolibrary.org/obo/XAO_0004339>	<http://purl.obolibrary.org/obo/xao#start_stage>	<http://purl.obolibrary.org/obo/XAO_1000053>
<http://purl.obolibrary.org/obo/XAO_0003080>	<http://purl.obolibrary.org/obo/RO_0002202>	<http://purl.obolibrary.org/obo/XAO_0000419>
<http://purl.obolibrary.org/obo/XAO_0000225>	<http://purl.obolibrary.org/obo/xao#end_stage>	<http://purl.obolibrary.org/obo/XAO_1000045>
<http://purl.obolibrary.org/obo/XAO_0004276>	<http://purl.obolibrary.org/obo/xao#start_stage>	<http://purl.obolibrary.org/obo/XAO_1000057>
<http://purl.obolibrary.org/obo/XAO_0004451>	<http://purl.obolibrary.org/obo/xao#start_stage>	<http://purl.obolibrary.org/obo/XAO_1000047>
<http://purl.obolibrary.org/obo/XAO_0005008>	<http://purl.obolibrary.org/obo/xao#start_stage>	<http://purl.obolibrary.org/obo/XAO_1000001>
<http://purl.obolibrary.org/obo/XAO_0000067>	<http://purl.obolibrary.org/obo/xao#end_stage>	<http://purl.obolibrary.org/obo/XAO_1000056>
<http://purl.obolibrary.org/obo/XAO_0005229>	<http://purl.obolibrary.org/obo/RO_0002202>	<http://purl.obolibrary.org/obo/XAO_0000048>
<http://purl.obolibrary.org/obo/XAO_0004523>	<http://purl.obolibrary.org/obo/xao#start_stage>	<http://purl.obolibrary.org/obo/XAO_1000036>
<http://purl.obolibrary.org/obo/XAO_0000014>	<http://purl.obolibrary.org/obo/xao#start_stage>	<http://purl.obolibrary.org/obo/XAO_1000038>
<http://purl.obolibrary.org/obo/XAO_0003212>	<http://purl.obolibrary.org/obo/BFO_0000050>	<http://purl.obolibrary.org/obo/XAO_0004300>
<http://purl.obolibrary.org/obo/XAO_0003257>	<http://purl.obolibrary.org/obo/xao#start_stage>	<http://purl.obolibrary.org/obo/XAO_1000038>
<http://purl.obolibrary.org/obo/XAO_0004560>	<http://purl.obolibrary.org/obo/xao#start_stage>	<http://purl.obolibrary.org/obo/XAO_1000038>
<http://purl.obolibrary.org/obo/XAO_0005071>	<http://purl.obolibrary.org/obo/BFO_0000050>	<http://purl.obolibrary.org/obo/XAO_0000023>
<http://purl.obolibrary.org/obo/XAO_0000100>	<http://purl.obolibrary.org/obo/xao#end_stage>	<http://purl.obolibrary.org/obo/XAO_0000437>
<http://purl.obolibrary.org/obo/XAO_0003018>	<http://purl.obolibrary.org/obo/xao#start_stage>	<http://purl.obolibrary.org/obo/XAO_1000071>
<http://purl.obolibrary.org/obo/XAO_0004090>	<http://purl.obolibrary.org/obo/BFO_0000050>	<http://purl.obolibrary.org/obo/XAO_0000045>
<http://purl.obolibrary.org/obo/XAO_0003221>	<http://purl.obolibrary.org/obo/BFO_0000050>	<http://purl.obolibrary.org/obo/XAO_0003216>
<http://purl.obolibrary.org/obo/XAO_0006022>	<http://purl.obolibrary.org/obo/xao#start_stage>	<http://purl.obolibrary.org/obo/XAO_1000052>
<http://purl.obolibrary.org/obo/XAO_0005304>	<http://purl.obolibrary.org/obo/xao#end_stage>	<http://purl.obolibrary.org/obo/XAO_1000034>
<http://purl.obolibrary.org/obo/XAO_0000427>	<http://purl.obolibrary.org/obo/xao#start_stage>	<http://purl.obolibrary.org/obo/XAO_1000040>
<http://purl.obolibrary.org/obo/XAO_0005425>	<http://purl.obolibrary.org/obo/xao#start_stage>	<http://purl.obolibrary.org/obo/XAO_1000051>
<http://purl.obolibrary.org/obo/XAO_0000118>	<http://purl.obolibrary.org/obo/xao#start_stage>	<http://purl.obolibrary.org/obo/XAO_1000049>
<http://purl.obolibrary.org/obo/XAO_0005262>	<http://purl.obolibrary.org/obo/xao#end_stage>	<http://purl.obolibrary.org/obo/XAO_1000078>
<http://purl.obolibrary.org/obo/XAO_0004127>	<http://purl.obolibrary.org/obo/xao#start_stage>	<http://purl.obolibrary.org/obo/XAO_1000054>
<http://purl.obolibrary.org/obo/XAO_0004032>	<http://purl.obolibrary.org/obo/xao#end_stage>	<http://purl.obolibrary.org/obo/XAO_0000437>
<http://purl.obolibrary.org/obo/XAO_0000175>	<http://purl.obolibrary.org/obo/xao#start_stage>	<http://purl.obolibrary.org/obo/XAO_1000043>
<http://purl.obolibrary.org/obo/XAO_0006026>	<http://purl.obolibrary.org/obo/BFO_0000050>	<http://purl.obolibrary.org/obo/XAO_0003152>
<http://purl.obolibrary.org/obo/XAO_0004163>	<http://purl.obolibrary.org/obo/RO_0002202>	<http://purl.obolibrary.org/obo/XAO_0000311>
<http://purl.obolibrary.org/obo/XAO_0005211>	<http://purl.obolibrary.org/obo/xao#start_stage>	<http://purl.obolibrary.org/obo/XAO_1000032>
<http://purl.obolibrary.org/obo/XAO_0004091>	<http://purl.obolibrary.org/obo/RO_0002202>	<http://purl.obolibrary.org/obo/XAO_0004132>
<http://purl.obolibrary.org/obo/XAO_0000345>	<http://purl.obolibrary.org/obo/xao#end_stage>	<http://purl.obolibrary.org/obo/XAO_0000437>
<http://purl.obolibrary.org/obo/XAO_1000030>	<http://purl.obolibrary.org/obo/xao#preceded_by>	<http://purl.obolibrary.org/obo/XAO_1000020>
<http://purl.obolibrary.org/obo/XAO_0005307>	<http://purl.obolibrary.org/obo/xao#start_stage>	<http://purl.obolibrary.org/obo/XAO_1000032>
<http://purl.obolibrary.org/obo/XAO_0001103>	<http://purl.obolibrary.org/obo/xao#end_stage>	<http://purl.obolibrary.org/obo/XAO_1000057>
<http://purl.obolibrary.org/obo/XAO_0004324>	<http://purl.obolibrary.org/obo/xao#start_stage>	<http://purl.obolibrary.org/obo/XAO_1000051>
<http://purl.obolibrary.org/obo/XAO_0004300>	<http://purl.obolibrary.org/obo/BFO_0000050>	<http://purl.obolibrary.org/obo/XAO_0003031>
<http://purl.obolibrary.org/obo/XAO_0004463>	<http://purl.obolibrary.org/obo/BFO_0000050>	<http://purl.obolibrary.org/obo/XAO_0000090>
<http://purl.obolibrary.org/obo/XAO_0005116>	<http://purl.obolibrary.org/obo/xao#end_stage>	<http://purl.obolibrary.org/obo/XAO_0000437>
<http://purl.obolibrary.org/obo/XAO_0000320>	<http://purl.obolibrary.org/obo/xao#end_stage>	<http://purl.obolibrary.org/obo/XAO_1000078>
<http://purl.obolibrary.org/obo/XAO_0003061>	<http://purl.obolibrary.org/obo/BFO_0000050>	<http://purl.obolibrary.org/obo/XAO_0003166>
<http://purl.obolibrary.org/obo/XAO_0004262>	<http://purl.obolibrary.org/obo/xao#end_stage>	<http://purl.obolibrary.org/obo/XAO_0000437>
<http://purl.obolibrary.org/obo/XAO_0003032>	<http://purl.obolibrary.org/obo/BFO_0000050>	<http://purl.obolibrary.org/obo/XAO_0004265>
<http://purl.obolibrary.org/obo/XAO_0004434>	<http://purl.obolibrary.org/obo/xao#start_stage>	<http://purl.obolibrary.org/obo/XAO_1000050>
<http://purl.obolibrary.org/obo/XAO_0000055>	<http://purl.obolibrary.org/obo/RO_0002202>	<http://purl.obolibrary.org/obo/XAO_0000205>
<http://purl.obolibrary.org/obo/XAO_0000096>	<http://purl.obolibrary.org/obo/xao#end_stage>	<http://purl.obolibrary.org/obo/XAO_0000437>
<http://purl.obolibrary.org/obo/XAO_0000330>	<http://purl.obolibrary.org/obo/RO_0002202>	<http://purl.obolibrary.org/obo/XAO_0000085>
<http://purl.obolibrary.org/obo/XAO_0000458>	<http://purl.obolibrary.org/obo/RO_0002202>	<http://purl.obolibrary.org/obo/XAO_0000440>
<http://purl.obolibrary.org/obo/XAO_0004271>	<http://purl.obolibrary.org/obo/xao#end_stage>	<http://purl.obolibrary.org/obo/XAO_0000437>
<http://purl.obolibrary.org/obo/XAO_0004542>	<http://purl.obolibrary.org/obo/xao#start_stage>	<http://purl.obolibrary.org/obo/XAO_1000047>
<http://purl.obolibrary.org/obo/XAO_0005031>	<http://purl.obolibrary.org/obo/xao#end_stage>	<http://purl.obolibrary.org/obo/XAO_1000078>
<http://purl.obolibrary.org/obo/XAO_0000024>	<http://purl.obolibrary.org/obo/BFO_0000050>	<http://purl.obolibrary.org/obo/XAO_0001001>
<http://purl.obolibrary.org/obo/XAO_0004473>	<http://purl.obolibrary.org/obo/BFO_0000050>	<http://purl.obolibrary.org/obo/XAO_0000311>
<http://purl.obolibrary.org/obo/XAO_0004309>	<http://purl.obolibrary.org/obo/BFO_0000050>	<http://purl.obolibrary.org/obo/XAO_0000048>
<http://purl.obolibrary.org/obo/XAO_0005091>	<http://purl.obolibrary.org/obo/RO_0002202>	<http://purl.obolibrary.org/obo/XAO_0005085>
<http://purl.obolibrary.org/obo/XAO_0000056>	<http://purl.obolibrary.org/obo/BFO_0000050>	<http://purl.obolibrary.org/obo/XAO_0000090>
<http://purl.obolibrary.org/obo/XAO_0004147>	<http://purl.obolibrary.org/obo/RO_0002202>	<http://purl.obolibrary.org/obo/XAO_0004144>
<http://purl.obolibrary.org/obo/XAO_0000459>	<http://purl.obolibrary.org/obo/xao#end_stage>	<http://purl.obolibrary.org/obo/XAO_0000437>
<http://purl.obolibrary.org/obo/XAO_0003239>	<http://purl.obolibrary.org/obo/xao#end_stage>	<http://purl.obolibrary.org/obo/XAO_0000437>
<http://purl.obolibrary.org/obo/XAO_0000198>	<http://purl.obolibrary.org/obo/BFO_0000050>	<http://purl.obolibrary.org/obo/XAO_0000193>
<http://purl.obolibrary.org/obo/XAO_0005076>	<http://purl.obolibrary.org/obo/BFO_0000050>	<http://purl.obolibrary.org/obo/XAO_0000012>
<http://purl.obolibrary.org/obo/XAO_0004113>	<http://purl.obolibrary.org/obo/xao#end_stage>	<http://purl.obolibrary.org/obo/XAO_1000021>
<http://purl.obolibrary.org/obo/XAO_0005290>	<http://purl.obolibrary.org/obo/xao#end_stage>	<http://purl.obolibrary.org/obo/XAO_1000084>
<http://purl.obolibrary.org/obo/XAO_0004418>	<http://purl.obolibrary.org/obo/xao#end_stage>	<http://purl.obolibrary.org/obo/XAO_0000437>
<http://purl.obolibrary.org/obo/XAO_0000231>	<http://purl.obolibrary.org/obo/BFO_0000050>	<http://purl.obolibrary.org/obo/XAO_0000258>
<http://purl.obolibrary.org/obo/XAO_0000440>	<http://purl.obolibrary.org/obo/xao#start_stage>	<http://purl.obolibrary.org/obo/XAO_1000044>
<http://purl.obolibrary.org/obo/XAO_0004148>	<http://purl.obolibrary.org/obo/BFO_0000050>	<http://purl.obolibrary.org/obo/XAO_0000122>
<http://purl.obolibrary.org/obo/XAO_0004206>	<http://purl.obolibrary.org/obo/xao#end_stage>	<http://purl.obolibrary.org/obo/XAO_1000047>
<http://purl.obolibrary.org/obo/XAO_0004481>	<http://purl.obolibrary.org/obo/xao#start_stage>	<http://purl.obolibrary.org/obo/XAO_1000068>
<http://purl.obolibrary.org/obo/XAO_0000159>	<http://purl.obolibrary.org/obo/RO_0002202>	<http://purl.obolibrary.org/obo/XAO_0001103>
<http://purl.obolibrary.org/obo/XAO_0000328>	<http://purl.obolibrary.org/obo/xao#start_stage>	<http://purl.obolibrary.org/obo/XAO_1000057>
<http://purl.obolibrary.org/obo/XAO_0000273>	<http://purl.obolibrary.org/obo/xao#end_stage>	<http://purl.obolibrary.org/obo/XAO_0000437>
<http://purl.obolibrary.org/obo/XAO_0003196>	<http://purl.obolibrary.org/obo/xao#end_stage>	<http://purl.obolibrary.org/obo/XAO_0000437>
<http://purl.obolibrary.org/obo/XAO_0000012>	<http://purl.obolibrary.org/obo/xao#start_stage>	<http://purl.obolibrary.org/obo/XAO_1000038>
<http://purl.obolibrary.org/obo/XAO_1000073>	<http://purl.obolibrary.org/obo/xao#preceded_by>	<http://purl.obolibrary.org/obo/XAO_1000072>
<http://purl.obolibrary.org/obo/XAO_0004389>	<http://purl.obolibrary.org/obo/BFO_0000050>	<http://purl.obolibrary.org/obo/XAO_0000027>
<http://purl.obolibrary.org/obo/XAO_0000316>	<http://purl.obolibrary.org/obo/RO_0002202>	<http://purl.obolibrary.org/obo/XAO_0004482>
<http://purl.obolibrary.org/obo/XAO_0000336>	<http://purl.obolibrary.org/obo/RO_0002202>	<http://purl.obolibrary.org/obo/XAO_0004185>
<http://purl.obolibrary.org/obo/XAO_0004288>	<http://purl.obolibrary.org/obo/RO_0002202>	<http://purl.obolibrary.org/obo/XAO_0000397>
<http://purl.obolibrary.org/obo/XAO_0000043>	<http://purl.obolibrary.org/obo/BFO_0000050>	<http://purl.obolibrary.org/obo/XAO_0000042>
<http://purl.obolibrary.org/obo/XAO_0004505>	<http://purl.obolibrary.org/obo/xao#end_stage>	<http://purl.obolibrary.org/obo/XAO_0000437>
<http://purl.obolibrary.org/obo/XAO_0004490>	<http://purl.obolibrary.org/obo/BFO_0000050>	<http://purl.obolibrary.org/obo/XAO_0003065>
<http://purl.obolibrary.org/obo/XAO_0000375>	<http://purl.obolibrary.org/obo/RO_0002202>	<http://purl.obolibrary.org/obo/XAO_0000374>
<http://purl.obolibrary.org/obo/XAO_0000020>	<http://purl.obolibrary.org/obo/BFO_0000050>	<http://purl.obolibrary.org/obo/XAO_0000215>
<http://purl.obolibrary.org/obo/XAO_0000051>	<http://purl.obolibrary.org/obo/RO_0002202>	<http://purl.obolibrary.org/obo/XAO_0004163>
<http://purl.obolibrary.org/obo/XAO_0005302>	<http://purl.obolibrary.org/obo/xao#start_stage>	<http://purl.obolibrary.org/obo/XAO_1000032>
<http://purl.obolibrary.org/obo/XAO_0005182>	<http://purl.obolibrary.org/obo/xao#end_stage>	<http://purl.obolibrary.org/obo/XAO_0000437>
<http://purl.obolibrary.org/obo/XAO_0000251>	<http://purl.obolibrary.org/obo/xao#end_stage>	<http://purl.obolibrary.org/obo/XAO_1000056>
<http://purl.obolibrary.org/obo/XAO_0003120>	<http://purl.obolibrary.org/obo/xao#end_stage>	<http://purl.obolibrary.org/obo/XAO_1000059>
<http://purl.obolibrary.org/obo/XAO_0005058>	<http://purl.obolibrary.org/obo/xao#end_stage>	<http://purl.obolibrary.org/obo/XAO_0000437>
<http://purl.obolibrary.org/obo/XAO_0005309>	<http://purl.obolibrary.org/obo/xao#start_stage>	<http://purl.obolibrary.org/obo/XAO_1000044>
<http://purl.obolibrary.org/obo/XAO_0005096>	<http://purl.obolibrary.org/obo/xao#start_stage>	<http://purl.obolibrary.org/obo/XAO_1000016>
<http://purl.obolibrary.org/obo/XAO_0004169>	<http://purl.obolibrary.org/obo/xao#end_stage>	<http://purl.obolibrary.org/obo/XAO_0000437>
<http://purl.obolibrary.org/obo/XAO_0003116>	<http://purl.obolibrary.org/obo/xao#start_stage>	<http://purl.obolibrary.org/obo/XAO_1000037>
<http://purl.obolibrary.org/obo/XAO_0004182>	<http://purl.obolibrary.org/obo/BFO_0000050>	<http://purl.obolibrary.org/obo/XAO_0000064>
<http://purl.obolibrary.org/obo/XAO_0000324>	<http://purl.obolibrary.org/obo/xao#end_stage>	<http://purl.obolibrary.org/obo/XAO_1000052>
<http://purl.obolibrary.org/obo/XAO_0005231>	<http://purl.obolibrary.org/obo/xao#end_stage>	<http://purl.obolibrary.org/obo/XAO_0000437>
<http://purl.obolibrary.org/obo/XAO_0000181>	<http://purl.obolibrary.org/obo/xao#end_stage>	<http://purl.obolibrary.org/obo/XAO_0000437>
<http://purl.obolibrary.org/obo/XAO_0003233>	<http://purl.obolibrary.org/obo/xao#start_stage>	<http://purl.obolibrary.org/obo/XAO_1000051>
<http://purl.obolibrary.org/obo/XAO_0000084>	<http://purl.obolibrary.org/obo/xao#end_stage>	<http://purl.obolibrary.org/obo/XAO_1000025>
<http://purl.obolibrary.org/obo/XAO_0005153>	<http://purl.obolibrary.org/obo/BFO_0000050>	<http://purl.obolibrary.org/obo/XAO_0000192>
<http://purl.obolibrary.org/obo/XAO_0005288>	<http://purl.obolibrary.org/obo/xao#start_stage>	<http://purl.obolibrary.org/obo/XAO_1000038>
<http://purl.obolibrary.org/obo/XAO_0004247>	<http://purl.obolibrary.org/obo/xao#start_stage>	<http://purl.obolibrary.org/obo/XAO_1000053>
<http://purl.obolibrary.org/obo/XAO_0004266>	<http://purl.obolibrary.org/obo/xao#start_stage>	<http://purl.obolibrary.org/obo/XAO_1000038>
<http://purl.obolibrary.org/obo/XAO_0000361>	<http://purl.obolibrary.org/obo/RO_0002202>	<http://purl.obolibrary.org/obo/XAO_0000051>
<http://purl.obolibrary.org/obo/XAO_0001002>	<http://purl.obolibrary.org/obo/BFO_0000050>	<http://purl.obolibrary.org/obo/XAO_0005128>
<http://purl.obolibrary.org/obo/XAO_0004305>	<http://purl.obolibrary.org/obo/xao#end_stage>	<http://purl.obolibrary.org/obo/XAO_0000437>
<http://purl.obolibrary.org/obo/XAO_0005318>	<http://purl.obolibrary.org/obo/xao#end_stage>	<http://purl.obolibrary.org/obo/XAO_0000437>
<http://purl.obolibrary.org/obo/XAO_0005131>	<http://purl.obolibrary.org/obo/RO_0002202>	<http://purl.obolibrary.org/obo/XAO_0005032>
<http://purl.obolibrary.org/obo/XAO_0003038>	<http://purl.obolibrary.org/obo/xao#start_stage>	<http://purl.obolibrary.org/obo/XAO_1000037>
<http://purl.obolibrary.org/obo/XAO_0004575>	<http://purl.obolibrary.org/obo/xao#end_stage>	<http://purl.obolibrary.org/obo/XAO_0000437>
<http://purl.obolibrary.org/obo/XAO_0003112>	<http://purl.obolibrary.org/obo/xao#end_stage>	<http://purl.obolibrary.org/obo/XAO_1000051>
<http://purl.obolibrary.org/obo/XAO_0005118>	<http://purl.obolibrary.org/obo/xao#start_stage>	<http://purl.obolibrary.org/obo/XAO_1000083>
<http://purl.obolibrary.org/obo/XAO_0003001>	<http://purl.obolibrary.org/obo/xao#end_stage>	<http://purl.obolibrary.org/obo/XAO_0000437>
<http://purl.obolibrary.org/obo/XAO_0004602>	<http://purl.obolibrary.org/obo/xao#start_stage>	<http://purl.obolibrary.org/obo/XAO_1000038>
<http://purl.obolibrary.org/obo/XAO_0005039>	<http://purl.obolibrary.org/obo/xao#start_stage>	<http://purl.obolibrary.org/obo/XAO_1000083>
<http://purl.obolibrary.org/obo/XAO_0000138>	<http://purl.obolibrary.org/obo/BFO_0000050>	<http://purl.obolibrary.org/obo/XAO_0000125>
<http://purl.obolibrary.org/obo/XAO_0006044>	<http://purl.obolibrary.org/obo/xao#start_stage>	<http://purl.obolibrary.org/obo/XAO_1000038>
<http://purl.obolibrary.org/obo/XAO_0005170>	<http://purl.obolibrary.org/obo/RO_0002202>	<http://purl.obolibrary.org/obo/XAO_0005169>
<http://purl.obolibrary.org/obo/XAO_0003140>	<http://purl.obolibrary.org/obo/xao#end_stage>	<http://purl.obolibrary.org/obo/XAO_1000059>
<http://purl.obolibrary.org/obo/XAO_0000211>	<http://purl.obolibrary.org/obo/xao#end_stage>	<http://purl.obolibrary.org/obo/XAO_0000437>
<http://purl.obolibrary.org/obo/XAO_0004194>	<http://purl.obolibrary.org/obo/BFO_0000050>	<http://purl.obolibrary.org/obo/XAO_0003166>
<http://purl.obolibrary.org/obo/XAO_0005262>	<http://purl.obolibrary.org/obo/xao#start_stage>	<http://purl.obolibrary.org/obo/XAO_1000041>
<http://purl.obolibrary.org/obo/XAO_0004188>	<http://purl.obolibrary.org/obo/xao#end_stage>	<http://purl.obolibrary.org/obo/XAO_1000056>
<http://purl.obolibrary.org/obo/XAO_0000245>	<http://purl.obolibrary.org/obo/BFO_0000050>	<http://purl.obolibrary.org/obo/XAO_0000256>
<http://purl.obolibrary.org/obo/XAO_0004232>	<http://purl.obolibrary.org/obo/xao#start_stage>	<http://purl.obolibrary.org/obo/XAO_1000057>
<http://purl.obolibrary.org/obo/XAO_0006018>	<http://purl.obolibrary.org/obo/xao#start_stage>	<http://purl.obolibrary.org/obo/XAO_1000001>
<http://purl.obolibrary.org/obo/XAO_0004027>	<http://purl.obolibrary.org/obo/xao#start_stage>	<http://purl.obolibrary.org/obo/XAO_1000020>
<http://purl.obolibrary.org/obo/XAO_1000043>	<http://purl.obolibrary.org/obo/xao#preceded_by>	<http://purl.obolibrary.org/obo/XAO_1000042>
<http://purl.obolibrary.org/obo/XAO_0004400>	<http://purl.obolibrary.org/obo/BFO_0000050>	<http://purl.obolibrary.org/obo/XAO_0004311>
<http://purl.obolibrary.org/obo/XAO_0004300>	<http://purl.obolibrary.org/obo/RO_0002202>	<http://purl.obolibrary.org/obo/XAO_0004491>
<http://purl.obolibrary.org/obo/XAO_0005503>	<http://purl.obolibrary.org/obo/xao#end_stage>	<http://purl.obolibrary.org/obo/XAO_1000056>
<http://purl.obolibrary.org/obo/XAO_0006051>	<http://purl.obolibrary.org/obo/xao#start_stage>	<http://purl.obolibrary.org/obo/XAO_1000052>
<http://purl.obolibrary.org/obo/XAO_0000414>	<http://purl.obolibrary.org/obo/xao#start_stage>	<http://purl.obolibrary.org/obo/XAO_1000027>
<http://purl.obolibrary.org/obo/XAO_0004038>	<http://purl.obolibrary.org/obo/BFO_0000050>	<http://purl.obolibrary.org/obo/XAO_0004012>
<http://purl.obolibrary.org/obo/XAO_0004368>	<http://purl.obolibrary.org/obo/xao#end_stage>	<http://purl.obolibrary.org/obo/XAO_1000078>
<http://purl.obolibrary.org/obo/XAO_0004234>	<http://purl.obolibrary.org/obo/BFO_0000050>	<http://purl.obolibrary.org/obo/XAO_0000100>
<http://purl.obolibrary.org/obo/XAO_0004523>	<http://purl.obolibrary.org/obo/BFO_0000050>	<http://purl.obolibrary.org/obo/XAO_0000131>
<http://purl.obolibrary.org/obo/XAO_0004098>	<http://purl.obolibrary.org/obo/xao#start_stage>	<http://purl.obolibrary.org/obo/XAO_1000049>
<http://purl.obolibrary.org/obo/XAO_0003088>	<http://purl.obolibrary.org/obo/xao#start_stage>	<http://purl.obolibrary.org/obo/XAO_1000067>
<http://purl.obolibrary.org/obo/XAO_0000355>	<http://purl.obolibrary.org/obo/xao#start_stage>	<http://purl.obolibrary.org/obo/XAO_1000049>
<http://purl.obolibrary.org/obo/XAO_1000049>	<http://purl.obolibrary.org/obo/BFO_0000050>	<http://purl.obolibrary.org/obo/XAO_1000080>
<http://purl.obolibrary.org/obo/XAO_0004333>	<http://purl.obolibrary.org/obo/xao#end_stage>	<http://purl.obolibrary.org/obo/XAO_0000437>
<http://purl.obolibrary.org/obo/XAO_0003132>	<http://purl.obolibrary.org/obo/xao#end_stage>	<http://purl.obolibrary.org/obo/XAO_1000059>
<http://purl.obolibrary.org/obo/XAO_0004559>	<http://purl.obolibrary.org/obo/xao#start_stage>	<http://purl.obolibrary.org/obo/XAO_1000038>
<http://purl.obolibrary.org/obo/XAO_0000439>	<http://purl.obolibrary.org/obo/xao#end_stage>	<http://purl.obolibrary.org/obo/XAO_1000074>
<http://purl.obolibrary.org/obo/XAO_0000330>	<http://purl.obolibrary.org/obo/xao#end_stage>	<http://purl.obolibrary.org/obo/XAO_0000437>
<http://purl.obolibrary.org/obo/XAO_0003206>	<http://purl.obolibrary.org/obo/xao#end_stage>	<http://purl.obolibrary.org/obo/XAO_1000067>
<http://purl.obolibrary.org/obo/XAO_0003025>	<http://purl.obolibrary.org/obo/xao#start_stage>	<http://purl.obolibrary.org/obo/XAO_1000035>
<http://purl.obolibrary.org/obo/XAO_0000003>	<http://purl.obolibrary.org/obo/xao#end_stage>	<http://purl.obolibrary.org/obo/XAO_1000078>
<http://purl.obolibrary.org/obo/XAO_0003098>	<http://purl.obolibrary.org/obo/xao#start_stage>	<http://purl.obolibrary.org/obo/XAO_1000038>
<http://purl.obolibrary.org/obo/XAO_0004620>	<http://purl.obolibrary.org/obo/xao#end_stage>	<http://purl.obolibrary.org/obo/XAO_1000054>
<http://purl.obolibrary.org/obo/XAO_0000024>	<http://purl.obolibrary.org/obo/RO_0002202>	<http://purl.obolibrary.org/obo/XAO_0001001>
<http://purl.obolibrary.org/obo/XAO_0000162>	<http://purl.obolibrary.org/obo/RO_0002202>	<http://purl.obolibrary.org/obo/XAO_0000444>
<http://purl.obolibrary.org/obo/XAO_0003136>	<http://purl.obolibrary.org/obo/RO_0002202>	<http://purl.obolibrary.org/obo/XAO_0000422>
<http://purl.obolibrary.org/obo/XAO_0004627>	<http://purl.obolibrary.org/obo/xao#start_stage>	<http://purl.obolibrary.org/obo/XAO_1000042>
<http://purl.obolibrary.org/obo/XAO_0000101>	<http://purl.obolibrary.org/obo/BFO_0000050>	<http://purl.obolibrary.org/obo/XAO_0000232>
<http://purl.obolibrary.org/obo/XAO_0004185>	<http://purl.obolibrary.org/obo/BFO_0000050>	<http://purl.obolibrary.org/obo/XAO_0000100>
<http://purl.obolibrary.org/obo/XAO_0004011>	<http://purl.obolibrary.org/obo/xao#start_stage>	<http://purl.obolibrary.org/obo/XAO_1000057>
<http://purl.obolibrary.org/obo/XAO_0003179>	<http://purl.obolibrary.org/obo/BFO_0000050>	<http://purl.obolibrary.org/obo/XAO_0003177>
<http://purl.obolibrary.org/obo/XAO_0000135>	<http://purl.obolibrary.org/obo/BFO_0000050>	<http://purl.obolibrary.org/obo/XAO_0000132>
<http://purl.obolibrary.org/obo/XAO_0004109>	<http://purl.obolibrary.org/obo/BFO_0000050>	<http://purl.obolibrary.org/obo/XAO_0004060>
<http://purl.obolibrary.org/obo/XAO_0000305>	<http://purl.obolibrary.org/obo/RO_0002202>	<http://purl.obolibrary.org/obo/XAO_0004104>
<http://purl.obolibrary.org/obo/XAO_0000104>	<http://purl.obolibrary.org/obo/RO_0002202>	<http://purl.obolibrary.org/obo/XAO_0000092>
<http://purl.obolibrary.org/obo/XAO_0004388>	<http://purl.obolibrary.org/obo/xao#end_stage>	<http://purl.obolibrary.org/obo/XAO_1000078>
<http://purl.obolibrary.org/obo/XAO_0004217>	<http://purl.obolibrary.org/obo/xao#end_stage>	<http://purl.obolibrary.org/obo/XAO_0000437>
<http://purl.obolibrary.org/obo/XAO_1000022>	<http://purl.obolibrary.org/obo/xao#preceded_by>	<http://purl.obolibrary.org/obo/XAO_1000032>
<http://purl.obolibrary.org/obo/XAO_0000168>	<http://purl.obolibrary.org/obo/xao#end_stage>	<http://purl.obolibrary.org/obo/XAO_0000437>
<http://purl.obolibrary.org/obo/XAO_0001011>	<http://purl.obolibrary.org/obo/xao#end_stage>	<http://purl.obolibrary.org/obo/XAO_0000437>
<http://purl.obolibrary.org/obo/XAO_0004083>	<http://purl.obolibrary.org/obo/xao#start_stage>	<http://purl.obolibrary.org/obo/XAO_1000038>
<http://purl.obolibrary.org/obo/XAO_0004404>	<http://purl.obolibrary.org/obo/BFO_0000050>	<http://purl.obolibrary.org/obo/XAO_0004060>
<http://purl.obolibrary.org/obo/XAO_0004389>	<http://purl.obolibrary.org/obo/RO_0002202>	<http://purl.obolibrary.org/obo/XAO_0000042>
<http://purl.obolibrary.org/obo/XAO_0000270>	<http://purl.obolibrary.org/obo/xao#start_stage>	<http://purl.obolibrary.org/obo/XAO_1000032>
<http://purl.obolibrary.org/obo/XAO_0003017>	<http://purl.obolibrary.org/obo/xao#start_stage>	<http://purl.obolibrary.org/obo/XAO_1000020>
<http://purl.obolibrary.org/obo/XAO_0003157>	<http://purl.obolibrary.org/obo/RO_0002202>	<http://purl.obolibrary.org/obo/XAO_0003159>
<http://purl.obolibrary.org/obo/XAO_0000239>	<http://purl.obolibrary.org/obo/RO_0002202>	<http://purl.obolibrary.org/obo/XAO_0000101>
<http://purl.obolibrary.org/obo/XAO_0004254>	<http://purl.obolibrary.org/obo/xao#end_stage>	<http://purl.obolibrary.org/obo/XAO_0000437>
<http://purl.obolibrary.org/obo/XAO_0004331>	<http://purl.obolibrary.org/obo/xao#start_stage>	<http://purl.obolibrary.org/obo/XAO_1000053>
<http://purl.obolibrary.org/obo/XAO_0003202>	<http://purl.obolibrary.org/obo/xao#end_stage>	<http://purl.obolibrary.org/obo/XAO_0000437>
<http://purl.obolibrary.org/obo/XAO_0003065>	<http://purl.obolibrary.org/obo/xao#start_stage>	<http://purl.obolibrary.org/obo/XAO_1000060>
<http://purl.obolibrary.org/obo/XAO_0003120>	<http://purl.obolibrary.org/obo/xao#start_stage>	<http://purl.obolibrary.org/obo/XAO_1000039>
<http://purl.obolibrary.org/obo/XAO_0004511>	<http://purl.obolibrary.org/obo/RO_0002202>	<http://purl.obolibrary.org/obo/XAO_0000295>
<http://purl.obolibrary.org/obo/XAO_0003095>	<http://purl.obolibrary.org/obo/xao#start_stage>	<http://purl.obolibrary.org/obo/XAO_1000046>
<http://purl.obolibrary.org/obo/XAO_0004030>	<http://purl.obolibrary.org/obo/xao#start_stage>	<http://purl.obolibrary.org/obo/XAO_1000040>
<http://purl.obolibrary.org/obo/XAO_0003260>	<http://purl.obolibrary.org/obo/RO_0002202>	<http://purl.obolibrary.org/obo/XAO_0006029>
<http://purl.obolibrary.org/obo/XAO_0005074>	<http://purl.obolibrary.org/obo/xao#start_stage>	<http://purl.obolibrary.org/obo/XAO_1000039>
<http://purl.obolibrary.org/obo/XAO_0004495>	<http://purl.obolibrary.org/obo/xao#start_stage>	<http://purl.obolibrary.org/obo/XAO_1000065>
<http://purl.obolibrary.org/obo/XAO_0005159>	<http://purl.obolibrary.org/obo/xao#end_stage>	<http://purl.obolibrary.org/obo/XAO_0000437>
<http://purl.obolibrary.org/obo/XAO_0000087>	<http://purl.obolibrary.org/obo/xao#end_stage>	<http://purl.obolibrary.org/obo/XAO_1000078>
<http://purl.obolibrary.org/obo/XAO_0005306>	<http://purl.obolibrary.org/obo/xao#start_stage>	<http://purl.obolibrary.org/obo/XAO_1000032>
<http://purl.obolibrary.org/obo/XAO_0004071>	<http://purl.obolibrary.org/obo/BFO_0000050>	<http://purl.obolibrary.org/obo/XAO_0000013>
<http://purl.obolibrary.org/obo/XAO_0005063>	<http://purl.obolibrary.org/obo/xao#end_stage>	<http://purl.obolibrary.org/obo/XAO_0000437>
<http://purl.obolibrary.org/obo/XAO_0003010>	<http://purl.obolibrary.org/obo/xao#end_stage>	<http://purl.obolibrary.org/obo/XAO_0000437>
<http://purl.obolibrary.org/obo/XAO_1000052>	<http://purl.obolibrary.org/obo/BFO_0000050>	<http://purl.obolibrary.org/obo/XAO_1000080>
<http://purl.obolibrary.org/obo/XAO_0006047>	<http://purl.obolibrary.org/obo/xao#end_stage>	<http://purl.obolibrary.org/obo/XAO_0000437>
<http://purl.obolibrary.org/obo/XAO_0004003>	<http://purl.obolibrary.org/obo/xao#end_stage>	<http://purl.obolibrary.org/obo/XAO_0000437>
<http://purl.obolibrary.org/obo/XAO_0005102>	<http://purl.obolibrary.org/obo/xao#start_stage>	<http://purl.obolibrary.org/obo/XAO_1000016>
<http://purl.obolibrary.org/obo/XAO_0000441>	<http://purl.obolibrary.org/obo/RO_0002202>	<http://purl.obolibrary.org/obo/XAO_0000440>
<http://purl.obolibrary.org/obo/XAO_0005197>	<http://purl.obolibrary.org/obo/RO_0002202>	<http://purl.obolibrary.org/obo/XAO_0004104>
<http://purl.obolibrary.org/obo/XAO_0000334>	<http://purl.obolibrary.org/obo/xao#end_stage>	<http://purl.obolibrary.org/obo/XAO_0000437>
<http://purl.obolibrary.org/obo/XAO_0004409>	<http://purl.obolibrary.org/obo/xao#start_stage>	<http://purl.obolibrary.org/obo/XAO_1000058>
<http://purl.obolibrary.org/obo/XAO_0005242>	<http://purl.obolibrary.org/obo/BFO_0000050>	<http://purl.obolibrary.org/obo/XAO_0000046>
<http://purl.obolibrary.org/obo/XAO_0000186>	<http://purl.obolibrary.org/obo/BFO_0000050>	<http://purl.obolibrary.org/obo/XAO_0004529>
<http://purl.obolibrary.org/obo/XAO_0000374>	<http://purl.obolibrary.org/obo/xao#start_stage>	<http://purl.obolibrary.org/obo/XAO_1000049>
<http://purl.obolibrary.org/obo/XAO_0005067>	<http://purl.obolibrary.org/obo/xao#end_stage>	<http://purl.obolibrary.org/obo/XAO_0000437>
<http://purl.obolibrary.org/obo/XAO_0003172>	<http://purl.obolibrary.org/obo/xao#start_stage>	<http://purl.obolibrary.org/obo/XAO_1000057>
<http://purl.obolibrary.org/obo/XAO_0004212>	<http://purl.obolibrary.org/obo/xao#end_stage>	<http://purl.obolibrary.org/obo/XAO_1000050>
<http://purl.obolibrary.org/obo/XAO_0004474>	<http://purl.obolibrary.org/obo/xao#end_stage>	<http://purl.obolibrary.org/obo/XAO_1000070>
<http://purl.obolibrary.org/obo/XAO_0003215>	<http://purl.obolibrary.org/obo/xao#start_stage>	<http://purl.obolibrary.org/obo/XAO_1000050>
<http://purl.obolibrary.org/obo/XAO_1000020>	<http://purl.obolibrary.org/obo/BFO_0000050>	<http://purl.obolibrary.org/obo/XAO_1000005>
<http://purl.obolibrary.org/obo/XAO_0004353>	<http://purl.obolibrary.org/obo/xao#end_stage>	<http://purl.obolibrary.org/obo/XAO_0000437>
<http://purl.obolibrary.org/obo/XAO_0003181>	<http://purl.obolibrary.org/obo/BFO_0000050>	<http://purl.obolibrary.org/obo/XAO_0000447>
<http://purl.obolibrary.org/obo/XAO_0005104>	<http://purl.obolibrary.org/obo/xao#end_stage>	<http://purl.obolibrary.org/obo/XAO_1000016>
<http://purl.obolibrary.org/obo/XAO_0004567>	<http://purl.obolibrary.org/obo/BFO_0000050>	<http://purl.obolibrary.org/obo/XAO_0004583>
<http://purl.obolibrary.org/obo/XAO_0004616>	<http://purl.obolibrary.org/obo/RO_0002202>	<http://purl.obolibrary.org/obo/XAO_0000249>
<http://purl.obolibrary.org/obo/XAO_1000080>	<http://purl.obolibrary.org/obo/xao#preceded_by>	<http://purl.obolibrary.org/obo/XAO_1000002>
<http://purl.obolibrary.org/obo/XAO_0005291>	<http://purl.obolibrary.org/obo/xao#end_stage>	<http://purl.obolibrary.org/obo/XAO_1000052>
<http://purl.obolibrary.org/obo/XAO_0000447>	<http://purl.obolibrary.org/obo/xao#end_stage>	<http://purl.obolibrary.org/obo/XAO_0000437>
<http://purl.obolibrary.org/obo/XAO_0003226>	<http://purl.obolibrary.org/obo/xao#end_stage>	<http://purl.obolibrary.org/obo/XAO_0000437>
<http://purl.obolibrary.org/obo/XAO_0005152>	<http://purl.obolibrary.org/obo/RO_0002202>	<http://purl.obolibrary.org/obo/XAO_0000053>
<http://purl.obolibrary.org/obo/XAO_0000032>	<http://purl.obolibrary.org/obo/RO_0002202>	<http://purl.obolibrary.org/obo/XAO_0000001>
<http://purl.obolibrary.org/obo/XAO_0004509>	<http://purl.obolibrary.org/obo/xao#start_stage>	<http://purl.obolibrary.org/obo/XAO_1000033>
<http://purl.obolibrary.org/obo/XAO_0000115>	<http://purl.obolibrary.org/obo/xao#start_stage>	<http://purl.obolibrary.org/obo/XAO_1000046>
<http://purl.obolibrary.org/obo/XAO_0005050>	<http://purl.obolibrary.org/obo/xao#end_stage>	<http://purl.obolibrary.org/obo/XAO_0000437>
<http://purl.obolibrary.org/obo/XAO_0005187>	<http://purl.obolibrary.org/obo/xao#end_stage>	<http://purl.obolibrary.org/obo/XAO_0000437>
<http://purl.obolibrary.org/obo/XAO_0004024>	<http://purl.obolibrary.org/obo/xao#start_stage>	<http://purl.obolibrary.org/obo/XAO_1000052>
<http://purl.obolibrary.org/obo/XAO_0005124>	<http://purl.obolibrary.org/obo/BFO_0000050>	<http://purl.obolibrary.org/obo/XAO_0000119>
<http://purl.obolibrary.org/obo/XAO_0003076>	<http://purl.obolibrary.org/obo/xao#end_stage>	<http://purl.obolibrary.org/obo/XAO_0000437>
<http://purl.obolibrary.org/obo/XAO_0000220>	<http://purl.obolibrary.org/obo/RO_0002202>	<http://purl.obolibrary.org/obo/XAO_0000419>
<http://purl.obolibrary.org/obo/XAO_0000049>	<http://purl.obolibrary.org/obo/RO_0002202>	<http://purl.obolibrary.org/obo/XAO_0000320>
<http://purl.obolibrary.org/obo/XAO_0004140>	<http://purl.obolibrary.org/obo/xao#end_stage>	<http://purl.obolibrary.org/obo/XAO_0000437>
<http://purl.obolibrary.org/obo/XAO_0006027>	<http://purl.obolibrary.org/obo/xao#end_stage>	<http://purl.obolibrary.org/obo/XAO_0000437>
<http://purl.obolibrary.org/obo/XAO_0004141>	<http://purl.obolibrary.org/obo/xao#end_stage>	<http://purl.obolibrary.org/obo/XAO_0000437>
<http://purl.obolibrary.org/obo/XAO_0005224>	<http://purl.obolibrary.org/obo/xao#start_stage>	<http://purl.obolibrary.org/obo/XAO_1000032>
<http://purl.obolibrary.org/obo/XAO_0000392>	<http://purl.obolibrary.org/obo/xao#start_stage>	<http://purl.obolibrary.org/obo/XAO_1000052>
<http://purl.obolibrary.org/obo/XAO_0004368>	<http://purl.obolibrary.org/obo/xao#start_stage>	<http://purl.obolibrary.org/obo/XAO_1000052>
<http://purl.obolibrary.org/obo/XAO_0000250>	<http://purl.obolibrary.org/obo/BFO_0000050>	<http://purl.obolibrary.org/obo/XAO_0003204>
<http://purl.obolibrary.org/obo/XAO_1000077>	<http://purl.obolibrary.org/obo/BFO_0000050>	<http://purl.obolibrary.org/obo/XAO_1000091>
<http://purl.obolibrary.org/obo/XAO_0000319>	<http://purl.obolibrary.org/obo/RO_0002202>	<http://purl.obolibrary.org/obo/XAO_0000001>
<http://purl.obolibrary.org/obo/XAO_0003000>	<http://purl.obolibrary.org/obo/xao#start_stage>	<http://purl.obolibrary.org/obo/XAO_1000083>
<http://purl.obolibrary.org/obo/XAO_0005228>	<http://purl.obolibrary.org/obo/BFO_0000050>	<http://purl.obolibrary.org/obo/XAO_0005195>
<http://purl.obolibrary.org/obo/XAO_0003080>	<http://purl.obolibrary.org/obo/xao#start_stage>	<http://purl.obolibrary.org/obo/XAO_1000060>
<http://purl.obolibrary.org/obo/XAO_0005036>	<http://purl.obolibrary.org/obo/BFO_0000050>	<http://purl.obolibrary.org/obo/XAO_0000217>
<http://purl.obolibrary.org/obo/XAO_0000467>	<http://purl.obolibrary.org/obo/xao#end_stage>	<http://purl.obolibrary.org/obo/XAO_1000052>
<http://purl.obolibrary.org/obo/XAO_0005003>	<http://purl.obolibrary.org/obo/BFO_0000050>	<http://purl.obolibrary.org/obo/XAO_0000129>
<http://purl.obolibrary.org/obo/XAO_0001013>	<http://purl.obolibrary.org/obo/BFO_0000050>	<http://purl.obolibrary.org/obo/XAO_0003024>
<http://purl.obolibrary.org/obo/XAO_0005169>	<http://purl.obolibrary.org/obo/RO_0002202>	<http://purl.obolibrary.org/obo/XAO_0000076>
<http://purl.obolibrary.org/obo/XAO_0005061>	<http://purl.obolibrary.org/obo/BFO_0000050>	<http://purl.obolibrary.org/obo/XAO_0000318>
<http://purl.obolibrary.org/obo/XAO_0000369>	<http://purl.obolibrary.org/obo/BFO_0000050>	<http://purl.obolibrary.org/obo/XAO_0000366>
<http://purl.obolibrary.org/obo/XAO_0005139>	<http://purl.obolibrary.org/obo/RO_0002202>	<http://purl.obolibrary.org/obo/XAO_0005180>
<http://purl.obolibrary.org/obo/XAO_0004341>	<http://purl.obolibrary.org/obo/RO_0002202>	<http://purl.obolibrary.org/obo/XAO_0004438>
<http://purl.obolibrary.org/obo/XAO_0004228>	<http://purl.obolibrary.org/obo/xao#start_stage>	<http://purl.obolibrary.org/obo/XAO_1000049>
<http://purl.obolibrary.org/obo/XAO_0005192>	<http://purl.obolibrary.org/obo/xao#end_stage>	<http://purl.obolibrary.org/obo/XAO_0000437>
<http://purl.obolibrary.org/obo/XAO_0005069>	<http://purl.obolibrary.org/obo/xao#end_stage>	<http://purl.obolibrary.org/obo/XAO_0000437>
<http://purl.obolibrary.org/obo/XAO_0004530>	<http://purl.obolibrary.org/obo/BFO_0000050>	<http://purl.obolibrary.org/obo/XAO_0004180>
<http://purl.obolibrary.org/obo/XAO_0005234>	<http://purl.obolibrary.org/obo/xao#end_stage>	<http://purl.obolibrary.org/obo/XAO_0000437>
<http://purl.obolibrary.org/obo/XAO_0004293>	<http://purl.obolibrary.org/obo/BFO_0000050>	<http://purl.obolibrary.org/obo/XAO_0000256>
<http://purl.obolibrary.org/obo/XAO_0005245>	<http://purl.obolibrary.org/obo/RO_0002202>	<http://purl.obolibrary.org/obo/XAO_0000050>
<http://purl.obolibrary.org/obo/XAO_0004124>	<http://purl.obolibrary.org/obo/xao#start_stage>	<http://purl.obolibrary.org/obo/XAO_1000053>
<http://purl.obolibrary.org/obo/XAO_0004094>	<http://purl.obolibrary.org/obo/xao#start_stage>	<http://purl.obolibrary.org/obo/XAO_1000048>
<http://purl.obolibrary.org/obo/XAO_0004256>	<http://purl.obolibrary.org/obo/xao#end_stage>	<http://purl.obolibrary.org/obo/XAO_0000437>
<http://purl.obolibrary.org/obo/XAO_0004250>	<http://purl.obolibrary.org/obo/BFO_0000050>	<http://purl.obolibrary.org/obo/XAO_0004152>
<http://purl.obolibrary.org/obo/XAO_0000076>	<http://purl.obolibrary.org/obo/BFO_0000050>	<http://purl.obolibrary.org/obo/XAO_0000074>
<http://purl.obolibrary.org/obo/XAO_0005297>	<http://purl.obolibrary.org/obo/xao#start_stage>	<http://purl.obolibrary.org/obo/XAO_1000036>
<http://purl.obolibrary.org/obo/XAO_0004160>	<http://purl.obolibrary.org/obo/BFO_0000050>	<http://purl.obolibrary.org/obo/XAO_0004152>
<http://purl.obolibrary.org/obo/XAO_0004329>	<http://purl.obolibrary.org/obo/RO_0002202>	<http://purl.obolibrary.org/obo/XAO_0004426>
<http://purl.obolibrary.org/obo/XAO_0004488>	<http://purl.obolibrary.org/obo/xao#start_stage>	<http://purl.obolibrary.org/obo/XAO_1000067>
<http://purl.obolibrary.org/obo/XAO_0004134>	<http://purl.obolibrary.org/obo/BFO_0000050>	<http://purl.obolibrary.org/obo/XAO_0000050>
<http://purl.obolibrary.org/obo/XAO_0000238>	<http://purl.obolibrary.org/obo/xao#end_stage>	<http://purl.obolibrary.org/obo/XAO_0000437>
<http://purl.obolibrary.org/obo/XAO_0004294>	<http://purl.obolibrary.org/obo/BFO_0000050>	<http://purl.obolibrary.org/obo/XAO_0003027>
<http://purl.obolibrary.org/obo/XAO_0003064>	<http://purl.obolibrary.org/obo/xao#end_stage>	<http://purl.obolibrary.org/obo/XAO_0000437>
<http://purl.obolibrary.org/obo/XAO_0004613>	<http://purl.obolibrary.org/obo/xao#end_stage>	<http://purl.obolibrary.org/obo/XAO_0000437>
<http://purl.obolibrary.org/obo/XAO_0001018>	<http://purl.obolibrary.org/obo/RO_0002202>	<http://purl.obolibrary.org/obo/XAO_0000358>
<http://purl.obolibrary.org/obo/XAO_0000239>	<http://purl.obolibrary.org/obo/xao#end_stage>	<http://purl.obolibrary.org/obo/XAO_0000437>
<http://purl.obolibrary.org/obo/XAO_0004543>	<http://purl.obolibrary.org/obo/xao#end_stage>	<http://purl.obolibrary.org/obo/XAO_0000437>
<http://purl.obolibrary.org/obo/XAO_0004553>	<http://purl.obolibrary.org/obo/BFO_0000050>	<http://purl.obolibrary.org/obo/XAO_0004555>
<http://purl.obolibrary.org/obo/XAO_0003115>	<http://purl.obolibrary.org/obo/RO_0002202>	<http://purl.obolibrary.org/obo/XAO_0000408>
<http://purl.obolibrary.org/obo/XAO_0005121>	<http://purl.obolibrary.org/obo/xao#start_stage>	<http://purl.obolibrary.org/obo/XAO_1000001>
<http://purl.obolibrary.org/obo/XAO_0000220>	<http://purl.obolibrary.org/obo/RO_0002202>	<http://purl.obolibrary.org/obo/XAO_0000407>
<http://purl.obolibrary.org/obo/XAO_0004135>	<http://purl.obolibrary.org/obo/xao#end_stage>	<http://purl.obolibrary.org/obo/XAO_1000044>
<http://purl.obolibrary.org/obo/XAO_0004396>	<http://purl.obolibrary.org/obo/xao#end_stage>	<http://purl.obolibrary.org/obo/XAO_0000437>
<http://purl.obolibrary.org/obo/XAO_0004441>	<http://purl.obolibrary.org/obo/xao#end_stage>	<http://purl.obolibrary.org/obo/XAO_1000053>
<http://purl.obolibrary.org/obo/XAO_0004174>	<http://purl.obolibrary.org/obo/BFO_0000050>	<http://purl.obolibrary.org/obo/XAO_0004152>
<http://purl.obolibrary.org/obo/XAO_0003031>	<http://purl.obolibrary.org/obo/BFO_0000050>	<http://purl.obolibrary.org/obo/XAO_0004285>
<http://purl.obolibrary.org/obo/XAO_0000058>	<http://purl.obolibrary.org/obo/xao#start_stage>	<http://purl.obolibrary.org/obo/XAO_1000027>
<http://purl.obolibrary.org/obo/XAO_0000226>	<http://purl.obolibrary.org/obo/BFO_0000050>	<http://purl.obolibrary.org/obo/XAO_0000035>
<http://purl.obolibrary.org/obo/XAO_0005109>	<http://purl.obolibrary.org/obo/xao#start_stage>	<http://purl.obolibrary.org/obo/XAO_1000016>
<http://purl.obolibrary.org/obo/XAO_0004547>	<http://purl.obolibrary.org/obo/xao#start_stage>	<http://purl.obolibrary.org/obo/XAO_1000047>
<http://purl.obolibrary.org/obo/XAO_0004594>	<http://purl.obolibrary.org/obo/xao#start_stage>	<http://purl.obolibrary.org/obo/XAO_1000038>
<http://purl.obolibrary.org/obo/XAO_0000190>	<http://purl.obolibrary.org/obo/xao#end_stage>	<http://purl.obolibrary.org/obo/XAO_0000437>
<http://purl.obolibrary.org/obo/XAO_0004178>	<http://purl.obolibrary.org/obo/xao#end_stage>	<http://purl.obolibrary.org/obo/XAO_1000078>
<http://purl.obolibrary.org/obo/XAO_0004197>	<http://purl.obolibrary.org/obo/xao#end_stage>	<http://purl.obolibrary.org/obo/XAO_0000437>
<http://purl.obolibrary.org/obo/XAO_0005293>	<http://purl.obolibrary.org/obo/xao#start_stage>	<http://purl.obolibrary.org/obo/XAO_1000044>
<http://purl.obolibrary.org/obo/XAO_0004235>	<http://purl.obolibrary.org/obo/xao#start_stage>	<http://purl.obolibrary.org/obo/XAO_1000057>
<http://purl.obolibrary.org/obo/XAO_0005164>	<http://purl.obolibrary.org/obo/xao#start_stage>	<http://purl.obolibrary.org/obo/XAO_1000051>
<http://purl.obolibrary.org/obo/XAO_0004151>	<http://purl.obolibrary.org/obo/xao#end_stage>	<http://purl.obolibrary.org/obo/XAO_1000078>
<http://purl.obolibrary.org/obo/XAO_0000292>	<http://purl.obolibrary.org/obo/xao#end_stage>	<http://purl.obolibrary.org/obo/XAO_0000437>
<http://purl.obolibrary.org/obo/XAO_0004314>	<http://purl.obolibrary.org/obo/xao#start_stage>	<http://purl.obolibrary.org/obo/XAO_1000067>
<http://purl.obolibrary.org/obo/XAO_0005137>	<http://purl.obolibrary.org/obo/xao#start_stage>	<http://purl.obolibrary.org/obo/XAO_1000020>
<http://purl.obolibrary.org/obo/XAO_1000047>	<http://purl.obolibrary.org/obo/BFO_0000050>	<http://purl.obolibrary.org/obo/XAO_1000080>
<http://purl.obolibrary.org/obo/XAO_0004076>	<http://purl.obolibrary.org/obo/xao#start_stage>	<http://purl.obolibrary.org/obo/XAO_1000046>
<http://purl.obolibrary.org/obo/XAO_0004280>	<http://purl.obolibrary.org/obo/BFO_0000050>	<http://purl.obolibrary.org/obo/XAO_0004063>
<http://purl.obolibrary.org/obo/XAO_0000255>	<http://purl.obolibrary.org/obo/xao#end_stage>	<http://purl.obolibrary.org/obo/XAO_1000056>
<http://purl.obolibrary.org/obo/XAO_0004041>	<http://purl.obolibrary.org/obo/xao#end_stage>	<http://purl.obolibrary.org/obo/XAO_0000437>
<http://purl.obolibrary.org/obo/XAO_0005201>	<http://purl.obolibrary.org/obo/xao#end_stage>	<http://purl.obolibrary.org/obo/XAO_1000021>
<http://purl.obolibrary.org/obo/XAO_0005117>	<http://purl.obolibrary.org/obo/BFO_0000050>	<http://purl.obolibrary.org/obo/XAO_0000233>
<http://purl.obolibrary.org/obo/XAO_0000339>	<http://purl.obolibrary.org/obo/RO_0002202>	<http://purl.obolibrary.org/obo/XAO_0000338>
<http://purl.obolibrary.org/obo/XAO_1000011>	<http://purl.obolibrary.org/obo/xao#preceded_by>	<http://purl.obolibrary.org/obo/XAO_1000028>
<http://purl.obolibrary.org/obo/XAO_0003135>	<http://purl.obolibrary.org/obo/RO_0002202>	<http://purl.obolibrary.org/obo/XAO_0000422>
<http://purl.obolibrary.org/obo/XAO_0000404>	<http://purl.obolibrary.org/obo/xao#end_stage>	<http://purl.obolibrary.org/obo/XAO_1000045>
<http://purl.obolibrary.org/obo/XAO_0000378>	<http://purl.obolibrary.org/obo/xao#end_stage>	<http://purl.obolibrary.org/obo/XAO_0000437>
<http://purl.obolibrary.org/obo/XAO_0003177>	<http://purl.obolibrary.org/obo/xao#start_stage>	<http://purl.obolibrary.org/obo/XAO_1000040>
<http://purl.obolibrary.org/obo/XAO_0004592>	<http://purl.obolibrary.org/obo/xao#start_stage>	<http://purl.obolibrary.org/obo/XAO_1000047>
<http://purl.obolibrary.org/obo/XAO_0004461>	<http://purl.obolibrary.org/obo/RO_0002202>	<http://purl.obolibrary.org/obo/XAO_0004191>
<http://purl.obolibrary.org/obo/XAO_0000277>	<http://purl.obolibrary.org/obo/xao#end_stage>	<http://purl.obolibrary.org/obo/XAO_0000437>
<http://purl.obolibrary.org/obo/XAO_0000164>	<http://purl.obolibrary.org/obo/xao#end_stage>	<http://purl.obolibrary.org/obo/XAO_0000437>
<http://purl.obolibrary.org/obo/XAO_0000048>	<http://purl.obolibrary.org/obo/RO_0002202>	<http://purl.obolibrary.org/obo/XAO_0004104>
<http://purl.obolibrary.org/obo/XAO_0005291>	<http://purl.obolibrary.org/obo/xao#start_stage>	<http://purl.obolibrary.org/obo/XAO_1000050>
<http://purl.obolibrary.org/obo/XAO_0004230>	<http://purl.obolibrary.org/obo/xao#start_stage>	<http://purl.obolibrary.org/obo/XAO_1000038>
<http://purl.obolibrary.org/obo/XAO_0005025>	<http://purl.obolibrary.org/obo/RO_0002202>	<http://purl.obolibrary.org/obo/XAO_0006027>
<http://purl.obolibrary.org/obo/XAO_0003125>	<http://purl.obolibrary.org/obo/xao#end_stage>	<http://purl.obolibrary.org/obo/XAO_1000059>
<http://purl.obolibrary.org/obo/XAO_0000182>	<http://purl.obolibrary.org/obo/xao#end_stage>	<http://purl.obolibrary.org/obo/XAO_0000437>
<http://purl.obolibrary.org/obo/XAO_1000024>	<http://purl.obolibrary.org/obo/xao#preceded_by>	<http://purl.obolibrary.org/obo/XAO_1000023>
<http://purl.obolibrary.org/obo/XAO_0005500>	<http://purl.obolibrary.org/obo/xao#end_stage>	<http://purl.obolibrary.org/obo/XAO_0000437>
<http://purl.obolibrary.org/obo/XAO_0005180>	<http://purl.obolibrary.org/obo/xao#end_stage>	<http://purl.obolibrary.org/obo/XAO_1000020>
<http://purl.obolibrary.org/obo/XAO_0000412>	<http://purl.obolibrary.org/obo/xao#end_stage>	<http://purl.obolibrary.org/obo/XAO_1000059>
<http://purl.obolibrary.org/obo/XAO_0005157>	<http://purl.obolibrary.org/obo/BFO_0000050>	<http://purl.obolibrary.org/obo/XAO_0005130>
<http://purl.obolibrary.org/obo/XAO_0003165>	<http://purl.obolibrary.org/obo/xao#start_stage>	<http://purl.obolibrary.org/obo/XAO_1000037>
<http://purl.obolibrary.org/obo/XAO_0004104>	<http://purl.obolibrary.org/obo/xao#end_stage>	<http://purl.obolibrary.org/obo/XAO_1000038>
<http://purl.obolibrary.org/obo/XAO_0004390>	<http://purl.obolibrary.org/obo/xao#start_stage>	<http://purl.obolibrary.org/obo/XAO_1000049>
<http://purl.obolibrary.org/obo/XAO_0004270>	<http://purl.obolibrary.org/obo/RO_0002202>	<http://purl.obolibrary.org/obo/XAO_0000101>
<http://purl.obolibrary.org/obo/XAO_0006038>	<http://purl.obolibrary.org/obo/xao#start_stage>	<http://purl.obolibrary.org/obo/XAO_1000044>
<http://purl.obolibrary.org/obo/XAO_1000088>	<http://purl.obolibrary.org/obo/xao#preceded_by>	<http://purl.obolibrary.org/obo/XAO_1000087>
<http://purl.obolibrary.org/obo/XAO_0004378>	<http://purl.obolibrary.org/obo/xao#start_stage>	<http://purl.obolibrary.org/obo/XAO_1000052>
<http://purl.obolibrary.org/obo/XAO_0004406>	<http://purl.obolibrary.org/obo/RO_0002202>	<http://purl.obolibrary.org/obo/XAO_0000072>
<http://purl.obolibrary.org/obo/XAO_0005027>	<http://purl.obolibrary.org/obo/BFO_0000050>	<http://purl.obolibrary.org/obo/XAO_0000249>
<http://purl.obolibrary.org/obo/XAO_0003122>	<http://purl.obolibrary.org/obo/RO_0002202>	<http://purl.obolibrary.org/obo/XAO_0000411>
<http://purl.obolibrary.org/obo/XAO_0004566>	<http://purl.obolibrary.org/obo/BFO_0000050>	<http://purl.obolibrary.org/obo/XAO_0000015>
<http://purl.obolibrary.org/obo/XAO_0004415>	<http://purl.obolibrary.org/obo/xao#end_stage>	<http://purl.obolibrary.org/obo/XAO_0000437>
<http://purl.obolibrary.org/obo/XAO_0004531>	<http://purl.obolibrary.org/obo/xao#end_stage>	<http://purl.obolibrary.org/obo/XAO_0000437>
<http://purl.obolibrary.org/obo/XAO_0004379>	<http://purl.obolibrary.org/obo/xao#end_stage>	<http://purl.obolibrary.org/obo/XAO_0000437>
<http://purl.obolibrary.org/obo/XAO_0000365>	<http://purl.obolibrary.org/obo/xao#end_stage>	<http://purl.obolibrary.org/obo/XAO_0000437>
<http://purl.obolibrary.org/obo/XAO_0000066>	<http://purl.obolibrary.org/obo/xao#end_stage>	<http://purl.obolibrary.org/obo/XAO_0000437>
<http://purl.obolibrary.org/obo/XAO_0003006>	<http://purl.obolibrary.org/obo/xao#start_stage>	<http://purl.obolibrary.org/obo/XAO_1000001>
<http://purl.obolibrary.org/obo/XAO_0005002>	<http://purl.obolibrary.org/obo/xao#end_stage>	<http://purl.obolibrary.org/obo/XAO_0000437>
<http://purl.obolibrary.org/obo/XAO_0000013>	<http://purl.obolibrary.org/obo/BFO_0000050>	<http://purl.obolibrary.org/obo/XAO_0000011>
<http://purl.obolibrary.org/obo/XAO_0004598>	<http://purl.obolibrary.org/obo/BFO_0000050>	<http://purl.obolibrary.org/obo/XAO_0000011>
<http://purl.obolibrary.org/obo/XAO_0004341>	<http://purl.obolibrary.org/obo/xao#end_stage>	<http://purl.obolibrary.org/obo/XAO_1000078>
<http://purl.obolibrary.org/obo/XAO_0000142>	<http://purl.obolibrary.org/obo/BFO_0000050>	<http://purl.obolibrary.org/obo/XAO_0000140>
<http://purl.obolibrary.org/obo/XAO_0005135>	<http://purl.obolibrary.org/obo/xao#end_stage>	<http://purl.obolibrary.org/obo/XAO_0000437>
<http://purl.obolibrary.org/obo/XAO_0003047>	<http://purl.obolibrary.org/obo/xao#end_stage>	<http://purl.obolibrary.org/obo/XAO_0000437>
<http://purl.obolibrary.org/obo/XAO_0000170>	<http://purl.obolibrary.org/obo/xao#start_stage>	<http://purl.obolibrary.org/obo/XAO_1000048>
<http://purl.obolibrary.org/obo/XAO_0003117>	<http://purl.obolibrary.org/obo/xao#end_stage>	<http://purl.obolibrary.org/obo/XAO_1000059>
<http://purl.obolibrary.org/obo/XAO_0006012>	<http://purl.obolibrary.org/obo/xao#start_stage>	<http://purl.obolibrary.org/obo/XAO_1000039>
<http://purl.obolibrary.org/obo/XAO_0000108>	<http://purl.obolibrary.org/obo/BFO_0000050>	<http://purl.obolibrary.org/obo/XAO_0004057>
<http://purl.obolibrary.org/obo/XAO_0005066>	<http://purl.obolibrary.org/obo/BFO_0000050>	<http://purl.obolibrary.org/obo/XAO_0000179>
<http://purl.obolibrary.org/obo/XAO_0003013>	<http://purl.obolibrary.org/obo/xao#end_stage>	<http://purl.obolibrary.org/obo/XAO_0000437>
<http://purl.obolibrary.org/obo/XAO_0000167>	<http://purl.obolibrary.org/obo/RO_0002202>	<http://purl.obolibrary.org/obo/XAO_0000247>
<http://purl.obolibrary.org/obo/XAO_0005143>	<http://purl.obolibrary.org/obo/xao#start_stage>	<http://purl.obolibrary.org/obo/XAO_1000059>
<http://purl.obolibrary.org/obo/XAO_0005321>	<http://purl.obolibrary.org/obo/xao#start_stage>	<http://purl.obolibrary.org/obo/XAO_1000044>
<http://purl.obolibrary.org/obo/XAO_0000272>	<http://purl.obolibrary.org/obo/xao#end_stage>	<http://purl.obolibrary.org/obo/XAO_0000437>
<http://purl.obolibrary.org/obo/XAO_0000143>	<http://purl.obolibrary.org/obo/BFO_0000050>	<http://purl.obolibrary.org/obo/XAO_0000140>
<http://purl.obolibrary.org/obo/XAO_0006050>	<http://purl.obolibrary.org/obo/BFO_0000050>	<http://purl.obolibrary.org/obo/XAO_0000129>
<http://purl.obolibrary.org/obo/XAO_0004191>	<http://purl.obolibrary.org/obo/xao#start_stage>	<http://purl.obolibrary.org/obo/XAO_1000025>
<http://purl.obolibrary.org/obo/XAO_0004061>	<http://purl.obolibrary.org/obo/BFO_0000050>	<http://purl.obolibrary.org/obo/XAO_0004063>
<http://purl.obolibrary.org/obo/XAO_0000315>	<http://purl.obolibrary.org/obo/xao#end_stage>	<http://purl.obolibrary.org/obo/XAO_1000059>
<http://purl.obolibrary.org/obo/XAO_0004256>	<http://purl.obolibrary.org/obo/xao#start_stage>	<http://purl.obolibrary.org/obo/XAO_1000054>
<http://purl.obolibrary.org/obo/XAO_0004199>	<http://purl.obolibrary.org/obo/xao#start_stage>	<http://purl.obolibrary.org/obo/XAO_1000072>
<http://purl.obolibrary.org/obo/XAO_0004461>	<http://purl.obolibrary.org/obo/BFO_0000050>	<http://purl.obolibrary.org/obo/XAO_0004261>
<http://purl.obolibrary.org/obo/XAO_0004129>	<http://purl.obolibrary.org/obo/xao#start_stage>	<http://purl.obolibrary.org/obo/XAO_1000054>
<http://purl.obolibrary.org/obo/XAO_0004337>	<http://purl.obolibrary.org/obo/RO_0002202>	<http://purl.obolibrary.org/obo/XAO_0004434>
<http://purl.obolibrary.org/obo/XAO_0004204>	<http://purl.obolibrary.org/obo/xao#end_stage>	<http://purl.obolibrary.org/obo/XAO_0000437>
<http://purl.obolibrary.org/obo/XAO_0004494>	<http://purl.obolibrary.org/obo/BFO_0000050>	<http://purl.obolibrary.org/obo/XAO_0004496>
<http://purl.obolibrary.org/obo/XAO_0000006>	<http://purl.obolibrary.org/obo/BFO_0000050>	<http://purl.obolibrary.org/obo/XAO_0003195>
<http://purl.obolibrary.org/obo/XAO_0000027>	<http://purl.obolibrary.org/obo/RO_0002202>	<http://purl.obolibrary.org/obo/XAO_0000270>
<http://purl.obolibrary.org/obo/XAO_0004299>	<http://purl.obolibrary.org/obo/BFO_0000050>	<http://purl.obolibrary.org/obo/XAO_0003030>
<http://purl.obolibrary.org/obo/XAO_0000165>	<http://purl.obolibrary.org/obo/xao#start_stage>	<http://purl.obolibrary.org/obo/XAO_1000058>
<http://purl.obolibrary.org/obo/XAO_0003170>	<http://purl.obolibrary.org/obo/xao#end_stage>	<http://purl.obolibrary.org/obo/XAO_0000437>
<http://purl.obolibrary.org/obo/XAO_0003075>	<http://purl.obolibrary.org/obo/xao#end_stage>	<http://purl.obolibrary.org/obo/XAO_0000437>
<http://purl.obolibrary.org/obo/XAO_0004079>	<http://purl.obolibrary.org/obo/RO_0002202>	<http://purl.obolibrary.org/obo/XAO_0005026>
<http://purl.obolibrary.org/obo/XAO_0003228>	<http://purl.obolibrary.org/obo/xao#start_stage>	<http://purl.obolibrary.org/obo/XAO_1000044>
<http://purl.obolibrary.org/obo/XAO_0004044>	<http://purl.obolibrary.org/obo/xao#start_stage>	<http://purl.obolibrary.org/obo/XAO_1000048>
<http://purl.obolibrary.org/obo/XAO_0003210>	<http://purl.obolibrary.org/obo/BFO_0000050>	<http://purl.obolibrary.org/obo/XAO_0004295>
<http://purl.obolibrary.org/obo/XAO_0000097>	<http://purl.obolibrary.org/obo/xao#start_stage>	<http://purl.obolibrary.org/obo/XAO_1000040>
<http://purl.obolibrary.org/obo/XAO_0004558>	<http://purl.obolibrary.org/obo/BFO_0000050>	<http://purl.obolibrary.org/obo/XAO_0004531>
<http://purl.obolibrary.org/obo/XAO_0005053>	<http://purl.obolibrary.org/obo/BFO_0000050>	<http://purl.obolibrary.org/obo/XAO_0003100>
<http://purl.obolibrary.org/obo/XAO_0003103>	<http://purl.obolibrary.org/obo/xao#end_stage>	<http://purl.obolibrary.org/obo/XAO_0000437>
<http://purl.obolibrary.org/obo/XAO_0000070>	<http://purl.obolibrary.org/obo/xao#end_stage>	<http://purl.obolibrary.org/obo/XAO_1000022>
<http://purl.obolibrary.org/obo/XAO_0000223>	<http://purl.obolibrary.org/obo/BFO_0000050>	<http://purl.obolibrary.org/obo/XAO_0003195>
<http://purl.obolibrary.org/obo/XAO_0003141>	<http://purl.obolibrary.org/obo/RO_0002202>	<http://purl.obolibrary.org/obo/XAO_0000425>
<http://purl.obolibrary.org/obo/XAO_0004142>	<http://purl.obolibrary.org/obo/xao#end_stage>	<http://purl.obolibrary.org/obo/XAO_0000437>
<http://purl.obolibrary.org/obo/XAO_0005222>	<http://purl.obolibrary.org/obo/xao#start_stage>	<http://purl.obolibrary.org/obo/XAO_1000032>
<http://purl.obolibrary.org/obo/XAO_0006023>	<http://purl.obolibrary.org/obo/xao#start_stage>	<http://purl.obolibrary.org/obo/XAO_1000052>
<http://purl.obolibrary.org/obo/XAO_0004478>	<http://purl.obolibrary.org/obo/xao#end_stage>	<http://purl.obolibrary.org/obo/XAO_0000437>
<http://purl.obolibrary.org/obo/XAO_0005208>	<http://purl.obolibrary.org/obo/xao#end_stage>	<http://purl.obolibrary.org/obo/XAO_0000437>
<http://purl.obolibrary.org/obo/XAO_1000027>	<http://purl.obolibrary.org/obo/xao#preceded_by>	<http://purl.obolibrary.org/obo/XAO_1000026>
<http://purl.obolibrary.org/obo/XAO_0004445>	<http://purl.obolibrary.org/obo/xao#start_stage>	<http://purl.obolibrary.org/obo/XAO_1000050>
<http://purl.obolibrary.org/obo/XAO_0004087>	<http://purl.obolibrary.org/obo/RO_0002202>	<http://purl.obolibrary.org/obo/XAO_0000042>
<http://purl.obolibrary.org/obo/XAO_1000033>	<http://purl.obolibrary.org/obo/BFO_0000050>	<http://purl.obolibrary.org/obo/XAO_1000005>
<http://purl.obolibrary.org/obo/XAO_0004482>	<http://purl.obolibrary.org/obo/xao#start_stage>	<http://purl.obolibrary.org/obo/XAO_1000025>
<http://purl.obolibrary.org/obo/XAO_0003049>	<http://purl.obolibrary.org/obo/xao#start_stage>	<http://purl.obolibrary.org/obo/XAO_1000040>
<http://purl.obolibrary.org/obo/XAO_0006019>	<http://purl.obolibrary.org/obo/BFO_0000050>	<http://purl.obolibrary.org/obo/XAO_0005039>
<http://purl.obolibrary.org/obo/XAO_0000010>	<http://purl.obolibrary.org/obo/xao#end_stage>	<http://purl.obolibrary.org/obo/XAO_0000437>
<http://purl.obolibrary.org/obo/XAO_0003030>	<http://purl.obolibrary.org/obo/BFO_0000050>	<http://purl.obolibrary.org/obo/XAO_0004284>
<http://purl.obolibrary.org/obo/XAO_0004057>	<http://purl.obolibrary.org/obo/xao#end_stage>	<http://purl.obolibrary.org/obo/XAO_1000078>
<http://purl.obolibrary.org/obo/XAO_0004362>	<http://purl.obolibrary.org/obo/BFO_0000050>	<http://purl.obolibrary.org/obo/XAO_0003059>
<http://purl.obolibrary.org/obo/XAO_0004502>	<http://purl.obolibrary.org/obo/xao#start_stage>	<http://purl.obolibrary.org/obo/XAO_1000001>
<http://purl.obolibrary.org/obo/XAO_0000455>	<http://purl.obolibrary.org/obo/BFO_0000050>	<http://purl.obolibrary.org/obo/XAO_0000132>
<http://purl.obolibrary.org/obo/XAO_0005171>	<http://purl.obolibrary.org/obo/xao#end_stage>	<http://purl.obolibrary.org/obo/XAO_1000078>
<http://purl.obolibrary.org/obo/XAO_0000146>	<http://purl.obolibrary.org/obo/xao#end_stage>	<http://purl.obolibrary.org/obo/XAO_0000437>
<http://purl.obolibrary.org/obo/XAO_0003216>	<http://purl.obolibrary.org/obo/xao#end_stage>	<http://purl.obolibrary.org/obo/XAO_0000437>
<http://purl.obolibrary.org/obo/XAO_0005029>	<http://purl.obolibrary.org/obo/xao#end_stage>	<http://purl.obolibrary.org/obo/XAO_0000437>
<http://purl.obolibrary.org/obo/XAO_0003124>	<http://purl.obolibrary.org/obo/xao#end_stage>	<http://purl.obolibrary.org/obo/XAO_1000059>
<http://purl.obolibrary.org/obo/XAO_0005300>	<http://purl.obolibrary.org/obo/xao#start_stage>	<http://purl.obolibrary.org/obo/XAO_1000052>
<http://purl.obolibrary.org/obo/XAO_0004514>	<http://purl.obolibrary.org/obo/xao#end_stage>	<http://purl.obolibrary.org/obo/XAO_0000437>
<http://purl.obolibrary.org/obo/XAO_0000207>	<http://purl.obolibrary.org/obo/xao#start_stage>	<http://purl.obolibrary.org/obo/XAO_1000017>
<http://purl.obolibrary.org/obo/XAO_0003051>	<http://purl.obolibrary.org/obo/BFO_0000050>	<http://purl.obolibrary.org/obo/XAO_0000122>
<http://purl.obolibrary.org/obo/XAO_0005088>	<http://purl.obolibrary.org/obo/xao#start_stage>	<http://purl.obolibrary.org/obo/XAO_1000015>
<http://purl.obolibrary.org/obo/XAO_0003090>	<http://purl.obolibrary.org/obo/xao#start_stage>	<http://purl.obolibrary.org/obo/XAO_1000048>
<http://purl.obolibrary.org/obo/XAO_0004123>	<http://purl.obolibrary.org/obo/xao#end_stage>	<http://purl.obolibrary.org/obo/XAO_0000437>
<http://purl.obolibrary.org/obo/XAO_0005160>	<http://purl.obolibrary.org/obo/BFO_0000050>	<http://purl.obolibrary.org/obo/XAO_0004299>
<http://purl.obolibrary.org/obo/XAO_0004158>	<http://purl.obolibrary.org/obo/xao#end_stage>	<http://purl.obolibrary.org/obo/XAO_0000437>
<http://purl.obolibrary.org/obo/XAO_0000457>	<http://purl.obolibrary.org/obo/BFO_0000050>	<http://purl.obolibrary.org/obo/XAO_0005158>
<http://purl.obolibrary.org/obo/XAO_0005205>	<http://purl.obolibrary.org/obo/xao#start_stage>	<http://purl.obolibrary.org/obo/XAO_1000032>
<http://purl.obolibrary.org/obo/XAO_0005094>	<http://purl.obolibrary.org/obo/RO_0002202>	<http://purl.obolibrary.org/obo/XAO_0005087>
<http://purl.obolibrary.org/obo/XAO_0000052>	<http://purl.obolibrary.org/obo/xao#end_stage>	<http://purl.obolibrary.org/obo/XAO_0000437>
<http://purl.obolibrary.org/obo/XAO_0000124>	<http://purl.obolibrary.org/obo/RO_0002202>	<http://purl.obolibrary.org/obo/XAO_0004144>
<http://purl.obolibrary.org/obo/XAO_0000021>	<http://purl.obolibrary.org/obo/xao#start_stage>	<http://purl.obolibrary.org/obo/XAO_1000038>
<http://purl.obolibrary.org/obo/XAO_0005286>	<http://purl.obolibrary.org/obo/xao#end_stage>	<http://purl.obolibrary.org/obo/XAO_0000437>
<http://purl.obolibrary.org/obo/XAO_1000008>	<http://purl.obolibrary.org/obo/xao#preceded_by>	<http://purl.obolibrary.org/obo/XAO_1000007>
<http://purl.obolibrary.org/obo/XAO_0000397>	<http://purl.obolibrary.org/obo/xao#end_stage>	<http://purl.obolibrary.org/obo/XAO_1000059>
<http://purl.obolibrary.org/obo/XAO_0004245>	<http://purl.obolibrary.org/obo/xao#start_stage>	<http://purl.obolibrary.org/obo/XAO_1000057>
<http://purl.obolibrary.org/obo/XAO_0004500>	<http://purl.obolibrary.org/obo/xao#end_stage>	<http://purl.obolibrary.org/obo/XAO_0000437>
<http://purl.obolibrary.org/obo/XAO_0004552>	<http://purl.obolibrary.org/obo/BFO_0000050>	<http://purl.obolibrary.org/obo/XAO_0004180>
<http://purl.obolibrary.org/obo/XAO_0000160>	<http://purl.obolibrary.org/obo/BFO_0000050>	<http://purl.obolibrary.org/obo/XAO_0003198>
<http://purl.obolibrary.org/obo/XAO_0004512>	<http://purl.obolibrary.org/obo/xao#start_stage>	<http://purl.obolibrary.org/obo/XAO_1000026>
<http://purl.obolibrary.org/obo/XAO_0004415>	<http://purl.obolibrary.org/obo/xao#start_stage>	<http://purl.obolibrary.org/obo/XAO_1000067>
<http://purl.obolibrary.org/obo/XAO_0004275>	<http://purl.obolibrary.org/obo/xao#start_stage>	<http://purl.obolibrary.org/obo/XAO_1000057>
<http://purl.obolibrary.org/obo/XAO_0005047>	<http://purl.obolibrary.org/obo/xao#start_stage>	<http://purl.obolibrary.org/obo/XAO_1000047>
<http://purl.obolibrary.org/obo/XAO_0000259>	<http://purl.obolibrary.org/obo/xao#start_stage>	<http://purl.obolibrary.org/obo/XAO_1000024>
<http://purl.obolibrary.org/obo/XAO_0005108>	<http://purl.obolibrary.org/obo/RO_0002202>	<http://purl.obolibrary.org/obo/XAO_0005094>
<http://purl.obolibrary.org/obo/XAO_0004528>	<http://purl.obolibrary.org/obo/xao#end_stage>	<http://purl.obolibrary.org/obo/XAO_1000059>
<http://purl.obolibrary.org/obo/XAO_0000107>	<http://purl.obolibrary.org/obo/xao#start_stage>	<http://purl.obolibrary.org/obo/XAO_1000041>
<http://purl.obolibrary.org/obo/XAO_0003186>	<http://purl.obolibrary.org/obo/xao#start_stage>	<http://purl.obolibrary.org/obo/XAO_1000001>
<http://purl.obolibrary.org/obo/XAO_0004536>	<http://purl.obolibrary.org/obo/xao#end_stage>	<http://purl.obolibrary.org/obo/XAO_0000437>
<http://purl.obolibrary.org/obo/XAO_0000078>	<http://purl.obolibrary.org/obo/xao#start_stage>	<http://purl.obolibrary.org/obo/XAO_1000030>
<http://purl.obolibrary.org/obo/XAO_0005080>	<http://purl.obolibrary.org/obo/BFO_0000050>	<http://purl.obolibrary.org/obo/XAO_0000058>
<http://purl.obolibrary.org/obo/XAO_0005112>	<http://purl.obolibrary.org/obo/xao#start_stage>	<http://purl.obolibrary.org/obo/XAO_1000015>
<http://purl.obolibrary.org/obo/XAO_0004597>	<http://purl.obolibrary.org/obo/xao#end_stage>	<http://purl.obolibrary.org/obo/XAO_1000056>
<http://purl.obolibrary.org/obo/XAO_0004504>	<http://purl.obolibrary.org/obo/RO_0002202>	<http://purl.obolibrary.org/obo/XAO_0004049>
<http://purl.obolibrary.org/obo/XAO_0004167>	<http://purl.obolibrary.org/obo/xao#end_stage>	<http://purl.obolibrary.org/obo/XAO_0000437>
<http://purl.obolibrary.org/obo/XAO_0004085>	<http://purl.obolibrary.org/obo/BFO_0000050>	<http://purl.obolibrary.org/obo/XAO_0004091>
<http://purl.obolibrary.org/obo/XAO_0003230>	<http://purl.obolibrary.org/obo/xao#start_stage>	<http://purl.obolibrary.org/obo/XAO_1000058>
<http://purl.obolibrary.org/obo/XAO_0003151>	<http://purl.obolibrary.org/obo/RO_0002202>	<http://purl.obolibrary.org/obo/XAO_0003019>
<http://purl.obolibrary.org/obo/XAO_0005055>	<http://purl.obolibrary.org/obo/xao#end_stage>	<http://purl.obolibrary.org/obo/XAO_0000437>
<http://purl.obolibrary.org/obo/XAO_0006016>	<http://purl.obolibrary.org/obo/xao#end_stage>	<http://purl.obolibrary.org/obo/XAO_0000437>
<http://purl.obolibrary.org/obo/XAO_0000113>	<http://purl.obolibrary.org/obo/xao#start_stage>	<http://purl.obolibrary.org/obo/XAO_1000001>
<http://purl.obolibrary.org/obo/XAO_1000041>	<http://purl.obolibrary.org/obo/xao#preceded_by>	<http://purl.obolibrary.org/obo/XAO_1000040>
<http://purl.obolibrary.org/obo/XAO_0004610>	<http://purl.obolibrary.org/obo/xao#start_stage>	<http://purl.obolibrary.org/obo/XAO_1000038>
<http://purl.obolibrary.org/obo/XAO_0004227>	<http://purl.obolibrary.org/obo/xao#end_stage>	<http://purl.obolibrary.org/obo/XAO_0000437>
<http://purl.obolibrary.org/obo/XAO_0005326>	<http://purl.obolibrary.org/obo/BFO_0000050>	<http://purl.obolibrary.org/obo/XAO_0005015>
<http://purl.obolibrary.org/obo/XAO_0005225>	<http://purl.obolibrary.org/obo/BFO_0000050>	<http://purl.obolibrary.org/obo/XAO_0003083>
<http://purl.obolibrary.org/obo/XAO_0004398>	<http://purl.obolibrary.org/obo/xao#start_stage>	<http://purl.obolibrary.org/obo/XAO_1000023>
<http://purl.obolibrary.org/obo/XAO_0000276>	<http://purl.obolibrary.org/obo/RO_0002202>	<http://purl.obolibrary.org/obo/XAO_0000311>
<http://purl.obolibrary.org/obo/XAO_0000449>	<http://purl.obolibrary.org/obo/xao#end_stage>	<http://purl.obolibrary.org/obo/XAO_0000437>
<http://purl.obolibrary.org/obo/XAO_0000214>	<http://purl.obolibrary.org/obo/BFO_0000050>	<http://purl.obolibrary.org/obo/XAO_0000189>
<http://purl.obolibrary.org/obo/XAO_1000036>	<http://purl.obolibrary.org/obo/xao#preceded_by>	<http://purl.obolibrary.org/obo/XAO_1000035>
<http://purl.obolibrary.org/obo/XAO_0000244>	<http://purl.obolibrary.org/obo/BFO_0000050>	<http://purl.obolibrary.org/obo/XAO_0000107>
<http://purl.obolibrary.org/obo/XAO_0004521>	<http://purl.obolibrary.org/obo/xao#end_stage>	<http://purl.obolibrary.org/obo/XAO_1000078>
<http://purl.obolibrary.org/obo/XAO_0004557>	<http://purl.obolibrary.org/obo/BFO_0000050>	<http://purl.obolibrary.org/obo/XAO_0000016>
<http://purl.obolibrary.org/obo/XAO_0005269>	<http://purl.obolibrary.org/obo/BFO_0000050>	<http://purl.obolibrary.org/obo/XAO_0004060>
<http://purl.obolibrary.org/obo/XAO_0004448>	<http://purl.obolibrary.org/obo/xao#start_stage>	<http://purl.obolibrary.org/obo/XAO_1000052>
<http://purl.obolibrary.org/obo/XAO_0000279>	<http://purl.obolibrary.org/obo/xao#start_stage>	<http://purl.obolibrary.org/obo/XAO_1000014>
<http://purl.obolibrary.org/obo/XAO_0005092>	<http://purl.obolibrary.org/obo/RO_0002202>	<http://purl.obolibrary.org/obo/XAO_0005086>
<http://purl.obolibrary.org/obo/XAO_0004484>	<http://purl.obolibrary.org/obo/xao#end_stage>	<http://purl.obolibrary.org/obo/XAO_1000078>
<http://purl.obolibrary.org/obo/XAO_0003169>	<http://purl.obolibrary.org/obo/xao#start_stage>	<http://purl.obolibrary.org/obo/XAO_1000052>
<http://purl.obolibrary.org/obo/XAO_0004342>	<http://purl.obolibrary.org/obo/RO_0002202>	<http://purl.obolibrary.org/obo/XAO_0004439>
<http://purl.obolibrary.org/obo/XAO_0000130>	<http://purl.obolibrary.org/obo/RO_0002202>	<http://purl.obolibrary.org/obo/XAO_0000103>
<http://purl.obolibrary.org/obo/XAO_0004522>	<http://purl.obolibrary.org/obo/xao#start_stage>	<http://purl.obolibrary.org/obo/XAO_1000023>
<http://purl.obolibrary.org/obo/XAO_0002000>	<http://purl.obolibrary.org/obo/BFO_0000050>	<http://purl.obolibrary.org/obo/XAO_0004521>
<http://purl.obolibrary.org/obo/XAO_0004582>	<http://purl.obolibrary.org/obo/xao#start_stage>	<http://purl.obolibrary.org/obo/XAO_1000038>
<http://purl.obolibrary.org/obo/XAO_0000032>	<http://purl.obolibrary.org/obo/xao#start_stage>	<http://purl.obolibrary.org/obo/XAO_1000034>
<http://purl.obolibrary.org/obo/XAO_0000031>	<http://purl.obolibrary.org/obo/xao#start_stage>	<http://purl.obolibrary.org/obo/XAO_1000025>
<http://purl.obolibrary.org/obo/XAO_0003218>	<http://purl.obolibrary.org/obo/xao#start_stage>	<http://purl.obolibrary.org/obo/XAO_1000050>
<http://purl.obolibrary.org/obo/XAO_0004242>	<http://purl.obolibrary.org/obo/xao#end_stage>	<http://purl.obolibrary.org/obo/XAO_0000437>
<http://purl.obolibrary.org/obo/XAO_0000234>	<http://purl.obolibrary.org/obo/xao#end_stage>	<http://purl.obolibrary.org/obo/XAO_1000092>
<http://purl.obolibrary.org/obo/XAO_0000209>	<http://purl.obolibrary.org/obo/BFO_0000050>	<http://purl.obolibrary.org/obo/XAO_0000178>
<http://purl.obolibrary.org/obo/XAO_0004207>	<http://purl.obolibrary.org/obo/xao#end_stage>	<http://purl.obolibrary.org/obo/XAO_1000044>
<http://purl.obolibrary.org/obo/XAO_0005260>	<http://purl.obolibrary.org/obo/BFO_0000050>	<http://purl.obolibrary.org/obo/XAO_0003025>
<http://purl.obolibrary.org/obo/XAO_0004125>	<http://purl.obolibrary.org/obo/xao#start_stage>	<http://purl.obolibrary.org/obo/XAO_1000054>
<http://purl.obolibrary.org/obo/XAO_0000102>	<http://purl.obolibrary.org/obo/xao#end_stage>	<http://purl.obolibrary.org/obo/XAO_1000056>
<http://purl.obolibrary.org/obo/XAO_0004186>	<http://purl.obolibrary.org/obo/xao#end_stage>	<http://purl.obolibrary.org/obo/XAO_1000048>
<http://purl.obolibrary.org/obo/XAO_0004010>	<http://purl.obolibrary.org/obo/xao#end_stage>	<http://purl.obolibrary.org/obo/XAO_0000437>
<http://purl.obolibrary.org/obo/XAO_0004090>	<http://purl.obolibrary.org/obo/xao#end_stage>	<http://purl.obolibrary.org/obo/XAO_1000024>
<http://purl.obolibrary.org/obo/XAO_0005208>	<http://purl.obolibrary.org/obo/xao#start_stage>	<http://purl.obolibrary.org/obo/XAO_1000032>
<http://purl.obolibrary.org/obo/XAO_0004346>	<http://purl.obolibrary.org/obo/xao#start_stage>	<http://purl.obolibrary.org/obo/XAO_1000054>
<http://purl.obolibrary.org/obo/XAO_0000266>	<http://purl.obolibrary.org/obo/BFO_0000050>	<http://purl.obolibrary.org/obo/XAO_0000228>
<http://purl.obolibrary.org/obo/XAO_0000418>	<http://purl.obolibrary.org/obo/xao#start_stage>	<http://purl.obolibrary.org/obo/XAO_1000040>
<http://purl.obolibrary.org/obo/XAO_0004380>	<http://purl.obolibrary.org/obo/xao#start_stage>	<http://purl.obolibrary.org/obo/XAO_1000052>
<http://purl.obolibrary.org/obo/XAO_0004298>	<http://purl.obolibrary.org/obo/BFO_0000050>	<http://purl.obolibrary.org/obo/XAO_0003031>
<http://purl.obolibrary.org/obo/XAO_0005249>	<http://purl.obolibrary.org/obo/xao#end_stage>	<http://purl.obolibrary.org/obo/XAO_1000056>
<http://purl.obolibrary.org/obo/XAO_0004261>	<http://purl.obolibrary.org/obo/BFO_0000050>	<http://purl.obolibrary.org/obo/XAO_0003024>
<http://purl.obolibrary.org/obo/XAO_0006028>	<http://purl.obolibrary.org/obo/BFO_0000050>	<http://purl.obolibrary.org/obo/XAO_0003152>
<http://purl.obolibrary.org/obo/XAO_0004431>	<http://purl.obolibrary.org/obo/xao#end_stage>	<http://purl.obolibrary.org/obo/XAO_1000050>
<http://purl.obolibrary.org/obo/XAO_0003144>	<http://purl.obolibrary.org/obo/xao#end_stage>	<http://purl.obolibrary.org/obo/XAO_0000437>
<http://purl.obolibrary.org/obo/XAO_0000415>	<http://purl.obolibrary.org/obo/xao#start_stage>	<http://purl.obolibrary.org/obo/XAO_1000040>
<http://purl.obolibrary.org/obo/XAO_0004540>	<http://purl.obolibrary.org/obo/xao#start_stage>	<http://purl.obolibrary.org/obo/XAO_1000047>
<http://purl.obolibrary.org/obo/XAO_0004424>	<http://purl.obolibrary.org/obo/xao#end_stage>	<http://purl.obolibrary.org/obo/XAO_0000437>
<http://purl.obolibrary.org/obo/XAO_0004165>	<http://purl.obolibrary.org/obo/RO_0002202>	<http://purl.obolibrary.org/obo/XAO_0000051>
<http://purl.obolibrary.org/obo/XAO_0004020>	<http://purl.obolibrary.org/obo/BFO_0000050>	<http://purl.obolibrary.org/obo/XAO_0003004>
<http://purl.obolibrary.org/obo/XAO_0004514>	<http://purl.obolibrary.org/obo/xao#start_stage>	<http://purl.obolibrary.org/obo/XAO_1000052>
<http://purl.obolibrary.org/obo/XAO_0003063>	<http://purl.obolibrary.org/obo/BFO_0000050>	<http://purl.obolibrary.org/obo/XAO_0003166>
<http://purl.obolibrary.org/obo/XAO_0005044>	<http://purl.obolibrary.org/obo/BFO_0000050>	<http://purl.obolibrary.org/obo/XAO_0000178>
<http://purl.obolibrary.org/obo/XAO_0003034>	<http://purl.obolibrary.org/obo/xao#start_stage>	<http://purl.obolibrary.org/obo/XAO_1000044>
<http://purl.obolibrary.org/obo/XAO_0001101>	<http://purl.obolibrary.org/obo/BFO_0000050>	<http://purl.obolibrary.org/obo/XAO_0005128>
<http://purl.obolibrary.org/obo/XAO_0004062>	<http://purl.obolibrary.org/obo/xao#start_stage>	<http://purl.obolibrary.org/obo/XAO_1000042>
<http://purl.obolibrary.org/obo/XAO_0004625>	<http://purl.obolibrary.org/obo/xao#start_stage>	<http://purl.obolibrary.org/obo/XAO_1000042>
<http://purl.obolibrary.org/obo/XAO_0003120>	<http://purl.obolibrary.org/obo/RO_0002202>	<http://purl.obolibrary.org/obo/XAO_0000416>
<http://purl.obolibrary.org/obo/XAO_0000110>	<http://purl.obolibrary.org/obo/xao#start_stage>	<http://purl.obolibrary.org/obo/XAO_1000037>
<http://purl.obolibrary.org/obo/XAO_0004330>	<http://purl.obolibrary.org/obo/xao#end_stage>	<http://purl.obolibrary.org/obo/XAO_0000437>
<http://purl.obolibrary.org/obo/XAO_0003129>	<http://purl.obolibrary.org/obo/xao#end_stage>	<http://purl.obolibrary.org/obo/XAO_1000059>
<http://purl.obolibrary.org/obo/XAO_0000195>	<http://purl.obolibrary.org/obo/xao#end_stage>	<http://purl.obolibrary.org/obo/XAO_0000437>
<http://purl.obolibrary.org/obo/XAO_0004110>	<http://purl.obolibrary.org/obo/xao#end_stage>	<http://purl.obolibrary.org/obo/XAO_0000437>
<http://purl.obolibrary.org/obo/XAO_0003204>	<http://purl.obolibrary.org/obo/RO_0002202>	<http://purl.obolibrary.org/obo/XAO_0000042>
<http://purl.obolibrary.org/obo/XAO_0006005>	<http://purl.obolibrary.org/obo/BFO_0000050>	<http://purl.obolibrary.org/obo/XAO_0006004>
<http://purl.obolibrary.org/obo/XAO_0004032>	<http://purl.obolibrary.org/obo/xao#start_stage>	<http://purl.obolibrary.org/obo/XAO_1000020>
<http://purl.obolibrary.org/obo/XAO_0000095>	<http://purl.obolibrary.org/obo/BFO_0000050>	<http://purl.obolibrary.org/obo/XAO_0000178>
<http://purl.obolibrary.org/obo/XAO_0000389>	<http://purl.obolibrary.org/obo/BFO_0000050>	<http://purl.obolibrary.org/obo/XAO_0000125>
<http://purl.obolibrary.org/obo/XAO_0004106>	<http://purl.obolibrary.org/obo/xao#end_stage>	<http://purl.obolibrary.org/obo/XAO_0000437>
<http://purl.obolibrary.org/obo/XAO_0000230>	<http://purl.obolibrary.org/obo/xao#end_stage>	<http://purl.obolibrary.org/obo/XAO_0000437>
<http://purl.obolibrary.org/obo/XAO_0004000>	<http://purl.obolibrary.org/obo/xao#start_stage>	<http://purl.obolibrary.org/obo/XAO_1000044>
<http://purl.obolibrary.org/obo/XAO_0004147>	<http://purl.obolibrary.org/obo/xao#end_stage>	<http://purl.obolibrary.org/obo/XAO_0000437>
<http://purl.obolibrary.org/obo/XAO_0004182>	<http://purl.obolibrary.org/obo/xao#end_stage>	<http://purl.obolibrary.org/obo/XAO_0000437>
<http://purl.obolibrary.org/obo/XAO_0004420>	<http://purl.obolibrary.org/obo/xao#start_stage>	<http://purl.obolibrary.org/obo/XAO_1000070>
<http://purl.obolibrary.org/obo/XAO_0004320>	<http://purl.obolibrary.org/obo/RO_0002202>	<http://purl.obolibrary.org/obo/XAO_0000050>
<http://purl.obolibrary.org/obo/XAO_0004005>	<http://purl.obolibrary.org/obo/xao#end_stage>	<http://purl.obolibrary.org/obo/XAO_1000056>
<http://purl.obolibrary.org/obo/XAO_0000370>	<http://purl.obolibrary.org/obo/RO_0002202>	<http://purl.obolibrary.org/obo/XAO_0000361>
<http://purl.obolibrary.org/obo/XAO_0000334>	<http://purl.obolibrary.org/obo/xao#start_stage>	<http://purl.obolibrary.org/obo/XAO_1000057>
<http://purl.obolibrary.org/obo/XAO_0003209>	<http://purl.obolibrary.org/obo/BFO_0000050>	<http://purl.obolibrary.org/obo/XAO_0003061>
<http://purl.obolibrary.org/obo/XAO_0000096>	<http://purl.obolibrary.org/obo/xao#start_stage>	<http://purl.obolibrary.org/obo/XAO_1000040>
<http://purl.obolibrary.org/obo/XAO_0003014>	<http://purl.obolibrary.org/obo/xao#start_stage>	<http://purl.obolibrary.org/obo/XAO_1000047>
<http://purl.obolibrary.org/obo/XAO_0005422>	<http://purl.obolibrary.org/obo/xao#end_stage>	<http://purl.obolibrary.org/obo/XAO_0000437>
<http://purl.obolibrary.org/obo/XAO_0000375>	<http://purl.obolibrary.org/obo/BFO_0000050>	<http://purl.obolibrary.org/obo/XAO_0001010>
<http://purl.obolibrary.org/obo/XAO_0003154>	<http://purl.obolibrary.org/obo/xao#start_stage>	<http://purl.obolibrary.org/obo/XAO_1000093>
<http://purl.obolibrary.org/obo/XAO_0000017>	<http://purl.obolibrary.org/obo/RO_0002202>	<http://purl.obolibrary.org/obo/XAO_0000267>
<http://purl.obolibrary.org/obo/XAO_0003199>	<http://purl.obolibrary.org/obo/xao#start_stage>	<http://purl.obolibrary.org/obo/XAO_1000047>
<http://purl.obolibrary.org/obo/XAO_1000018>	<http://purl.obolibrary.org/obo/xao#preceded_by>	<http://purl.obolibrary.org/obo/XAO_1000017>
<http://purl.obolibrary.org/obo/XAO_0005071>	<http://purl.obolibrary.org/obo/xao#end_stage>	<http://purl.obolibrary.org/obo/XAO_0000437>
<http://purl.obolibrary.org/obo/XAO_0003150>	<http://purl.obolibrary.org/obo/BFO_0000050>	<http://purl.obolibrary.org/obo/XAO_0000142>
<http://purl.obolibrary.org/obo/XAO_0004597>	<http://purl.obolibrary.org/obo/xao#start_stage>	<http://purl.obolibrary.org/obo/XAO_1000038>
<http://purl.obolibrary.org/obo/XAO_0005148>	<http://purl.obolibrary.org/obo/xao#start_stage>	<http://purl.obolibrary.org/obo/XAO_1000050>
<http://purl.obolibrary.org/obo/XAO_0000074>	<http://purl.obolibrary.org/obo/xao#start_stage>	<http://purl.obolibrary.org/obo/XAO_1000020>
<http://purl.obolibrary.org/obo/XAO_0005185>	<http://purl.obolibrary.org/obo/xao#end_stage>	<http://purl.obolibrary.org/obo/XAO_0000437>
<http://purl.obolibrary.org/obo/XAO_0000220>	<http://purl.obolibrary.org/obo/RO_0002202>	<http://purl.obolibrary.org/obo/XAO_0000410>
<http://purl.obolibrary.org/obo/XAO_0004587>	<http://purl.obolibrary.org/obo/RO_0002202>	<http://purl.obolibrary.org/obo/XAO_0004237>
<http://purl.obolibrary.org/obo/XAO_0004418>	<http://purl.obolibrary.org/obo/xao#start_stage>	<http://purl.obolibrary.org/obo/XAO_1000070>
<http://purl.obolibrary.org/obo/XAO_0005152>	<http://purl.obolibrary.org/obo/xao#end_stage>	<http://purl.obolibrary.org/obo/XAO_0000437>
<http://purl.obolibrary.org/obo/XAO_0003151>	<http://purl.obolibrary.org/obo/xao#end_stage>	<http://purl.obolibrary.org/obo/XAO_0000437>
<http://purl.obolibrary.org/obo/XAO_0006026>	<http://purl.obolibrary.org/obo/RO_0002202>	<http://purl.obolibrary.org/obo/XAO_0003055>
<http://purl.obolibrary.org/obo/XAO_0004224>	<http://purl.obolibrary.org/obo/xao#end_stage>	<http://purl.obolibrary.org/obo/XAO_0000437>
<http://purl.obolibrary.org/obo/XAO_0004508>	<http://purl.obolibrary.org/obo/xao#end_stage>	<http://purl.obolibrary.org/obo/XAO_1000078>
<http://purl.obolibrary.org/obo/XAO_0004026>	<http://purl.obolibrary.org/obo/xao#start_stage>	<http://purl.obolibrary.org/obo/XAO_1000048>
<http://purl.obolibrary.org/obo/XAO_0000345>	<http://purl.obolibrary.org/obo/xao#start_stage>	<http://purl.obolibrary.org/obo/XAO_1000047>
<http://purl.obolibrary.org/obo/XAO_0005189>	<http://purl.obolibrary.org/obo/BFO_0000050>	<http://purl.obolibrary.org/obo/XAO_0005187>
<http://purl.obolibrary.org/obo/XAO_0004407>	<http://purl.obolibrary.org/obo/BFO_0000050>	<http://purl.obolibrary.org/obo/XAO_0003161>
<http://purl.obolibrary.org/obo/XAO_0000387>	<http://purl.obolibrary.org/obo/xao#start_stage>	<http://purl.obolibrary.org/obo/XAO_1000052>
<http://purl.obolibrary.org/obo/XAO_0004209>	<http://purl.obolibrary.org/obo/xao#end_stage>	<http://purl.obolibrary.org/obo/XAO_1000038>
<http://purl.obolibrary.org/obo/XAO_0004472>	<http://purl.obolibrary.org/obo/BFO_0000050>	<http://purl.obolibrary.org/obo/XAO_0000064>
<http://purl.obolibrary.org/obo/XAO_0000358>	<http://purl.obolibrary.org/obo/xao#end_stage>	<http://purl.obolibrary.org/obo/XAO_0000437>
<http://purl.obolibrary.org/obo/XAO_0004395>	<http://purl.obolibrary.org/obo/BFO_0000050>	<http://purl.obolibrary.org/obo/XAO_0000281>
<http://purl.obolibrary.org/obo/XAO_1000048>	<http://purl.obolibrary.org/obo/BFO_0000050>	<http://purl.obolibrary.org/obo/XAO_1000080>
<http://purl.obolibrary.org/obo/XAO_0003079>	<http://purl.obolibrary.org/obo/xao#start_stage>	<http://purl.obolibrary.org/obo/XAO_1000057>
<http://purl.obolibrary.org/obo/XAO_0004624>	<http://purl.obolibrary.org/obo/BFO_0000050>	<http://purl.obolibrary.org/obo/XAO_0000002>
<http://purl.obolibrary.org/obo/XAO_0000437>	<http://purl.obolibrary.org/obo/xao#preceded_by>	<http://purl.obolibrary.org/obo/XAO_1000095>
<http://purl.obolibrary.org/obo/XAO_0000458>	<http://purl.obolibrary.org/obo/xao#end_stage>	<http://purl.obolibrary.org/obo/XAO_0000437>
<http://purl.obolibrary.org/obo/XAO_0004384>	<http://purl.obolibrary.org/obo/xao#end_stage>	<http://purl.obolibrary.org/obo/XAO_1000022>
<http://purl.obolibrary.org/obo/XAO_0003037>	<http://purl.obolibrary.org/obo/xao#end_stage>	<http://purl.obolibrary.org/obo/XAO_0000437>
<http://purl.obolibrary.org/obo/XAO_0005031>	<http://purl.obolibrary.org/obo/xao#start_stage>	<http://purl.obolibrary.org/obo/XAO_1000038>
<http://purl.obolibrary.org/obo/XAO_0003127>	<http://purl.obolibrary.org/obo/RO_0002202>	<http://purl.obolibrary.org/obo/XAO_0000418>
<http://purl.obolibrary.org/obo/XAO_0004517>	<http://purl.obolibrary.org/obo/xao#end_stage>	<http://purl.obolibrary.org/obo/XAO_0000437>
<http://purl.obolibrary.org/obo/XAO_0004309>	<http://purl.obolibrary.org/obo/xao#end_stage>	<http://purl.obolibrary.org/obo/XAO_1000046>
<http://purl.obolibrary.org/obo/XAO_0000251>	<http://purl.obolibrary.org/obo/xao#start_stage>	<http://purl.obolibrary.org/obo/XAO_1000039>
<http://purl.obolibrary.org/obo/XAO_0005058>	<http://purl.obolibrary.org/obo/xao#start_stage>	<http://purl.obolibrary.org/obo/XAO_1000039>
<http://purl.obolibrary.org/obo/XAO_0002000>	<http://purl.obolibrary.org/obo/RO_0002202>	<http://purl.obolibrary.org/obo/XAO_0000264>
<http://purl.obolibrary.org/obo/XAO_0003083>	<http://purl.obolibrary.org/obo/BFO_0000050>	<http://purl.obolibrary.org/obo/XAO_0003075>
<http://purl.obolibrary.org/obo/XAO_0000135>	<http://purl.obolibrary.org/obo/RO_0002202>	<http://purl.obolibrary.org/obo/XAO_0004205>
<http://purl.obolibrary.org/obo/XAO_0003178>	<http://purl.obolibrary.org/obo/xao#end_stage>	<http://purl.obolibrary.org/obo/XAO_0000437>
<http://purl.obolibrary.org/obo/XAO_0005169>	<http://purl.obolibrary.org/obo/xao#start_stage>	<http://purl.obolibrary.org/obo/XAO_1000033>
<http://purl.obolibrary.org/obo/XAO_0005076>	<http://purl.obolibrary.org/obo/xao#end_stage>	<http://purl.obolibrary.org/obo/XAO_0000437>
<http://purl.obolibrary.org/obo/XAO_0004606>	<http://purl.obolibrary.org/obo/BFO_0000050>	<http://purl.obolibrary.org/obo/XAO_0004236>
<http://purl.obolibrary.org/obo/XAO_0004022>	<http://purl.obolibrary.org/obo/BFO_0000050>	<http://purl.obolibrary.org/obo/XAO_0004053>
<http://purl.obolibrary.org/obo/XAO_0005325>	<http://purl.obolibrary.org/obo/BFO_0000050>	<http://purl.obolibrary.org/obo/XAO_0000058>
<http://purl.obolibrary.org/obo/XAO_0000181>	<http://purl.obolibrary.org/obo/xao#start_stage>	<http://purl.obolibrary.org/obo/XAO_1000057>
<http://purl.obolibrary.org/obo/XAO_0004065>	<http://purl.obolibrary.org/obo/BFO_0000050>	<http://purl.obolibrary.org/obo/XAO_0004064>
<http://purl.obolibrary.org/obo/XAO_0000401>	<http://purl.obolibrary.org/obo/xao#start_stage>	<http://purl.obolibrary.org/obo/XAO_1000027>
<http://purl.obolibrary.org/obo/XAO_0004284>	<http://purl.obolibrary.org/obo/xao#end_stage>	<http://purl.obolibrary.org/obo/XAO_0000437>
<http://purl.obolibrary.org/obo/XAO_0005046>	<http://purl.obolibrary.org/obo/xao#end_stage>	<http://purl.obolibrary.org/obo/XAO_0000437>
<http://purl.obolibrary.org/obo/XAO_0003223>	<http://purl.obolibrary.org/obo/xao#start_stage>	<http://purl.obolibrary.org/obo/XAO_1000049>
<http://purl.obolibrary.org/obo/XAO_0005267>	<http://purl.obolibrary.org/obo/xao#end_stage>	<http://purl.obolibrary.org/obo/XAO_1000077>
<http://purl.obolibrary.org/obo/XAO_0000390>	<http://purl.obolibrary.org/obo/xao#start_stage>	<http://purl.obolibrary.org/obo/XAO_1000049>
<http://purl.obolibrary.org/obo/XAO_0004366>	<http://purl.obolibrary.org/obo/xao#end_stage>	<http://purl.obolibrary.org/obo/XAO_0000437>
<http://purl.obolibrary.org/obo/XAO_0003196>	<http://purl.obolibrary.org/obo/xao#start_stage>	<http://purl.obolibrary.org/obo/XAO_1000039>
<http://purl.obolibrary.org/obo/XAO_0000378>	<http://purl.obolibrary.org/obo/xao#start_stage>	<http://purl.obolibrary.org/obo/XAO_1000048>
<http://purl.obolibrary.org/obo/XAO_0004581>	<http://purl.obolibrary.org/obo/xao#end_stage>	<http://purl.obolibrary.org/obo/XAO_0000437>
<http://purl.obolibrary.org/obo/XAO_0000054>	<http://purl.obolibrary.org/obo/xao#end_stage>	<http://purl.obolibrary.org/obo/XAO_0000437>
<http://purl.obolibrary.org/obo/XAO_0004505>	<http://purl.obolibrary.org/obo/xao#start_stage>	<http://purl.obolibrary.org/obo/XAO_1000057>
<http://purl.obolibrary.org/obo/XAO_0004465>	<http://purl.obolibrary.org/obo/RO_0002202>	<http://purl.obolibrary.org/obo/XAO_0000196>
<http://purl.obolibrary.org/obo/XAO_0004575>	<http://purl.obolibrary.org/obo/xao#start_stage>	<http://purl.obolibrary.org/obo/XAO_1000065>
<http://purl.obolibrary.org/obo/XAO_0000464>	<http://purl.obolibrary.org/obo/xao#end_stage>	<http://purl.obolibrary.org/obo/XAO_0000437>
<http://purl.obolibrary.org/obo/XAO_0003261>	<http://purl.obolibrary.org/obo/BFO_0000050>	<http://purl.obolibrary.org/obo/XAO_0003196>
<http://purl.obolibrary.org/obo/XAO_0005182>	<http://purl.obolibrary.org/obo/xao#start_stage>	<http://purl.obolibrary.org/obo/XAO_1000025>
<http://purl.obolibrary.org/obo/XAO_0004020>	<http://purl.obolibrary.org/obo/RO_0002202>	<http://purl.obolibrary.org/obo/XAO_0000113>
<http://purl.obolibrary.org/obo/XAO_0003213>	<http://purl.obolibrary.org/obo/BFO_0000050>	<http://purl.obolibrary.org/obo/XAO_0004298>
<http://purl.obolibrary.org/obo/XAO_0005084>	<http://purl.obolibrary.org/obo/RO_0002202>	<http://purl.obolibrary.org/obo/XAO_0003016>
<http://purl.obolibrary.org/obo/XAO_0000098>	<http://purl.obolibrary.org/obo/xao#end_stage>	<http://purl.obolibrary.org/obo/XAO_0000437>
<http://purl.obolibrary.org/obo/XAO_0004545>	<http://purl.obolibrary.org/obo/BFO_0000050>	<http://purl.obolibrary.org/obo/XAO_0003100>
<http://purl.obolibrary.org/obo/XAO_0004169>	<http://purl.obolibrary.org/obo/xao#start_stage>	<http://purl.obolibrary.org/obo/XAO_1000052>
<http://purl.obolibrary.org/obo/XAO_0000026>	<http://purl.obolibrary.org/obo/BFO_0000050>	<http://purl.obolibrary.org/obo/XAO_0001001>
<http://purl.obolibrary.org/obo/XAO_0005254>	<http://purl.obolibrary.org/obo/BFO_0000050>	<http://purl.obolibrary.org/obo/XAO_0003249>
<http://purl.obolibrary.org/obo/XAO_0005231>	<http://purl.obolibrary.org/obo/xao#start_stage>	<http://purl.obolibrary.org/obo/XAO_1000052>
<http://purl.obolibrary.org/obo/XAO_0004050>	<http://purl.obolibrary.org/obo/BFO_0000050>	<http://purl.obolibrary.org/obo/XAO_0000055>
<http://purl.obolibrary.org/obo/XAO_0004251>	<http://purl.obolibrary.org/obo/xao#end_stage>	<http://purl.obolibrary.org/obo/XAO_0000437>
<http://purl.obolibrary.org/obo/XAO_0003245>	<http://purl.obolibrary.org/obo/xao#end_stage>	<http://purl.obolibrary.org/obo/XAO_0000437>
<http://purl.obolibrary.org/obo/XAO_0000245>	<http://purl.obolibrary.org/obo/xao#end_stage>	<http://purl.obolibrary.org/obo/XAO_1000083>
<http://purl.obolibrary.org/obo/XAO_0005242>	<http://purl.obolibrary.org/obo/xao#start_stage>	<http://purl.obolibrary.org/obo/XAO_1000023>
<http://purl.obolibrary.org/obo/XAO_0000200>	<http://purl.obolibrary.org/obo/BFO_0000050>	<http://purl.obolibrary.org/obo/XAO_0000202>
<http://purl.obolibrary.org/obo/XAO_0003078>	<http://purl.obolibrary.org/obo/RO_0002202>	<http://purl.obolibrary.org/obo/XAO_0000417>
<http://purl.obolibrary.org/obo/XAO_0005295>	<http://purl.obolibrary.org/obo/BFO_0000050>	<http://purl.obolibrary.org/obo/XAO_0003092>
<http://purl.obolibrary.org/obo/XAO_0004116>	<http://purl.obolibrary.org/obo/xao#start_stage>	<http://purl.obolibrary.org/obo/XAO_1000085>
<http://purl.obolibrary.org/obo/XAO_0004450>	<http://purl.obolibrary.org/obo/xao#start_stage>	<http://purl.obolibrary.org/obo/XAO_1000047>
<http://purl.obolibrary.org/obo/XAO_0005227>	<http://purl.obolibrary.org/obo/RO_0002202>	<http://purl.obolibrary.org/obo/XAO_0000205>
<http://purl.obolibrary.org/obo/XAO_0000167>	<http://purl.obolibrary.org/obo/xao#end_stage>	<http://purl.obolibrary.org/obo/XAO_0000437>
<http://purl.obolibrary.org/obo/XAO_0000307>	<http://purl.obolibrary.org/obo/BFO_0000050>	<http://purl.obolibrary.org/obo/XAO_0003204>
<http://purl.obolibrary.org/obo/XAO_0003062>	<http://purl.obolibrary.org/obo/BFO_0000050>	<http://purl.obolibrary.org/obo/XAO_0003166>
<http://purl.obolibrary.org/obo/XAO_0004523>	<http://purl.obolibrary.org/obo/BFO_0000050>	<http://purl.obolibrary.org/obo/XAO_0000244>
<http://purl.obolibrary.org/obo/XAO_0004289>	<http://purl.obolibrary.org/obo/xao#start_stage>	<http://purl.obolibrary.org/obo/XAO_1000040>
<http://purl.obolibrary.org/obo/XAO_0000006>	<http://purl.obolibrary.org/obo/xao#end_stage>	<http://purl.obolibrary.org/obo/XAO_1000070>
<http://purl.obolibrary.org/obo/XAO_0001016>	<http://purl.obolibrary.org/obo/BFO_0000050>	<http://purl.obolibrary.org/obo/XAO_0000315>
<http://purl.obolibrary.org/obo/XAO_0004121>	<http://purl.obolibrary.org/obo/xao#end_stage>	<http://purl.obolibrary.org/obo/XAO_1000068>
<http://purl.obolibrary.org/obo/XAO_0004452>	<http://purl.obolibrary.org/obo/xao#end_stage>	<http://purl.obolibrary.org/obo/XAO_1000051>
<http://purl.obolibrary.org/obo/XAO_0004253>	<http://purl.obolibrary.org/obo/xao#end_stage>	<http://purl.obolibrary.org/obo/XAO_0000437>
<http://purl.obolibrary.org/obo/XAO_0000237>	<http://purl.obolibrary.org/obo/BFO_0000050>	<http://purl.obolibrary.org/obo/XAO_0000130>
<http://purl.obolibrary.org/obo/XAO_0004541>	<http://purl.obolibrary.org/obo/BFO_0000050>	<http://purl.obolibrary.org/obo/XAO_0004539>
<http://purl.obolibrary.org/obo/XAO_0004487>	<http://purl.obolibrary.org/obo/BFO_0000050>	<http://purl.obolibrary.org/obo/XAO_0003209>
<http://purl.obolibrary.org/obo/XAO_0000233>	<http://purl.obolibrary.org/obo/BFO_0000050>	<http://purl.obolibrary.org/obo/XAO_0000280>
<http://purl.obolibrary.org/obo/XAO_0000218>	<http://purl.obolibrary.org/obo/xao#end_stage>	<http://purl.obolibrary.org/obo/XAO_0000437>
<http://purl.obolibrary.org/obo/XAO_0000035>	<http://purl.obolibrary.org/obo/xao#end_stage>	<http://purl.obolibrary.org/obo/XAO_1000001>
<http://purl.obolibrary.org/obo/XAO_0005261>	<http://purl.obolibrary.org/obo/xao#start_stage>	<http://purl.obolibrary.org/obo/XAO_1000042>
<http://purl.obolibrary.org/obo/XAO_0004185>	<http://purl.obolibrary.org/obo/RO_0002202>	<http://purl.obolibrary.org/obo/XAO_0000235>
<http://purl.obolibrary.org/obo/XAO_0000460>	<http://purl.obolibrary.org/obo/xao#start_stage>	<http://purl.obolibrary.org/obo/XAO_1000055>
<http://purl.obolibrary.org/obo/XAO_0000155>	<http://purl.obolibrary.org/obo/xao#end_stage>	<http://purl.obolibrary.org/obo/XAO_0000437>
<http://purl.obolibrary.org/obo/XAO_0003221>	<http://purl.obolibrary.org/obo/xao#end_stage>	<http://purl.obolibrary.org/obo/XAO_0000437>
<http://purl.obolibrary.org/obo/XAO_0005304>	<http://purl.obolibrary.org/obo/xao#start_stage>	<http://purl.obolibrary.org/obo/XAO_1000020>
<http://purl.obolibrary.org/obo/XAO_0004070>	<http://purl.obolibrary.org/obo/BFO_0000050>	<http://purl.obolibrary.org/obo/XAO_0000013>
<http://purl.obolibrary.org/obo/XAO_0004519>	<http://purl.obolibrary.org/obo/xao#start_stage>	<http://purl.obolibrary.org/obo/XAO_1000045>
<http://purl.obolibrary.org/obo/XAO_0004323>	<http://purl.obolibrary.org/obo/xao#end_stage>	<http://purl.obolibrary.org/obo/XAO_0000437>
<http://purl.obolibrary.org/obo/XAO_0000180>	<http://purl.obolibrary.org/obo/BFO_0000050>	<http://purl.obolibrary.org/obo/XAO_0000179>
<http://purl.obolibrary.org/obo/XAO_0000211>	<http://purl.obolibrary.org/obo/xao#start_stage>	<http://purl.obolibrary.org/obo/XAO_1000044>
<http://purl.obolibrary.org/obo/XAO_0004128>	<http://purl.obolibrary.org/obo/xao#end_stage>	<http://purl.obolibrary.org/obo/XAO_0000437>
<http://purl.obolibrary.org/obo/XAO_0005313>	<http://purl.obolibrary.org/obo/xao#end_stage>	<http://purl.obolibrary.org/obo/XAO_0000437>
<http://purl.obolibrary.org/obo/XAO_0000104>	<http://purl.obolibrary.org/obo/RO_0002202>	<http://purl.obolibrary.org/obo/XAO_0004511>
<http://purl.obolibrary.org/obo/XAO_0003024>	<http://purl.obolibrary.org/obo/BFO_0000050>	<http://purl.obolibrary.org/obo/XAO_0000040>
<http://purl.obolibrary.org/obo/XAO_0004163>	<http://purl.obolibrary.org/obo/xao#end_stage>	<http://purl.obolibrary.org/obo/XAO_0000437>
<http://purl.obolibrary.org/obo/XAO_0005212>	<http://purl.obolibrary.org/obo/xao#end_stage>	<http://purl.obolibrary.org/obo/XAO_0000437>
<http://purl.obolibrary.org/obo/XAO_0004504>	<http://purl.obolibrary.org/obo/BFO_0000050>	<http://purl.obolibrary.org/obo/XAO_0004503>
<http://purl.obolibrary.org/obo/XAO_0001103>	<http://purl.obolibrary.org/obo/xao#start_stage>	<http://purl.obolibrary.org/obo/XAO_1000043>
<http://purl.obolibrary.org/obo/XAO_0000329>	<http://purl.obolibrary.org/obo/xao#start_stage>	<http://purl.obolibrary.org/obo/XAO_1000049>
<http://purl.obolibrary.org/obo/XAO_0000183>	<http://purl.obolibrary.org/obo/xao#end_stage>	<http://purl.obolibrary.org/obo/XAO_0000437>
<http://purl.obolibrary.org/obo/XAO_0005503>	<http://purl.obolibrary.org/obo/xao#start_stage>	<http://purl.obolibrary.org/obo/XAO_1000051>
<http://purl.obolibrary.org/obo/XAO_1000085>	<http://purl.obolibrary.org/obo/xao#preceded_by>	<http://purl.obolibrary.org/obo/XAO_1000084>
<http://purl.obolibrary.org/obo/XAO_0005223>	<http://purl.obolibrary.org/obo/xao#start_stage>	<http://purl.obolibrary.org/obo/XAO_1000032>
<http://purl.obolibrary.org/obo/XAO_0000462>	<http://purl.obolibrary.org/obo/RO_0002202>	<http://purl.obolibrary.org/obo/XAO_0000461>
<http://purl.obolibrary.org/obo/XAO_0000358>	<http://purl.obolibrary.org/obo/xao#start_stage>	<http://purl.obolibrary.org/obo/XAO_1000046>
<http://purl.obolibrary.org/obo/XAO_0004404>	<http://purl.obolibrary.org/obo/xao#end_stage>	<http://purl.obolibrary.org/obo/XAO_0000437>
<http://purl.obolibrary.org/obo/XAO_0005198>	<http://purl.obolibrary.org/obo/xao#end_stage>	<http://purl.obolibrary.org/obo/XAO_0000437>
<http://purl.obolibrary.org/obo/XAO_0000330>	<http://purl.obolibrary.org/obo/xao#start_stage>	<http://purl.obolibrary.org/obo/XAO_1000076>
<http://purl.obolibrary.org/obo/XAO_0004271>	<http://purl.obolibrary.org/obo/xao#start_stage>	<http://purl.obolibrary.org/obo/XAO_1000038>
<http://purl.obolibrary.org/obo/XAO_0003175>	<http://purl.obolibrary.org/obo/BFO_0000050>	<http://purl.obolibrary.org/obo/XAO_0003075>
<http://purl.obolibrary.org/obo/XAO_0003217>	<http://purl.obolibrary.org/obo/BFO_0000050>	<http://purl.obolibrary.org/obo/XAO_0000009>
<http://purl.obolibrary.org/obo/XAO_0004590>	<http://purl.obolibrary.org/obo/BFO_0000050>	<http://purl.obolibrary.org/obo/XAO_0000014>
<http://purl.obolibrary.org/obo/XAO_0004459>	<http://purl.obolibrary.org/obo/RO_0002202>	<http://purl.obolibrary.org/obo/XAO_0003205>
<http://purl.obolibrary.org/obo/XAO_0004517>	<http://purl.obolibrary.org/obo/xao#start_stage>	<http://purl.obolibrary.org/obo/XAO_1000001>
<http://purl.obolibrary.org/obo/XAO_0000162>	<http://purl.obolibrary.org/obo/xao#end_stage>	<http://purl.obolibrary.org/obo/XAO_0000437>
<http://purl.obolibrary.org/obo/XAO_0004309>	<http://purl.obolibrary.org/obo/xao#start_stage>	<http://purl.obolibrary.org/obo/XAO_1000023>
<http://purl.obolibrary.org/obo/XAO_0000064>	<http://purl.obolibrary.org/obo/xao#end_stage>	<http://purl.obolibrary.org/obo/XAO_0000437>
<http://purl.obolibrary.org/obo/XAO_0005113>	<http://purl.obolibrary.org/obo/xao#start_stage>	<http://purl.obolibrary.org/obo/XAO_1000015>
<http://purl.obolibrary.org/obo/XAO_0000137>	<http://purl.obolibrary.org/obo/xao#end_stage>	<http://purl.obolibrary.org/obo/XAO_0000437>
<http://purl.obolibrary.org/obo/XAO_0004507>	<http://purl.obolibrary.org/obo/xao#end_stage>	<http://purl.obolibrary.org/obo/XAO_0000437>
<http://purl.obolibrary.org/obo/XAO_0005206>	<http://purl.obolibrary.org/obo/xao#start_stage>	<http://purl.obolibrary.org/obo/XAO_1000032>
<http://purl.obolibrary.org/obo/XAO_0000087>	<http://purl.obolibrary.org/obo/xao#start_stage>	<http://purl.obolibrary.org/obo/XAO_1000042>
<http://purl.obolibrary.org/obo/XAO_0000198>	<http://purl.obolibrary.org/obo/xao#end_stage>	<http://purl.obolibrary.org/obo/XAO_0000437>
<http://purl.obolibrary.org/obo/XAO_0004113>	<http://purl.obolibrary.org/obo/xao#start_stage>	<http://purl.obolibrary.org/obo/XAO_1000001>
<http://purl.obolibrary.org/obo/XAO_0003010>	<http://purl.obolibrary.org/obo/xao#start_stage>	<http://purl.obolibrary.org/obo/XAO_1000046>
<http://purl.obolibrary.org/obo/XAO_0000305>	<http://purl.obolibrary.org/obo/xao#end_stage>	<http://purl.obolibrary.org/obo/XAO_1000054>
<http://purl.obolibrary.org/obo/XAO_0004003>	<http://purl.obolibrary.org/obo/xao#start_stage>	<http://purl.obolibrary.org/obo/XAO_1000083>
<http://purl.obolibrary.org/obo/XAO_0005086>	<http://purl.obolibrary.org/obo/xao#end_stage>	<http://purl.obolibrary.org/obo/XAO_1000014>
<http://purl.obolibrary.org/obo/XAO_0004279>	<http://purl.obolibrary.org/obo/BFO_0000050>	<http://purl.obolibrary.org/obo/XAO_0004011>
<http://purl.obolibrary.org/obo/XAO_0006047>	<http://purl.obolibrary.org/obo/xao#start_stage>	<http://purl.obolibrary.org/obo/XAO_1000039>
<http://purl.obolibrary.org/obo/XAO_0004388>	<http://purl.obolibrary.org/obo/xao#start_stage>	<http://purl.obolibrary.org/obo/XAO_1000049>
<http://purl.obolibrary.org/obo/XAO_0004159>	<http://purl.obolibrary.org/obo/xao#end_stage>	<http://purl.obolibrary.org/obo/XAO_1000059>
<http://purl.obolibrary.org/obo/XAO_0005423>	<http://purl.obolibrary.org/obo/xao#start_stage>	<http://purl.obolibrary.org/obo/XAO_1000033>
<http://purl.obolibrary.org/obo/XAO_0000016>	<http://purl.obolibrary.org/obo/xao#end_stage>	<http://purl.obolibrary.org/obo/XAO_0000437>
<http://purl.obolibrary.org/obo/XAO_0004423>	<http://purl.obolibrary.org/obo/BFO_0000050>	<http://purl.obolibrary.org/obo/XAO_0000100>
<http://purl.obolibrary.org/obo/XAO_0005267>	<http://purl.obolibrary.org/obo/xao#start_stage>	<http://purl.obolibrary.org/obo/XAO_1000044>
<http://purl.obolibrary.org/obo/XAO_0000273>	<http://purl.obolibrary.org/obo/xao#start_stage>	<http://purl.obolibrary.org/obo/XAO_1000050>
<http://purl.obolibrary.org/obo/XAO_0004306>	<http://purl.obolibrary.org/obo/xao#start_stage>	<http://purl.obolibrary.org/obo/XAO_1000038>
<http://purl.obolibrary.org/obo/XAO_1000020>	<http://purl.obolibrary.org/obo/xao#preceded_by>	<http://purl.obolibrary.org/obo/XAO_1000019>
<http://purl.obolibrary.org/obo/XAO_0000408>	<http://purl.obolibrary.org/obo/xao#end_stage>	<http://purl.obolibrary.org/obo/XAO_1000059>
<http://purl.obolibrary.org/obo/XAO_0000316>	<http://purl.obolibrary.org/obo/xao#end_stage>	<http://purl.obolibrary.org/obo/XAO_0000437>
<http://purl.obolibrary.org/obo/XAO_0000043>	<http://purl.obolibrary.org/obo/xao#end_stage>	<http://purl.obolibrary.org/obo/XAO_1000078>
<http://purl.obolibrary.org/obo/XAO_0004201>	<http://purl.obolibrary.org/obo/RO_0002202>	<http://purl.obolibrary.org/obo/XAO_0004052>
<http://purl.obolibrary.org/obo/XAO_0003157>	<http://purl.obolibrary.org/obo/xao#end_stage>	<http://purl.obolibrary.org/obo/XAO_0000437>
<http://purl.obolibrary.org/obo/XAO_0000020>	<http://purl.obolibrary.org/obo/RO_0002202>	<http://purl.obolibrary.org/obo/XAO_0000250>
<http://purl.obolibrary.org/obo/XAO_0005021>	<http://purl.obolibrary.org/obo/BFO_0000050>	<http://purl.obolibrary.org/obo/XAO_0000157>
<http://purl.obolibrary.org/obo/XAO_0000002>	<http://purl.obolibrary.org/obo/xao#start_stage>	<http://purl.obolibrary.org/obo/XAO_1000041>
<http://purl.obolibrary.org/obo/XAO_1000001>	<http://purl.obolibrary.org/obo/BFO_0000050>	<http://purl.obolibrary.org/obo/XAO_1000012>
<http://purl.obolibrary.org/obo/XAO_0000192>	<http://purl.obolibrary.org/obo/xao#start_stage>	<http://purl.obolibrary.org/obo/XAO_1000055>
<http://purl.obolibrary.org/obo/XAO_0000394>	<http://purl.obolibrary.org/obo/xao#start_stage>	<http://purl.obolibrary.org/obo/XAO_1000052>
<http://purl.obolibrary.org/obo/XAO_0003202>	<http://purl.obolibrary.org/obo/xao#start_stage>	<http://purl.obolibrary.org/obo/XAO_1000043>
<http://purl.obolibrary.org/obo/XAO_0004616>	<http://purl.obolibrary.org/obo/xao#end_stage>	<http://purl.obolibrary.org/obo/XAO_1000044>
<http://purl.obolibrary.org/obo/XAO_0004586>	<http://purl.obolibrary.org/obo/BFO_0000050>	<http://purl.obolibrary.org/obo/XAO_0000020>
<http://purl.obolibrary.org/obo/XAO_0003153>	<http://purl.obolibrary.org/obo/xao#end_stage>	<http://purl.obolibrary.org/obo/XAO_1000078>
<http://purl.obolibrary.org/obo/XAO_0004563>	<http://purl.obolibrary.org/obo/BFO_0000050>	<http://purl.obolibrary.org/obo/XAO_0004302>
<http://purl.obolibrary.org/obo/XAO_0005284>	<http://purl.obolibrary.org/obo/xao#start_stage>	<http://purl.obolibrary.org/obo/XAO_1000044>
<http://purl.obolibrary.org/obo/XAO_0003101>	<http://purl.obolibrary.org/obo/BFO_0000050>	<http://purl.obolibrary.org/obo/XAO_0000178>
<http://purl.obolibrary.org/obo/XAO_0005187>	<http://purl.obolibrary.org/obo/xao#start_stage>	<http://purl.obolibrary.org/obo/XAO_1000052>
<http://purl.obolibrary.org/obo/XAO_0000235>	<http://purl.obolibrary.org/obo/xao#end_stage>	<http://purl.obolibrary.org/obo/XAO_1000039>
<http://purl.obolibrary.org/obo/XAO_0000324>	<http://purl.obolibrary.org/obo/xao#start_stage>	<http://purl.obolibrary.org/obo/XAO_1000048>
<http://purl.obolibrary.org/obo/XAO_0003138>	<http://purl.obolibrary.org/obo/xao#start_stage>	<http://purl.obolibrary.org/obo/XAO_1000043>
<http://purl.obolibrary.org/obo/XAO_0000105>	<http://purl.obolibrary.org/obo/RO_0002202>	<http://purl.obolibrary.org/obo/XAO_0000232>
<http://purl.obolibrary.org/obo/XAO_0004189>	<http://purl.obolibrary.org/obo/xao#end_stage>	<http://purl.obolibrary.org/obo/XAO_1000048>
<http://purl.obolibrary.org/obo/XAO_0005175>	<http://purl.obolibrary.org/obo/xao#end_stage>	<http://purl.obolibrary.org/obo/XAO_1000013>
<http://purl.obolibrary.org/obo/XAO_0004014>	<http://purl.obolibrary.org/obo/xao#end_stage>	<http://purl.obolibrary.org/obo/XAO_0000437>
<http://purl.obolibrary.org/obo/XAO_0004349>	<http://purl.obolibrary.org/obo/xao#start_stage>	<http://purl.obolibrary.org/obo/XAO_1000055>
<http://purl.obolibrary.org/obo/XAO_0004326>	<http://purl.obolibrary.org/obo/xao#end_stage>	<http://purl.obolibrary.org/obo/XAO_0000437>
<http://purl.obolibrary.org/obo/XAO_0004381>	<http://purl.obolibrary.org/obo/RO_0002202>	<http://purl.obolibrary.org/obo/XAO_0003205>
<http://purl.obolibrary.org/obo/XAO_0004212>	<http://purl.obolibrary.org/obo/xao#start_stage>	<http://purl.obolibrary.org/obo/XAO_1000044>
<http://purl.obolibrary.org/obo/XAO_0004293>	<http://purl.obolibrary.org/obo/xao#end_stage>	<http://purl.obolibrary.org/obo/XAO_1000092>
<http://purl.obolibrary.org/obo/XAO_0004015>	<http://purl.obolibrary.org/obo/xao#start_stage>	<http://purl.obolibrary.org/obo/XAO_1000057>
<http://purl.obolibrary.org/obo/XAO_0005318>	<http://purl.obolibrary.org/obo/xao#start_stage>	<http://purl.obolibrary.org/obo/XAO_1000083>
<http://purl.obolibrary.org/obo/XAO_0004353>	<http://purl.obolibrary.org/obo/xao#start_stage>	<http://purl.obolibrary.org/obo/XAO_1000052>
<http://purl.obolibrary.org/obo/XAO_0000270>	<http://purl.obolibrary.org/obo/BFO_0000050>	<http://purl.obolibrary.org/obo/XAO_0000042>
<http://purl.obolibrary.org/obo/XAO_0000420>	<http://purl.obolibrary.org/obo/xao#start_stage>	<http://purl.obolibrary.org/obo/XAO_1000041>
<http://purl.obolibrary.org/obo/XAO_0004360>	<http://purl.obolibrary.org/obo/BFO_0000050>	<http://purl.obolibrary.org/obo/XAO_0003059>
<http://purl.obolibrary.org/obo/XAO_0000136>	<http://purl.obolibrary.org/obo/RO_0002202>	<http://purl.obolibrary.org/obo/XAO_0001103>
<http://purl.obolibrary.org/obo/XAO_0005505>	<http://purl.obolibrary.org/obo/xao#start_stage>	<http://purl.obolibrary.org/obo/XAO_1000023>
<http://purl.obolibrary.org/obo/XAO_0005003>	<http://purl.obolibrary.org/obo/xao#end_stage>	<http://purl.obolibrary.org/obo/XAO_1000010>
<http://purl.obolibrary.org/obo/XAO_0001013>	<http://purl.obolibrary.org/obo/xao#end_stage>	<http://purl.obolibrary.org/obo/XAO_0000437>
<http://purl.obolibrary.org/obo/XAO_0000025>	<http://purl.obolibrary.org/obo/RO_0002202>	<http://purl.obolibrary.org/obo/XAO_0001001>
<http://purl.obolibrary.org/obo/XAO_0003112>	<http://purl.obolibrary.org/obo/xao#start_stage>	<http://purl.obolibrary.org/obo/XAO_1000034>
<http://purl.obolibrary.org/obo/XAO_0003073>	<http://purl.obolibrary.org/obo/RO_0002202>	<http://purl.obolibrary.org/obo/XAO_0000401>
<http://purl.obolibrary.org/obo/XAO_0004395>	<http://purl.obolibrary.org/obo/xao#start_stage>	<http://purl.obolibrary.org/obo/XAO_1000001>
<http://purl.obolibrary.org/obo/XAO_0000447>	<http://purl.obolibrary.org/obo/xao#start_stage>	<http://purl.obolibrary.org/obo/XAO_1000043>
<http://purl.obolibrary.org/obo/XAO_0005139>	<http://purl.obolibrary.org/obo/xao#end_stage>	<http://purl.obolibrary.org/obo/XAO_0000437>
<http://purl.obolibrary.org/obo/XAO_0003030>	<http://purl.obolibrary.org/obo/RO_0002202>	<http://purl.obolibrary.org/obo/XAO_0003065>
<http://purl.obolibrary.org/obo/XAO_0000422>	<http://purl.obolibrary.org/obo/xao#end_stage>	<http://purl.obolibrary.org/obo/XAO_1000059>
<http://purl.obolibrary.org/obo/XAO_0005173>	<http://purl.obolibrary.org/obo/xao#end_stage>	<http://purl.obolibrary.org/obo/XAO_1000011>
<http://purl.obolibrary.org/obo/XAO_0005050>	<http://purl.obolibrary.org/obo/xao#start_stage>	<http://purl.obolibrary.org/obo/XAO_1000038>
<http://purl.obolibrary.org/obo/XAO_0004609>	<http://purl.obolibrary.org/obo/BFO_0000050>	<http://purl.obolibrary.org/obo/XAO_0000215>
<http://purl.obolibrary.org/obo/XAO_0005124>	<http://purl.obolibrary.org/obo/BFO_0000050>	<http://purl.obolibrary.org/obo/XAO_0001002>
<http://purl.obolibrary.org/obo/XAO_0003076>	<http://purl.obolibrary.org/obo/xao#start_stage>	<http://purl.obolibrary.org/obo/XAO_1000057>
<http://purl.obolibrary.org/obo/XAO_0000220>	<http://purl.obolibrary.org/obo/RO_0002202>	<http://purl.obolibrary.org/obo/XAO_0000420>
<http://purl.obolibrary.org/obo/XAO_0000122>	<http://purl.obolibrary.org/obo/xao#end_stage>	<http://purl.obolibrary.org/obo/XAO_0000437>
<http://purl.obolibrary.org/obo/XAO_0006031>	<http://purl.obolibrary.org/obo/xao#end_stage>	<http://purl.obolibrary.org/obo/XAO_0000437>
<http://purl.obolibrary.org/obo/XAO_0004194>	<http://purl.obolibrary.org/obo/xao#end_stage>	<http://purl.obolibrary.org/obo/XAO_0000437>
<http://purl.obolibrary.org/obo/XAO_0005219>	<http://purl.obolibrary.org/obo/xao#end_stage>	<http://purl.obolibrary.org/obo/XAO_0000437>
<http://purl.obolibrary.org/obo/XAO_0000389>	<http://purl.obolibrary.org/obo/xao#end_stage>	<http://purl.obolibrary.org/obo/XAO_0000437>
<http://purl.obolibrary.org/obo/XAO_0004312>	<http://purl.obolibrary.org/obo/BFO_0000050>	<http://purl.obolibrary.org/obo/XAO_0004060>
<http://purl.obolibrary.org/obo/XAO_0000092>	<http://purl.obolibrary.org/obo/BFO_0000050>	<http://purl.obolibrary.org/obo/XAO_0000090>
<http://purl.obolibrary.org/obo/XAO_1000044>	<http://purl.obolibrary.org/obo/BFO_0000050>	<http://purl.obolibrary.org/obo/XAO_1000002>
<http://purl.obolibrary.org/obo/XAO_0004243>	<http://purl.obolibrary.org/obo/BFO_0000050>	<http://purl.obolibrary.org/obo/XAO_0004296>
<http://purl.obolibrary.org/obo/XAO_0000126>	<http://purl.obolibrary.org/obo/BFO_0000050>	<http://purl.obolibrary.org/obo/XAO_0000125>
<http://purl.obolibrary.org/obo/XAO_0004038>	<http://purl.obolibrary.org/obo/xao#end_stage>	<http://purl.obolibrary.org/obo/XAO_0000437>
<http://purl.obolibrary.org/obo/XAO_1000055>	<http://purl.obolibrary.org/obo/xao#preceded_by>	<http://purl.obolibrary.org/obo/XAO_1000054>
<http://purl.obolibrary.org/obo/XAO_0000287>	<http://purl.obolibrary.org/obo/BFO_0000050>	<http://purl.obolibrary.org/obo/XAO_0004519>
<http://purl.obolibrary.org/obo/XAO_0005036>	<http://purl.obolibrary.org/obo/xao#end_stage>	<http://purl.obolibrary.org/obo/XAO_0000437>
<http://purl.obolibrary.org/obo/XAO_0003132>	<http://purl.obolibrary.org/obo/xao#start_stage>	<http://purl.obolibrary.org/obo/XAO_1000041>
<http://purl.obolibrary.org/obo/XAO_0000467>	<http://purl.obolibrary.org/obo/xao#start_stage>	<http://purl.obolibrary.org/obo/XAO_1000043>
<http://purl.obolibrary.org/obo/XAO_0003099>	<http://purl.obolibrary.org/obo/BFO_0000050>	<http://purl.obolibrary.org/obo/XAO_0000015>
<http://purl.obolibrary.org/obo/XAO_0005169>	<http://purl.obolibrary.org/obo/xao#end_stage>	<http://purl.obolibrary.org/obo/XAO_1000026>
<http://purl.obolibrary.org/obo/XAO_0000340>	<http://purl.obolibrary.org/obo/RO_0002202>	<http://purl.obolibrary.org/obo/XAO_0000338>
<http://purl.obolibrary.org/obo/XAO_0000048>	<http://purl.obolibrary.org/obo/RO_0002202>	<http://purl.obolibrary.org/obo/XAO_0000001>
<http://purl.obolibrary.org/obo/XAO_0003136>	<http://purl.obolibrary.org/obo/xao#end_stage>	<http://purl.obolibrary.org/obo/XAO_1000059>
<http://purl.obolibrary.org/obo/XAO_0004441>	<http://purl.obolibrary.org/obo/xao#start_stage>	<http://purl.obolibrary.org/obo/XAO_1000052>
<http://purl.obolibrary.org/obo/XAO_0000261>	<http://purl.obolibrary.org/obo/BFO_0000050>	<http://purl.obolibrary.org/obo/XAO_0000228>
<http://purl.obolibrary.org/obo/XAO_0003183>	<http://purl.obolibrary.org/obo/xao#start_stage>	<http://purl.obolibrary.org/obo/XAO_1000049>
<http://purl.obolibrary.org/obo/XAO_0003048>	<http://purl.obolibrary.org/obo/RO_0002202>	<http://purl.obolibrary.org/obo/XAO_0000256>
<http://purl.obolibrary.org/obo/XAO_0000101>	<http://purl.obolibrary.org/obo/RO_0002202>	<http://purl.obolibrary.org/obo/XAO_0000092>
<http://purl.obolibrary.org/obo/XAO_0004012>	<http://purl.obolibrary.org/obo/BFO_0000050>	<http://purl.obolibrary.org/obo/XAO_0004053>
<http://purl.obolibrary.org/obo/XAO_0000028>	<http://purl.obolibrary.org/obo/BFO_0000050>	<http://purl.obolibrary.org/obo/XAO_0000001>
<http://purl.obolibrary.org/obo/XAO_0003204>	<http://purl.obolibrary.org/obo/xao#end_stage>	<http://purl.obolibrary.org/obo/XAO_1000044>
<http://purl.obolibrary.org/obo/XAO_0004618>	<http://purl.obolibrary.org/obo/xao#end_stage>	<http://purl.obolibrary.org/obo/XAO_1000059>
<http://purl.obolibrary.org/obo/XAO_0005426>	<http://purl.obolibrary.org/obo/xao#start_stage>	<http://purl.obolibrary.org/obo/XAO_1000049>
<http://purl.obolibrary.org/obo/XAO_0000142>	<http://purl.obolibrary.org/obo/xao#end_stage>	<http://purl.obolibrary.org/obo/XAO_0000437>
<http://purl.obolibrary.org/obo/XAO_0003248>	<http://purl.obolibrary.org/obo/BFO_0000050>	<http://purl.obolibrary.org/obo/XAO_0000090>
<http://purl.obolibrary.org/obo/XAO_0005245>	<http://purl.obolibrary.org/obo/xao#end_stage>	<http://purl.obolibrary.org/obo/XAO_1000044>
<http://purl.obolibrary.org/obo/XAO_0004120>	<http://purl.obolibrary.org/obo/BFO_0000050>	<http://purl.obolibrary.org/obo/XAO_0000064>
<http://purl.obolibrary.org/obo/XAO_0004358>	<http://purl.obolibrary.org/obo/BFO_0000050>	<http://purl.obolibrary.org/obo/XAO_0003059>
<http://purl.obolibrary.org/obo/XAO_0000238>	<http://purl.obolibrary.org/obo/xao#start_stage>	<http://purl.obolibrary.org/obo/XAO_1000053>
<http://purl.obolibrary.org/obo/XAO_0003156>	<http://purl.obolibrary.org/obo/xao#end_stage>	<http://purl.obolibrary.org/obo/XAO_0000437>
<http://purl.obolibrary.org/obo/XAO_0004498>	<http://purl.obolibrary.org/obo/BFO_0000050>	<http://purl.obolibrary.org/obo/XAO_0003064>
<http://purl.obolibrary.org/obo/XAO_0004423>	<http://purl.obolibrary.org/obo/BFO_0000050>	<http://purl.obolibrary.org/obo/XAO_0003025>
<http://purl.obolibrary.org/obo/XAO_0005157>	<http://purl.obolibrary.org/obo/RO_0002202>	<http://purl.obolibrary.org/obo/XAO_0005130>
<http://purl.obolibrary.org/obo/XAO_0003064>	<http://purl.obolibrary.org/obo/xao#start_stage>	<http://purl.obolibrary.org/obo/XAO_1000067>
<http://purl.obolibrary.org/obo/XAO_0004107>	<http://purl.obolibrary.org/obo/xao#end_stage>	<http://purl.obolibrary.org/obo/XAO_0000437>
<http://purl.obolibrary.org/obo/XAO_0001018>	<http://purl.obolibrary.org/obo/xao#end_stage>	<http://purl.obolibrary.org/obo/XAO_0000437>
<http://purl.obolibrary.org/obo/XAO_0004412>	<http://purl.obolibrary.org/obo/xao#end_stage>	<http://purl.obolibrary.org/obo/XAO_0000437>
<http://purl.obolibrary.org/obo/XAO_0003078>	<http://purl.obolibrary.org/obo/xao#end_stage>	<http://purl.obolibrary.org/obo/XAO_0000437>
<http://purl.obolibrary.org/obo/XAO_0004272>	<http://purl.obolibrary.org/obo/RO_0002202>	<http://purl.obolibrary.org/obo/XAO_0000001>
<http://purl.obolibrary.org/obo/XAO_0005105>	<http://purl.obolibrary.org/obo/xao#start_stage>	<http://purl.obolibrary.org/obo/XAO_1000016>
<http://purl.obolibrary.org/obo/XAO_0003157>	<http://purl.obolibrary.org/obo/xao#start_stage>	<http://purl.obolibrary.org/obo/XAO_1000052>
<http://purl.obolibrary.org/obo/XAO_0004543>	<http://purl.obolibrary.org/obo/xao#start_stage>	<http://purl.obolibrary.org/obo/XAO_1000038>
<http://purl.obolibrary.org/obo/XAO_0004476>	<http://purl.obolibrary.org/obo/BFO_0000050>	<http://purl.obolibrary.org/obo/XAO_0000174>
<http://purl.obolibrary.org/obo/XAO_0000277>	<http://purl.obolibrary.org/obo/xao#start_stage>	<http://purl.obolibrary.org/obo/XAO_1000055>
<http://purl.obolibrary.org/obo/XAO_0000364>	<http://purl.obolibrary.org/obo/xao#start_stage>	<http://purl.obolibrary.org/obo/XAO_1000046>
<http://purl.obolibrary.org/obo/XAO_0004373>	<http://purl.obolibrary.org/obo/BFO_0000050>	<http://purl.obolibrary.org/obo/XAO_0003059>
<http://purl.obolibrary.org/obo/XAO_0000120>	<http://purl.obolibrary.org/obo/BFO_0000050>	<http://purl.obolibrary.org/obo/XAO_0000117>
<http://purl.obolibrary.org/obo/XAO_0003003>	<http://purl.obolibrary.org/obo/xao#end_stage>	<http://purl.obolibrary.org/obo/XAO_0000437>
<http://purl.obolibrary.org/obo/XAO_0004340>	<http://purl.obolibrary.org/obo/xao#end_stage>	<http://purl.obolibrary.org/obo/XAO_1000078>
<http://purl.obolibrary.org/obo/XAO_0004174>	<http://purl.obolibrary.org/obo/xao#end_stage>	<http://purl.obolibrary.org/obo/XAO_0000437>
<http://purl.obolibrary.org/obo/XAO_0003046>	<http://purl.obolibrary.org/obo/xao#end_stage>	<http://purl.obolibrary.org/obo/XAO_0000437>
<http://purl.obolibrary.org/obo/XAO_0005281>	<http://purl.obolibrary.org/obo/xao#end_stage>	<http://purl.obolibrary.org/obo/XAO_0000437>
<http://purl.obolibrary.org/obo/XAO_0006012>	<http://purl.obolibrary.org/obo/BFO_0000050>	<http://purl.obolibrary.org/obo/XAO_0000023>
<http://purl.obolibrary.org/obo/XAO_0000182>	<http://purl.obolibrary.org/obo/xao#start_stage>	<http://purl.obolibrary.org/obo/XAO_1000056>
<http://purl.obolibrary.org/obo/XAO_0004178>	<http://purl.obolibrary.org/obo/xao#start_stage>	<http://purl.obolibrary.org/obo/XAO_1000049>
<http://purl.obolibrary.org/obo/XAO_0005063>	<http://purl.obolibrary.org/obo/xao#start_stage>	<http://purl.obolibrary.org/obo/XAO_1000053>
<http://purl.obolibrary.org/obo/XAO_0004101>	<http://purl.obolibrary.org/obo/BFO_0000050>	<http://purl.obolibrary.org/obo/XAO_0000013>
<http://purl.obolibrary.org/obo/XAO_0005141>	<http://purl.obolibrary.org/obo/BFO_0000050>	<http://purl.obolibrary.org/obo/XAO_0004310>
<http://purl.obolibrary.org/obo/XAO_0004082>	<http://purl.obolibrary.org/obo/xao#end_stage>	<http://purl.obolibrary.org/obo/XAO_1000056>
<http://purl.obolibrary.org/obo/XAO_0005316>	<http://purl.obolibrary.org/obo/BFO_0000050>	<http://purl.obolibrary.org/obo/XAO_0004089>
<http://purl.obolibrary.org/obo/XAO_1000052>	<http://purl.obolibrary.org/obo/xao#preceded_by>	<http://purl.obolibrary.org/obo/XAO_1000051>
<http://purl.obolibrary.org/obo/XAO_0000441>	<http://purl.obolibrary.org/obo/xao#end_stage>	<http://purl.obolibrary.org/obo/XAO_1000054>
<http://purl.obolibrary.org/obo/XAO_0005175>	<http://purl.obolibrary.org/obo/xao#start_stage>	<http://purl.obolibrary.org/obo/XAO_1000013>
<http://purl.obolibrary.org/obo/XAO_0005197>	<http://purl.obolibrary.org/obo/xao#end_stage>	<http://purl.obolibrary.org/obo/XAO_1000047>
<http://purl.obolibrary.org/obo/XAO_0000075>	<http://purl.obolibrary.org/obo/xao#end_stage>	<http://purl.obolibrary.org/obo/XAO_1000022>
<http://purl.obolibrary.org/obo/XAO_0005242>	<http://purl.obolibrary.org/obo/BFO_0000050>	<http://purl.obolibrary.org/obo/XAO_0004087>
<http://purl.obolibrary.org/obo/XAO_0000186>	<http://purl.obolibrary.org/obo/xao#end_stage>	<http://purl.obolibrary.org/obo/XAO_0000437>
<http://purl.obolibrary.org/obo/XAO_1000038>	<http://purl.obolibrary.org/obo/BFO_0000050>	<http://purl.obolibrary.org/obo/XAO_1000002>
<http://purl.obolibrary.org/obo/XAO_0004460>	<http://purl.obolibrary.org/obo/xao#end_stage>	<http://purl.obolibrary.org/obo/XAO_0000437>
<http://purl.obolibrary.org/obo/XAO_0000274>	<http://purl.obolibrary.org/obo/xao#end_stage>	<http://purl.obolibrary.org/obo/XAO_1000001>
<http://purl.obolibrary.org/obo/XAO_0005201>	<http://purl.obolibrary.org/obo/xao#start_stage>	<http://purl.obolibrary.org/obo/XAO_1000083>
<http://purl.obolibrary.org/obo/XAO_0003201>	<http://purl.obolibrary.org/obo/BFO_0000050>	<http://purl.obolibrary.org/obo/XAO_0003029>
<http://purl.obolibrary.org/obo/XAO_0004566>	<http://purl.obolibrary.org/obo/xao#end_stage>	<http://purl.obolibrary.org/obo/XAO_0000437>
<http://purl.obolibrary.org/obo/XAO_0004612>	<http://purl.obolibrary.org/obo/xao#end_stage>	<http://purl.obolibrary.org/obo/XAO_0000437>
<http://purl.obolibrary.org/obo/XAO_0004458>	<http://purl.obolibrary.org/obo/BFO_0000050>	<http://purl.obolibrary.org/obo/XAO_0000009>
<http://purl.obolibrary.org/obo/XAO_0000381>	<http://purl.obolibrary.org/obo/xao#start_stage>	<http://purl.obolibrary.org/obo/XAO_1000060>
<http://purl.obolibrary.org/obo/XAO_0000318>	<http://purl.obolibrary.org/obo/BFO_0000050>	<http://purl.obolibrary.org/obo/XAO_0002000>
<http://purl.obolibrary.org/obo/XAO_0004259>	<http://purl.obolibrary.org/obo/BFO_0000050>	<http://purl.obolibrary.org/obo/XAO_0004258>
<http://purl.obolibrary.org/obo/XAO_0003181>	<http://purl.obolibrary.org/obo/xao#end_stage>	<http://purl.obolibrary.org/obo/XAO_0000437>
<http://purl.obolibrary.org/obo/XAO_0004531>	<http://purl.obolibrary.org/obo/xao#start_stage>	<http://purl.obolibrary.org/obo/XAO_1000047>
<http://purl.obolibrary.org/obo/XAO_0004491>	<http://purl.obolibrary.org/obo/BFO_0000050>	<http://purl.obolibrary.org/obo/XAO_0003066>
<http://purl.obolibrary.org/obo/XAO_0000349>	<http://purl.obolibrary.org/obo/RO_0002202>	<http://purl.obolibrary.org/obo/XAO_0000344>
<http://purl.obolibrary.org/obo/XAO_0000136>	<http://purl.obolibrary.org/obo/xao#end_stage>	<http://purl.obolibrary.org/obo/XAO_0000437>
<http://purl.obolibrary.org/obo/XAO_0004298>	<http://purl.obolibrary.org/obo/xao#end_stage>	<http://purl.obolibrary.org/obo/XAO_0000437>
<http://purl.obolibrary.org/obo/XAO_0004461>	<http://purl.obolibrary.org/obo/xao#end_stage>	<http://purl.obolibrary.org/obo/XAO_1000056>
<http://purl.obolibrary.org/obo/XAO_0000066>	<http://purl.obolibrary.org/obo/xao#start_stage>	<http://purl.obolibrary.org/obo/XAO_1000043>
<http://purl.obolibrary.org/obo/XAO_0000128>	<http://purl.obolibrary.org/obo/BFO_0000050>	<http://purl.obolibrary.org/obo/XAO_0005501>
<http://purl.obolibrary.org/obo/XAO_0003226>	<http://purl.obolibrary.org/obo/xao#start_stage>	<http://purl.obolibrary.org/obo/XAO_1000049>
<http://purl.obolibrary.org/obo/XAO_0003030>	<http://purl.obolibrary.org/obo/xao#end_stage>	<http://purl.obolibrary.org/obo/XAO_0000437>
<http://purl.obolibrary.org/obo/XAO_0004580>	<http://purl.obolibrary.org/obo/BFO_0000050>	<http://purl.obolibrary.org/obo/XAO_0000020>
<http://purl.obolibrary.org/obo/XAO_0004510>	<http://purl.obolibrary.org/obo/RO_0002202>	<http://purl.obolibrary.org/obo/XAO_0000048>
<http://purl.obolibrary.org/obo/XAO_0005025>	<http://purl.obolibrary.org/obo/RO_0002202>	<http://purl.obolibrary.org/obo/XAO_0006028>
<http://purl.obolibrary.org/obo/XAO_0003117>	<http://purl.obolibrary.org/obo/xao#start_stage>	<http://purl.obolibrary.org/obo/XAO_1000038>
<http://purl.obolibrary.org/obo/XAO_0000108>	<http://purl.obolibrary.org/obo/xao#end_stage>	<http://purl.obolibrary.org/obo/XAO_1000078>
<http://purl.obolibrary.org/obo/XAO_0004518>	<http://purl.obolibrary.org/obo/BFO_0000050>	<http://purl.obolibrary.org/obo/XAO_0004105>
<http://purl.obolibrary.org/obo/XAO_0004140>	<http://purl.obolibrary.org/obo/xao#start_stage>	<http://purl.obolibrary.org/obo/XAO_1000053>
<http://purl.obolibrary.org/obo/XAO_0000272>	<http://purl.obolibrary.org/obo/xao#start_stage>	<http://purl.obolibrary.org/obo/XAO_1000050>
<http://purl.obolibrary.org/obo/XAO_0005219>	<http://purl.obolibrary.org/obo/xao#start_stage>	<http://purl.obolibrary.org/obo/XAO_1000032>
<http://purl.obolibrary.org/obo/XAO_0005089>	<http://purl.obolibrary.org/obo/RO_0002202>	<http://purl.obolibrary.org/obo/XAO_0005084>
<http://purl.obolibrary.org/obo/XAO_0004104>	<http://purl.obolibrary.org/obo/xao#start_stage>	<http://purl.obolibrary.org/obo/XAO_1000032>
<http://purl.obolibrary.org/obo/XAO_0000228>	<http://purl.obolibrary.org/obo/RO_0002202>	<http://purl.obolibrary.org/obo/XAO_0000227>
<http://purl.obolibrary.org/obo/XAO_0000263>	<http://purl.obolibrary.org/obo/xao#start_stage>	<http://purl.obolibrary.org/obo/XAO_1000066>
<http://purl.obolibrary.org/obo/XAO_0004270>	<http://purl.obolibrary.org/obo/xao#end_stage>	<http://purl.obolibrary.org/obo/XAO_1000056>
<http://purl.obolibrary.org/obo/XAO_0000250>	<http://purl.obolibrary.org/obo/RO_0002202>	<http://purl.obolibrary.org/obo/XAO_0000046>
<http://purl.obolibrary.org/obo/XAO_0005247>	<http://purl.obolibrary.org/obo/xao#end_stage>	<http://purl.obolibrary.org/obo/XAO_1000056>
<http://purl.obolibrary.org/obo/XAO_0000472>	<http://purl.obolibrary.org/obo/xao#start_stage>	<http://purl.obolibrary.org/obo/XAO_1000071>
<http://purl.obolibrary.org/obo/XAO_0004337>	<http://purl.obolibrary.org/obo/xao#end_stage>	<http://purl.obolibrary.org/obo/XAO_1000078>
<http://purl.obolibrary.org/obo/XAO_0000010>	<http://purl.obolibrary.org/obo/BFO_0000050>	<http://purl.obolibrary.org/obo/XAO_0000215>
<http://purl.obolibrary.org/obo/XAO_0004204>	<http://purl.obolibrary.org/obo/xao#start_stage>	<http://purl.obolibrary.org/obo/XAO_1000074>
<http://purl.obolibrary.org/obo/XAO_0004478>	<http://purl.obolibrary.org/obo/xao#start_stage>	<http://purl.obolibrary.org/obo/XAO_1000068>
<http://purl.obolibrary.org/obo/XAO_0000403>	<http://purl.obolibrary.org/obo/xao#start_stage>	<http://purl.obolibrary.org/obo/XAO_1000034>
<http://purl.obolibrary.org/obo/XAO_0004456>	<http://purl.obolibrary.org/obo/xao#start_stage>	<http://purl.obolibrary.org/obo/XAO_1000021>
<http://purl.obolibrary.org/obo/XAO_0000259>	<http://purl.obolibrary.org/obo/BFO_0000050>	<http://purl.obolibrary.org/obo/XAO_0000050>
<http://purl.obolibrary.org/obo/XAO_0003251>	<http://purl.obolibrary.org/obo/BFO_0000050>	<http://purl.obolibrary.org/obo/XAO_0000034>
<http://purl.obolibrary.org/obo/XAO_0000240>	<http://purl.obolibrary.org/obo/xao#end_stage>	<http://purl.obolibrary.org/obo/XAO_1000044>
<http://purl.obolibrary.org/obo/XAO_0005300>	<http://purl.obolibrary.org/obo/BFO_0000050>	<http://purl.obolibrary.org/obo/XAO_0000232>
<http://purl.obolibrary.org/obo/XAO_0004153>	<http://purl.obolibrary.org/obo/xao#start_stage>	<http://purl.obolibrary.org/obo/XAO_1000046>
<http://purl.obolibrary.org/obo/XAO_0005041>	<http://purl.obolibrary.org/obo/xao#end_stage>	<http://purl.obolibrary.org/obo/XAO_0000437>
<http://purl.obolibrary.org/obo/XAO_0000013>	<http://purl.obolibrary.org/obo/xao#end_stage>	<http://purl.obolibrary.org/obo/XAO_0000437>
<http://purl.obolibrary.org/obo/XAO_0000205>	<http://purl.obolibrary.org/obo/RO_0002202>	<http://purl.obolibrary.org/obo/XAO_0000050>
<http://purl.obolibrary.org/obo/XAO_0004188>	<http://purl.obolibrary.org/obo/RO_0002202>	<http://purl.obolibrary.org/obo/XAO_0000026>
<http://purl.obolibrary.org/obo/XAO_0001019>	<http://purl.obolibrary.org/obo/xao#start_stage>	<http://purl.obolibrary.org/obo/XAO_1000035>
<http://purl.obolibrary.org/obo/XAO_0003252>	<http://purl.obolibrary.org/obo/xao#start_stage>	<http://purl.obolibrary.org/obo/XAO_1000023>
<http://purl.obolibrary.org/obo/XAO_0005069>	<http://purl.obolibrary.org/obo/xao#start_stage>	<http://purl.obolibrary.org/obo/XAO_1000067>
<http://purl.obolibrary.org/obo/XAO_0003103>	<http://purl.obolibrary.org/obo/xao#start_stage>	<http://purl.obolibrary.org/obo/XAO_1000070>
<http://purl.obolibrary.org/obo/XAO_0003225>	<http://purl.obolibrary.org/obo/BFO_0000050>	<http://purl.obolibrary.org/obo/XAO_0003216>
<http://purl.obolibrary.org/obo/XAO_0005303>	<http://purl.obolibrary.org/obo/RO_0002202>	<http://purl.obolibrary.org/obo/XAO_0000090>
<http://purl.obolibrary.org/obo/XAO_0003141>	<http://purl.obolibrary.org/obo/xao#end_stage>	<http://purl.obolibrary.org/obo/XAO_1000059>
<http://purl.obolibrary.org/obo/XAO_0005266>	<http://purl.obolibrary.org/obo/BFO_0000050>	<http://purl.obolibrary.org/obo/XAO_0001010>
<http://purl.obolibrary.org/obo/XAO_0003093>	<http://purl.obolibrary.org/obo/xao#end_stage>	<http://purl.obolibrary.org/obo/XAO_0000437>
<http://purl.obolibrary.org/obo/XAO_0005178>	<http://purl.obolibrary.org/obo/xao#end_stage>	<http://purl.obolibrary.org/obo/XAO_0000437>
<http://purl.obolibrary.org/obo/XAO_0004017>	<http://purl.obolibrary.org/obo/xao#end_stage>	<http://purl.obolibrary.org/obo/XAO_0000437>
<http://purl.obolibrary.org/obo/XAO_0000315>	<http://purl.obolibrary.org/obo/xao#start_stage>	<http://purl.obolibrary.org/obo/XAO_1000027>
<http://purl.obolibrary.org/obo/XAO_0004145>	<http://purl.obolibrary.org/obo/BFO_0000050>	<http://purl.obolibrary.org/obo/XAO_0000192>
<http://purl.obolibrary.org/obo/XAO_0004221>	<http://purl.obolibrary.org/obo/RO_0002202>	<http://purl.obolibrary.org/obo/XAO_0000440>
<http://purl.obolibrary.org/obo/XAO_0004329>	<http://purl.obolibrary.org/obo/xao#end_stage>	<http://purl.obolibrary.org/obo/XAO_0000437>
<http://purl.obolibrary.org/obo/XAO_0000187>	<http://purl.obolibrary.org/obo/xao#start_stage>	<http://purl.obolibrary.org/obo/XAO_1000035>
<http://purl.obolibrary.org/obo/XAO_0006000>	<http://purl.obolibrary.org/obo/BFO_0000050>	<http://purl.obolibrary.org/obo/XAO_0000041>
<http://purl.obolibrary.org/obo/XAO_0000326>	<http://purl.obolibrary.org/obo/BFO_0000050>	<http://purl.obolibrary.org/obo/XAO_0003152>
<http://purl.obolibrary.org/obo/XAO_0004103>	<http://purl.obolibrary.org/obo/BFO_0000050>	<http://purl.obolibrary.org/obo/XAO_0000046>
<http://purl.obolibrary.org/obo/XAO_0004238>	<http://purl.obolibrary.org/obo/xao#end_stage>	<http://purl.obolibrary.org/obo/XAO_1000067>
<http://purl.obolibrary.org/obo/XAO_0004523>	<http://purl.obolibrary.org/obo/xao#end_stage>	<http://purl.obolibrary.org/obo/XAO_0000437>
<http://purl.obolibrary.org/obo/XAO_0004317>	<http://purl.obolibrary.org/obo/xao#end_stage>	<http://purl.obolibrary.org/obo/XAO_0000437>
<http://purl.obolibrary.org/obo/XAO_0005128>	<http://purl.obolibrary.org/obo/BFO_0000050>	<http://purl.obolibrary.org/obo/XAO_0000232>
<http://purl.obolibrary.org/obo/XAO_0000424>	<http://purl.obolibrary.org/obo/xao#end_stage>	<http://purl.obolibrary.org/obo/XAO_1000059>
<http://purl.obolibrary.org/obo/XAO_0004248>	<http://purl.obolibrary.org/obo/xao#end_stage>	<http://purl.obolibrary.org/obo/XAO_0000437>
<http://purl.obolibrary.org/obo/XAO_0004362>	<http://purl.obolibrary.org/obo/RO_0002202>	<http://purl.obolibrary.org/obo/XAO_0003205>
<http://purl.obolibrary.org/obo/XAO_0003207>	<http://purl.obolibrary.org/obo/BFO_0000050>	<http://purl.obolibrary.org/obo/XAO_0003061>
<http://purl.obolibrary.org/obo/XAO_0000027>	<http://purl.obolibrary.org/obo/xao#end_stage>	<http://purl.obolibrary.org/obo/XAO_0000437>
<http://purl.obolibrary.org/obo/XAO_0003075>	<http://purl.obolibrary.org/obo/xao#start_stage>	<http://purl.obolibrary.org/obo/XAO_1000052>
<http://purl.obolibrary.org/obo/XAO_0005029>	<http://purl.obolibrary.org/obo/xao#start_stage>	<http://purl.obolibrary.org/obo/XAO_1000052>
<http://purl.obolibrary.org/obo/XAO_0004079>	<http://purl.obolibrary.org/obo/xao#end_stage>	<http://purl.obolibrary.org/obo/XAO_1000056>
<http://purl.obolibrary.org/obo/XAO_0001002>	<http://purl.obolibrary.org/obo/xao#start_stage>	<http://purl.obolibrary.org/obo/XAO_1000044>
<http://purl.obolibrary.org/obo/XAO_0000448>	<http://purl.obolibrary.org/obo/RO_0002202>	<http://purl.obolibrary.org/obo/XAO_0000447>
<http://purl.obolibrary.org/obo/XAO_0003244>	<http://purl.obolibrary.org/obo/xao#end_stage>	<http://purl.obolibrary.org/obo/XAO_1000033>
<http://purl.obolibrary.org/obo/XAO_0000226>	<http://purl.obolibrary.org/obo/xao#end_stage>	<http://purl.obolibrary.org/obo/XAO_1000001>
<http://purl.obolibrary.org/obo/XAO_0000091>	<http://purl.obolibrary.org/obo/BFO_0000050>	<http://purl.obolibrary.org/obo/XAO_0000090>
<http://purl.obolibrary.org/obo/XAO_0003180>	<http://purl.obolibrary.org/obo/BFO_0000050>	<http://purl.obolibrary.org/obo/XAO_0000099>
<http://purl.obolibrary.org/obo/XAO_0004143>	<http://purl.obolibrary.org/obo/xao#end_stage>	<http://purl.obolibrary.org/obo/XAO_0000437>
<http://purl.obolibrary.org/obo/XAO_0004595>	<http://purl.obolibrary.org/obo/BFO_0000050>	<http://purl.obolibrary.org/obo/XAO_0004306>
<http://purl.obolibrary.org/obo/XAO_0000070>	<http://purl.obolibrary.org/obo/xao#start_stage>	<http://purl.obolibrary.org/obo/XAO_1000001>
<http://purl.obolibrary.org/obo/XAO_0005129>	<http://purl.obolibrary.org/obo/xao#start_stage>	<http://purl.obolibrary.org/obo/XAO_1000052>
<http://purl.obolibrary.org/obo/XAO_0000154>	<http://purl.obolibrary.org/obo/xao#start_stage>	<http://purl.obolibrary.org/obo/XAO_1000067>
<http://purl.obolibrary.org/obo/XAO_0000124>	<http://purl.obolibrary.org/obo/xao#end_stage>	<http://purl.obolibrary.org/obo/XAO_0000437>
<http://purl.obolibrary.org/obo/XAO_0003011>	<http://purl.obolibrary.org/obo/xao#start_stage>	<http://purl.obolibrary.org/obo/XAO_1000020>
<http://purl.obolibrary.org/obo/XAO_0005323>	<http://purl.obolibrary.org/obo/BFO_0000050>	<http://purl.obolibrary.org/obo/XAO_0003152>
<http://purl.obolibrary.org/obo/XAO_0004037>	<http://purl.obolibrary.org/obo/BFO_0000050>	<http://purl.obolibrary.org/obo/XAO_0004043>
<http://purl.obolibrary.org/obo/XAO_0003084>	<http://purl.obolibrary.org/obo/xao#start_stage>	<http://purl.obolibrary.org/obo/XAO_1000057>
<http://purl.obolibrary.org/obo/XAO_0004315>	<http://purl.obolibrary.org/obo/BFO_0000050>	<http://purl.obolibrary.org/obo/XAO_0004049>
<http://purl.obolibrary.org/obo/XAO_0005138>	<http://purl.obolibrary.org/obo/BFO_0000050>	<http://purl.obolibrary.org/obo/XAO_0000256>
<http://purl.obolibrary.org/obo/XAO_0006016>	<http://purl.obolibrary.org/obo/BFO_0000050>	<http://purl.obolibrary.org/obo/XAO_0000122>
<http://purl.obolibrary.org/obo/XAO_0001015>	<http://purl.obolibrary.org/obo/BFO_0000050>	<http://purl.obolibrary.org/obo/XAO_0000244>
<http://purl.obolibrary.org/obo/XAO_0005324>	<http://purl.obolibrary.org/obo/RO_0002202>	<http://purl.obolibrary.org/obo/XAO_0004221>
<http://purl.obolibrary.org/obo/XAO_0000371>	<http://purl.obolibrary.org/obo/BFO_0000050>	<http://purl.obolibrary.org/obo/XAO_0003199>
<http://purl.obolibrary.org/obo/XAO_0004087>	<http://purl.obolibrary.org/obo/xao#end_stage>	<http://purl.obolibrary.org/obo/XAO_1000038>
<http://purl.obolibrary.org/obo/XAO_1000059>	<http://purl.obolibrary.org/obo/BFO_0000050>	<http://purl.obolibrary.org/obo/XAO_1000089>
<http://purl.obolibrary.org/obo/XAO_0000274>	<http://purl.obolibrary.org/obo/xao#start_stage>	<http://purl.obolibrary.org/obo/XAO_1000001>
<http://purl.obolibrary.org/obo/XAO_1000033>	<http://purl.obolibrary.org/obo/xao#preceded_by>	<http://purl.obolibrary.org/obo/XAO_1000022>
<http://purl.obolibrary.org/obo/XAO_0006019>	<http://purl.obolibrary.org/obo/xao#end_stage>	<http://purl.obolibrary.org/obo/XAO_0000437>
<http://purl.obolibrary.org/obo/XAO_0005126>	<http://purl.obolibrary.org/obo/BFO_0000050>	<http://purl.obolibrary.org/obo/XAO_0000232>
<http://purl.obolibrary.org/obo/XAO_0004430>	<http://purl.obolibrary.org/obo/xao#end_stage>	<http://purl.obolibrary.org/obo/XAO_1000051>
<http://purl.obolibrary.org/obo/XAO_0003055>	<http://purl.obolibrary.org/obo/BFO_0000050>	<http://purl.obolibrary.org/obo/XAO_0000067>
<http://purl.obolibrary.org/obo/XAO_0000430>	<http://purl.obolibrary.org/obo/RO_0002202>	<http://purl.obolibrary.org/obo/XAO_0000269>
<http://purl.obolibrary.org/obo/XAO_0000342>	<http://purl.obolibrary.org/obo/xao#end_stage>	<http://purl.obolibrary.org/obo/XAO_1000056>
<http://purl.obolibrary.org/obo/XAO_0003205>	<http://purl.obolibrary.org/obo/xao#start_stage>	<http://purl.obolibrary.org/obo/XAO_1000048>
<http://purl.obolibrary.org/obo/XAO_0003035>	<http://purl.obolibrary.org/obo/BFO_0000050>	<http://purl.obolibrary.org/obo/XAO_0003062>
<http://purl.obolibrary.org/obo/XAO_0004617>	<http://purl.obolibrary.org/obo/RO_0002202>	<http://purl.obolibrary.org/obo/XAO_0000249>
<http://purl.obolibrary.org/obo/XAO_0003124>	<http://purl.obolibrary.org/obo/xao#start_stage>	<http://purl.obolibrary.org/obo/XAO_1000039>
<http://purl.obolibrary.org/obo/XAO_0000385>	<http://purl.obolibrary.org/obo/xao#end_stage>	<http://purl.obolibrary.org/obo/XAO_1000067>
<http://purl.obolibrary.org/obo/XAO_0005315>	<http://purl.obolibrary.org/obo/BFO_0000050>	<http://purl.obolibrary.org/obo/XAO_0004089>
<http://purl.obolibrary.org/obo/XAO_0003164>	<http://purl.obolibrary.org/obo/xao#end_stage>	<http://purl.obolibrary.org/obo/XAO_0000437>
<http://purl.obolibrary.org/obo/XAO_0005160>	<http://purl.obolibrary.org/obo/xao#end_stage>	<http://purl.obolibrary.org/obo/XAO_1000078>
<http://purl.obolibrary.org/obo/XAO_0003133>	<http://purl.obolibrary.org/obo/RO_0002202>	<http://purl.obolibrary.org/obo/XAO_0000421>
<http://purl.obolibrary.org/obo/XAO_0004310>	<http://purl.obolibrary.org/obo/xao#start_stage>	<http://purl.obolibrary.org/obo/XAO_1000059>
<http://purl.obolibrary.org/obo/XAO_0005025>	<http://purl.obolibrary.org/obo/xao#end_stage>	<http://purl.obolibrary.org/obo/XAO_0000437>
<http://purl.obolibrary.org/obo/XAO_0005094>	<http://purl.obolibrary.org/obo/xao#end_stage>	<http://purl.obolibrary.org/obo/XAO_1000015>
<http://purl.obolibrary.org/obo/XAO_0004621>	<http://purl.obolibrary.org/obo/BFO_0000050>	<http://purl.obolibrary.org/obo/XAO_0000028>
<http://purl.obolibrary.org/obo/XAO_0004241>	<http://purl.obolibrary.org/obo/xao#end_stage>	<http://purl.obolibrary.org/obo/XAO_0000437>
<http://purl.obolibrary.org/obo/XAO_0004047>	<http://purl.obolibrary.org/obo/xao#end_stage>	<http://purl.obolibrary.org/obo/XAO_0000437>
<http://purl.obolibrary.org/obo/XAO_0006004>	<http://purl.obolibrary.org/obo/xao#end_stage>	<http://purl.obolibrary.org/obo/XAO_0000437>
<http://purl.obolibrary.org/obo/XAO_0004377>	<http://purl.obolibrary.org/obo/BFO_0000050>	<http://purl.obolibrary.org/obo/XAO_0003059>
<http://purl.obolibrary.org/obo/XAO_0005286>	<http://purl.obolibrary.org/obo/xao#start_stage>	<http://purl.obolibrary.org/obo/XAO_1000083>
<http://purl.obolibrary.org/obo/XAO_0004414>	<http://purl.obolibrary.org/obo/xao#end_stage>	<http://purl.obolibrary.org/obo/XAO_0000437>
<http://purl.obolibrary.org/obo/XAO_0000397>	<http://purl.obolibrary.org/obo/xao#start_stage>	<http://purl.obolibrary.org/obo/XAO_1000027>
<http://purl.obolibrary.org/obo/XAO_0004216>	<http://purl.obolibrary.org/obo/xao#end_stage>	<http://purl.obolibrary.org/obo/XAO_1000066>
<http://purl.obolibrary.org/obo/XAO_0000409>	<http://purl.obolibrary.org/obo/xao#start_stage>	<http://purl.obolibrary.org/obo/XAO_1000037>
<http://purl.obolibrary.org/obo/XAO_0003182>	<http://purl.obolibrary.org/obo/BFO_0000050>	<http://purl.obolibrary.org/obo/XAO_0000449>
<http://purl.obolibrary.org/obo/XAO_0005108>	<http://purl.obolibrary.org/obo/xao#end_stage>	<http://purl.obolibrary.org/obo/XAO_1000016>
<http://purl.obolibrary.org/obo/XAO_0004576>	<http://purl.obolibrary.org/obo/xao#start_stage>	<http://purl.obolibrary.org/obo/XAO_1000047>
<http://purl.obolibrary.org/obo/XAO_0005008>	<http://purl.obolibrary.org/obo/BFO_0000050>	<http://purl.obolibrary.org/obo/XAO_0005017>
<http://purl.obolibrary.org/obo/XAO_0004375>	<http://purl.obolibrary.org/obo/BFO_0000050>	<http://purl.obolibrary.org/obo/XAO_0003059>
<http://purl.obolibrary.org/obo/XAO_0004573>	<http://purl.obolibrary.org/obo/BFO_0000050>	<http://purl.obolibrary.org/obo/XAO_0004574>
<http://purl.obolibrary.org/obo/XAO_0004598>	<http://purl.obolibrary.org/obo/xao#end_stage>	<http://purl.obolibrary.org/obo/XAO_1000056>
<http://purl.obolibrary.org/obo/XAO_0004060>	<http://purl.obolibrary.org/obo/xao#end_stage>	<http://purl.obolibrary.org/obo/XAO_0000437>
<http://purl.obolibrary.org/obo/XAO_0004364>	<http://purl.obolibrary.org/obo/BFO_0000050>	<http://purl.obolibrary.org/obo/XAO_0003059>
<http://purl.obolibrary.org/obo/XAO_0005080>	<http://purl.obolibrary.org/obo/xao#end_stage>	<http://purl.obolibrary.org/obo/XAO_1000059>
<http://purl.obolibrary.org/obo/XAO_0003193>	<http://purl.obolibrary.org/obo/BFO_0000050>	<http://purl.obolibrary.org/obo/XAO_0000064>
<http://purl.obolibrary.org/obo/XAO_0003018>	<http://purl.obolibrary.org/obo/RO_0002202>	<http://purl.obolibrary.org/obo/XAO_0003149>
<http://purl.obolibrary.org/obo/XAO_0005009>	<http://purl.obolibrary.org/obo/xao#end_stage>	<http://purl.obolibrary.org/obo/XAO_0000437>
<http://purl.obolibrary.org/obo/XAO_0005051>	<http://purl.obolibrary.org/obo/xao#end_stage>	<http://purl.obolibrary.org/obo/XAO_0000437>
<http://purl.obolibrary.org/obo/XAO_0006037>	<http://purl.obolibrary.org/obo/xao#end_stage>	<http://purl.obolibrary.org/obo/XAO_0000437>
<http://purl.obolibrary.org/obo/XAO_0004068>	<http://purl.obolibrary.org/obo/xao#end_stage>	<http://purl.obolibrary.org/obo/XAO_1000033>
<http://purl.obolibrary.org/obo/XAO_0000427>	<http://purl.obolibrary.org/obo/RO_0002202>	<http://purl.obolibrary.org/obo/XAO_0000225>
<http://purl.obolibrary.org/obo/XAO_0000234>	<http://purl.obolibrary.org/obo/xao#start_stage>	<http://purl.obolibrary.org/obo/XAO_1000088>
<http://purl.obolibrary.org/obo/XAO_0000209>	<http://purl.obolibrary.org/obo/xao#end_stage>	<http://purl.obolibrary.org/obo/XAO_0000437>
<http://purl.obolibrary.org/obo/XAO_0003093>	<http://purl.obolibrary.org/obo/xao#start_stage>	<http://purl.obolibrary.org/obo/XAO_1000061>
<http://purl.obolibrary.org/obo/XAO_0005260>	<http://purl.obolibrary.org/obo/xao#end_stage>	<http://purl.obolibrary.org/obo/XAO_0000437>
<http://purl.obolibrary.org/obo/XAO_0003258>	<http://purl.obolibrary.org/obo/xao#end_stage>	<http://purl.obolibrary.org/obo/XAO_0000437>
<http://purl.obolibrary.org/obo/XAO_0005178>	<http://purl.obolibrary.org/obo/xao#start_stage>	<http://purl.obolibrary.org/obo/XAO_1000025>
<http://purl.obolibrary.org/obo/XAO_0000175>	<http://purl.obolibrary.org/obo/RO_0002202>	<http://purl.obolibrary.org/obo/XAO_0000311>
<http://purl.obolibrary.org/obo/XAO_0000243>	<http://purl.obolibrary.org/obo/BFO_0000050>	<http://purl.obolibrary.org/obo/XAO_0000131>
<http://purl.obolibrary.org/obo/XAO_0005055>	<http://purl.obolibrary.org/obo/xao#start_stage>	<http://purl.obolibrary.org/obo/XAO_1000047>
<http://purl.obolibrary.org/obo/XAO_0004090>	<http://purl.obolibrary.org/obo/xao#start_stage>	<http://purl.obolibrary.org/obo/XAO_1000033>
<http://purl.obolibrary.org/obo/XAO_0005133>	<http://purl.obolibrary.org/obo/BFO_0000050>	<http://purl.obolibrary.org/obo/XAO_0000020>
<http://purl.obolibrary.org/obo/XAO_0005307>	<http://purl.obolibrary.org/obo/RO_0002202>	<http://purl.obolibrary.org/obo/XAO_0003044>
<http://purl.obolibrary.org/obo/XAO_0006000>	<http://purl.obolibrary.org/obo/xao#end_stage>	<http://purl.obolibrary.org/obo/XAO_0000437>
<http://purl.obolibrary.org/obo/XAO_0000428>	<http://purl.obolibrary.org/obo/RO_0002202>	<http://purl.obolibrary.org/obo/XAO_0000225>
<http://purl.obolibrary.org/obo/XAO_0006056>	<http://purl.obolibrary.org/obo/BFO_0000050>	<http://purl.obolibrary.org/obo/XAO_0006053>
<http://purl.obolibrary.org/obo/XAO_0000276>	<http://purl.obolibrary.org/obo/xao#end_stage>	<http://purl.obolibrary.org/obo/XAO_1000056>
<http://purl.obolibrary.org/obo/XAO_0000326>	<http://purl.obolibrary.org/obo/RO_0002202>	<http://purl.obolibrary.org/obo/XAO_0000276>
<http://purl.obolibrary.org/obo/XAO_0005225>	<http://purl.obolibrary.org/obo/BFO_0000050>	<http://purl.obolibrary.org/obo/XAO_0003175>
<http://purl.obolibrary.org/obo/XAO_0004483>	<http://purl.obolibrary.org/obo/xao#start_stage>	<http://purl.obolibrary.org/obo/XAO_1000049>
<http://purl.obolibrary.org/obo/XAO_0000384>	<http://purl.obolibrary.org/obo/BFO_0000050>	<http://purl.obolibrary.org/obo/XAO_0004423>
<http://purl.obolibrary.org/obo/XAO_0004403>	<http://purl.obolibrary.org/obo/BFO_0000050>	<http://purl.obolibrary.org/obo/XAO_0004060>
<http://purl.obolibrary.org/obo/XAO_0000320>	<http://purl.obolibrary.org/obo/BFO_0000050>	<http://purl.obolibrary.org/obo/XAO_0000001>
<http://purl.obolibrary.org/obo/XAO_0004004>	<http://purl.obolibrary.org/obo/xao#end_stage>	<http://purl.obolibrary.org/obo/XAO_0000437>
<http://purl.obolibrary.org/obo/XAO_0004261>	<http://purl.obolibrary.org/obo/xao#end_stage>	<http://purl.obolibrary.org/obo/XAO_0000437>
<http://purl.obolibrary.org/obo/XAO_0000127>	<http://purl.obolibrary.org/obo/BFO_0000050>	<http://purl.obolibrary.org/obo/XAO_0005501>
<http://purl.obolibrary.org/obo/XAO_0004521>	<http://purl.obolibrary.org/obo/xao#start_stage>	<http://purl.obolibrary.org/obo/XAO_1000035>
<http://purl.obolibrary.org/obo/XAO_0000332>	<http://purl.obolibrary.org/obo/RO_0002202>	<http://purl.obolibrary.org/obo/XAO_0000292>
<http://purl.obolibrary.org/obo/XAO_0004248>	<http://purl.obolibrary.org/obo/xao#start_stage>	<http://purl.obolibrary.org/obo/XAO_1000053>
<http://purl.obolibrary.org/obo/XAO_0000006>	<http://purl.obolibrary.org/obo/RO_0002202>	<http://purl.obolibrary.org/obo/XAO_0000223>
<http://purl.obolibrary.org/obo/XAO_0004557>	<http://purl.obolibrary.org/obo/xao#end_stage>	<http://purl.obolibrary.org/obo/XAO_0000437>
<http://purl.obolibrary.org/obo/XAO_0000472>	<http://purl.obolibrary.org/obo/RO_0002202>	<http://purl.obolibrary.org/obo/XAO_0006012>
<http://purl.obolibrary.org/obo/XAO_1000062>	<http://purl.obolibrary.org/obo/BFO_0000050>	<http://purl.obolibrary.org/obo/XAO_1000089>
<http://purl.obolibrary.org/obo/XAO_0003170>	<http://purl.obolibrary.org/obo/xao#start_stage>	<http://purl.obolibrary.org/obo/XAO_1000057>
<http://purl.obolibrary.org/obo/XAO_0004079>	<http://purl.obolibrary.org/obo/xao#start_stage>	<http://purl.obolibrary.org/obo/XAO_1000038>
<http://purl.obolibrary.org/obo/XAO_0003140>	<http://purl.obolibrary.org/obo/RO_0002202>	<http://purl.obolibrary.org/obo/XAO_0000424>
<http://purl.obolibrary.org/obo/XAO_0004484>	<http://purl.obolibrary.org/obo/xao#start_stage>	<http://purl.obolibrary.org/obo/XAO_1000049>
<http://purl.obolibrary.org/obo/XAO_0005140>	<http://purl.obolibrary.org/obo/BFO_0000050>	<http://purl.obolibrary.org/obo/XAO_0000117>
<http://purl.obolibrary.org/obo/XAO_0000130>	<http://purl.obolibrary.org/obo/xao#end_stage>	<http://purl.obolibrary.org/obo/XAO_0000437>
<http://purl.obolibrary.org/obo/XAO_0003052>	<http://purl.obolibrary.org/obo/BFO_0000050>	<http://purl.obolibrary.org/obo/XAO_0000156>
<http://purl.obolibrary.org/obo/XAO_0005174>	<http://purl.obolibrary.org/obo/RO_0002202>	<http://purl.obolibrary.org/obo/XAO_0005172>
<http://purl.obolibrary.org/obo/XAO_0000055>	<http://purl.obolibrary.org/obo/xao#start_stage>	<http://purl.obolibrary.org/obo/XAO_1000033>
<http://purl.obolibrary.org/obo/XAO_0005070>	<http://purl.obolibrary.org/obo/xao#end_stage>	<http://purl.obolibrary.org/obo/XAO_1000044>
<http://purl.obolibrary.org/obo/XAO_0003059>	<http://purl.obolibrary.org/obo/xao#start_stage>	<http://purl.obolibrary.org/obo/XAO_1000052>
<http://purl.obolibrary.org/obo/XAO_0003238>	<http://purl.obolibrary.org/obo/xao#start_stage>	<http://purl.obolibrary.org/obo/XAO_1000033>
<http://purl.obolibrary.org/obo/XAO_0005203>	<http://purl.obolibrary.org/obo/xao#end_stage>	<http://purl.obolibrary.org/obo/XAO_0000437>
<http://purl.obolibrary.org/obo/XAO_0005075>	<http://purl.obolibrary.org/obo/xao#start_stage>	<http://purl.obolibrary.org/obo/XAO_1000039>
<http://purl.obolibrary.org/obo/XAO_0006022>	<http://purl.obolibrary.org/obo/RO_0002202>	<http://purl.obolibrary.org/obo/XAO_0006027>
<http://purl.obolibrary.org/obo/XAO_0003113>	<http://purl.obolibrary.org/obo/xao#end_stage>	<http://purl.obolibrary.org/obo/XAO_1000059>
<http://purl.obolibrary.org/obo/XAO_0003191>	<http://purl.obolibrary.org/obo/BFO_0000050>	<http://purl.obolibrary.org/obo/XAO_0005198>
<http://purl.obolibrary.org/obo/XAO_0000081>	<http://purl.obolibrary.org/obo/xao#end_stage>	<http://purl.obolibrary.org/obo/XAO_0000437>
<http://purl.obolibrary.org/obo/XAO_0005248>	<http://purl.obolibrary.org/obo/xao#start_stage>	<http://purl.obolibrary.org/obo/XAO_1000036>
<http://purl.obolibrary.org/obo/XAO_0000230>	<http://purl.obolibrary.org/obo/xao#start_stage>	<http://purl.obolibrary.org/obo/XAO_1000066>
<http://purl.obolibrary.org/obo/XAO_0000380>	<http://purl.obolibrary.org/obo/xao#end_stage>	<http://purl.obolibrary.org/obo/XAO_0000437>
<http://purl.obolibrary.org/obo/XAO_0000102>	<http://purl.obolibrary.org/obo/xao#start_stage>	<http://purl.obolibrary.org/obo/XAO_1000036>
<http://purl.obolibrary.org/obo/XAO_0004161>	<http://purl.obolibrary.org/obo/xao#end_stage>	<http://purl.obolibrary.org/obo/XAO_0000437>
<http://purl.obolibrary.org/obo/XAO_0000266>	<http://purl.obolibrary.org/obo/xao#end_stage>	<http://purl.obolibrary.org/obo/XAO_1000047>
<http://purl.obolibrary.org/obo/XAO_0004361>	<http://purl.obolibrary.org/obo/RO_0002202>	<http://purl.obolibrary.org/obo/XAO_0003205>
<http://purl.obolibrary.org/obo/XAO_0004501>	<http://purl.obolibrary.org/obo/xao#start_stage>	<http://purl.obolibrary.org/obo/XAO_1000020>
<http://purl.obolibrary.org/obo/XAO_0000220>	<http://purl.obolibrary.org/obo/RO_0002202>	<http://purl.obolibrary.org/obo/XAO_0000423>
<http://purl.obolibrary.org/obo/XAO_0005220>	<http://purl.obolibrary.org/obo/xao#end_stage>	<http://purl.obolibrary.org/obo/XAO_0000437>
<http://purl.obolibrary.org/obo/XAO_0005249>	<http://purl.obolibrary.org/obo/xao#start_stage>	<http://purl.obolibrary.org/obo/XAO_1000036>
<http://purl.obolibrary.org/obo/XAO_0003050>	<http://purl.obolibrary.org/obo/xao#end_stage>	<http://purl.obolibrary.org/obo/XAO_0000437>
<http://purl.obolibrary.org/obo/XAO_0001021>	<http://purl.obolibrary.org/obo/RO_0002202>	<http://purl.obolibrary.org/obo/XAO_0000055>
<http://purl.obolibrary.org/obo/XAO_0004431>	<http://purl.obolibrary.org/obo/xao#start_stage>	<http://purl.obolibrary.org/obo/XAO_1000049>
<http://purl.obolibrary.org/obo/XAO_0003162>	<http://purl.obolibrary.org/obo/BFO_0000050>	<http://purl.obolibrary.org/obo/XAO_0003004>
<http://purl.obolibrary.org/obo/XAO_0004503>	<http://purl.obolibrary.org/obo/BFO_0000050>	<http://purl.obolibrary.org/obo/XAO_0000169>
<http://purl.obolibrary.org/obo/XAO_0004489>	<http://purl.obolibrary.org/obo/xao#start_stage>	<http://purl.obolibrary.org/obo/XAO_1000067>
<http://purl.obolibrary.org/obo/XAO_0005422>	<http://purl.obolibrary.org/obo/xao#start_stage>	<http://purl.obolibrary.org/obo/XAO_1000047>
<http://purl.obolibrary.org/obo/XAO_0000455>	<http://purl.obolibrary.org/obo/RO_0002202>	<http://purl.obolibrary.org/obo/XAO_0000101>
<http://purl.obolibrary.org/obo/XAO_0005093>	<http://purl.obolibrary.org/obo/xao#end_stage>	<http://purl.obolibrary.org/obo/XAO_1000015>
<http://purl.obolibrary.org/obo/XAO_0000146>	<http://purl.obolibrary.org/obo/xao#start_stage>	<http://purl.obolibrary.org/obo/XAO_1000057>
<http://purl.obolibrary.org/obo/XAO_0003035>	<http://purl.obolibrary.org/obo/BFO_0000050>	<http://purl.obolibrary.org/obo/XAO_0004300>
<http://purl.obolibrary.org/obo/XAO_0000250>	<http://purl.obolibrary.org/obo/xao#start_stage>	<http://purl.obolibrary.org/obo/XAO_1000034>
<http://purl.obolibrary.org/obo/XAO_1000078>	<http://purl.obolibrary.org/obo/BFO_0000050>	<http://purl.obolibrary.org/obo/XAO_1000091>
<http://purl.obolibrary.org/obo/XAO_0001101>	<http://purl.obolibrary.org/obo/RO_0002202>	<http://purl.obolibrary.org/obo/XAO_0005128>
<http://purl.obolibrary.org/obo/XAO_0003081>	<http://purl.obolibrary.org/obo/xao#end_stage>	<http://purl.obolibrary.org/obo/XAO_0000437>
<http://purl.obolibrary.org/obo/XAO_0005110>	<http://purl.obolibrary.org/obo/xao#start_stage>	<http://purl.obolibrary.org/obo/XAO_1000016>
<http://purl.obolibrary.org/obo/XAO_0005094>	<http://purl.obolibrary.org/obo/xao#start_stage>	<http://purl.obolibrary.org/obo/XAO_1000015>
<http://purl.obolibrary.org/obo/XAO_0003129>	<http://purl.obolibrary.org/obo/xao#start_stage>	<http://purl.obolibrary.org/obo/XAO_1000040>
<http://purl.obolibrary.org/obo/XAO_0000195>	<http://purl.obolibrary.org/obo/xao#start_stage>	<http://purl.obolibrary.org/obo/XAO_1000059>
<http://purl.obolibrary.org/obo/XAO_0004102>	<http://purl.obolibrary.org/obo/BFO_0000050>	<http://purl.obolibrary.org/obo/XAO_0000045>
<http://purl.obolibrary.org/obo/XAO_0005231>	<http://purl.obolibrary.org/obo/BFO_0000050>	<http://purl.obolibrary.org/obo/XAO_0000244>
<http://purl.obolibrary.org/obo/XAO_0004110>	<http://purl.obolibrary.org/obo/xao#start_stage>	<http://purl.obolibrary.org/obo/XAO_1000050>
<http://purl.obolibrary.org/obo/XAO_0003096>	<http://purl.obolibrary.org/obo/BFO_0000050>	<http://purl.obolibrary.org/obo/XAO_0003197>
<http://purl.obolibrary.org/obo/XAO_1000057>	<http://purl.obolibrary.org/obo/xao#preceded_by>	<http://purl.obolibrary.org/obo/XAO_1000056>
<http://purl.obolibrary.org/obo/XAO_0004587>	<http://purl.obolibrary.org/obo/xao#end_stage>	<http://purl.obolibrary.org/obo/XAO_0000437>
<http://purl.obolibrary.org/obo/XAO_0004377>	<http://purl.obolibrary.org/obo/RO_0002202>	<http://purl.obolibrary.org/obo/XAO_0003205>
<http://purl.obolibrary.org/obo/XAO_0004147>	<http://purl.obolibrary.org/obo/xao#start_stage>	<http://purl.obolibrary.org/obo/XAO_1000049>
<http://purl.obolibrary.org/obo/XAO_0005193>	<http://purl.obolibrary.org/obo/xao#end_stage>	<http://purl.obolibrary.org/obo/XAO_1000056>
<http://purl.obolibrary.org/obo/XAO_0004281>	<http://purl.obolibrary.org/obo/xao#end_stage>	<http://purl.obolibrary.org/obo/XAO_1000078>
<http://purl.obolibrary.org/obo/XAO_0006010>	<http://purl.obolibrary.org/obo/xao#start_stage>	<http://purl.obolibrary.org/obo/XAO_1000050>
<http://purl.obolibrary.org/obo/XAO_0004182>	<http://purl.obolibrary.org/obo/xao#start_stage>	<http://purl.obolibrary.org/obo/XAO_1000043>
<http://purl.obolibrary.org/obo/XAO_0005235>	<http://purl.obolibrary.org/obo/BFO_0000050>	<http://purl.obolibrary.org/obo/XAO_0000012>
<http://purl.obolibrary.org/obo/XAO_0004209>	<http://purl.obolibrary.org/obo/xao#start_stage>	<http://purl.obolibrary.org/obo/XAO_1000032>
<http://purl.obolibrary.org/obo/XAO_0004320>	<http://purl.obolibrary.org/obo/xao#end_stage>	<http://purl.obolibrary.org/obo/XAO_0000437>
<http://purl.obolibrary.org/obo/XAO_0004290>	<http://purl.obolibrary.org/obo/xao#end_stage>	<http://purl.obolibrary.org/obo/XAO_0000437>
<http://purl.obolibrary.org/obo/XAO_1000017>	<http://purl.obolibrary.org/obo/BFO_0000050>	<http://purl.obolibrary.org/obo/XAO_1000003>
<http://purl.obolibrary.org/obo/XAO_1000072>	<http://purl.obolibrary.org/obo/xao#preceded_by>	<http://purl.obolibrary.org/obo/XAO_1000071>
<http://purl.obolibrary.org/obo/XAO_0004535>	<http://purl.obolibrary.org/obo/xao#start_stage>	<http://purl.obolibrary.org/obo/XAO_1000038>
<http://purl.obolibrary.org/obo/XAO_0000405>	<http://purl.obolibrary.org/obo/xao#end_stage>	<http://purl.obolibrary.org/obo/XAO_1000051>
<http://purl.obolibrary.org/obo/XAO_0004095>	<http://purl.obolibrary.org/obo/xao#end_stage>	<http://purl.obolibrary.org/obo/XAO_0000437>
<http://purl.obolibrary.org/obo/XAO_0004351>	<http://purl.obolibrary.org/obo/RO_0002202>	<http://purl.obolibrary.org/obo/XAO_0004448>
<http://purl.obolibrary.org/obo/XAO_1000067>	<http://purl.obolibrary.org/obo/BFO_0000050>	<http://purl.obolibrary.org/obo/XAO_1000090>
<http://purl.obolibrary.org/obo/XAO_0004384>	<http://purl.obolibrary.org/obo/xao#start_stage>	<http://purl.obolibrary.org/obo/XAO_1000001>
<http://purl.obolibrary.org/obo/XAO_0004464>	<http://purl.obolibrary.org/obo/xao#start_stage>	<http://purl.obolibrary.org/obo/XAO_1000038>
<http://purl.obolibrary.org/obo/XAO_0000017>	<http://purl.obolibrary.org/obo/RO_0002202>	<http://purl.obolibrary.org/obo/XAO_0004208>
<http://purl.obolibrary.org/obo/XAO_0004573>	<http://purl.obolibrary.org/obo/xao#end_stage>	<http://purl.obolibrary.org/obo/XAO_0000437>
<http://purl.obolibrary.org/obo/XAO_0001012>	<http://purl.obolibrary.org/obo/BFO_0000050>	<http://purl.obolibrary.org/obo/XAO_0003198>
<http://purl.obolibrary.org/obo/XAO_0005118>	<http://purl.obolibrary.org/obo/BFO_0000050>	<http://purl.obolibrary.org/obo/XAO_0000256>
<http://purl.obolibrary.org/obo/XAO_0000217>	<http://purl.obolibrary.org/obo/xao#end_stage>	<http://purl.obolibrary.org/obo/XAO_0000437>
<http://purl.obolibrary.org/obo/XAO_0004264>	<http://purl.obolibrary.org/obo/xao#end_stage>	<http://purl.obolibrary.org/obo/XAO_0000437>
<http://purl.obolibrary.org/obo/XAO_0004536>	<http://purl.obolibrary.org/obo/xao#start_stage>	<http://purl.obolibrary.org/obo/XAO_1000038>
<http://purl.obolibrary.org/obo/XAO_0003150>	<http://purl.obolibrary.org/obo/xao#end_stage>	<http://purl.obolibrary.org/obo/XAO_0000437>
<http://purl.obolibrary.org/obo/XAO_0005282>	<http://purl.obolibrary.org/obo/BFO_0000050>	<http://purl.obolibrary.org/obo/XAO_0000256>
<http://purl.obolibrary.org/obo/XAO_0000135>	<http://purl.obolibrary.org/obo/xao#end_stage>	<http://purl.obolibrary.org/obo/XAO_0000437>
<http://purl.obolibrary.org/obo/XAO_0004167>	<http://purl.obolibrary.org/obo/xao#start_stage>	<http://purl.obolibrary.org/obo/XAO_1000050>
<http://purl.obolibrary.org/obo/XAO_0004526>	<http://purl.obolibrary.org/obo/BFO_0000050>	<http://purl.obolibrary.org/obo/XAO_0003196>
<http://purl.obolibrary.org/obo/XAO_0005185>	<http://purl.obolibrary.org/obo/xao#start_stage>	<http://purl.obolibrary.org/obo/XAO_1000025>
<http://purl.obolibrary.org/obo/XAO_0004022>	<http://purl.obolibrary.org/obo/xao#end_stage>	<http://purl.obolibrary.org/obo/XAO_0000437>
<http://purl.obolibrary.org/obo/XAO_0000220>	<http://purl.obolibrary.org/obo/RO_0002202>	<http://purl.obolibrary.org/obo/XAO_0000411>
<http://purl.obolibrary.org/obo/XAO_0000083>	<http://purl.obolibrary.org/obo/xao#start_stage>	<http://purl.obolibrary.org/obo/XAO_1000020>
<http://purl.obolibrary.org/obo/XAO_0004136>	<http://purl.obolibrary.org/obo/xao#end_stage>	<http://purl.obolibrary.org/obo/XAO_0000437>
<http://purl.obolibrary.org/obo/XAO_0004065>	<http://purl.obolibrary.org/obo/xao#end_stage>	<http://purl.obolibrary.org/obo/XAO_1000078>
<http://purl.obolibrary.org/obo/XAO_0004105>	<http://purl.obolibrary.org/obo/xao#end_stage>	<http://purl.obolibrary.org/obo/XAO_1000076>
<http://purl.obolibrary.org/obo/XAO_0000062>	<http://purl.obolibrary.org/obo/BFO_0000050>	<http://purl.obolibrary.org/obo/XAO_0002000>
<http://purl.obolibrary.org/obo/XAO_0004301>	<http://purl.obolibrary.org/obo/BFO_0000050>	<http://purl.obolibrary.org/obo/XAO_0000013>
<http://purl.obolibrary.org/obo/XAO_0006043>	<http://purl.obolibrary.org/obo/BFO_0000050>	<http://purl.obolibrary.org/obo/XAO_0003152>
<http://purl.obolibrary.org/obo/XAO_0004447>	<http://purl.obolibrary.org/obo/xao#end_stage>	<http://purl.obolibrary.org/obo/XAO_1000053>
<http://purl.obolibrary.org/obo/XAO_0004379>	<http://purl.obolibrary.org/obo/RO_0002202>	<http://purl.obolibrary.org/obo/XAO_0003205>
<http://purl.obolibrary.org/obo/XAO_0000276>	<http://purl.obolibrary.org/obo/xao#start_stage>	<http://purl.obolibrary.org/obo/XAO_1000026>
<http://purl.obolibrary.org/obo/XAO_0005028>	<http://purl.obolibrary.org/obo/BFO_0000050>	<http://purl.obolibrary.org/obo/XAO_0003226>
<http://purl.obolibrary.org/obo/XAO_0001001>	<http://purl.obolibrary.org/obo/xao#start_stage>	<http://purl.obolibrary.org/obo/XAO_1000023>
<http://purl.obolibrary.org/obo/XAO_0004366>	<http://purl.obolibrary.org/obo/xao#start_stage>	<http://purl.obolibrary.org/obo/XAO_1000052>
<http://purl.obolibrary.org/obo/XAO_0004152>	<http://purl.obolibrary.org/obo/BFO_0000050>	<http://purl.obolibrary.org/obo/XAO_0000100>
<http://purl.obolibrary.org/obo/XAO_1000048>	<http://purl.obolibrary.org/obo/xao#preceded_by>	<http://purl.obolibrary.org/obo/XAO_1000047>
<http://purl.obolibrary.org/obo/XAO_0000268>	<http://purl.obolibrary.org/obo/xao#end_stage>	<http://purl.obolibrary.org/obo/XAO_0000437>
<http://purl.obolibrary.org/obo/XAO_0003037>	<http://purl.obolibrary.org/obo/xao#start_stage>	<http://purl.obolibrary.org/obo/XAO_1000023>
<http://purl.obolibrary.org/obo/XAO_0000067>	<http://purl.obolibrary.org/obo/RO_0002202>	<http://purl.obolibrary.org/obo/XAO_0000311>
<http://purl.obolibrary.org/obo/XAO_0004342>	<http://purl.obolibrary.org/obo/xao#end_stage>	<http://purl.obolibrary.org/obo/XAO_1000078>
<http://purl.obolibrary.org/obo/XAO_0000014>	<http://purl.obolibrary.org/obo/RO_0002202>	<http://purl.obolibrary.org/obo/XAO_0000307>
<http://purl.obolibrary.org/obo/XAO_0003213>	<http://purl.obolibrary.org/obo/xao#end_stage>	<http://purl.obolibrary.org/obo/XAO_0000437>
<http://purl.obolibrary.org/obo/XAO_0005070>	<http://purl.obolibrary.org/obo/xao#start_stage>	<http://purl.obolibrary.org/obo/XAO_1000034>
<http://purl.obolibrary.org/obo/XAO_0003107>	<http://purl.obolibrary.org/obo/xao#start_stage>	<http://purl.obolibrary.org/obo/XAO_1000034>
<http://purl.obolibrary.org/obo/XAO_0000174>	<http://purl.obolibrary.org/obo/RO_0002202>	<http://purl.obolibrary.org/obo/XAO_0000314>
<http://purl.obolibrary.org/obo/XAO_0004455>	<http://purl.obolibrary.org/obo/BFO_0000050>	<http://purl.obolibrary.org/obo/XAO_0004042>
<http://purl.obolibrary.org/obo/XAO_0004009>	<http://purl.obolibrary.org/obo/xao#end_stage>	<http://purl.obolibrary.org/obo/XAO_0000437>
<http://purl.obolibrary.org/obo/XAO_0004089>	<http://purl.obolibrary.org/obo/xao#start_stage>	<http://purl.obolibrary.org/obo/XAO_1000038>
<http://purl.obolibrary.org/obo/XAO_0003178>	<http://purl.obolibrary.org/obo/xao#start_stage>	<http://purl.obolibrary.org/obo/XAO_1000040>
<http://purl.obolibrary.org/obo/XAO_0005304>	<http://purl.obolibrary.org/obo/BFO_0000050>	<http://purl.obolibrary.org/obo/XAO_0003044>
<http://purl.obolibrary.org/obo/XAO_0004606>	<http://purl.obolibrary.org/obo/xao#end_stage>	<http://purl.obolibrary.org/obo/XAO_0000437>
<http://purl.obolibrary.org/obo/XAO_0000134>	<http://purl.obolibrary.org/obo/xao#end_stage>	<http://purl.obolibrary.org/obo/XAO_0000437>
<http://purl.obolibrary.org/obo/XAO_0005425>	<http://purl.obolibrary.org/obo/BFO_0000050>	<http://purl.obolibrary.org/obo/XAO_0000118>
<http://purl.obolibrary.org/obo/XAO_0004050>	<http://purl.obolibrary.org/obo/xao#end_stage>	<http://purl.obolibrary.org/obo/XAO_1000074>
<http://purl.obolibrary.org/obo/XAO_0004192>	<http://purl.obolibrary.org/obo/xao#end_stage>	<http://purl.obolibrary.org/obo/XAO_1000046>
<http://purl.obolibrary.org/obo/XAO_0004251>	<http://purl.obolibrary.org/obo/xao#start_stage>	<http://purl.obolibrary.org/obo/XAO_1000057>
<http://purl.obolibrary.org/obo/XAO_0005046>	<http://purl.obolibrary.org/obo/xao#start_stage>	<http://purl.obolibrary.org/obo/XAO_1000047>
<http://purl.obolibrary.org/obo/XAO_0003118>	<http://purl.obolibrary.org/obo/xao#end_stage>	<http://purl.obolibrary.org/obo/XAO_1000059>
<http://purl.obolibrary.org/obo/XAO_0001103>	<http://purl.obolibrary.org/obo/RO_0002202>	<http://purl.obolibrary.org/obo/XAO_0001102>
<http://purl.obolibrary.org/obo/XAO_0005501>	<http://purl.obolibrary.org/obo/BFO_0000050>	<http://purl.obolibrary.org/obo/XAO_0000125>
<http://purl.obolibrary.org/obo/XAO_0000414>	<http://purl.obolibrary.org/obo/BFO_0000050>	<http://purl.obolibrary.org/obo/XAO_0000397>
<http://purl.obolibrary.org/obo/XAO_0004471>	<http://purl.obolibrary.org/obo/xao#end_stage>	<http://purl.obolibrary.org/obo/XAO_0000437>
<http://purl.obolibrary.org/obo/XAO_0005155>	<http://purl.obolibrary.org/obo/BFO_0000050>	<http://purl.obolibrary.org/obo/XAO_0000094>
<http://purl.obolibrary.org/obo/XAO_0000384>	<http://purl.obolibrary.org/obo/xao#start_stage>	<http://purl.obolibrary.org/obo/XAO_1000046>
<http://purl.obolibrary.org/obo/XAO_0000284>	<http://purl.obolibrary.org/obo/xao#start_stage>	<http://purl.obolibrary.org/obo/XAO_1000044>
<http://purl.obolibrary.org/obo/XAO_0003062>	<http://purl.obolibrary.org/obo/xao#end_stage>	<http://purl.obolibrary.org/obo/XAO_0000437>
<http://purl.obolibrary.org/obo/XAO_0006028>	<http://purl.obolibrary.org/obo/xao#end_stage>	<http://purl.obolibrary.org/obo/XAO_0000437>
<http://purl.obolibrary.org/obo/XAO_0004226>	<http://purl.obolibrary.org/obo/BFO_0000050>	<http://purl.obolibrary.org/obo/XAO_0004271>
<http://purl.obolibrary.org/obo/XAO_0005215>	<http://purl.obolibrary.org/obo/xao#end_stage>	<http://purl.obolibrary.org/obo/XAO_0000437>
<http://purl.obolibrary.org/obo/XAO_0004365>	<http://purl.obolibrary.org/obo/BFO_0000050>	<http://purl.obolibrary.org/obo/XAO_0003059>
<http://purl.obolibrary.org/obo/XAO_0000353>	<http://purl.obolibrary.org/obo/xao#end_stage>	<http://purl.obolibrary.org/obo/XAO_1000053>
<http://purl.obolibrary.org/obo/XAO_0000054>	<http://purl.obolibrary.org/obo/xao#start_stage>	<http://purl.obolibrary.org/obo/XAO_1000035>
<http://purl.obolibrary.org/obo/XAO_0004589>	<http://purl.obolibrary.org/obo/BFO_0000050>	<http://purl.obolibrary.org/obo/XAO_0004540>
<http://purl.obolibrary.org/obo/XAO_0000362>	<http://purl.obolibrary.org/obo/xao#end_stage>	<http://purl.obolibrary.org/obo/XAO_0000437>
<http://purl.obolibrary.org/obo/XAO_0003095>	<http://purl.obolibrary.org/obo/BFO_0000050>	<http://purl.obolibrary.org/obo/XAO_0003195>
<http://purl.obolibrary.org/obo/XAO_0004438>	<http://purl.obolibrary.org/obo/xao#end_stage>	<http://purl.obolibrary.org/obo/XAO_1000052>
<http://purl.obolibrary.org/obo/XAO_0000229>	<http://purl.obolibrary.org/obo/xao#end_stage>	<http://purl.obolibrary.org/obo/XAO_1000092>
<http://purl.obolibrary.org/obo/XAO_0000098>	<http://purl.obolibrary.org/obo/xao#start_stage>	<http://purl.obolibrary.org/obo/XAO_1000040>
<http://purl.obolibrary.org/obo/XAO_0005054>	<http://purl.obolibrary.org/obo/BFO_0000050>	<http://purl.obolibrary.org/obo/XAO_0003100>
<http://purl.obolibrary.org/obo/XAO_0005132>	<http://purl.obolibrary.org/obo/xao#end_stage>	<http://purl.obolibrary.org/obo/XAO_0000437>
<http://purl.obolibrary.org/obo/XAO_0000155>	<http://purl.obolibrary.org/obo/xao#start_stage>	<http://purl.obolibrary.org/obo/XAO_1000064>
<http://purl.obolibrary.org/obo/XAO_0003043>	<http://purl.obolibrary.org/obo/xao#end_stage>	<http://purl.obolibrary.org/obo/XAO_1000056>
<http://purl.obolibrary.org/obo/XAO_0005033>	<http://purl.obolibrary.org/obo/xao#end_stage>	<http://purl.obolibrary.org/obo/XAO_0000437>
<http://purl.obolibrary.org/obo/XAO_0000026>	<http://purl.obolibrary.org/obo/RO_0002202>	<http://purl.obolibrary.org/obo/XAO_0000048>
<http://purl.obolibrary.org/obo/XAO_0004070>	<http://purl.obolibrary.org/obo/xao#end_stage>	<http://purl.obolibrary.org/obo/XAO_0000437>
<http://purl.obolibrary.org/obo/XAO_0005000>	<http://purl.obolibrary.org/obo/xao#end_stage>	<http://purl.obolibrary.org/obo/XAO_0000437>
<http://purl.obolibrary.org/obo/XAO_0003096>	<http://purl.obolibrary.org/obo/xao#end_stage>	<http://purl.obolibrary.org/obo/XAO_0000437>
<http://purl.obolibrary.org/obo/XAO_0005167>	<http://purl.obolibrary.org/obo/BFO_0000050>	<http://purl.obolibrary.org/obo/XAO_0000159>
<http://purl.obolibrary.org/obo/XAO_0006046>	<http://purl.obolibrary.org/obo/xao#start_stage>	<http://purl.obolibrary.org/obo/XAO_1000038>
<http://purl.obolibrary.org/obo/XAO_0003245>	<http://purl.obolibrary.org/obo/xao#start_stage>	<http://purl.obolibrary.org/obo/XAO_1000020>
<http://purl.obolibrary.org/obo/XAO_0006024>	<http://purl.obolibrary.org/obo/xao#end_stage>	<http://purl.obolibrary.org/obo/XAO_0000437>
<http://purl.obolibrary.org/obo/XAO_0005136>	<http://purl.obolibrary.org/obo/xao#end_stage>	<http://purl.obolibrary.org/obo/XAO_1000022>
<http://purl.obolibrary.org/obo/XAO_0000159>	<http://purl.obolibrary.org/obo/BFO_0000050>	<http://purl.obolibrary.org/obo/XAO_0000136>
<http://purl.obolibrary.org/obo/XAO_0000200>	<http://purl.obolibrary.org/obo/RO_0002202>	<http://purl.obolibrary.org/obo/XAO_0000202>
<http://purl.obolibrary.org/obo/XAO_0000311>	<http://purl.obolibrary.org/obo/xao#end_stage>	<http://purl.obolibrary.org/obo/XAO_1000056>
<http://purl.obolibrary.org/obo/XAO_0005327>	<http://purl.obolibrary.org/obo/RO_0002202>	<http://purl.obolibrary.org/obo/XAO_0000001>
<http://purl.obolibrary.org/obo/XAO_0000374>	<http://purl.obolibrary.org/obo/RO_0002202>	<http://purl.obolibrary.org/obo/XAO_0000371>
<http://purl.obolibrary.org/obo/XAO_1000064>	<http://purl.obolibrary.org/obo/BFO_0000050>	<http://purl.obolibrary.org/obo/XAO_1000089>
<http://purl.obolibrary.org/obo/XAO_0004421>	<http://purl.obolibrary.org/obo/BFO_0000050>	<http://purl.obolibrary.org/obo/XAO_0004415>
<http://purl.obolibrary.org/obo/XAO_0005198>	<http://purl.obolibrary.org/obo/xao#start_stage>	<http://purl.obolibrary.org/obo/XAO_1000049>
<http://purl.obolibrary.org/obo/XAO_0003198>	<http://purl.obolibrary.org/obo/xao#end_stage>	<http://purl.obolibrary.org/obo/XAO_0000437>
<http://purl.obolibrary.org/obo/XAO_0000375>	<http://purl.obolibrary.org/obo/BFO_0000050>	<http://purl.obolibrary.org/obo/XAO_0003199>
<http://purl.obolibrary.org/obo/XAO_0005020>	<http://purl.obolibrary.org/obo/BFO_0000050>	<http://purl.obolibrary.org/obo/XAO_0001017>
<http://purl.obolibrary.org/obo/XAO_0004253>	<http://purl.obolibrary.org/obo/xao#start_stage>	<http://purl.obolibrary.org/obo/XAO_1000060>
<http://purl.obolibrary.org/obo/XAO_0003155>	<http://purl.obolibrary.org/obo/BFO_0000050>	<http://purl.obolibrary.org/obo/XAO_0003152>
<http://purl.obolibrary.org/obo/XAO_0003217>	<http://purl.obolibrary.org/obo/xao#end_stage>	<http://purl.obolibrary.org/obo/XAO_0000437>
<http://purl.obolibrary.org/obo/XAO_0004459>	<http://purl.obolibrary.org/obo/xao#end_stage>	<http://purl.obolibrary.org/obo/XAO_0000437>
<http://purl.obolibrary.org/obo/XAO_1000079>	<http://purl.obolibrary.org/obo/xao#preceded_by>	<http://purl.obolibrary.org/obo/XAO_1000089>
<http://purl.obolibrary.org/obo/XAO_0004614>	<http://purl.obolibrary.org/obo/BFO_0000050>	<http://purl.obolibrary.org/obo/XAO_0005008>
<http://purl.obolibrary.org/obo/XAO_0000118>	<http://purl.obolibrary.org/obo/BFO_0000050>	<http://purl.obolibrary.org/obo/XAO_0000117>
<http://purl.obolibrary.org/obo/XAO_0005151>	<http://purl.obolibrary.org/obo/xao#start_stage>	<http://purl.obolibrary.org/obo/XAO_1000050>
<http://purl.obolibrary.org/obo/XAO_0004507>	<http://purl.obolibrary.org/obo/xao#start_stage>	<http://purl.obolibrary.org/obo/XAO_1000057>
<http://purl.obolibrary.org/obo/XAO_0003116>	<http://purl.obolibrary.org/obo/RO_0002202>	<http://purl.obolibrary.org/obo/XAO_0000409>
<http://purl.obolibrary.org/obo/XAO_0003267>	<http://purl.obolibrary.org/obo/BFO_0000050>	<http://purl.obolibrary.org/obo/XAO_0000143>
<http://purl.obolibrary.org/obo/XAO_0000180>	<http://purl.obolibrary.org/obo/RO_0002202>	<http://purl.obolibrary.org/obo/XAO_0004091>
<http://purl.obolibrary.org/obo/XAO_0006030>	<http://purl.obolibrary.org/obo/xao#end_stage>	<http://purl.obolibrary.org/obo/XAO_0000437>
<http://purl.obolibrary.org/obo/XAO_0004208>	<http://purl.obolibrary.org/obo/xao#start_stage>	<http://purl.obolibrary.org/obo/XAO_1000027>
<http://purl.obolibrary.org/obo/XAO_0005152>	<http://purl.obolibrary.org/obo/xao#start_stage>	<http://purl.obolibrary.org/obo/XAO_1000050>
<http://purl.obolibrary.org/obo/XAO_0005313>	<http://purl.obolibrary.org/obo/xao#start_stage>	<http://purl.obolibrary.org/obo/XAO_1000083>
<http://purl.obolibrary.org/obo/XAO_0004345>	<http://purl.obolibrary.org/obo/RO_0002202>	<http://purl.obolibrary.org/obo/XAO_0004442>
<http://purl.obolibrary.org/obo/XAO_0004172>	<http://purl.obolibrary.org/obo/BFO_0000050>	<http://purl.obolibrary.org/obo/XAO_0004151>
<http://purl.obolibrary.org/obo/XAO_0000071>	<http://purl.obolibrary.org/obo/xao#start_stage>	<http://purl.obolibrary.org/obo/XAO_1000001>
<http://purl.obolibrary.org/obo/XAO_0004407>	<http://purl.obolibrary.org/obo/xao#end_stage>	<http://purl.obolibrary.org/obo/XAO_1000068>
<http://purl.obolibrary.org/obo/XAO_0000183>	<http://purl.obolibrary.org/obo/xao#start_stage>	<http://purl.obolibrary.org/obo/XAO_1000056>
<http://purl.obolibrary.org/obo/XAO_0004268>	<http://purl.obolibrary.org/obo/xao#end_stage>	<http://purl.obolibrary.org/obo/XAO_0000437>
<http://purl.obolibrary.org/obo/XAO_0003036>	<http://purl.obolibrary.org/obo/xao#end_stage>	<http://purl.obolibrary.org/obo/XAO_0000437>
<http://purl.obolibrary.org/obo/XAO_0006009>	<http://purl.obolibrary.org/obo/xao#end_stage>	<http://purl.obolibrary.org/obo/XAO_0000437>
<http://purl.obolibrary.org/obo/XAO_0005035>	<http://purl.obolibrary.org/obo/xao#start_stage>	<http://purl.obolibrary.org/obo/XAO_1000038>
<http://purl.obolibrary.org/obo/XAO_0003055>	<http://purl.obolibrary.org/obo/xao#end_stage>	<http://purl.obolibrary.org/obo/XAO_0000437>
<http://purl.obolibrary.org/obo/XAO_0005096>	<http://purl.obolibrary.org/obo/RO_0002202>	<http://purl.obolibrary.org/obo/XAO_0005088>
<http://purl.obolibrary.org/obo/XAO_0001012>	<http://purl.obolibrary.org/obo/xao#start_stage>	<http://purl.obolibrary.org/obo/XAO_1000054>
<http://purl.obolibrary.org/obo/XAO_0000064>	<http://purl.obolibrary.org/obo/xao#start_stage>	<http://purl.obolibrary.org/obo/XAO_1000044>
<http://purl.obolibrary.org/obo/XAO_0004602>	<http://purl.obolibrary.org/obo/BFO_0000050>	<http://purl.obolibrary.org/obo/XAO_0000010>
<http://purl.obolibrary.org/obo/XAO_0000079>	<http://purl.obolibrary.org/obo/xao#end_stage>	<http://purl.obolibrary.org/obo/XAO_1000056>
<http://purl.obolibrary.org/obo/XAO_0004393>	<http://purl.obolibrary.org/obo/xao#end_stage>	<http://purl.obolibrary.org/obo/XAO_1000078>
<http://purl.obolibrary.org/obo/XAO_0000011>	<http://purl.obolibrary.org/obo/BFO_0000050>	<http://purl.obolibrary.org/obo/XAO_0000010>
<http://purl.obolibrary.org/obo/XAO_0005085>	<http://purl.obolibrary.org/obo/xao#end_stage>	<http://purl.obolibrary.org/obo/XAO_1000014>
<http://purl.obolibrary.org/obo/XAO_0000137>	<http://purl.obolibrary.org/obo/xao#start_stage>	<http://purl.obolibrary.org/obo/XAO_1000051>
<http://purl.obolibrary.org/obo/XAO_0003028>	<http://purl.obolibrary.org/obo/xao#start_stage>	<http://purl.obolibrary.org/obo/XAO_1000023>
<http://purl.obolibrary.org/obo/XAO_0005013>	<http://purl.obolibrary.org/obo/xao#end_stage>	<http://purl.obolibrary.org/obo/XAO_0000437>
<http://purl.obolibrary.org/obo/XAO_0004455>	<http://purl.obolibrary.org/obo/RO_0002202>	<http://purl.obolibrary.org/obo/XAO_0000053>
<http://purl.obolibrary.org/obo/XAO_0004055>	<http://purl.obolibrary.org/obo/xao#end_stage>	<http://purl.obolibrary.org/obo/XAO_0000437>
<http://purl.obolibrary.org/obo/XAO_0005255>	<http://purl.obolibrary.org/obo/xao#start_stage>	<http://purl.obolibrary.org/obo/XAO_1000025>
<http://purl.obolibrary.org/obo/XAO_0005123>	<http://purl.obolibrary.org/obo/xao#end_stage>	<http://purl.obolibrary.org/obo/XAO_1000092>
<http://purl.obolibrary.org/obo/XAO_0000235>	<http://purl.obolibrary.org/obo/xao#start_stage>	<http://purl.obolibrary.org/obo/XAO_1000023>
<http://purl.obolibrary.org/obo/XAO_0005147>	<http://purl.obolibrary.org/obo/RO_0002202>	<http://purl.obolibrary.org/obo/XAO_0005314>
<http://purl.obolibrary.org/obo/XAO_0005301>	<http://purl.obolibrary.org/obo/RO_0002202>	<http://purl.obolibrary.org/obo/XAO_0000090>
<http://purl.obolibrary.org/obo/XAO_0004193>	<http://purl.obolibrary.org/obo/xao#start_stage>	<http://purl.obolibrary.org/obo/XAO_1000057>
<http://purl.obolibrary.org/obo/XAO_0000042>	<http://purl.obolibrary.org/obo/BFO_0000050>	<http://purl.obolibrary.org/obo/XAO_0000001>
<http://purl.obolibrary.org/obo/XAO_0003023>	<http://purl.obolibrary.org/obo/xao#end_stage>	<http://purl.obolibrary.org/obo/XAO_0000437>
<http://purl.obolibrary.org/obo/XAO_0005086>	<http://purl.obolibrary.org/obo/xao#start_stage>	<http://purl.obolibrary.org/obo/XAO_1000014>
<http://purl.obolibrary.org/obo/XAO_0004124>	<http://purl.obolibrary.org/obo/BFO_0000050>	<http://purl.obolibrary.org/obo/XAO_0004123>
<http://purl.obolibrary.org/obo/XAO_0000179>	<http://purl.obolibrary.org/obo/BFO_0000050>	<http://purl.obolibrary.org/obo/XAO_0003198>
<http://purl.obolibrary.org/obo/XAO_0004189>	<http://purl.obolibrary.org/obo/xao#start_stage>	<http://purl.obolibrary.org/obo/XAO_1000044>
<http://purl.obolibrary.org/obo/XAO_0004094>	<http://purl.obolibrary.org/obo/BFO_0000050>	<http://purl.obolibrary.org/obo/XAO_0000008>
<http://purl.obolibrary.org/obo/XAO_0004159>	<http://purl.obolibrary.org/obo/xao#start_stage>	<http://purl.obolibrary.org/obo/XAO_1000050>
<http://purl.obolibrary.org/obo/XAO_0000431>	<http://purl.obolibrary.org/obo/xao#end_stage>	<http://purl.obolibrary.org/obo/XAO_0000437>
<http://purl.obolibrary.org/obo/XAO_0004072>	<http://purl.obolibrary.org/obo/xao#start_stage>	<http://purl.obolibrary.org/obo/XAO_1000047>
<http://purl.obolibrary.org/obo/XAO_0004133>	<http://purl.obolibrary.org/obo/xao#start_stage>	<http://purl.obolibrary.org/obo/XAO_1000059>
<http://purl.obolibrary.org/obo/XAO_0000016>	<http://purl.obolibrary.org/obo/xao#start_stage>	<http://purl.obolibrary.org/obo/XAO_1000038>
<http://purl.obolibrary.org/obo/XAO_0000414>	<http://purl.obolibrary.org/obo/RO_0002202>	<http://purl.obolibrary.org/obo/XAO_0000397>
<http://purl.obolibrary.org/obo/XAO_0000463>	<http://purl.obolibrary.org/obo/xao#end_stage>	<http://purl.obolibrary.org/obo/XAO_0000437>
<http://purl.obolibrary.org/obo/XAO_0004293>	<http://purl.obolibrary.org/obo/xao#start_stage>	<http://purl.obolibrary.org/obo/XAO_1000085>
<http://purl.obolibrary.org/obo/XAO_0000248>	<http://purl.obolibrary.org/obo/BFO_0000050>	<http://purl.obolibrary.org/obo/XAO_0000249>
<http://purl.obolibrary.org/obo/XAO_0004522>	<http://purl.obolibrary.org/obo/xao#end_stage>	<http://purl.obolibrary.org/obo/XAO_1000046>
<http://purl.obolibrary.org/obo/XAO_0004098>	<http://purl.obolibrary.org/obo/BFO_0000050>	<http://purl.obolibrary.org/obo/XAO_0003216>
<http://purl.obolibrary.org/obo/XAO_0004201>	<http://purl.obolibrary.org/obo/xao#end_stage>	<http://purl.obolibrary.org/obo/XAO_0000437>
<http://purl.obolibrary.org/obo/XAO_0000399>	<http://purl.obolibrary.org/obo/RO_0002202>	<http://purl.obolibrary.org/obo/XAO_0000397>
<http://purl.obolibrary.org/obo/XAO_0003174>	<http://purl.obolibrary.org/obo/xao#end_stage>	<http://purl.obolibrary.org/obo/XAO_0000437>
<http://purl.obolibrary.org/obo/XAO_0004589>	<http://purl.obolibrary.org/obo/xao#end_stage>	<http://purl.obolibrary.org/obo/XAO_0000437>
<http://purl.obolibrary.org/obo/XAO_0000464>	<http://purl.obolibrary.org/obo/xao#start_stage>	<http://purl.obolibrary.org/obo/XAO_1000049>
<http://purl.obolibrary.org/obo/XAO_0000025>	<http://purl.obolibrary.org/obo/xao#end_stage>	<http://purl.obolibrary.org/obo/XAO_1000051>
<http://purl.obolibrary.org/obo/XAO_0004487>	<http://purl.obolibrary.org/obo/xao#start_stage>	<http://purl.obolibrary.org/obo/XAO_1000067>
<http://purl.obolibrary.org/obo/XAO_0000289>	<http://purl.obolibrary.org/obo/xao#start_stage>	<http://purl.obolibrary.org/obo/XAO_1000045>
<http://purl.obolibrary.org/obo/XAO_0000131>	<http://purl.obolibrary.org/obo/BFO_0000050>	<http://purl.obolibrary.org/obo/XAO_0000129>
<http://purl.obolibrary.org/obo/XAO_0004525>	<http://purl.obolibrary.org/obo/BFO_0000050>	<http://purl.obolibrary.org/obo/XAO_0003196>
<http://purl.obolibrary.org/obo/XAO_0004049>	<http://purl.obolibrary.org/obo/xao#end_stage>	<http://purl.obolibrary.org/obo/XAO_0000437>
<http://purl.obolibrary.org/obo/XAO_0000058>	<http://purl.obolibrary.org/obo/BFO_0000050>	<http://purl.obolibrary.org/obo/XAO_0004042>
<http://purl.obolibrary.org/obo/XAO_0004563>	<http://purl.obolibrary.org/obo/xao#end_stage>	<http://purl.obolibrary.org/obo/XAO_0000437>
<http://purl.obolibrary.org/obo/XAO_0004186>	<http://purl.obolibrary.org/obo/RO_0002202>	<http://purl.obolibrary.org/obo/XAO_0000235>
<http://purl.obolibrary.org/obo/XAO_0005109>	<http://purl.obolibrary.org/obo/RO_0002202>	<http://purl.obolibrary.org/obo/XAO_0005094>
<http://purl.obolibrary.org/obo/XAO_0003249>	<http://purl.obolibrary.org/obo/xao#start_stage>	<http://purl.obolibrary.org/obo/XAO_1000020>
<http://purl.obolibrary.org/obo/XAO_0003101>	<http://purl.obolibrary.org/obo/xao#end_stage>	<http://purl.obolibrary.org/obo/XAO_0000437>
<http://purl.obolibrary.org/obo/XAO_0003222>	<http://purl.obolibrary.org/obo/xao#start_stage>	<http://purl.obolibrary.org/obo/XAO_1000049>
<http://purl.obolibrary.org/obo/XAO_0004529>	<http://purl.obolibrary.org/obo/xao#end_stage>	<http://purl.obolibrary.org/obo/XAO_0000437>
<http://purl.obolibrary.org/obo/XAO_0005293>	<http://purl.obolibrary.org/obo/BFO_0000050>	<http://purl.obolibrary.org/obo/XAO_0003092>
<http://purl.obolibrary.org/obo/XAO_0004081>	<http://purl.obolibrary.org/obo/xao#end_stage>	<http://purl.obolibrary.org/obo/XAO_1000056>
<http://purl.obolibrary.org/obo/XAO_0004151>	<http://purl.obolibrary.org/obo/BFO_0000050>	<http://purl.obolibrary.org/obo/XAO_0000100>
<http://purl.obolibrary.org/obo/XAO_0004014>	<http://purl.obolibrary.org/obo/xao#start_stage>	<http://purl.obolibrary.org/obo/XAO_1000057>
<http://purl.obolibrary.org/obo/XAO_0000269>	<http://purl.obolibrary.org/obo/RO_0002202>	<http://purl.obolibrary.org/obo/XAO_0000032>
<http://purl.obolibrary.org/obo/XAO_0000092>	<http://purl.obolibrary.org/obo/RO_0002202>	<http://purl.obolibrary.org/obo/XAO_0000090>
<http://purl.obolibrary.org/obo/XAO_0005295>	<http://purl.obolibrary.org/obo/xao#end_stage>	<http://purl.obolibrary.org/obo/XAO_0000437>
<http://purl.obolibrary.org/obo/XAO_0004326>	<http://purl.obolibrary.org/obo/xao#start_stage>	<http://purl.obolibrary.org/obo/XAO_1000054>
<http://purl.obolibrary.org/obo/XAO_0004497>	<http://purl.obolibrary.org/obo/xao#end_stage>	<http://purl.obolibrary.org/obo/XAO_0000437>
<http://purl.obolibrary.org/obo/XAO_0000167>	<http://purl.obolibrary.org/obo/xao#start_stage>	<http://purl.obolibrary.org/obo/XAO_1000055>
<http://purl.obolibrary.org/obo/XAO_0000307>	<http://purl.obolibrary.org/obo/RO_0002202>	<http://purl.obolibrary.org/obo/XAO_0000045>
<http://purl.obolibrary.org/obo/XAO_0004432>	<http://purl.obolibrary.org/obo/xao#start_stage>	<http://purl.obolibrary.org/obo/XAO_1000049>
<http://purl.obolibrary.org/obo/XAO_0000270>	<http://purl.obolibrary.org/obo/RO_0002202>	<http://purl.obolibrary.org/obo/XAO_0000249>
<http://purl.obolibrary.org/obo/XAO_0006017>	<http://purl.obolibrary.org/obo/BFO_0000050>	<http://purl.obolibrary.org/obo/XAO_0000023>
<http://purl.obolibrary.org/obo/XAO_0001016>	<http://purl.obolibrary.org/obo/BFO_0000050>	<http://purl.obolibrary.org/obo/XAO_0003230>
<http://purl.obolibrary.org/obo/XAO_0004360>	<http://purl.obolibrary.org/obo/RO_0002202>	<http://purl.obolibrary.org/obo/XAO_0003205>
<http://purl.obolibrary.org/obo/XAO_0000154>	<http://purl.obolibrary.org/obo/xao#end_stage>	<http://purl.obolibrary.org/obo/XAO_0000437>
<http://purl.obolibrary.org/obo/XAO_0004541>	<http://purl.obolibrary.org/obo/xao#end_stage>	<http://purl.obolibrary.org/obo/XAO_0000437>
<http://purl.obolibrary.org/obo/XAO_0004166>	<http://purl.obolibrary.org/obo/xao#end_stage>	<http://purl.obolibrary.org/obo/XAO_1000052>
<http://purl.obolibrary.org/obo/XAO_0005225>	<http://purl.obolibrary.org/obo/xao#start_stage>	<http://purl.obolibrary.org/obo/XAO_1000055>
<http://purl.obolibrary.org/obo/XAO_0004067>	<http://purl.obolibrary.org/obo/xao#end_stage>	<http://purl.obolibrary.org/obo/XAO_1000033>
<http://purl.obolibrary.org/obo/XAO_0000048>	<http://purl.obolibrary.org/obo/RO_0002202>	<http://purl.obolibrary.org/obo/XAO_0000270>
<http://purl.obolibrary.org/obo/XAO_0004173>	<http://purl.obolibrary.org/obo/xao#start_stage>	<http://purl.obolibrary.org/obo/XAO_1000057>
<http://purl.obolibrary.org/obo/XAO_0003087>	<http://purl.obolibrary.org/obo/BFO_0000050>	<http://purl.obolibrary.org/obo/XAO_0003075>
<http://purl.obolibrary.org/obo/XAO_0005312>	<http://purl.obolibrary.org/obo/xao#end_stage>	<http://purl.obolibrary.org/obo/XAO_0000437>
<http://purl.obolibrary.org/obo/XAO_0003160>	<http://purl.obolibrary.org/obo/xao#end_stage>	<http://purl.obolibrary.org/obo/XAO_0000437>
<http://purl.obolibrary.org/obo/XAO_0000224>	<http://purl.obolibrary.org/obo/BFO_0000050>	<http://purl.obolibrary.org/obo/XAO_0000074>
<http://purl.obolibrary.org/obo/XAO_0005098>	<http://purl.obolibrary.org/obo/xao#end_stage>	<http://purl.obolibrary.org/obo/XAO_1000016>
<http://purl.obolibrary.org/obo/XAO_0000196>	<http://purl.obolibrary.org/obo/xao#start_stage>	<http://purl.obolibrary.org/obo/XAO_1000059>
<http://purl.obolibrary.org/obo/XAO_0000151>	<http://purl.obolibrary.org/obo/BFO_0000050>	<http://purl.obolibrary.org/obo/XAO_0000148>
<http://purl.obolibrary.org/obo/XAO_0003204>	<http://purl.obolibrary.org/obo/xao#start_stage>	<http://purl.obolibrary.org/obo/XAO_1000027>
<http://purl.obolibrary.org/obo/XAO_0000122>	<http://purl.obolibrary.org/obo/xao#start_stage>	<http://purl.obolibrary.org/obo/XAO_1000023>
<http://purl.obolibrary.org/obo/XAO_0000389>	<http://purl.obolibrary.org/obo/xao#start_stage>	<http://purl.obolibrary.org/obo/XAO_1000055>
<http://purl.obolibrary.org/obo/XAO_0004034>	<http://purl.obolibrary.org/obo/xao#end_stage>	<http://purl.obolibrary.org/obo/XAO_0000437>
<http://purl.obolibrary.org/obo/XAO_0000283>	<http://purl.obolibrary.org/obo/xao#start_stage>	<http://purl.obolibrary.org/obo/XAO_1000049>
<http://purl.obolibrary.org/obo/XAO_0005102>	<http://purl.obolibrary.org/obo/RO_0002202>	<http://purl.obolibrary.org/obo/XAO_0005091>
<http://purl.obolibrary.org/obo/XAO_0004312>	<http://purl.obolibrary.org/obo/xao#end_stage>	<http://purl.obolibrary.org/obo/XAO_1000078>
<http://purl.obolibrary.org/obo/XAO_0005241>	<http://purl.obolibrary.org/obo/xao#start_stage>	<http://purl.obolibrary.org/obo/XAO_1000032>
<http://purl.obolibrary.org/obo/XAO_0000254>	<http://purl.obolibrary.org/obo/xao#end_stage>	<http://purl.obolibrary.org/obo/XAO_1000056>
<http://purl.obolibrary.org/obo/XAO_0004243>	<http://purl.obolibrary.org/obo/xao#end_stage>	<http://purl.obolibrary.org/obo/XAO_0000437>
<http://purl.obolibrary.org/obo/XAO_0005157>	<http://purl.obolibrary.org/obo/xao#end_stage>	<http://purl.obolibrary.org/obo/XAO_0000437>
<http://purl.obolibrary.org/obo/XAO_0000287>	<http://purl.obolibrary.org/obo/xao#end_stage>	<http://purl.obolibrary.org/obo/XAO_1000076>
<http://purl.obolibrary.org/obo/XAO_0003215>	<http://purl.obolibrary.org/obo/BFO_0000050>	<http://purl.obolibrary.org/obo/XAO_0003216>
<http://purl.obolibrary.org/obo/XAO_0004565>	<http://purl.obolibrary.org/obo/xao#end_stage>	<http://purl.obolibrary.org/obo/XAO_0000437>
<http://purl.obolibrary.org/obo/XAO_0004376>	<http://purl.obolibrary.org/obo/BFO_0000050>	<http://purl.obolibrary.org/obo/XAO_0003059>
<http://purl.obolibrary.org/obo/XAO_0004457>	<http://purl.obolibrary.org/obo/xao#end_stage>	<http://purl.obolibrary.org/obo/XAO_0000437>
<http://purl.obolibrary.org/obo/XAO_0000044>	<http://purl.obolibrary.org/obo/xao#start_stage>	<http://purl.obolibrary.org/obo/XAO_1000020>
<http://purl.obolibrary.org/obo/XAO_0004162>	<http://purl.obolibrary.org/obo/BFO_0000050>	<http://purl.obolibrary.org/obo/XAO_0004423>
<http://purl.obolibrary.org/obo/XAO_0004412>	<http://purl.obolibrary.org/obo/xao#start_stage>	<http://purl.obolibrary.org/obo/XAO_1000067>
<http://purl.obolibrary.org/obo/XAO_0004490>	<http://purl.obolibrary.org/obo/xao#end_stage>	<http://purl.obolibrary.org/obo/XAO_1000067>
<http://purl.obolibrary.org/obo/XAO_0000340>	<http://purl.obolibrary.org/obo/xao#end_stage>	<http://purl.obolibrary.org/obo/XAO_1000078>
<http://purl.obolibrary.org/obo/XAO_0003262>	<http://purl.obolibrary.org/obo/xao#start_stage>	<http://purl.obolibrary.org/obo/XAO_1000020>
<http://purl.obolibrary.org/obo/XAO_0004566>	<http://purl.obolibrary.org/obo/xao#start_stage>	<http://purl.obolibrary.org/obo/XAO_1000038>
<http://purl.obolibrary.org/obo/XAO_0004540>	<http://purl.obolibrary.org/obo/RO_0002202>	<http://purl.obolibrary.org/obo/XAO_0004258>
<http://purl.obolibrary.org/obo/XAO_0004356>	<http://purl.obolibrary.org/obo/RO_0002202>	<http://purl.obolibrary.org/obo/XAO_0004453>
<http://purl.obolibrary.org/obo/XAO_0003226>	<http://purl.obolibrary.org/obo/BFO_0000050>	<http://purl.obolibrary.org/obo/XAO_0000014>
<http://purl.obolibrary.org/obo/XAO_0004579>	<http://purl.obolibrary.org/obo/BFO_0000050>	<http://purl.obolibrary.org/obo/XAO_0000014>
<http://purl.obolibrary.org/obo/XAO_0003046>	<http://purl.obolibrary.org/obo/xao#start_stage>	<http://purl.obolibrary.org/obo/XAO_1000020>
<http://purl.obolibrary.org/obo/XAO_0005049>	<http://purl.obolibrary.org/obo/xao#start_stage>	<http://purl.obolibrary.org/obo/XAO_1000038>
<http://purl.obolibrary.org/obo/XAO_0006012>	<http://purl.obolibrary.org/obo/RO_0002202>	<http://purl.obolibrary.org/obo/XAO_0004069>
<http://purl.obolibrary.org/obo/XAO_0000310>	<http://purl.obolibrary.org/obo/xao#end_stage>	<http://purl.obolibrary.org/obo/XAO_1000038>
<http://purl.obolibrary.org/obo/XAO_0005123>	<http://purl.obolibrary.org/obo/xao#start_stage>	<http://purl.obolibrary.org/obo/XAO_1000083>
<http://purl.obolibrary.org/obo/XAO_0000108>	<http://purl.obolibrary.org/obo/BFO_0000050>	<http://purl.obolibrary.org/obo/XAO_0000107>
<http://purl.obolibrary.org/obo/XAO_0000220>	<http://purl.obolibrary.org/obo/RO_0002202>	<http://purl.obolibrary.org/obo/XAO_0000417>
<http://purl.obolibrary.org/obo/XAO_0004618>	<http://purl.obolibrary.org/obo/xao#start_stage>	<http://purl.obolibrary.org/obo/XAO_1000023>
<http://purl.obolibrary.org/obo/XAO_0004018>	<http://purl.obolibrary.org/obo/xao#end_stage>	<http://purl.obolibrary.org/obo/XAO_0000437>
<http://purl.obolibrary.org/obo/XAO_0004515>	<http://purl.obolibrary.org/obo/xao#end_stage>	<http://purl.obolibrary.org/obo/XAO_0000437>
<http://purl.obolibrary.org/obo/XAO_0005218>	<http://purl.obolibrary.org/obo/xao#end_stage>	<http://purl.obolibrary.org/obo/XAO_0000437>
<http://purl.obolibrary.org/obo/XAO_0005044>	<http://purl.obolibrary.org/obo/xao#end_stage>	<http://purl.obolibrary.org/obo/XAO_0000437>
<http://purl.obolibrary.org/obo/XAO_0000142>	<http://purl.obolibrary.org/obo/xao#start_stage>	<http://purl.obolibrary.org/obo/XAO_1000064>
<http://purl.obolibrary.org/obo/XAO_0003032>	<http://purl.obolibrary.org/obo/xao#end_stage>	<http://purl.obolibrary.org/obo/XAO_0000437>
<http://purl.obolibrary.org/obo/XAO_0006027>	<http://purl.obolibrary.org/obo/BFO_0000050>	<http://purl.obolibrary.org/obo/XAO_0003152>
<http://purl.obolibrary.org/obo/XAO_0004060>	<http://purl.obolibrary.org/obo/xao#start_stage>	<http://purl.obolibrary.org/obo/XAO_1000061>
<http://purl.obolibrary.org/obo/XAO_0005190>	<http://purl.obolibrary.org/obo/BFO_0000050>	<http://purl.obolibrary.org/obo/XAO_0000017>
<http://purl.obolibrary.org/obo/XAO_1000038>	<http://purl.obolibrary.org/obo/xao#preceded_by>	<http://purl.obolibrary.org/obo/XAO_1000037>
<http://purl.obolibrary.org/obo/XAO_0006037>	<http://purl.obolibrary.org/obo/xao#start_stage>	<http://purl.obolibrary.org/obo/XAO_1000044>
<http://purl.obolibrary.org/obo/XAO_0000426>	<http://purl.obolibrary.org/obo/BFO_0000050>	<http://purl.obolibrary.org/obo/XAO_0003196>
<http://purl.obolibrary.org/obo/XAO_0006053>	<http://purl.obolibrary.org/obo/xao#start_stage>	<http://purl.obolibrary.org/obo/XAO_1000039>
<http://purl.obolibrary.org/obo/XAO_0004237>	<http://purl.obolibrary.org/obo/xao#end_stage>	<http://purl.obolibrary.org/obo/XAO_1000064>
<http://purl.obolibrary.org/obo/XAO_0004001>	<http://purl.obolibrary.org/obo/xao#end_stage>	<http://purl.obolibrary.org/obo/XAO_0000437>
<http://purl.obolibrary.org/obo/XAO_0004277>	<http://purl.obolibrary.org/obo/xao#end_stage>	<http://purl.obolibrary.org/obo/XAO_1000078>
<http://purl.obolibrary.org/obo/XAO_0004336>	<http://purl.obolibrary.org/obo/xao#start_stage>	<http://purl.obolibrary.org/obo/XAO_1000052>
<http://purl.obolibrary.org/obo/XAO_0000349>	<http://purl.obolibrary.org/obo/xao#end_stage>	<http://purl.obolibrary.org/obo/XAO_1000078>
<http://purl.obolibrary.org/obo/XAO_0005004>	<http://purl.obolibrary.org/obo/xao#end_stage>	<http://purl.obolibrary.org/obo/XAO_0000437>
<http://purl.obolibrary.org/obo/XAO_0003100>	<http://purl.obolibrary.org/obo/xao#end_stage>	<http://purl.obolibrary.org/obo/XAO_0000437>
<http://purl.obolibrary.org/obo/XAO_0004373>	<http://purl.obolibrary.org/obo/RO_0002202>	<http://purl.obolibrary.org/obo/XAO_0003205>
<http://purl.obolibrary.org/obo/XAO_0003086>	<http://purl.obolibrary.org/obo/xao#end_stage>	<http://purl.obolibrary.org/obo/XAO_0000437>
<http://purl.obolibrary.org/obo/XAO_0003003>	<http://purl.obolibrary.org/obo/xao#start_stage>	<http://purl.obolibrary.org/obo/XAO_1000001>
<http://purl.obolibrary.org/obo/XAO_0000368>	<http://purl.obolibrary.org/obo/xao#start_stage>	<http://purl.obolibrary.org/obo/XAO_1000048>
<http://purl.obolibrary.org/obo/XAO_0004340>	<http://purl.obolibrary.org/obo/xao#start_stage>	<http://purl.obolibrary.org/obo/XAO_1000053>
<http://purl.obolibrary.org/obo/XAO_0000128>	<http://purl.obolibrary.org/obo/RO_0002202>	<http://purl.obolibrary.org/obo/XAO_0004513>
<http://purl.obolibrary.org/obo/XAO_0000204>	<http://purl.obolibrary.org/obo/xao#end_stage>	<http://purl.obolibrary.org/obo/XAO_0000437>
<http://purl.obolibrary.org/obo/XAO_0003179>	<http://purl.obolibrary.org/obo/xao#end_stage>	<http://purl.obolibrary.org/obo/XAO_0000437>
<http://purl.obolibrary.org/obo/XAO_0003015>	<http://purl.obolibrary.org/obo/xao#start_stage>	<http://purl.obolibrary.org/obo/XAO_1000035>
<http://purl.obolibrary.org/obo/XAO_0005007>	<http://purl.obolibrary.org/obo/BFO_0000050>	<http://purl.obolibrary.org/obo/XAO_0000009>
<http://purl.obolibrary.org/obo/XAO_0003101>	<http://purl.obolibrary.org/obo/xao#start_stage>	<http://purl.obolibrary.org/obo/XAO_1000044>
<http://purl.obolibrary.org/obo/XAO_0000069>	<http://purl.obolibrary.org/obo/xao#start_stage>	<http://purl.obolibrary.org/obo/XAO_1000001>
<http://purl.obolibrary.org/obo/XAO_0004154>	<http://purl.obolibrary.org/obo/xao#start_stage>	<http://purl.obolibrary.org/obo/XAO_1000048>
<http://purl.obolibrary.org/obo/XAO_0004054>	<http://purl.obolibrary.org/obo/xao#end_stage>	<http://purl.obolibrary.org/obo/XAO_1000074>
<http://purl.obolibrary.org/obo/XAO_0004211>	<http://purl.obolibrary.org/obo/xao#end_stage>	<http://purl.obolibrary.org/obo/XAO_1000050>
<http://purl.obolibrary.org/obo/XAO_0005141>	<http://purl.obolibrary.org/obo/xao#end_stage>	<http://purl.obolibrary.org/obo/XAO_0000437>
<http://purl.obolibrary.org/obo/XAO_0004292>	<http://purl.obolibrary.org/obo/xao#start_stage>	<http://purl.obolibrary.org/obo/XAO_1000084>
<http://purl.obolibrary.org/obo/XAO_0000105>	<http://purl.obolibrary.org/obo/xao#end_stage>	<http://purl.obolibrary.org/obo/XAO_0000437>
<http://purl.obolibrary.org/obo/XAO_0003255>	<http://purl.obolibrary.org/obo/xao#end_stage>	<http://purl.obolibrary.org/obo/XAO_0000437>
<http://purl.obolibrary.org/obo/XAO_0005072>	<http://purl.obolibrary.org/obo/xao#end_stage>	<http://purl.obolibrary.org/obo/XAO_0000437>
<http://purl.obolibrary.org/obo/XAO_0004220>	<http://purl.obolibrary.org/obo/xao#end_stage>	<http://purl.obolibrary.org/obo/XAO_1000053>
<http://purl.obolibrary.org/obo/XAO_0000075>	<http://purl.obolibrary.org/obo/xao#start_stage>	<http://purl.obolibrary.org/obo/XAO_1000020>
<http://purl.obolibrary.org/obo/XAO_0004088>	<http://purl.obolibrary.org/obo/BFO_0000050>	<http://purl.obolibrary.org/obo/XAO_0000202>
<http://purl.obolibrary.org/obo/XAO_0005505>	<http://purl.obolibrary.org/obo/RO_0002202>	<http://purl.obolibrary.org/obo/XAO_0005193>
<http://purl.obolibrary.org/obo/XAO_0004497>	<http://purl.obolibrary.org/obo/xao#start_stage>	<http://purl.obolibrary.org/obo/XAO_1000066>
<http://purl.obolibrary.org/obo/XAO_0004023>	<http://purl.obolibrary.org/obo/RO_0002202>	<http://purl.obolibrary.org/obo/XAO_0001001>
<http://purl.obolibrary.org/obo/XAO_0000323>	<http://purl.obolibrary.org/obo/RO_0002202>	<http://purl.obolibrary.org/obo/XAO_0004093>
<http://purl.obolibrary.org/obo/XAO_0005247>	<http://purl.obolibrary.org/obo/xao#start_stage>	<http://purl.obolibrary.org/obo/XAO_1000036>
<http://purl.obolibrary.org/obo/XAO_0004612>	<http://purl.obolibrary.org/obo/xao#start_stage>	<http://purl.obolibrary.org/obo/XAO_1000020>
<http://purl.obolibrary.org/obo/XAO_0004392>	<http://purl.obolibrary.org/obo/xao#end_stage>	<http://purl.obolibrary.org/obo/XAO_1000078>
<http://purl.obolibrary.org/obo/XAO_0004259>	<http://purl.obolibrary.org/obo/xao#end_stage>	<http://purl.obolibrary.org/obo/XAO_1000064>
<http://purl.obolibrary.org/obo/XAO_0003029>	<http://purl.obolibrary.org/obo/xao#start_stage>	<http://purl.obolibrary.org/obo/XAO_1000049>
<http://purl.obolibrary.org/obo/XAO_0000240>	<http://purl.obolibrary.org/obo/xao#start_stage>	<http://purl.obolibrary.org/obo/XAO_1000023>
<http://purl.obolibrary.org/obo/XAO_0003027>	<http://purl.obolibrary.org/obo/RO_0002202>	<http://purl.obolibrary.org/obo/XAO_0003161>
<http://purl.obolibrary.org/obo/XAO_0003073>	<http://purl.obolibrary.org/obo/xao#end_stage>	<http://purl.obolibrary.org/obo/XAO_0000437>
<http://purl.obolibrary.org/obo/XAO_0003137>	<http://purl.obolibrary.org/obo/xao#start_stage>	<http://purl.obolibrary.org/obo/XAO_1000043>
<http://purl.obolibrary.org/obo/XAO_0004443>	<http://purl.obolibrary.org/obo/xao#end_stage>	<http://purl.obolibrary.org/obo/XAO_1000053>
<http://purl.obolibrary.org/obo/XAO_0005088>	<http://purl.obolibrary.org/obo/RO_0002202>	<http://purl.obolibrary.org/obo/XAO_0005084>
<http://purl.obolibrary.org/obo/XAO_0003030>	<http://purl.obolibrary.org/obo/xao#start_stage>	<http://purl.obolibrary.org/obo/XAO_1000067>
<http://purl.obolibrary.org/obo/XAO_0005159>	<http://purl.obolibrary.org/obo/xao#start_stage>	<http://purl.obolibrary.org/obo/XAO_1000052>
<http://purl.obolibrary.org/obo/XAO_0003080>	<http://purl.obolibrary.org/obo/BFO_0000050>	<http://purl.obolibrary.org/obo/XAO_0003073>
<http://purl.obolibrary.org/obo/XAO_0000053>	<http://purl.obolibrary.org/obo/BFO_0000050>	<http://purl.obolibrary.org/obo/XAO_0003024>
<http://purl.obolibrary.org/obo/XAO_0004549>	<http://purl.obolibrary.org/obo/BFO_0000050>	<http://purl.obolibrary.org/obo/XAO_0004585>
<http://purl.obolibrary.org/obo/XAO_0004594>	<http://purl.obolibrary.org/obo/BFO_0000050>	<http://purl.obolibrary.org/obo/XAO_0004302>
<http://purl.obolibrary.org/obo/XAO_0000089>	<http://purl.obolibrary.org/obo/BFO_0000050>	<http://purl.obolibrary.org/obo/XAO_0000078>
<http://purl.obolibrary.org/obo/XAO_0004071>	<http://purl.obolibrary.org/obo/xao#end_stage>	<http://purl.obolibrary.org/obo/XAO_0000437>
<http://purl.obolibrary.org/obo/XAO_0000366>	<http://purl.obolibrary.org/obo/xao#start_stage>	<http://purl.obolibrary.org/obo/XAO_1000050>
<http://purl.obolibrary.org/obo/XAO_0003235>	<http://purl.obolibrary.org/obo/xao#start_stage>	<http://purl.obolibrary.org/obo/XAO_1000017>
<http://purl.obolibrary.org/obo/XAO_0005266>	<http://purl.obolibrary.org/obo/RO_0002202>	<http://purl.obolibrary.org/obo/XAO_0004473>
<http://purl.obolibrary.org/obo/XAO_0003246>	<http://purl.obolibrary.org/obo/xao#start_stage>	<http://purl.obolibrary.org/obo/XAO_1000020>
<http://purl.obolibrary.org/obo/XAO_0000228>	<http://purl.obolibrary.org/obo/RO_0002202>	<http://purl.obolibrary.org/obo/XAO_0005316>
<http://purl.obolibrary.org/obo/XAO_0005137>	<http://purl.obolibrary.org/obo/BFO_0000050>	<http://purl.obolibrary.org/obo/XAO_0000094>
<http://purl.obolibrary.org/obo/XAO_1000007>	<http://purl.obolibrary.org/obo/xao#preceded_by>	<http://purl.obolibrary.org/obo/XAO_1000006>
<http://purl.obolibrary.org/obo/XAO_0004145>	<http://purl.obolibrary.org/obo/xao#end_stage>	<http://purl.obolibrary.org/obo/XAO_0000437>
<http://purl.obolibrary.org/obo/XAO_0006014>	<http://purl.obolibrary.org/obo/BFO_0000050>	<http://purl.obolibrary.org/obo/XAO_0003036>
<http://purl.obolibrary.org/obo/XAO_0000030>	<http://purl.obolibrary.org/obo/BFO_0000050>	<http://purl.obolibrary.org/obo/XAO_0000035>
<http://purl.obolibrary.org/obo/XAO_0005191>	<http://purl.obolibrary.org/obo/BFO_0000050>	<http://purl.obolibrary.org/obo/XAO_0004023>
<http://purl.obolibrary.org/obo/XAO_0004076>	<http://purl.obolibrary.org/obo/BFO_0000050>	<http://purl.obolibrary.org/obo/XAO_0004074>
<http://purl.obolibrary.org/obo/XAO_0004359>	<http://purl.obolibrary.org/obo/RO_0002202>	<http://purl.obolibrary.org/obo/XAO_0003205>
<http://purl.obolibrary.org/obo/XAO_0004181>	<http://purl.obolibrary.org/obo/BFO_0000050>	<http://purl.obolibrary.org/obo/XAO_0000065>
<http://purl.obolibrary.org/obo/XAO_0005323>	<http://purl.obolibrary.org/obo/xao#end_stage>	<http://purl.obolibrary.org/obo/XAO_0000437>
<http://purl.obolibrary.org/obo/XAO_0000467>	<http://purl.obolibrary.org/obo/BFO_0000050>	<http://purl.obolibrary.org/obo/XAO_0005128>
<http://purl.obolibrary.org/obo/XAO_1000032>	<http://purl.obolibrary.org/obo/BFO_0000050>	<http://purl.obolibrary.org/obo/XAO_1000005>
<http://purl.obolibrary.org/obo/XAO_0000446>	<http://purl.obolibrary.org/obo/BFO_0000050>	<http://purl.obolibrary.org/obo/XAO_0003024>
<http://purl.obolibrary.org/obo/XAO_0004317>	<http://purl.obolibrary.org/obo/xao#start_stage>	<http://purl.obolibrary.org/obo/XAO_1000020>
<http://purl.obolibrary.org/obo/XAO_1000069>	<http://purl.obolibrary.org/obo/BFO_0000050>	<http://purl.obolibrary.org/obo/XAO_1000090>
<http://purl.obolibrary.org/obo/XAO_0005047>	<http://purl.obolibrary.org/obo/BFO_0000050>	<http://purl.obolibrary.org/obo/XAO_0004606>
<http://purl.obolibrary.org/obo/XAO_0000259>	<http://purl.obolibrary.org/obo/RO_0002202>	<http://purl.obolibrary.org/obo/XAO_0004134>
<http://purl.obolibrary.org/obo/XAO_0004429>	<http://purl.obolibrary.org/obo/xao#end_stage>	<http://purl.obolibrary.org/obo/XAO_1000057>
<http://purl.obolibrary.org/obo/XAO_0000378>	<http://purl.obolibrary.org/obo/BFO_0000050>	<http://purl.obolibrary.org/obo/XAO_0004423>
<http://purl.obolibrary.org/obo/XAO_0003251>	<http://purl.obolibrary.org/obo/xao#end_stage>	<http://purl.obolibrary.org/obo/XAO_1000049>
<http://purl.obolibrary.org/obo/XAO_0003159>	<http://purl.obolibrary.org/obo/BFO_0000050>	<http://purl.obolibrary.org/obo/XAO_0000163>
<http://purl.obolibrary.org/obo/XAO_0004462>	<http://purl.obolibrary.org/obo/xao#end_stage>	<http://purl.obolibrary.org/obo/XAO_1000034>
<http://purl.obolibrary.org/obo/XAO_0003204>	<http://purl.obolibrary.org/obo/BFO_0000050>	<http://purl.obolibrary.org/obo/XAO_0000215>
<http://purl.obolibrary.org/obo/XAO_0000107>	<http://purl.obolibrary.org/obo/RO_0002202>	<http://purl.obolibrary.org/obo/XAO_0000050>
<http://purl.obolibrary.org/obo/XAO_0003163>	<http://purl.obolibrary.org/obo/xao#end_stage>	<http://purl.obolibrary.org/obo/XAO_0000437>
<http://purl.obolibrary.org/obo/XAO_0004579>	<http://purl.obolibrary.org/obo/xao#end_stage>	<http://purl.obolibrary.org/obo/XAO_0000437>
<http://purl.obolibrary.org/obo/XAO_0005245>	<http://purl.obolibrary.org/obo/BFO_0000050>	<http://purl.obolibrary.org/obo/XAO_0000107>
<http://purl.obolibrary.org/obo/XAO_0000354>	<http://purl.obolibrary.org/obo/BFO_0000050>	<http://purl.obolibrary.org/obo/XAO_0000366>
<http://purl.obolibrary.org/obo/XAO_0005025>	<http://purl.obolibrary.org/obo/BFO_0000050>	<http://purl.obolibrary.org/obo/XAO_0000124>
<http://purl.obolibrary.org/obo/XAO_0003145>	<http://purl.obolibrary.org/obo/xao#end_stage>	<http://purl.obolibrary.org/obo/XAO_0000437>
<http://purl.obolibrary.org/obo/XAO_0003225>	<http://purl.obolibrary.org/obo/xao#end_stage>	<http://purl.obolibrary.org/obo/XAO_0000437>
<http://purl.obolibrary.org/obo/XAO_0005297>	<http://purl.obolibrary.org/obo/BFO_0000050>	<http://purl.obolibrary.org/obo/XAO_0000232>
<http://purl.obolibrary.org/obo/XAO_0004466>	<http://purl.obolibrary.org/obo/xao#end_stage>	<http://purl.obolibrary.org/obo/XAO_0000437>
<http://purl.obolibrary.org/obo/XAO_0003267>	<http://purl.obolibrary.org/obo/xao#start_stage>	<http://purl.obolibrary.org/obo/XAO_1000044>
<http://purl.obolibrary.org/obo/XAO_0005228>	<http://purl.obolibrary.org/obo/xao#start_stage>	<http://purl.obolibrary.org/obo/XAO_1000025>
<http://purl.obolibrary.org/obo/XAO_0004099>	<http://purl.obolibrary.org/obo/xao#start_stage>	<http://purl.obolibrary.org/obo/XAO_1000049>
<http://purl.obolibrary.org/obo/XAO_0003230>	<http://purl.obolibrary.org/obo/BFO_0000050>	<http://purl.obolibrary.org/obo/XAO_0003025>
<http://purl.obolibrary.org/obo/XAO_0000220>	<http://purl.obolibrary.org/obo/BFO_0000050>	<http://purl.obolibrary.org/obo/XAO_0005080>
<http://purl.obolibrary.org/obo/XAO_0005156>	<http://purl.obolibrary.org/obo/xao#start_stage>	<http://purl.obolibrary.org/obo/XAO_1000052>
<http://purl.obolibrary.org/obo/XAO_0005317>	<http://purl.obolibrary.org/obo/xao#end_stage>	<http://purl.obolibrary.org/obo/XAO_0000437>
<http://purl.obolibrary.org/obo/XAO_1000054>	<http://purl.obolibrary.org/obo/BFO_0000050>	<http://purl.obolibrary.org/obo/XAO_1000080>
<http://purl.obolibrary.org/obo/XAO_0004134>	<http://purl.obolibrary.org/obo/RO_0002202>	<http://purl.obolibrary.org/obo/XAO_0000050>
<http://purl.obolibrary.org/obo/XAO_0000442>	<http://purl.obolibrary.org/obo/xao#start_stage>	<http://purl.obolibrary.org/obo/XAO_1000048>
<http://purl.obolibrary.org/obo/XAO_0004411>	<http://purl.obolibrary.org/obo/BFO_0000050>	<http://purl.obolibrary.org/obo/XAO_0000095>
<http://purl.obolibrary.org/obo/XAO_1000087>	<http://purl.obolibrary.org/obo/xao#preceded_by>	<http://purl.obolibrary.org/obo/XAO_1000086>
<http://purl.obolibrary.org/obo/XAO_0005232>	<http://purl.obolibrary.org/obo/xao#start_stage>	<http://purl.obolibrary.org/obo/XAO_1000020>
<http://purl.obolibrary.org/obo/XAO_0004103>	<http://purl.obolibrary.org/obo/BFO_0000050>	<http://purl.obolibrary.org/obo/XAO_0004104>
<http://purl.obolibrary.org/obo/XAO_0000364>	<http://purl.obolibrary.org/obo/BFO_0000050>	<http://purl.obolibrary.org/obo/XAO_0004151>
<http://purl.obolibrary.org/obo/XAO_0004378>	<http://purl.obolibrary.org/obo/RO_0002202>	<http://purl.obolibrary.org/obo/XAO_0003205>
<http://purl.obolibrary.org/obo/XAO_0005199>	<http://purl.obolibrary.org/obo/xao#end_stage>	<http://purl.obolibrary.org/obo/XAO_0000437>
<http://purl.obolibrary.org/obo/XAO_0004107>	<http://purl.obolibrary.org/obo/xao#start_stage>	<http://purl.obolibrary.org/obo/XAO_1000067>
<http://purl.obolibrary.org/obo/XAO_0000474>	<http://purl.obolibrary.org/obo/xao#start_stage>	<http://purl.obolibrary.org/obo/XAO_1000045>
<http://purl.obolibrary.org/obo/XAO_0004436>	<http://purl.obolibrary.org/obo/xao#end_stage>	<http://purl.obolibrary.org/obo/XAO_1000052>
<http://purl.obolibrary.org/obo/XAO_0005128>	<http://purl.obolibrary.org/obo/xao#end_stage>	<http://purl.obolibrary.org/obo/XAO_1000056>
<http://purl.obolibrary.org/obo/XAO_0004480>	<http://purl.obolibrary.org/obo/xao#start_stage>	<http://purl.obolibrary.org/obo/XAO_1000068>
<http://purl.obolibrary.org/obo/XAO_0005126>	<http://purl.obolibrary.org/obo/xao#end_stage>	<http://purl.obolibrary.org/obo/XAO_1000056>
<http://purl.obolibrary.org/obo/XAO_0003078>	<http://purl.obolibrary.org/obo/xao#start_stage>	<http://purl.obolibrary.org/obo/XAO_1000060>
<http://purl.obolibrary.org/obo/XAO_0004272>	<http://purl.obolibrary.org/obo/xao#end_stage>	<http://purl.obolibrary.org/obo/XAO_1000057>
<http://purl.obolibrary.org/obo/XAO_0003042>	<http://purl.obolibrary.org/obo/BFO_0000050>	<http://purl.obolibrary.org/obo/XAO_0003004>
<http://purl.obolibrary.org/obo/XAO_0004447>	<http://purl.obolibrary.org/obo/xao#start_stage>	<http://purl.obolibrary.org/obo/XAO_1000052>
<http://purl.obolibrary.org/obo/XAO_0000065>	<http://purl.obolibrary.org/obo/RO_0002202>	<http://purl.obolibrary.org/obo/XAO_0000336>
<http://purl.obolibrary.org/obo/XAO_0000307>	<http://purl.obolibrary.org/obo/xao#start_stage>	<http://purl.obolibrary.org/obo/XAO_1000034>
<http://purl.obolibrary.org/obo/XAO_0005115>	<http://purl.obolibrary.org/obo/xao#start_stage>	<http://purl.obolibrary.org/obo/XAO_1000015>
<http://purl.obolibrary.org/obo/XAO_0000448>	<http://purl.obolibrary.org/obo/RO_0002202>	<http://purl.obolibrary.org/obo/XAO_0000449>
<http://purl.obolibrary.org/obo/XAO_0000141>	<http://purl.obolibrary.org/obo/xao#start_stage>	<http://purl.obolibrary.org/obo/XAO_1000051>
<http://purl.obolibrary.org/obo/XAO_0005040>	<http://purl.obolibrary.org/obo/xao#end_stage>	<http://purl.obolibrary.org/obo/XAO_0000437>
<http://purl.obolibrary.org/obo/XAO_0000032>	<http://purl.obolibrary.org/obo/RO_0002202>	<http://purl.obolibrary.org/obo/XAO_0000270>
<http://purl.obolibrary.org/obo/XAO_0005315>	<http://purl.obolibrary.org/obo/xao#end_stage>	<http://purl.obolibrary.org/obo/XAO_0000437>
<http://purl.obolibrary.org/obo/XAO_0004534>	<http://purl.obolibrary.org/obo/BFO_0000050>	<http://purl.obolibrary.org/obo/XAO_0004578>
<http://purl.obolibrary.org/obo/XAO_0004059>	<http://purl.obolibrary.org/obo/xao#end_stage>	<http://purl.obolibrary.org/obo/XAO_0000437>
<http://purl.obolibrary.org/obo/XAO_0005101>	<http://purl.obolibrary.org/obo/RO_0002202>	<http://purl.obolibrary.org/obo/XAO_0005090>
<http://purl.obolibrary.org/obo/XAO_0000091>	<http://purl.obolibrary.org/obo/BFO_0000050>	<http://purl.obolibrary.org/obo/XAO_0003024>
<http://purl.obolibrary.org/obo/XAO_0003218>	<http://purl.obolibrary.org/obo/BFO_0000050>	<http://purl.obolibrary.org/obo/XAO_0003216>
<http://purl.obolibrary.org/obo/XAO_0005302>	<http://purl.obolibrary.org/obo/BFO_0000050>	<http://purl.obolibrary.org/obo/XAO_0000090>
<http://purl.obolibrary.org/obo/XAO_0000208>	<http://purl.obolibrary.org/obo/xao#start_stage>	<http://purl.obolibrary.org/obo/XAO_1000020>
<http://purl.obolibrary.org/obo/XAO_0005090>	<http://purl.obolibrary.org/obo/xao#end_stage>	<http://purl.obolibrary.org/obo/XAO_1000015>
<http://purl.obolibrary.org/obo/XAO_0005015>	<http://purl.obolibrary.org/obo/BFO_0000050>	<http://purl.obolibrary.org/obo/XAO_0003023>
<http://purl.obolibrary.org/obo/XAO_0003109>	<http://purl.obolibrary.org/obo/RO_0002202>	<http://purl.obolibrary.org/obo/XAO_0000407>
<http://purl.obolibrary.org/obo/XAO_0000173>	<http://purl.obolibrary.org/obo/RO_0002202>	<http://purl.obolibrary.org/obo/XAO_0000399>
<http://purl.obolibrary.org/obo/XAO_0004160>	<http://purl.obolibrary.org/obo/xao#end_stage>	<http://purl.obolibrary.org/obo/XAO_0000437>
<http://purl.obolibrary.org/obo/XAO_0004088>	<http://purl.obolibrary.org/obo/xao#end_stage>	<http://purl.obolibrary.org/obo/XAO_1000021>
<http://purl.obolibrary.org/obo/XAO_0001015>	<http://purl.obolibrary.org/obo/RO_0002202>	<http://purl.obolibrary.org/obo/XAO_0000244>
<http://purl.obolibrary.org/obo/XAO_0005305>	<http://purl.obolibrary.org/obo/RO_0002202>	<http://purl.obolibrary.org/obo/XAO_0003044>
<http://purl.obolibrary.org/obo/XAO_0004216>	<http://purl.obolibrary.org/obo/xao#start_stage>	<http://purl.obolibrary.org/obo/XAO_1000050>
<http://purl.obolibrary.org/obo/XAO_0005146>	<http://purl.obolibrary.org/obo/BFO_0000050>	<http://purl.obolibrary.org/obo/XAO_0005225>
<http://purl.obolibrary.org/obo/XAO_0000213>	<http://purl.obolibrary.org/obo/xao#end_stage>	<http://purl.obolibrary.org/obo/XAO_0000437>
<http://purl.obolibrary.org/obo/XAO_0004297>	<http://purl.obolibrary.org/obo/xao#end_stage>	<http://purl.obolibrary.org/obo/XAO_0000437>
<http://purl.obolibrary.org/obo/XAO_0004460>	<http://purl.obolibrary.org/obo/xao#start_stage>	<http://purl.obolibrary.org/obo/XAO_1000056>
<http://purl.obolibrary.org/obo/XAO_0004129>	<http://purl.obolibrary.org/obo/RO_0002202>	<http://purl.obolibrary.org/obo/XAO_0004445>
<http://purl.obolibrary.org/obo/XAO_0000243>	<http://purl.obolibrary.org/obo/xao#end_stage>	<http://purl.obolibrary.org/obo/XAO_0000437>
<http://purl.obolibrary.org/obo/XAO_0000318>	<http://purl.obolibrary.org/obo/RO_0002202>	<http://purl.obolibrary.org/obo/XAO_0000110>
<http://purl.obolibrary.org/obo/XAO_0004259>	<http://purl.obolibrary.org/obo/xao#start_stage>	<http://purl.obolibrary.org/obo/XAO_1000038>
<http://purl.obolibrary.org/obo/XAO_0004205>	<http://purl.obolibrary.org/obo/xao#start_stage>	<http://purl.obolibrary.org/obo/XAO_1000036>
<http://purl.obolibrary.org/obo/XAO_0003206>	<http://purl.obolibrary.org/obo/xao#start_stage>	<http://purl.obolibrary.org/obo/XAO_1000045>
<http://purl.obolibrary.org/obo/XAO_0000005>	<http://purl.obolibrary.org/obo/xao#start_stage>	<http://purl.obolibrary.org/obo/XAO_1000036>
<http://purl.obolibrary.org/obo/XAO_0004556>	<http://purl.obolibrary.org/obo/xao#end_stage>	<http://purl.obolibrary.org/obo/XAO_0000437>
<http://purl.obolibrary.org/obo/XAO_0000328>	<http://purl.obolibrary.org/obo/BFO_0000050>	<http://purl.obolibrary.org/obo/XAO_0003152>
<http://purl.obolibrary.org/obo/XAO_0000469>	<http://purl.obolibrary.org/obo/xao#start_stage>	<http://purl.obolibrary.org/obo/XAO_1000043>
<http://purl.obolibrary.org/obo/XAO_0004298>	<http://purl.obolibrary.org/obo/xao#start_stage>	<http://purl.obolibrary.org/obo/XAO_1000067>
<http://purl.obolibrary.org/obo/XAO_0000165>	<http://purl.obolibrary.org/obo/BFO_0000050>	<http://purl.obolibrary.org/obo/XAO_0000164>
<http://purl.obolibrary.org/obo/XAO_0003266>	<http://purl.obolibrary.org/obo/BFO_0000050>	<http://purl.obolibrary.org/obo/XAO_0005128>
<http://purl.obolibrary.org/obo/XAO_0004617>	<http://purl.obolibrary.org/obo/xao#end_stage>	<http://purl.obolibrary.org/obo/XAO_1000044>
<http://purl.obolibrary.org/obo/XAO_0004405>	<http://purl.obolibrary.org/obo/BFO_0000050>	<http://purl.obolibrary.org/obo/XAO_0000028>
<http://purl.obolibrary.org/obo/XAO_0000385>	<http://purl.obolibrary.org/obo/xao#start_stage>	<http://purl.obolibrary.org/obo/XAO_1000046>
<http://purl.obolibrary.org/obo/XAO_0000356>	<http://purl.obolibrary.org/obo/xao#end_stage>	<http://purl.obolibrary.org/obo/XAO_0000437>
<http://purl.obolibrary.org/obo/XAO_0005068>	<http://purl.obolibrary.org/obo/xao#end_stage>	<http://purl.obolibrary.org/obo/XAO_0000437>
<http://purl.obolibrary.org/obo/XAO_0000029>	<http://purl.obolibrary.org/obo/BFO_0000050>	<http://purl.obolibrary.org/obo/XAO_0000028>
<http://purl.obolibrary.org/obo/XAO_0000193>	<http://purl.obolibrary.org/obo/xao#start_stage>	<http://purl.obolibrary.org/obo/XAO_1000057>
<http://purl.obolibrary.org/obo/XAO_0003142>	<http://purl.obolibrary.org/obo/xao#start_stage>	<http://purl.obolibrary.org/obo/XAO_1000044>
<http://purl.obolibrary.org/obo/XAO_0004518>	<http://purl.obolibrary.org/obo/xao#end_stage>	<http://purl.obolibrary.org/obo/XAO_1000076>
<http://purl.obolibrary.org/obo/XAO_0000132>	<http://purl.obolibrary.org/obo/xao#end_stage>	<http://purl.obolibrary.org/obo/XAO_0000437>
<http://purl.obolibrary.org/obo/XAO_0006004>	<http://purl.obolibrary.org/obo/xao#start_stage>	<http://purl.obolibrary.org/obo/XAO_1000025>
<http://purl.obolibrary.org/obo/XAO_0004047>	<http://purl.obolibrary.org/obo/xao#start_stage>	<http://purl.obolibrary.org/obo/XAO_1000057>
<http://purl.obolibrary.org/obo/XAO_0004190>	<http://purl.obolibrary.org/obo/xao#end_stage>	<http://purl.obolibrary.org/obo/XAO_1000052>
<http://purl.obolibrary.org/obo/XAO_0004255>	<http://purl.obolibrary.org/obo/BFO_0000050>	<http://purl.obolibrary.org/obo/XAO_0004423>
<http://purl.obolibrary.org/obo/XAO_0005133>	<http://purl.obolibrary.org/obo/RO_0002202>	<http://purl.obolibrary.org/obo/XAO_0005032>
<http://purl.obolibrary.org/obo/XAO_0005207>	<http://purl.obolibrary.org/obo/xao#start_stage>	<http://purl.obolibrary.org/obo/XAO_1000032>
<http://purl.obolibrary.org/obo/XAO_0006056>	<http://purl.obolibrary.org/obo/xao#end_stage>	<http://purl.obolibrary.org/obo/XAO_0000437>
<http://purl.obolibrary.org/obo/XAO_0004043>	<http://purl.obolibrary.org/obo/xao#end_stage>	<http://purl.obolibrary.org/obo/XAO_0000437>
<http://purl.obolibrary.org/obo/XAO_0004469>	<http://purl.obolibrary.org/obo/xao#start_stage>	<http://purl.obolibrary.org/obo/XAO_1000052>
<http://purl.obolibrary.org/obo/XAO_0004004>	<http://purl.obolibrary.org/obo/xao#start_stage>	<http://purl.obolibrary.org/obo/XAO_1000020>
<http://purl.obolibrary.org/obo/XAO_0000010>	<http://purl.obolibrary.org/obo/BFO_0000050>	<http://purl.obolibrary.org/obo/XAO_0003024>
<http://purl.obolibrary.org/obo/XAO_0001019>	<http://purl.obolibrary.org/obo/RO_0002202>	<http://purl.obolibrary.org/obo/XAO_0000082>
<http://purl.obolibrary.org/obo/XAO_0004363>	<http://purl.obolibrary.org/obo/RO_0002202>	<http://purl.obolibrary.org/obo/XAO_0003205>
<http://purl.obolibrary.org/obo/XAO_0005327>	<http://purl.obolibrary.org/obo/xao#end_stage>	<http://purl.obolibrary.org/obo/XAO_1000046>
<http://purl.obolibrary.org/obo/XAO_0005008>	<http://purl.obolibrary.org/obo/xao#end_stage>	<http://purl.obolibrary.org/obo/XAO_0000437>
<http://purl.obolibrary.org/obo/XAO_0000454>	<http://purl.obolibrary.org/obo/xao#start_stage>	<http://purl.obolibrary.org/obo/XAO_1000049>
<http://purl.obolibrary.org/obo/XAO_0000017>	<http://purl.obolibrary.org/obo/BFO_0000050>	<http://purl.obolibrary.org/obo/XAO_0000011>
<http://purl.obolibrary.org/obo/XAO_0005300>	<http://purl.obolibrary.org/obo/RO_0002202>	<http://purl.obolibrary.org/obo/XAO_0000232>
<http://purl.obolibrary.org/obo/XAO_0005140>	<http://purl.obolibrary.org/obo/BFO_0000050>	<http://purl.obolibrary.org/obo/XAO_0000232>
<http://purl.obolibrary.org/obo/XAO_0000248>	<http://purl.obolibrary.org/obo/xao#end_stage>	<http://purl.obolibrary.org/obo/XAO_1000038>
<http://purl.obolibrary.org/obo/XAO_0003052>	<http://purl.obolibrary.org/obo/RO_0002202>	<http://purl.obolibrary.org/obo/XAO_0000330>
<http://purl.obolibrary.org/obo/XAO_0003092>	<http://purl.obolibrary.org/obo/xao#end_stage>	<http://purl.obolibrary.org/obo/XAO_0000437>
<http://purl.obolibrary.org/obo/XAO_0005174>	<http://purl.obolibrary.org/obo/xao#end_stage>	<http://purl.obolibrary.org/obo/XAO_1000013>
<http://purl.obolibrary.org/obo/XAO_0004364>	<http://purl.obolibrary.org/obo/RO_0002202>	<http://purl.obolibrary.org/obo/XAO_0003205>
<http://purl.obolibrary.org/obo/XAO_0000227>	<http://purl.obolibrary.org/obo/xao#end_stage>	<http://purl.obolibrary.org/obo/XAO_1000034>
<http://purl.obolibrary.org/obo/XAO_0003018>	<http://purl.obolibrary.org/obo/xao#end_stage>	<http://purl.obolibrary.org/obo/XAO_0000437>
<http://purl.obolibrary.org/obo/XAO_0005051>	<http://purl.obolibrary.org/obo/xao#start_stage>	<http://purl.obolibrary.org/obo/XAO_1000038>
<http://purl.obolibrary.org/obo/XAO_0004144>	<http://purl.obolibrary.org/obo/xao#end_stage>	<http://purl.obolibrary.org/obo/XAO_1000049>
<http://purl.obolibrary.org/obo/XAO_0005130>	<http://purl.obolibrary.org/obo/xao#start_stage>	<http://purl.obolibrary.org/obo/XAO_1000052>
<http://purl.obolibrary.org/obo/XAO_0000153>	<http://purl.obolibrary.org/obo/BFO_0000050>	<http://purl.obolibrary.org/obo/XAO_0000143>
<http://purl.obolibrary.org/obo/XAO_0003128>	<http://purl.obolibrary.org/obo/xao#start_stage>	<http://purl.obolibrary.org/obo/XAO_1000040>
<http://purl.obolibrary.org/obo/XAO_0006022>	<http://purl.obolibrary.org/obo/RO_0002202>	<http://purl.obolibrary.org/obo/XAO_0006034>
<http://purl.obolibrary.org/obo/XAO_0004622>	<http://purl.obolibrary.org/obo/xao#start_stage>	<http://purl.obolibrary.org/obo/XAO_1000045>
<http://purl.obolibrary.org/obo/XAO_0000052>	<http://purl.obolibrary.org/obo/RO_0002202>	<http://purl.obolibrary.org/obo/XAO_0000085>
<http://purl.obolibrary.org/obo/XAO_0004068>	<http://purl.obolibrary.org/obo/xao#start_stage>	<http://purl.obolibrary.org/obo/XAO_1000020>
<http://purl.obolibrary.org/obo/XAO_0004180>	<http://purl.obolibrary.org/obo/BFO_0000050>	<http://purl.obolibrary.org/obo/XAO_0000012>
<http://purl.obolibrary.org/obo/XAO_0004586>	<http://purl.obolibrary.org/obo/xao#start_stage>	<http://purl.obolibrary.org/obo/XAO_1000038>
<http://purl.obolibrary.org/obo/XAO_0005317>	<http://purl.obolibrary.org/obo/xao#start_stage>	<http://purl.obolibrary.org/obo/XAO_1000025>
<http://purl.obolibrary.org/obo/XAO_0004313>	<http://purl.obolibrary.org/obo/xao#end_stage>	<http://purl.obolibrary.org/obo/XAO_0000437>
<http://purl.obolibrary.org/obo/XAO_0005285>	<http://purl.obolibrary.org/obo/xao#start_stage>	<http://purl.obolibrary.org/obo/XAO_1000083>
<http://purl.obolibrary.org/obo/XAO_0004203>	<http://purl.obolibrary.org/obo/xao#end_stage>	<http://purl.obolibrary.org/obo/XAO_0000437>
<http://purl.obolibrary.org/obo/XAO_0004280>	<http://purl.obolibrary.org/obo/xao#end_stage>	<http://purl.obolibrary.org/obo/XAO_1000078>
<http://purl.obolibrary.org/obo/XAO_0000255>	<http://purl.obolibrary.org/obo/xao#start_stage>	<http://purl.obolibrary.org/obo/XAO_1000047>
<http://purl.obolibrary.org/obo/XAO_0004244>	<http://purl.obolibrary.org/obo/BFO_0000050>	<http://purl.obolibrary.org/obo/XAO_0004152>
<http://purl.obolibrary.org/obo/XAO_0005188>	<http://purl.obolibrary.org/obo/xao#start_stage>	<http://purl.obolibrary.org/obo/XAO_1000052>
<http://purl.obolibrary.org/obo/XAO_0006000>	<http://purl.obolibrary.org/obo/xao#start_stage>	<http://purl.obolibrary.org/obo/XAO_1000036>
<http://purl.obolibrary.org/obo/XAO_0000326>	<http://purl.obolibrary.org/obo/xao#end_stage>	<http://purl.obolibrary.org/obo/XAO_1000059>
<http://purl.obolibrary.org/obo/XAO_0000372>	<http://purl.obolibrary.org/obo/BFO_0000050>	<http://purl.obolibrary.org/obo/XAO_0003199>
<http://purl.obolibrary.org/obo/XAO_0000288>	<http://purl.obolibrary.org/obo/BFO_0000050>	<http://purl.obolibrary.org/obo/XAO_0004518>
<http://purl.obolibrary.org/obo/XAO_0004209>	<http://purl.obolibrary.org/obo/BFO_0000050>	<http://purl.obolibrary.org/obo/XAO_0000249>
<http://purl.obolibrary.org/obo/XAO_0000446>	<http://purl.obolibrary.org/obo/xao#start_stage>	<http://purl.obolibrary.org/obo/XAO_1000052>
<http://purl.obolibrary.org/obo/XAO_0005128>	<http://purl.obolibrary.org/obo/xao#start_stage>	<http://purl.obolibrary.org/obo/XAO_1000036>
<http://purl.obolibrary.org/obo/XAO_0000127>	<http://purl.obolibrary.org/obo/RO_0002202>	<http://purl.obolibrary.org/obo/XAO_0005127>
<http://purl.obolibrary.org/obo/XAO_0000332>	<http://purl.obolibrary.org/obo/xao#end_stage>	<http://purl.obolibrary.org/obo/XAO_0000437>
<http://purl.obolibrary.org/obo/XAO_0004350>	<http://purl.obolibrary.org/obo/xao#end_stage>	<http://purl.obolibrary.org/obo/XAO_0000437>
<http://purl.obolibrary.org/obo/XAO_0004533>	<http://purl.obolibrary.org/obo/BFO_0000050>	<http://purl.obolibrary.org/obo/XAO_0000012>
<http://purl.obolibrary.org/obo/XAO_0005240>	<http://purl.obolibrary.org/obo/xao#end_stage>	<http://purl.obolibrary.org/obo/XAO_0000437>
<http://purl.obolibrary.org/obo/XAO_0000368>	<http://purl.obolibrary.org/obo/BFO_0000050>	<http://purl.obolibrary.org/obo/XAO_0000366>
<http://purl.obolibrary.org/obo/XAO_0000373>	<http://purl.obolibrary.org/obo/RO_0002202>	<http://purl.obolibrary.org/obo/XAO_0000358>
<http://purl.obolibrary.org/obo/XAO_1000062>	<http://purl.obolibrary.org/obo/xao#preceded_by>	<http://purl.obolibrary.org/obo/XAO_1000061>
<http://purl.obolibrary.org/obo/XAO_0005018>	<http://purl.obolibrary.org/obo/BFO_0000050>	<http://purl.obolibrary.org/obo/XAO_0000020>
<http://purl.obolibrary.org/obo/XAO_0004571>	<http://purl.obolibrary.org/obo/xao#end_stage>	<http://purl.obolibrary.org/obo/XAO_0000437>
<http://purl.obolibrary.org/obo/XAO_0000048>	<http://purl.obolibrary.org/obo/xao#end_stage>	<http://purl.obolibrary.org/obo/XAO_1000056>
<http://purl.obolibrary.org/obo/XAO_0003214>	<http://purl.obolibrary.org/obo/BFO_0000050>	<http://purl.obolibrary.org/obo/XAO_0003062>
<http://purl.obolibrary.org/obo/XAO_0003081>	<http://purl.obolibrary.org/obo/xao#start_stage>	<http://purl.obolibrary.org/obo/XAO_1000059>
<http://purl.obolibrary.org/obo/XAO_0004167>	<http://purl.obolibrary.org/obo/BFO_0000050>	<http://purl.obolibrary.org/obo/XAO_0000010>
<http://purl.obolibrary.org/obo/XAO_0004605>	<http://purl.obolibrary.org/obo/xao#start_stage>	<http://purl.obolibrary.org/obo/XAO_1000047>
<http://purl.obolibrary.org/obo/XAO_0001014>	<http://purl.obolibrary.org/obo/RO_0002202>	<http://purl.obolibrary.org/obo/XAO_0004510>
<http://purl.obolibrary.org/obo/XAO_0003113>	<http://purl.obolibrary.org/obo/xao#start_stage>	<http://purl.obolibrary.org/obo/XAO_1000035>
<http://purl.obolibrary.org/obo/XAO_0004021>	<http://purl.obolibrary.org/obo/xao#start_stage>	<http://purl.obolibrary.org/obo/XAO_1000048>
<http://purl.obolibrary.org/obo/XAO_0003191>	<http://purl.obolibrary.org/obo/xao#end_stage>	<http://purl.obolibrary.org/obo/XAO_0000437>
<http://purl.obolibrary.org/obo/XAO_0004539>	<http://purl.obolibrary.org/obo/BFO_0000050>	<http://purl.obolibrary.org/obo/XAO_0000012>
<http://purl.obolibrary.org/obo/XAO_0000081>	<http://purl.obolibrary.org/obo/xao#start_stage>	<http://purl.obolibrary.org/obo/XAO_1000055>
<http://purl.obolibrary.org/obo/XAO_0004064>	<http://purl.obolibrary.org/obo/xao#start_stage>	<http://purl.obolibrary.org/obo/XAO_1000043>
<http://purl.obolibrary.org/obo/XAO_0005150>	<http://purl.obolibrary.org/obo/RO_0002202>	<http://purl.obolibrary.org/obo/XAO_0000053>
<http://purl.obolibrary.org/obo/XAO_0000242>	<http://purl.obolibrary.org/obo/xao#end_stage>	<http://purl.obolibrary.org/obo/XAO_0000437>
<http://purl.obolibrary.org/obo/XAO_0005015>	<http://purl.obolibrary.org/obo/xao#end_stage>	<http://purl.obolibrary.org/obo/XAO_0000437>
<http://purl.obolibrary.org/obo/XAO_0006016>	<http://purl.obolibrary.org/obo/BFO_0000050>	<http://purl.obolibrary.org/obo/XAO_0000454>
<http://purl.obolibrary.org/obo/XAO_0000113>	<http://purl.obolibrary.org/obo/RO_0002202>	<http://purl.obolibrary.org/obo/XAO_0000035>
<http://purl.obolibrary.org/obo/XAO_0004361>	<http://purl.obolibrary.org/obo/xao#end_stage>	<http://purl.obolibrary.org/obo/XAO_1000078>
<http://purl.obolibrary.org/obo/XAO_0000429>	<http://purl.obolibrary.org/obo/xao#end_stage>	<http://purl.obolibrary.org/obo/XAO_0000437>
<http://purl.obolibrary.org/obo/XAO_0004397>	<http://purl.obolibrary.org/obo/xao#end_stage>	<http://purl.obolibrary.org/obo/XAO_0000437>
<http://purl.obolibrary.org/obo/XAO_0006007>	<http://purl.obolibrary.org/obo/BFO_0000050>	<http://purl.obolibrary.org/obo/XAO_0005007>
<http://purl.obolibrary.org/obo/XAO_0000390>	<http://purl.obolibrary.org/obo/RO_0002202>	<http://purl.obolibrary.org/obo/XAO_0000386>
<http://purl.obolibrary.org/obo/XAO_0000178>	<http://purl.obolibrary.org/obo/xao#end_stage>	<http://purl.obolibrary.org/obo/XAO_0000437>
<http://purl.obolibrary.org/obo/XAO_0004521>	<http://purl.obolibrary.org/obo/BFO_0000050>	<http://purl.obolibrary.org/obo/XAO_0000113>
<http://purl.obolibrary.org/obo/XAO_0004095>	<http://purl.obolibrary.org/obo/xao#start_stage>	<http://purl.obolibrary.org/obo/XAO_1000048>
<http://purl.obolibrary.org/obo/XAO_1000045>	<http://purl.obolibrary.org/obo/BFO_0000050>	<http://purl.obolibrary.org/obo/XAO_1000080>
<http://purl.obolibrary.org/obo/XAO_0004556>	<http://purl.obolibrary.org/obo/xao#start_stage>	<http://purl.obolibrary.org/obo/XAO_1000049>
<http://purl.obolibrary.org/obo/XAO_0000430>	<http://purl.obolibrary.org/obo/xao#end_stage>	<http://purl.obolibrary.org/obo/XAO_1000052>
<http://purl.obolibrary.org/obo/XAO_0004401>	<http://purl.obolibrary.org/obo/BFO_0000050>	<http://purl.obolibrary.org/obo/XAO_0004060>
<http://purl.obolibrary.org/obo/XAO_0000281>	<http://purl.obolibrary.org/obo/xao#end_stage>	<http://purl.obolibrary.org/obo/XAO_1000022>
<http://purl.obolibrary.org/obo/XAO_0005093>	<http://purl.obolibrary.org/obo/xao#start_stage>	<http://purl.obolibrary.org/obo/XAO_1000015>
<http://purl.obolibrary.org/obo/XAO_0003035>	<http://purl.obolibrary.org/obo/xao#end_stage>	<http://purl.obolibrary.org/obo/XAO_0000437>
<http://purl.obolibrary.org/obo/XAO_0004341>	<http://purl.obolibrary.org/obo/xao#start_stage>	<http://purl.obolibrary.org/obo/XAO_1000053>
<http://purl.obolibrary.org/obo/XAO_0004599>	<http://purl.obolibrary.org/obo/xao#start_stage>	<http://purl.obolibrary.org/obo/XAO_1000038>
<http://purl.obolibrary.org/obo/XAO_0004046>	<http://purl.obolibrary.org/obo/xao#end_stage>	<http://purl.obolibrary.org/obo/XAO_0000437>
<http://purl.obolibrary.org/obo/XAO_0000356>	<http://purl.obolibrary.org/obo/xao#start_stage>	<http://purl.obolibrary.org/obo/XAO_1000046>
<http://purl.obolibrary.org/obo/XAO_0005037>	<http://purl.obolibrary.org/obo/BFO_0000050>	<http://purl.obolibrary.org/obo/XAO_0000028>
<http://purl.obolibrary.org/obo/XAO_0003133>	<http://purl.obolibrary.org/obo/xao#end_stage>	<http://purl.obolibrary.org/obo/XAO_1000059>
<http://purl.obolibrary.org/obo/XAO_0003194>	<http://purl.obolibrary.org/obo/xao#end_stage>	<http://purl.obolibrary.org/obo/XAO_0000437>
<http://purl.obolibrary.org/obo/XAO_0005010>	<http://purl.obolibrary.org/obo/xao#end_stage>	<http://purl.obolibrary.org/obo/XAO_0000437>
<http://purl.obolibrary.org/obo/XAO_0003105>	<http://purl.obolibrary.org/obo/RO_0002202>	<http://purl.obolibrary.org/obo/XAO_0000403>
<http://purl.obolibrary.org/obo/XAO_0003176>	<http://purl.obolibrary.org/obo/xao#end_stage>	<http://purl.obolibrary.org/obo/XAO_0000437>
<http://purl.obolibrary.org/obo/XAO_0004241>	<http://purl.obolibrary.org/obo/xao#start_stage>	<http://purl.obolibrary.org/obo/XAO_1000062>
<http://purl.obolibrary.org/obo/XAO_0004526>	<http://purl.obolibrary.org/obo/xao#end_stage>	<http://purl.obolibrary.org/obo/XAO_0000437>
<http://purl.obolibrary.org/obo/XAO_0005231>	<http://purl.obolibrary.org/obo/RO_0002202>	<http://purl.obolibrary.org/obo/XAO_0001019>
<http://purl.obolibrary.org/obo/XAO_0005145>	<http://purl.obolibrary.org/obo/BFO_0000050>	<http://purl.obolibrary.org/obo/XAO_0005129>
<http://purl.obolibrary.org/obo/XAO_0000132>	<http://purl.obolibrary.org/obo/xao#start_stage>	<http://purl.obolibrary.org/obo/XAO_1000049>
<http://purl.obolibrary.org/obo/XAO_0003259>	<http://purl.obolibrary.org/obo/xao#start_stage>	<http://purl.obolibrary.org/obo/XAO_1000048>
<http://purl.obolibrary.org/obo/XAO_0004377>	<http://purl.obolibrary.org/obo/xao#end_stage>	<http://purl.obolibrary.org/obo/XAO_0000437>
<http://purl.obolibrary.org/obo/XAO_0004250>	<http://purl.obolibrary.org/obo/xao#start_stage>	<http://purl.obolibrary.org/obo/XAO_1000070>
<http://purl.obolibrary.org/obo/XAO_0000062>	<http://purl.obolibrary.org/obo/RO_0002202>	<http://purl.obolibrary.org/obo/XAO_0000264>
<http://purl.obolibrary.org/obo/XAO_0003020>	<http://purl.obolibrary.org/obo/xao#end_stage>	<http://purl.obolibrary.org/obo/XAO_0000437>
<http://purl.obolibrary.org/obo/XAO_0004229>	<http://purl.obolibrary.org/obo/RO_0002202>	<http://purl.obolibrary.org/obo/XAO_0000004>
<http://purl.obolibrary.org/obo/XAO_0004414>	<http://purl.obolibrary.org/obo/xao#start_stage>	<http://purl.obolibrary.org/obo/XAO_1000067>
<http://purl.obolibrary.org/obo/XAO_1000039>	<http://purl.obolibrary.org/obo/xao#preceded_by>	<http://purl.obolibrary.org/obo/XAO_1000038>
<http://purl.obolibrary.org/obo/XAO_0000410>	<http://purl.obolibrary.org/obo/xao#end_stage>	<http://purl.obolibrary.org/obo/XAO_1000059>
<http://purl.obolibrary.org/obo/XAO_0005250>	<http://purl.obolibrary.org/obo/xao#start_stage>	<http://purl.obolibrary.org/obo/XAO_1000036>
<http://purl.obolibrary.org/obo/XAO_0004290>	<http://purl.obolibrary.org/obo/xao#start_stage>	<http://purl.obolibrary.org/obo/XAO_1000083>
<http://purl.obolibrary.org/obo/XAO_0000382>	<http://purl.obolibrary.org/obo/xao#end_stage>	<http://purl.obolibrary.org/obo/XAO_0000437>
<http://purl.obolibrary.org/obo/XAO_0004225>	<http://purl.obolibrary.org/obo/xao#start_stage>	<http://purl.obolibrary.org/obo/XAO_1000020>
<http://purl.obolibrary.org/obo/XAO_0003182>	<http://purl.obolibrary.org/obo/xao#end_stage>	<http://purl.obolibrary.org/obo/XAO_0000437>
<http://purl.obolibrary.org/obo/XAO_0005214>	<http://purl.obolibrary.org/obo/xao#end_stage>	<http://purl.obolibrary.org/obo/XAO_0000437>
<http://purl.obolibrary.org/obo/XAO_0000268>	<http://purl.obolibrary.org/obo/xao#start_stage>	<http://purl.obolibrary.org/obo/XAO_1000066>
<http://purl.obolibrary.org/obo/XAO_0000352>	<http://purl.obolibrary.org/obo/xao#end_stage>	<http://purl.obolibrary.org/obo/XAO_1000078>
<http://purl.obolibrary.org/obo/XAO_0000067>	<http://purl.obolibrary.org/obo/RO_0002202>	<http://purl.obolibrary.org/obo/XAO_0004473>
<http://purl.obolibrary.org/obo/XAO_0004473>	<http://purl.obolibrary.org/obo/xao#start_stage>	<http://purl.obolibrary.org/obo/XAO_1000025>
<http://purl.obolibrary.org/obo/XAO_0005118>	<http://purl.obolibrary.org/obo/xao#end_stage>	<http://purl.obolibrary.org/obo/XAO_1000092>
<http://purl.obolibrary.org/obo/XAO_0000217>	<http://purl.obolibrary.org/obo/xao#start_stage>	<http://purl.obolibrary.org/obo/XAO_1000039>
<http://purl.obolibrary.org/obo/XAO_0004264>	<http://purl.obolibrary.org/obo/xao#start_stage>	<http://purl.obolibrary.org/obo/XAO_1000067>
<http://purl.obolibrary.org/obo/XAO_0000014>	<http://purl.obolibrary.org/obo/xao#end_stage>	<http://purl.obolibrary.org/obo/XAO_0000437>
<http://purl.obolibrary.org/obo/XAO_0000117>	<http://purl.obolibrary.org/obo/xao#end_stage>	<http://purl.obolibrary.org/obo/XAO_0000437>
<http://purl.obolibrary.org/obo/XAO_0003034>	<http://purl.obolibrary.org/obo/BFO_0000050>	<http://purl.obolibrary.org/obo/XAO_0003025>
<http://purl.obolibrary.org/obo/XAO_0001102>	<http://purl.obolibrary.org/obo/RO_0002202>	<http://purl.obolibrary.org/obo/XAO_0005128>
<http://purl.obolibrary.org/obo/XAO_0004625>	<http://purl.obolibrary.org/obo/RO_0002202>	<http://purl.obolibrary.org/obo/XAO_0000050>
<http://purl.obolibrary.org/obo/XAO_0000056>	<http://purl.obolibrary.org/obo/xao#start_stage>	<http://purl.obolibrary.org/obo/XAO_1000040>
<http://purl.obolibrary.org/obo/XAO_0000174>	<http://purl.obolibrary.org/obo/RO_0002202>	<http://purl.obolibrary.org/obo/XAO_0000315>
<http://purl.obolibrary.org/obo/XAO_0000460>	<http://purl.obolibrary.org/obo/RO_0002202>	<http://purl.obolibrary.org/obo/XAO_0000441>
<http://purl.obolibrary.org/obo/XAO_0005032>	<http://purl.obolibrary.org/obo/xao#start_stage>	<http://purl.obolibrary.org/obo/XAO_1000023>
<http://purl.obolibrary.org/obo/XAO_0005304>	<http://purl.obolibrary.org/obo/RO_0002202>	<http://purl.obolibrary.org/obo/XAO_0003044>
<http://purl.obolibrary.org/obo/XAO_0004519>	<http://purl.obolibrary.org/obo/BFO_0000050>	<http://purl.obolibrary.org/obo/XAO_0004105>
<http://purl.obolibrary.org/obo/XAO_0000427>	<http://purl.obolibrary.org/obo/xao#end_stage>	<http://purl.obolibrary.org/obo/XAO_0000437>
<http://purl.obolibrary.org/obo/XAO_0005060>	<http://purl.obolibrary.org/obo/xao#end_stage>	<http://purl.obolibrary.org/obo/XAO_1000067>
<http://purl.obolibrary.org/obo/XAO_0000190>	<http://purl.obolibrary.org/obo/BFO_0000050>	<http://purl.obolibrary.org/obo/XAO_0000189>
<http://purl.obolibrary.org/obo/XAO_0000094>	<http://purl.obolibrary.org/obo/xao#start_stage>	<http://purl.obolibrary.org/obo/XAO_1000020>
<http://purl.obolibrary.org/obo/XAO_0004105>	<http://purl.obolibrary.org/obo/xao#start_stage>	<http://purl.obolibrary.org/obo/XAO_1000045>
<http://purl.obolibrary.org/obo/XAO_0004175>	<http://purl.obolibrary.org/obo/BFO_0000050>	<http://purl.obolibrary.org/obo/XAO_0004152>
<http://purl.obolibrary.org/obo/XAO_0006044>	<http://purl.obolibrary.org/obo/BFO_0000050>	<http://purl.obolibrary.org/obo/XAO_0003152>
<http://purl.obolibrary.org/obo/XAO_0004148>	<http://purl.obolibrary.org/obo/xao#end_stage>	<http://purl.obolibrary.org/obo/XAO_0000437>
<http://purl.obolibrary.org/obo/XAO_0005194>	<http://purl.obolibrary.org/obo/xao#start_stage>	<http://purl.obolibrary.org/obo/XAO_1000023>
<http://purl.obolibrary.org/obo/XAO_0004115>	<http://purl.obolibrary.org/obo/xao#start_stage>	<http://purl.obolibrary.org/obo/XAO_1000084>
<http://purl.obolibrary.org/obo/XAO_0001103>	<http://purl.obolibrary.org/obo/RO_0002202>	<http://purl.obolibrary.org/obo/XAO_0004270>
<http://purl.obolibrary.org/obo/XAO_0004183>	<http://purl.obolibrary.org/obo/xao#start_stage>	<http://purl.obolibrary.org/obo/XAO_1000043>
<http://purl.obolibrary.org/obo/XAO_0005236>	<http://purl.obolibrary.org/obo/xao#start_stage>	<http://purl.obolibrary.org/obo/XAO_1000066>
<http://purl.obolibrary.org/obo/XAO_0000166>	<http://purl.obolibrary.org/obo/BFO_0000050>	<http://purl.obolibrary.org/obo/XAO_0000164>
<http://purl.obolibrary.org/obo/XAO_0004420>	<http://purl.obolibrary.org/obo/BFO_0000050>	<http://purl.obolibrary.org/obo/XAO_0004414>
<http://purl.obolibrary.org/obo/XAO_1000016>	<http://purl.obolibrary.org/obo/BFO_0000050>	<http://purl.obolibrary.org/obo/XAO_1000004>
<http://purl.obolibrary.org/obo/XAO_0004152>	<http://purl.obolibrary.org/obo/BFO_0000050>	<http://purl.obolibrary.org/obo/XAO_0003024>
<http://purl.obolibrary.org/obo/XAO_0000404>	<http://purl.obolibrary.org/obo/xao#start_stage>	<http://purl.obolibrary.org/obo/XAO_1000034>
<http://purl.obolibrary.org/obo/XAO_0003252>	<http://purl.obolibrary.org/obo/xao#end_stage>	<http://purl.obolibrary.org/obo/XAO_0000437>
<http://purl.obolibrary.org/obo/XAO_1000066>	<http://purl.obolibrary.org/obo/BFO_0000050>	<http://purl.obolibrary.org/obo/XAO_1000089>
<http://purl.obolibrary.org/obo/XAO_0004488>	<http://purl.obolibrary.org/obo/BFO_0000050>	<http://purl.obolibrary.org/obo/XAO_0003213>
<http://purl.obolibrary.org/obo/XAO_0003014>	<http://purl.obolibrary.org/obo/RO_0002202>	<http://purl.obolibrary.org/obo/XAO_0000319>
<http://purl.obolibrary.org/obo/XAO_0000330>	<http://purl.obolibrary.org/obo/BFO_0000050>	<http://purl.obolibrary.org/obo/XAO_0000140>
<http://purl.obolibrary.org/obo/XAO_0000472>	<http://purl.obolibrary.org/obo/xao#end_stage>	<http://purl.obolibrary.org/obo/XAO_0000437>
<http://purl.obolibrary.org/obo/XAO_0004271>	<http://purl.obolibrary.org/obo/BFO_0000050>	<http://purl.obolibrary.org/obo/XAO_0000014>
<http://purl.obolibrary.org/obo/XAO_0005018>	<http://purl.obolibrary.org/obo/xao#end_stage>	<http://purl.obolibrary.org/obo/XAO_0000437>
<http://purl.obolibrary.org/obo/XAO_0000046>	<http://purl.obolibrary.org/obo/BFO_0000050>	<http://purl.obolibrary.org/obo/XAO_0000249>
<http://purl.obolibrary.org/obo/XAO_0004538>	<http://purl.obolibrary.org/obo/BFO_0000050>	<http://purl.obolibrary.org/obo/XAO_0004271>
<http://purl.obolibrary.org/obo/XAO_0003257>	<http://purl.obolibrary.org/obo/xao#end_stage>	<http://purl.obolibrary.org/obo/XAO_0000437>
<http://purl.obolibrary.org/obo/XAO_0003149>	<http://purl.obolibrary.org/obo/xao#start_stage>	<http://purl.obolibrary.org/obo/XAO_1000044>
<http://purl.obolibrary.org/obo/XAO_0004492>	<http://purl.obolibrary.org/obo/xao#end_stage>	<http://purl.obolibrary.org/obo/XAO_1000001>
<http://purl.obolibrary.org/obo/XAO_0005148>	<http://purl.obolibrary.org/obo/RO_0002202>	<http://purl.obolibrary.org/obo/XAO_0000053>
<http://purl.obolibrary.org/obo/XAO_0004467>	<http://purl.obolibrary.org/obo/BFO_0000050>	<http://purl.obolibrary.org/obo/XAO_0000035>
<http://purl.obolibrary.org/obo/XAO_0000214>	<http://purl.obolibrary.org/obo/xao#start_stage>	<http://purl.obolibrary.org/obo/XAO_1000059>
<http://purl.obolibrary.org/obo/XAO_0000111>	<http://purl.obolibrary.org/obo/xao#start_stage>	<http://purl.obolibrary.org/obo/XAO_1000044>
<http://purl.obolibrary.org/obo/XAO_0003266>	<http://purl.obolibrary.org/obo/RO_0002202>	<http://purl.obolibrary.org/obo/XAO_0005128>
<http://purl.obolibrary.org/obo/XAO_0005184>	<http://purl.obolibrary.org/obo/xao#start_stage>	<http://purl.obolibrary.org/obo/XAO_1000025>
<http://purl.obolibrary.org/obo/XAO_0000134>	<http://purl.obolibrary.org/obo/xao#start_stage>	<http://purl.obolibrary.org/obo/XAO_1000053>
<http://purl.obolibrary.org/obo/XAO_0000041>	<http://purl.obolibrary.org/obo/xao#end_stage>	<http://purl.obolibrary.org/obo/XAO_0000437>
<http://purl.obolibrary.org/obo/XAO_0005425>	<http://purl.obolibrary.org/obo/BFO_0000050>	<http://purl.obolibrary.org/obo/XAO_0000127>
<http://purl.obolibrary.org/obo/XAO_0004137>	<http://purl.obolibrary.org/obo/xao#start_stage>	<http://purl.obolibrary.org/obo/XAO_1000059>
<http://purl.obolibrary.org/obo/XAO_0000023>	<http://purl.obolibrary.org/obo/BFO_0000050>	<http://purl.obolibrary.org/obo/XAO_0000176>
<http://purl.obolibrary.org/obo/XAO_0005249>	<http://purl.obolibrary.org/obo/BFO_0000050>	<http://purl.obolibrary.org/obo/XAO_0005250>
<http://purl.obolibrary.org/obo/XAO_0004258>	<http://purl.obolibrary.org/obo/BFO_0000050>	<http://purl.obolibrary.org/obo/XAO_0000012>
<http://purl.obolibrary.org/obo/XAO_0006024>	<http://purl.obolibrary.org/obo/xao#start_stage>	<http://purl.obolibrary.org/obo/XAO_1000052>
<http://purl.obolibrary.org/obo/XAO_0004302>	<http://purl.obolibrary.org/obo/xao#end_stage>	<http://purl.obolibrary.org/obo/XAO_0000437>
<http://purl.obolibrary.org/obo/XAO_0004171>	<http://purl.obolibrary.org/obo/BFO_0000050>	<http://purl.obolibrary.org/obo/XAO_0004152>
<http://purl.obolibrary.org/obo/XAO_0003118>	<http://purl.obolibrary.org/obo/xao#start_stage>	<http://purl.obolibrary.org/obo/XAO_1000038>
<http://purl.obolibrary.org/obo/XAO_0004406>	<http://purl.obolibrary.org/obo/xao#start_stage>	<http://purl.obolibrary.org/obo/XAO_1000020>
<http://purl.obolibrary.org/obo/XAO_0000387>	<http://purl.obolibrary.org/obo/RO_0002202>	<http://purl.obolibrary.org/obo/XAO_0000358>
<http://purl.obolibrary.org/obo/XAO_0000220>	<http://purl.obolibrary.org/obo/RO_0002202>	<http://purl.obolibrary.org/obo/XAO_0000424>
<http://purl.obolibrary.org/obo/XAO_0004267>	<http://purl.obolibrary.org/obo/xao#end_stage>	<http://purl.obolibrary.org/obo/XAO_0000437>
<http://purl.obolibrary.org/obo/XAO_0000085>	<http://purl.obolibrary.org/obo/xao#start_stage>	<http://purl.obolibrary.org/obo/XAO_1000023>
<http://purl.obolibrary.org/obo/XAO_0004471>	<http://purl.obolibrary.org/obo/xao#start_stage>	<http://purl.obolibrary.org/obo/XAO_1000056>
<http://purl.obolibrary.org/obo/XAO_0005155>	<http://purl.obolibrary.org/obo/xao#end_stage>	<http://purl.obolibrary.org/obo/XAO_1000050>
<http://purl.obolibrary.org/obo/XAO_0005220>	<http://purl.obolibrary.org/obo/xao#start_stage>	<http://purl.obolibrary.org/obo/XAO_1000032>
<http://purl.obolibrary.org/obo/XAO_0004306>	<http://purl.obolibrary.org/obo/BFO_0000050>	<http://purl.obolibrary.org/obo/XAO_0000013>
<http://purl.obolibrary.org/obo/XAO_0000247>	<http://purl.obolibrary.org/obo/xao#end_stage>	<http://purl.obolibrary.org/obo/XAO_1000056>
<http://purl.obolibrary.org/obo/XAO_0000316>	<http://purl.obolibrary.org/obo/RO_0002202>	<http://purl.obolibrary.org/obo/XAO_0000336>
<http://purl.obolibrary.org/obo/XAO_0004365>	<http://purl.obolibrary.org/obo/xao#end_stage>	<http://purl.obolibrary.org/obo/XAO_1000078>
<http://purl.obolibrary.org/obo/XAO_0003079>	<http://purl.obolibrary.org/obo/BFO_0000050>	<http://purl.obolibrary.org/obo/XAO_0003064>
<http://purl.obolibrary.org/obo/XAO_0000281>	<http://purl.obolibrary.org/obo/xao#start_stage>	<http://purl.obolibrary.org/obo/XAO_1000001>
<http://purl.obolibrary.org/obo/XAO_0000362>	<http://purl.obolibrary.org/obo/xao#start_stage>	<http://purl.obolibrary.org/obo/XAO_1000053>
<http://purl.obolibrary.org/obo/XAO_0004524>	<http://purl.obolibrary.org/obo/xao#end_stage>	<http://purl.obolibrary.org/obo/XAO_0000437>
<http://purl.obolibrary.org/obo/XAO_0004564>	<http://purl.obolibrary.org/obo/BFO_0000050>	<http://purl.obolibrary.org/obo/XAO_0004585>
<http://purl.obolibrary.org/obo/XAO_0005058>	<http://purl.obolibrary.org/obo/BFO_0000050>	<http://purl.obolibrary.org/obo/XAO_0000217>
<http://purl.obolibrary.org/obo/XAO_0003095>	<http://purl.obolibrary.org/obo/xao#end_stage>	<http://purl.obolibrary.org/obo/XAO_0000437>
<http://purl.obolibrary.org/obo/XAO_0004338>	<http://purl.obolibrary.org/obo/RO_0002202>	<http://purl.obolibrary.org/obo/XAO_0004435>
<http://purl.obolibrary.org/obo/XAO_0000229>	<http://purl.obolibrary.org/obo/xao#start_stage>	<http://purl.obolibrary.org/obo/XAO_1000083>
<http://purl.obolibrary.org/obo/XAO_0004147>	<http://purl.obolibrary.org/obo/BFO_0000050>	<http://purl.obolibrary.org/obo/XAO_0004423>
<http://purl.obolibrary.org/obo/XAO_0004454>	<http://purl.obolibrary.org/obo/xao#end_stage>	<http://purl.obolibrary.org/obo/XAO_1000050>
<http://purl.obolibrary.org/obo/XAO_0005132>	<http://purl.obolibrary.org/obo/xao#start_stage>	<http://purl.obolibrary.org/obo/XAO_1000038>
<http://purl.obolibrary.org/obo/XAO_0003043>	<http://purl.obolibrary.org/obo/xao#start_stage>	<http://purl.obolibrary.org/obo/XAO_1000017>
<http://purl.obolibrary.org/obo/XAO_0000220>	<http://purl.obolibrary.org/obo/RO_0002202>	<http://purl.obolibrary.org/obo/XAO_0000404>
<http://purl.obolibrary.org/obo/XAO_0005042>	<http://purl.obolibrary.org/obo/xao#end_stage>	<http://purl.obolibrary.org/obo/XAO_0000437>
<http://purl.obolibrary.org/obo/XAO_0000202>	<http://purl.obolibrary.org/obo/BFO_0000050>	<http://purl.obolibrary.org/obo/XAO_0000113>
<http://purl.obolibrary.org/obo/XAO_0004189>	<http://purl.obolibrary.org/obo/BFO_0000050>	<http://purl.obolibrary.org/obo/XAO_0000064>
<http://purl.obolibrary.org/obo/XAO_0000176>	<http://purl.obolibrary.org/obo/xao#start_stage>	<http://purl.obolibrary.org/obo/XAO_1000023>
<http://purl.obolibrary.org/obo/XAO_0004057>	<http://purl.obolibrary.org/obo/xao#start_stage>	<http://purl.obolibrary.org/obo/XAO_1000042>
<http://purl.obolibrary.org/obo/XAO_0003223>	<http://purl.obolibrary.org/obo/BFO_0000050>	<http://purl.obolibrary.org/obo/XAO_0003216>
<http://purl.obolibrary.org/obo/XAO_0004247>	<http://purl.obolibrary.org/obo/xao#end_stage>	<http://purl.obolibrary.org/obo/XAO_0000437>
<http://purl.obolibrary.org/obo/XAO_0005308>	<http://purl.obolibrary.org/obo/xao#start_stage>	<http://purl.obolibrary.org/obo/XAO_1000054>
<http://purl.obolibrary.org/obo/XAO_0004156>	<http://purl.obolibrary.org/obo/xao#end_stage>	<http://purl.obolibrary.org/obo/XAO_0000437>
<http://purl.obolibrary.org/obo/XAO_0004325>	<http://purl.obolibrary.org/obo/xao#start_stage>	<http://purl.obolibrary.org/obo/XAO_1000053>
<http://purl.obolibrary.org/obo/XAO_0000311>	<http://purl.obolibrary.org/obo/xao#start_stage>	<http://purl.obolibrary.org/obo/XAO_1000033>
<http://purl.obolibrary.org/obo/XAO_0000374>	<http://purl.obolibrary.org/obo/xao#end_stage>	<http://purl.obolibrary.org/obo/XAO_0000437>
<http://purl.obolibrary.org/obo/XAO_1000064>	<http://purl.obolibrary.org/obo/xao#preceded_by>	<http://purl.obolibrary.org/obo/XAO_1000063>
<http://purl.obolibrary.org/obo/XAO_0004196>	<http://purl.obolibrary.org/obo/xao#end_stage>	<http://purl.obolibrary.org/obo/XAO_0000437>
<http://purl.obolibrary.org/obo/XAO_0005266>	<http://purl.obolibrary.org/obo/xao#start_stage>	<http://purl.obolibrary.org/obo/XAO_1000044>
<http://purl.obolibrary.org/obo/XAO_0003055>	<http://purl.obolibrary.org/obo/xao#start_stage>	<http://purl.obolibrary.org/obo/XAO_1000020>
<http://purl.obolibrary.org/obo/XAO_0000344>	<http://purl.obolibrary.org/obo/xao#end_stage>	<http://purl.obolibrary.org/obo/XAO_1000078>
<http://purl.obolibrary.org/obo/XAO_1000029>	<http://purl.obolibrary.org/obo/BFO_0000050>	<http://purl.obolibrary.org/obo/XAO_1000004>
<http://purl.obolibrary.org/obo/XAO_0005020>	<http://purl.obolibrary.org/obo/xao#end_stage>	<http://purl.obolibrary.org/obo/XAO_0000437>
<http://purl.obolibrary.org/obo/XAO_0003112>	<http://purl.obolibrary.org/obo/RO_0002202>	<http://purl.obolibrary.org/obo/XAO_0000405>
<http://purl.obolibrary.org/obo/XAO_0000079>	<http://purl.obolibrary.org/obo/xao#start_stage>	<http://purl.obolibrary.org/obo/XAO_1000022>
<http://purl.obolibrary.org/obo/XAO_0003134>	<http://purl.obolibrary.org/obo/RO_0002202>	<http://purl.obolibrary.org/obo/XAO_0000421>
<http://purl.obolibrary.org/obo/XAO_0004562>	<http://purl.obolibrary.org/obo/xao#end_stage>	<http://purl.obolibrary.org/obo/XAO_0000437>
<http://purl.obolibrary.org/obo/XAO_0000223>	<http://purl.obolibrary.org/obo/xao#end_stage>	<http://purl.obolibrary.org/obo/XAO_1000042>
<http://purl.obolibrary.org/obo/XAO_0003240>	<http://purl.obolibrary.org/obo/BFO_0000050>	<http://purl.obolibrary.org/obo/XAO_0005501>
<http://purl.obolibrary.org/obo/XAO_0000005>	<http://purl.obolibrary.org/obo/BFO_0000050>	<http://purl.obolibrary.org/obo/XAO_0003196>
<http://purl.obolibrary.org/obo/XAO_0005106>	<http://purl.obolibrary.org/obo/xao#start_stage>	<http://purl.obolibrary.org/obo/XAO_1000016>
<http://purl.obolibrary.org/obo/XAO_0003177>	<http://purl.obolibrary.org/obo/BFO_0000050>	<http://purl.obolibrary.org/obo/XAO_0000098>
<http://purl.obolibrary.org/obo/XAO_0004591>	<http://purl.obolibrary.org/obo/xao#start_stage>	<http://purl.obolibrary.org/obo/XAO_1000049>
<http://purl.obolibrary.org/obo/XAO_0000025>	<http://purl.obolibrary.org/obo/xao#start_stage>	<http://purl.obolibrary.org/obo/XAO_1000025>
<http://purl.obolibrary.org/obo/XAO_0000163>	<http://purl.obolibrary.org/obo/xao#start_stage>	<http://purl.obolibrary.org/obo/XAO_1000052>
<http://purl.obolibrary.org/obo/XAO_0003076>	<http://purl.obolibrary.org/obo/RO_0002202>	<http://purl.obolibrary.org/obo/XAO_0000407>
<http://purl.obolibrary.org/obo/XAO_0004077>	<http://purl.obolibrary.org/obo/xao#start_stage>	<http://purl.obolibrary.org/obo/XAO_1000027>
<http://purl.obolibrary.org/obo/XAO_0006030>	<http://purl.obolibrary.org/obo/xao#start_stage>	<http://purl.obolibrary.org/obo/XAO_1000027>
<http://purl.obolibrary.org/obo/XAO_0005291>	<http://purl.obolibrary.org/obo/BFO_0000050>	<http://purl.obolibrary.org/obo/XAO_0000269>
<http://purl.obolibrary.org/obo/XAO_0004051>	<http://purl.obolibrary.org/obo/xao#start_stage>	<http://purl.obolibrary.org/obo/XAO_1000072>
<http://purl.obolibrary.org/obo/XAO_0006005>	<http://purl.obolibrary.org/obo/xao#end_stage>	<http://purl.obolibrary.org/obo/XAO_0000437>
<http://purl.obolibrary.org/obo/XAO_0003245>	<http://purl.obolibrary.org/obo/BFO_0000050>	<http://purl.obolibrary.org/obo/XAO_0000001>
<http://purl.obolibrary.org/obo/XAO_0000091>	<http://purl.obolibrary.org/obo/xao#start_stage>	<http://purl.obolibrary.org/obo/XAO_1000023>
<http://purl.obolibrary.org/obo/XAO_0000160>	<http://purl.obolibrary.org/obo/BFO_0000050>	<http://purl.obolibrary.org/obo/XAO_0000014>
<http://purl.obolibrary.org/obo/XAO_0000199>	<http://purl.obolibrary.org/obo/xao#start_stage>	<http://purl.obolibrary.org/obo/XAO_1000059>
<http://purl.obolibrary.org/obo/XAO_0000267>	<http://purl.obolibrary.org/obo/xao#end_stage>	<http://purl.obolibrary.org/obo/XAO_1000052>
<http://purl.obolibrary.org/obo/XAO_0000431>	<http://purl.obolibrary.org/obo/xao#start_stage>	<http://purl.obolibrary.org/obo/XAO_1000072>
<http://purl.obolibrary.org/obo/XAO_0005294>	<http://purl.obolibrary.org/obo/xao#start_stage>	<http://purl.obolibrary.org/obo/XAO_1000044>
<http://purl.obolibrary.org/obo/XAO_0004400>	<http://purl.obolibrary.org/obo/BFO_0000050>	<http://purl.obolibrary.org/obo/XAO_0004060>
<http://purl.obolibrary.org/obo/XAO_0000125>	<http://purl.obolibrary.org/obo/xao#end_stage>	<http://purl.obolibrary.org/obo/XAO_0000437>
<http://purl.obolibrary.org/obo/XAO_0004053>	<http://purl.obolibrary.org/obo/BFO_0000050>	<http://purl.obolibrary.org/obo/XAO_0003060>
<http://purl.obolibrary.org/obo/XAO_0006009>	<http://purl.obolibrary.org/obo/xao#start_stage>	<http://purl.obolibrary.org/obo/XAO_1000050>
<http://purl.obolibrary.org/obo/XAO_0000306>	<http://purl.obolibrary.org/obo/xao#start_stage>	<http://purl.obolibrary.org/obo/XAO_1000038>
<http://purl.obolibrary.org/obo/XAO_0004289>	<http://purl.obolibrary.org/obo/BFO_0000050>	<http://purl.obolibrary.org/obo/XAO_0004053>
<http://purl.obolibrary.org/obo/XAO_0003132>	<http://purl.obolibrary.org/obo/RO_0002202>	<http://purl.obolibrary.org/obo/XAO_0000420>
<http://purl.obolibrary.org/obo/XAO_0004578>	<http://purl.obolibrary.org/obo/xao#end_stage>	<http://purl.obolibrary.org/obo/XAO_0000437>
<http://purl.obolibrary.org/obo/XAO_0000399>	<http://purl.obolibrary.org/obo/xao#end_stage>	<http://purl.obolibrary.org/obo/XAO_0000437>
<http://purl.obolibrary.org/obo/XAO_0005169>	<http://purl.obolibrary.org/obo/BFO_0000050>	<http://purl.obolibrary.org/obo/XAO_0000094>
<http://purl.obolibrary.org/obo/XAO_0003121>	<http://purl.obolibrary.org/obo/xao#end_stage>	<http://purl.obolibrary.org/obo/XAO_1000059>
<http://purl.obolibrary.org/obo/XAO_0004602>	<http://purl.obolibrary.org/obo/xao#end_stage>	<http://purl.obolibrary.org/obo/XAO_0000437>
<http://purl.obolibrary.org/obo/XAO_0004393>	<http://purl.obolibrary.org/obo/xao#start_stage>	<http://purl.obolibrary.org/obo/XAO_1000023>
<http://purl.obolibrary.org/obo/XAO_0003022>	<http://purl.obolibrary.org/obo/xao#start_stage>	<http://purl.obolibrary.org/obo/XAO_1000025>
<http://purl.obolibrary.org/obo/XAO_0004228>	<http://purl.obolibrary.org/obo/BFO_0000050>	<http://purl.obolibrary.org/obo/XAO_0004423>
<http://purl.obolibrary.org/obo/XAO_0005013>	<http://purl.obolibrary.org/obo/xao#start_stage>	<http://purl.obolibrary.org/obo/XAO_1000001>
<http://purl.obolibrary.org/obo/XAO_0003159>	<http://purl.obolibrary.org/obo/xao#end_stage>	<http://purl.obolibrary.org/obo/XAO_0000437>
<http://purl.obolibrary.org/obo/XAO_0000156>	<http://purl.obolibrary.org/obo/xao#start_stage>	<http://purl.obolibrary.org/obo/XAO_1000064>
<http://purl.obolibrary.org/obo/XAO_0006023>	<http://purl.obolibrary.org/obo/BFO_0000050>	<http://purl.obolibrary.org/obo/XAO_0003152>
<http://purl.obolibrary.org/obo/XAO_0004069>	<http://purl.obolibrary.org/obo/xao#end_stage>	<http://purl.obolibrary.org/obo/XAO_1000047>
<http://purl.obolibrary.org/obo/XAO_0003266>	<http://purl.obolibrary.org/obo/xao#end_stage>	<http://purl.obolibrary.org/obo/XAO_1000048>
<http://purl.obolibrary.org/obo/XAO_0003204>	<http://purl.obolibrary.org/obo/RO_0002202>	<http://purl.obolibrary.org/obo/XAO_0000248>
<http://purl.obolibrary.org/obo/XAO_0003097>	<http://purl.obolibrary.org/obo/xao#end_stage>	<http://purl.obolibrary.org/obo/XAO_0000437>
<http://purl.obolibrary.org/obo/XAO_0005264>	<http://purl.obolibrary.org/obo/BFO_0000050>	<http://purl.obolibrary.org/obo/XAO_0003026>
<http://purl.obolibrary.org/obo/XAO_0000205>	<http://purl.obolibrary.org/obo/xao#end_stage>	<http://purl.obolibrary.org/obo/XAO_1000049>
<http://purl.obolibrary.org/obo/XAO_0005154>	<http://purl.obolibrary.org/obo/xao#end_stage>	<http://purl.obolibrary.org/obo/XAO_0000437>
<http://purl.obolibrary.org/obo/XAO_0003023>	<http://purl.obolibrary.org/obo/xao#start_stage>	<http://purl.obolibrary.org/obo/XAO_1000025>
<http://purl.obolibrary.org/obo/XAO_0004232>	<http://purl.obolibrary.org/obo/xao#end_stage>	<http://purl.obolibrary.org/obo/XAO_1000078>
<http://purl.obolibrary.org/obo/XAO_0004311>	<http://purl.obolibrary.org/obo/xao#end_stage>	<http://purl.obolibrary.org/obo/XAO_0000437>
<http://purl.obolibrary.org/obo/XAO_1000043>	<http://purl.obolibrary.org/obo/BFO_0000050>	<http://purl.obolibrary.org/obo/XAO_1000002>
<http://purl.obolibrary.org/obo/XAO_0005189>	<http://purl.obolibrary.org/obo/xao#end_stage>	<http://purl.obolibrary.org/obo/XAO_0000437>
<http://purl.obolibrary.org/obo/XAO_0000329>	<http://purl.obolibrary.org/obo/RO_0002202>	<http://purl.obolibrary.org/obo/XAO_0000276>
<http://purl.obolibrary.org/obo/XAO_0005065>	<http://purl.obolibrary.org/obo/BFO_0000050>	<http://purl.obolibrary.org/obo/XAO_0003031>
<http://purl.obolibrary.org/obo/XAO_0000463>	<http://purl.obolibrary.org/obo/xao#start_stage>	<http://purl.obolibrary.org/obo/XAO_1000049>
<http://purl.obolibrary.org/obo/XAO_0004404>	<http://purl.obolibrary.org/obo/BFO_0000050>	<http://purl.obolibrary.org/obo/XAO_0000028>
<http://purl.obolibrary.org/obo/XAO_0003174>	<http://purl.obolibrary.org/obo/xao#start_stage>	<http://purl.obolibrary.org/obo/XAO_1000057>
<http://purl.obolibrary.org/obo/XAO_0004589>	<http://purl.obolibrary.org/obo/xao#start_stage>	<http://purl.obolibrary.org/obo/XAO_1000047>
<http://purl.obolibrary.org/obo/XAO_0000162>	<http://purl.obolibrary.org/obo/BFO_0000050>	<http://purl.obolibrary.org/obo/XAO_0000158>
<http://purl.obolibrary.org/obo/XAO_0000064>	<http://purl.obolibrary.org/obo/BFO_0000050>	<http://purl.obolibrary.org/obo/XAO_0000100>
<http://purl.obolibrary.org/obo/XAO_0000131>	<http://purl.obolibrary.org/obo/RO_0002202>	<http://purl.obolibrary.org/obo/XAO_0000104>
<http://purl.obolibrary.org/obo/XAO_0003002>	<http://purl.obolibrary.org/obo/xao#start_stage>	<http://purl.obolibrary.org/obo/XAO_1000001>
<http://purl.obolibrary.org/obo/XAO_0000036>	<http://purl.obolibrary.org/obo/BFO_0000050>	<http://purl.obolibrary.org/obo/XAO_0000001>
<http://purl.obolibrary.org/obo/XAO_0004355>	<http://purl.obolibrary.org/obo/xao#end_stage>	<http://purl.obolibrary.org/obo/XAO_0000437>
<http://purl.obolibrary.org/obo/XAO_0000058>	<http://purl.obolibrary.org/obo/RO_0002202>	<http://purl.obolibrary.org/obo/XAO_0000057>
<http://purl.obolibrary.org/obo/XAO_0006045>	<http://purl.obolibrary.org/obo/xao#start_stage>	<http://purl.obolibrary.org/obo/XAO_1000038>
<http://purl.obolibrary.org/obo/XAO_0004056>	<http://purl.obolibrary.org/obo/xao#start_stage>	<http://purl.obolibrary.org/obo/XAO_1000058>
<http://purl.obolibrary.org/obo/XAO_0005022>	<http://purl.obolibrary.org/obo/xao#start_stage>	<http://purl.obolibrary.org/obo/XAO_1000049>
<http://purl.obolibrary.org/obo/XAO_0005079>	<http://purl.obolibrary.org/obo/xao#start_stage>	<http://purl.obolibrary.org/obo/XAO_1000027>
<http://purl.obolibrary.org/obo/XAO_0003114>	<http://purl.obolibrary.org/obo/xao#end_stage>	<http://purl.obolibrary.org/obo/XAO_1000059>
<http://purl.obolibrary.org/obo/XAO_0005063>	<http://purl.obolibrary.org/obo/BFO_0000050>	<http://purl.obolibrary.org/obo/XAO_0000130>
<http://purl.obolibrary.org/obo/XAO_0000106>	<http://purl.obolibrary.org/obo/BFO_0000050>	<http://purl.obolibrary.org/obo/XAO_0000092>
<http://purl.obolibrary.org/obo/XAO_0005140>	<http://purl.obolibrary.org/obo/xao#start_stage>	<http://purl.obolibrary.org/obo/XAO_1000048>
<http://purl.obolibrary.org/obo/XAO_0004081>	<http://purl.obolibrary.org/obo/xao#start_stage>	<http://purl.obolibrary.org/obo/XAO_1000038>
<http://purl.obolibrary.org/obo/XAO_0000140>	<http://purl.obolibrary.org/obo/xao#end_stage>	<http://purl.obolibrary.org/obo/XAO_0000437>
<http://purl.obolibrary.org/obo/XAO_0006047>	<http://purl.obolibrary.org/obo/BFO_0000050>	<http://purl.obolibrary.org/obo/XAO_0005024>
<http://purl.obolibrary.org/obo/XAO_0004151>	<http://purl.obolibrary.org/obo/BFO_0000050>	<http://purl.obolibrary.org/obo/XAO_0003026>
<http://purl.obolibrary.org/obo/XAO_0005197>	<http://purl.obolibrary.org/obo/BFO_0000050>	<http://purl.obolibrary.org/obo/XAO_0004092>
<http://purl.obolibrary.org/obo/XAO_0004388>	<http://purl.obolibrary.org/obo/BFO_0000050>	<http://purl.obolibrary.org/obo/XAO_0000086>
<http://purl.obolibrary.org/obo/XAO_0000334>	<http://purl.obolibrary.org/obo/RO_0002202>	<http://purl.obolibrary.org/obo/XAO_0000292>
<http://purl.obolibrary.org/obo/XAO_0004028>	<http://purl.obolibrary.org/obo/xao#start_stage>	<http://purl.obolibrary.org/obo/XAO_1000048>
<http://purl.obolibrary.org/obo/XAO_0005052>	<http://purl.obolibrary.org/obo/xao#end_stage>	<http://purl.obolibrary.org/obo/XAO_0000437>
<http://purl.obolibrary.org/obo/XAO_0006035>	<http://purl.obolibrary.org/obo/RO_0002202>	<http://purl.obolibrary.org/obo/XAO_0004069>
<http://purl.obolibrary.org/obo/XAO_0004196>	<http://purl.obolibrary.org/obo/xao#start_stage>	<http://purl.obolibrary.org/obo/XAO_1000072>
<http://purl.obolibrary.org/obo/XAO_0005221>	<http://purl.obolibrary.org/obo/xao#start_stage>	<http://purl.obolibrary.org/obo/XAO_1000032>
<http://purl.obolibrary.org/obo/XAO_0004126>	<http://purl.obolibrary.org/obo/xao#end_stage>	<http://purl.obolibrary.org/obo/XAO_0000437>
<http://purl.obolibrary.org/obo/XAO_0004457>	<http://purl.obolibrary.org/obo/xao#start_stage>	<http://purl.obolibrary.org/obo/XAO_1000044>
<http://purl.obolibrary.org/obo/XAO_0000381>	<http://purl.obolibrary.org/obo/RO_0002202>	<http://purl.obolibrary.org/obo/XAO_0000380>
<http://purl.obolibrary.org/obo/XAO_0004096>	<http://purl.obolibrary.org/obo/xao#start_stage>	<http://purl.obolibrary.org/obo/XAO_1000048>
<http://purl.obolibrary.org/obo/XAO_0000241>	<http://purl.obolibrary.org/obo/RO_0002202>	<http://purl.obolibrary.org/obo/XAO_0000052>
<http://purl.obolibrary.org/obo/XAO_1000050>	<http://purl.obolibrary.org/obo/BFO_0000050>	<http://purl.obolibrary.org/obo/XAO_1000080>
<http://purl.obolibrary.org/obo/XAO_0004334>	<http://purl.obolibrary.org/obo/RO_0002202>	<http://purl.obolibrary.org/obo/XAO_0004431>
<http://purl.obolibrary.org/obo/XAO_0004162>	<http://purl.obolibrary.org/obo/RO_0002202>	<http://purl.obolibrary.org/obo/XAO_0000353>
<http://purl.obolibrary.org/obo/XAO_0000440>	<http://purl.obolibrary.org/obo/BFO_0000050>	<http://purl.obolibrary.org/obo/XAO_0000095>
<http://purl.obolibrary.org/obo/XAO_0004490>	<http://purl.obolibrary.org/obo/xao#start_stage>	<http://purl.obolibrary.org/obo/XAO_1000060>
<http://purl.obolibrary.org/obo/XAO_0000004>	<http://purl.obolibrary.org/obo/BFO_0000050>	<http://purl.obolibrary.org/obo/XAO_0000002>
<http://purl.obolibrary.org/obo/XAO_0005020>	<http://purl.obolibrary.org/obo/xao#start_stage>	<http://purl.obolibrary.org/obo/XAO_1000040>
<http://purl.obolibrary.org/obo/XAO_0003039>	<http://purl.obolibrary.org/obo/xao#end_stage>	<http://purl.obolibrary.org/obo/XAO_0000437>
<http://purl.obolibrary.org/obo/XAO_0004444>	<http://purl.obolibrary.org/obo/xao#end_stage>	<http://purl.obolibrary.org/obo/XAO_1000053>
<http://purl.obolibrary.org/obo/XAO_0000394>	<http://purl.obolibrary.org/obo/RO_0002202>	<http://purl.obolibrary.org/obo/XAO_0000358>
<http://purl.obolibrary.org/obo/XAO_0004372>	<http://purl.obolibrary.org/obo/xao#end_stage>	<http://purl.obolibrary.org/obo/XAO_1000078>
<http://purl.obolibrary.org/obo/XAO_0004067>	<http://purl.obolibrary.org/obo/xao#start_stage>	<http://purl.obolibrary.org/obo/XAO_1000020>
<http://purl.obolibrary.org/obo/XAO_0000163>	<http://purl.obolibrary.org/obo/BFO_0000050>	<http://purl.obolibrary.org/obo/XAO_0000158>
<http://purl.obolibrary.org/obo/XAO_0004482>	<http://purl.obolibrary.org/obo/BFO_0000050>	<http://purl.obolibrary.org/obo/XAO_0000064>
<http://purl.obolibrary.org/obo/XAO_0003226>	<http://purl.obolibrary.org/obo/RO_0002202>	<http://purl.obolibrary.org/obo/XAO_0000014>
<http://purl.obolibrary.org/obo/XAO_0005037>	<http://purl.obolibrary.org/obo/RO_0002202>	<http://purl.obolibrary.org/obo/XAO_0004473>
<http://purl.obolibrary.org/obo/XAO_0003134>	<http://purl.obolibrary.org/obo/xao#end_stage>	<http://purl.obolibrary.org/obo/XAO_1000059>
<http://purl.obolibrary.org/obo/XAO_0005312>	<http://purl.obolibrary.org/obo/xao#start_stage>	<http://purl.obolibrary.org/obo/XAO_1000044>
<http://purl.obolibrary.org/obo/XAO_0005193>	<http://purl.obolibrary.org/obo/BFO_0000050>	<http://purl.obolibrary.org/obo/XAO_0003024>
<http://purl.obolibrary.org/obo/XAO_0000005>	<http://purl.obolibrary.org/obo/RO_0002202>	<http://purl.obolibrary.org/obo/XAO_0000041>
<http://purl.obolibrary.org/obo/XAO_0005098>	<http://purl.obolibrary.org/obo/xao#start_stage>	<http://purl.obolibrary.org/obo/XAO_1000016>
<http://purl.obolibrary.org/obo/XAO_0003100>	<http://purl.obolibrary.org/obo/xao#start_stage>	<http://purl.obolibrary.org/obo/XAO_1000038>
<http://purl.obolibrary.org/obo/XAO_0005280>	<http://purl.obolibrary.org/obo/xao#end_stage>	<http://purl.obolibrary.org/obo/XAO_0000437>
<http://purl.obolibrary.org/obo/XAO_0003138>	<http://purl.obolibrary.org/obo/RO_0002202>	<http://purl.obolibrary.org/obo/XAO_0000423>
<http://purl.obolibrary.org/obo/XAO_0004140>	<http://purl.obolibrary.org/obo/BFO_0000050>	<http://purl.obolibrary.org/obo/XAO_0004139>
<http://purl.obolibrary.org/obo/XAO_0005102>	<http://purl.obolibrary.org/obo/xao#end_stage>	<http://purl.obolibrary.org/obo/XAO_1000016>
<http://purl.obolibrary.org/obo/XAO_0004122>	<http://purl.obolibrary.org/obo/xao#end_stage>	<http://purl.obolibrary.org/obo/XAO_0000437>
<http://purl.obolibrary.org/obo/XAO_0004013>	<http://purl.obolibrary.org/obo/xao#start_stage>	<http://purl.obolibrary.org/obo/XAO_1000052>
<http://purl.obolibrary.org/obo/XAO_0005111>	<http://purl.obolibrary.org/obo/xao#start_stage>	<http://purl.obolibrary.org/obo/XAO_1000016>
<http://purl.obolibrary.org/obo/XAO_0004305>	<http://purl.obolibrary.org/obo/BFO_0000050>	<http://purl.obolibrary.org/obo/XAO_0000013>
<http://purl.obolibrary.org/obo/XAO_0000029>	<http://purl.obolibrary.org/obo/xao#end_stage>	<http://purl.obolibrary.org/obo/XAO_0000437>
<http://purl.obolibrary.org/obo/XAO_0004157>	<http://purl.obolibrary.org/obo/xao#end_stage>	<http://purl.obolibrary.org/obo/XAO_0000437>
<http://purl.obolibrary.org/obo/XAO_0004218>	<http://purl.obolibrary.org/obo/BFO_0000050>	<http://purl.obolibrary.org/obo/XAO_0000097>
<http://purl.obolibrary.org/obo/XAO_0005204>	<http://purl.obolibrary.org/obo/xao#end_stage>	<http://purl.obolibrary.org/obo/XAO_0000437>
<http://purl.obolibrary.org/obo/XAO_1000023>	<http://purl.obolibrary.org/obo/xao#preceded_by>	<http://purl.obolibrary.org/obo/XAO_1000033>
<http://purl.obolibrary.org/obo/XAO_0005016>	<http://purl.obolibrary.org/obo/xao#start_stage>	<http://purl.obolibrary.org/obo/XAO_1000025>
<http://purl.obolibrary.org/obo/XAO_0000415>	<http://purl.obolibrary.org/obo/RO_0002202>	<http://purl.obolibrary.org/obo/XAO_0000414>
<http://purl.obolibrary.org/obo/XAO_0003215>	<http://purl.obolibrary.org/obo/xao#end_stage>	<http://purl.obolibrary.org/obo/XAO_0000437>
<http://purl.obolibrary.org/obo/XAO_0004565>	<http://purl.obolibrary.org/obo/xao#start_stage>	<http://purl.obolibrary.org/obo/XAO_1000038>
<http://purl.obolibrary.org/obo/XAO_0005320>	<http://purl.obolibrary.org/obo/BFO_0000050>	<http://purl.obolibrary.org/obo/XAO_0003029>
<http://purl.obolibrary.org/obo/XAO_0004277>	<http://purl.obolibrary.org/obo/xao#start_stage>	<http://purl.obolibrary.org/obo/XAO_1000057>
<http://purl.obolibrary.org/obo/XAO_0000271>	<http://purl.obolibrary.org/obo/RO_0002202>	<http://purl.obolibrary.org/obo/XAO_0000311>
<http://purl.obolibrary.org/obo/XAO_0004359>	<http://purl.obolibrary.org/obo/xao#start_stage>	<http://purl.obolibrary.org/obo/XAO_1000052>
<http://purl.obolibrary.org/obo/XAO_0000240>	<http://purl.obolibrary.org/obo/BFO_0000050>	<http://purl.obolibrary.org/obo/XAO_0004206>
<http://purl.obolibrary.org/obo/XAO_0003026>	<http://purl.obolibrary.org/obo/xao#end_stage>	<http://purl.obolibrary.org/obo/XAO_1000078>
<http://purl.obolibrary.org/obo/XAO_0004499>	<http://purl.obolibrary.org/obo/xao#start_stage>	<http://purl.obolibrary.org/obo/XAO_1000060>
<http://purl.obolibrary.org/obo/XAO_0000452>	<http://purl.obolibrary.org/obo/xao#end_stage>	<http://purl.obolibrary.org/obo/XAO_0000437>
<http://purl.obolibrary.org/obo/XAO_0004296>	<http://purl.obolibrary.org/obo/BFO_0000050>	<http://purl.obolibrary.org/obo/XAO_0003031>
<http://purl.obolibrary.org/obo/XAO_0005122>	<http://purl.obolibrary.org/obo/xao#start_stage>	<http://purl.obolibrary.org/obo/XAO_1000083>
<http://purl.obolibrary.org/obo/XAO_0005026>	<http://purl.obolibrary.org/obo/xao#start_stage>	<http://purl.obolibrary.org/obo/XAO_1000032>
<http://purl.obolibrary.org/obo/XAO_0004136>	<http://purl.obolibrary.org/obo/BFO_0000050>	<http://purl.obolibrary.org/obo/XAO_0000192>
<http://purl.obolibrary.org/obo/XAO_0000204>	<http://purl.obolibrary.org/obo/xao#start_stage>	<http://purl.obolibrary.org/obo/XAO_1000044>
<http://purl.obolibrary.org/obo/XAO_0005085>	<http://purl.obolibrary.org/obo/xao#start_stage>	<http://purl.obolibrary.org/obo/XAO_1000014>
<http://purl.obolibrary.org/obo/XAO_0001019>	<http://purl.obolibrary.org/obo/RO_0002202>	<http://purl.obolibrary.org/obo/XAO_0004091>
<http://purl.obolibrary.org/obo/XAO_0004465>	<http://purl.obolibrary.org/obo/xao#end_stage>	<http://purl.obolibrary.org/obo/XAO_0000437>
<http://purl.obolibrary.org/obo/XAO_0000310>	<http://purl.obolibrary.org/obo/xao#start_stage>	<http://purl.obolibrary.org/obo/XAO_1000023>
<http://purl.obolibrary.org/obo/XAO_0000191>	<http://purl.obolibrary.org/obo/BFO_0000050>	<http://purl.obolibrary.org/obo/XAO_0000189>
<http://purl.obolibrary.org/obo/XAO_0000220>	<http://purl.obolibrary.org/obo/RO_0002202>	<http://purl.obolibrary.org/obo/XAO_0000418>
<http://purl.obolibrary.org/obo/XAO_0000121>	<http://purl.obolibrary.org/obo/xao#start_stage>	<http://purl.obolibrary.org/obo/XAO_1000062>
<http://purl.obolibrary.org/obo/XAO_0004515>	<http://purl.obolibrary.org/obo/xao#start_stage>	<http://purl.obolibrary.org/obo/XAO_1000052>
<http://purl.obolibrary.org/obo/XAO_0005218>	<http://purl.obolibrary.org/obo/xao#start_stage>	<http://purl.obolibrary.org/obo/XAO_1000032>
<http://purl.obolibrary.org/obo/XAO_0004033>	<http://purl.obolibrary.org/obo/xao#end_stage>	<http://purl.obolibrary.org/obo/XAO_0000437>
<http://purl.obolibrary.org/obo/XAO_0003032>	<http://purl.obolibrary.org/obo/xao#start_stage>	<http://purl.obolibrary.org/obo/XAO_1000067>
<http://purl.obolibrary.org/obo/XAO_0000179>	<http://purl.obolibrary.org/obo/RO_0002202>	<http://purl.obolibrary.org/obo/XAO_0000228>
<http://purl.obolibrary.org/obo/XAO_0004094>	<http://purl.obolibrary.org/obo/xao#end_stage>	<http://purl.obolibrary.org/obo/XAO_0000437>
<http://purl.obolibrary.org/obo/XAO_0003130>	<http://purl.obolibrary.org/obo/xao#end_stage>	<http://purl.obolibrary.org/obo/XAO_1000059>
<http://purl.obolibrary.org/obo/XAO_0000252>	<http://purl.obolibrary.org/obo/xao#start_stage>	<http://purl.obolibrary.org/obo/XAO_1000036>
<http://purl.obolibrary.org/obo/XAO_0004199>	<http://purl.obolibrary.org/obo/RO_0002202>	<http://purl.obolibrary.org/obo/XAO_0004203>
<http://purl.obolibrary.org/obo/XAO_0005065>	<http://purl.obolibrary.org/obo/xao#end_stage>	<http://purl.obolibrary.org/obo/XAO_0000437>
<http://purl.obolibrary.org/obo/XAO_0005505>	<http://purl.obolibrary.org/obo/RO_0002202>	<http://purl.obolibrary.org/obo/XAO_0005194>
<http://purl.obolibrary.org/obo/XAO_0000169>	<http://purl.obolibrary.org/obo/BFO_0000050>	<http://purl.obolibrary.org/obo/XAO_0004276>
<http://purl.obolibrary.org/obo/XAO_0004102>	<http://purl.obolibrary.org/obo/xao#start_stage>	<http://purl.obolibrary.org/obo/XAO_1000023>
<http://purl.obolibrary.org/obo/XAO_0000323>	<http://purl.obolibrary.org/obo/xao#end_stage>	<http://purl.obolibrary.org/obo/XAO_0000437>
<http://purl.obolibrary.org/obo/XAO_0004084>	<http://purl.obolibrary.org/obo/xao#start_stage>	<http://purl.obolibrary.org/obo/XAO_1000038>
<http://purl.obolibrary.org/obo/XAO_0004237>	<http://purl.obolibrary.org/obo/xao#start_stage>	<http://purl.obolibrary.org/obo/XAO_1000038>
<http://purl.obolibrary.org/obo/XAO_0000445>	<http://purl.obolibrary.org/obo/xao#end_stage>	<http://purl.obolibrary.org/obo/XAO_0000437>
<http://purl.obolibrary.org/obo/XAO_0000094>	<http://purl.obolibrary.org/obo/BFO_0000050>	<http://purl.obolibrary.org/obo/XAO_0000092>
<http://purl.obolibrary.org/obo/XAO_0004316>	<http://purl.obolibrary.org/obo/xao#start_stage>	<http://purl.obolibrary.org/obo/XAO_1000067>
<http://purl.obolibrary.org/obo/XAO_0000295>	<http://purl.obolibrary.org/obo/BFO_0000050>	<http://purl.obolibrary.org/obo/XAO_0000090>
<http://purl.obolibrary.org/obo/XAO_0004001>	<http://purl.obolibrary.org/obo/xao#start_stage>	<http://purl.obolibrary.org/obo/XAO_1000001>
<http://purl.obolibrary.org/obo/XAO_0000008>	<http://purl.obolibrary.org/obo/BFO_0000050>	<http://purl.obolibrary.org/obo/XAO_0000179>
<http://purl.obolibrary.org/obo/XAO_0000257>	<http://purl.obolibrary.org/obo/BFO_0000050>	<http://purl.obolibrary.org/obo/XAO_0000125>
<http://purl.obolibrary.org/obo/XAO_0005325>	<http://purl.obolibrary.org/obo/RO_0002202>	<http://purl.obolibrary.org/obo/XAO_0000397>
<http://purl.obolibrary.org/obo/XAO_0000015>	<http://purl.obolibrary.org/obo/RO_0002202>	<http://purl.obolibrary.org/obo/XAO_0000250>
<http://purl.obolibrary.org/obo/XAO_0000260>	<http://purl.obolibrary.org/obo/xao#start_stage>	<http://purl.obolibrary.org/obo/XAO_1000092>
<http://purl.obolibrary.org/obo/XAO_0003183>	<http://purl.obolibrary.org/obo/BFO_0000050>	<http://purl.obolibrary.org/obo/XAO_0000451>
<http://purl.obolibrary.org/obo/XAO_0004533>	<http://purl.obolibrary.org/obo/xao#end_stage>	<http://purl.obolibrary.org/obo/XAO_0000437>
<http://purl.obolibrary.org/obo/XAO_0004496>	<http://purl.obolibrary.org/obo/xao#end_stage>	<http://purl.obolibrary.org/obo/XAO_0000437>
<http://purl.obolibrary.org/obo/XAO_0005109>	<http://purl.obolibrary.org/obo/xao#end_stage>	<http://purl.obolibrary.org/obo/XAO_1000016>
<http://purl.obolibrary.org/obo/XAO_0003179>	<http://purl.obolibrary.org/obo/xao#start_stage>	<http://purl.obolibrary.org/obo/XAO_1000040>
<http://purl.obolibrary.org/obo/XAO_0000097>	<http://purl.obolibrary.org/obo/RO_0002202>	<http://purl.obolibrary.org/obo/XAO_0000102>
<http://purl.obolibrary.org/obo/XAO_0004594>	<http://purl.obolibrary.org/obo/xao#end_stage>	<http://purl.obolibrary.org/obo/XAO_0000437>
<http://purl.obolibrary.org/obo/XAO_0004574>	<http://purl.obolibrary.org/obo/BFO_0000050>	<http://purl.obolibrary.org/obo/XAO_0004180>
<http://purl.obolibrary.org/obo/XAO_0004164>	<http://purl.obolibrary.org/obo/xao#end_stage>	<http://purl.obolibrary.org/obo/XAO_1000059>
<http://purl.obolibrary.org/obo/XAO_0000050>	<http://purl.obolibrary.org/obo/RO_0002202>	<http://purl.obolibrary.org/obo/XAO_0003044>
<http://purl.obolibrary.org/obo/XAO_0005293>	<http://purl.obolibrary.org/obo/xao#end_stage>	<http://purl.obolibrary.org/obo/XAO_0000437>
<http://purl.obolibrary.org/obo/XAO_0004054>	<http://purl.obolibrary.org/obo/xao#start_stage>	<http://purl.obolibrary.org/obo/XAO_1000040>
<http://purl.obolibrary.org/obo/XAO_0003228>	<http://purl.obolibrary.org/obo/RO_0002202>	<http://purl.obolibrary.org/obo/XAO_0001016>
<http://purl.obolibrary.org/obo/XAO_0004584>	<http://purl.obolibrary.org/obo/xao#start_stage>	<http://purl.obolibrary.org/obo/XAO_1000038>
<http://purl.obolibrary.org/obo/XAO_0000110>	<http://purl.obolibrary.org/obo/BFO_0000050>	<http://purl.obolibrary.org/obo/XAO_0000140>
<http://purl.obolibrary.org/obo/XAO_0004359>	<http://purl.obolibrary.org/obo/xao#end_stage>	<http://purl.obolibrary.org/obo/XAO_1000078>
<http://purl.obolibrary.org/obo/XAO_0004023>	<http://purl.obolibrary.org/obo/xao#end_stage>	<http://purl.obolibrary.org/obo/XAO_0000437>
<http://purl.obolibrary.org/obo/XAO_0005323>	<http://purl.obolibrary.org/obo/xao#start_stage>	<http://purl.obolibrary.org/obo/XAO_1000020>
<http://purl.obolibrary.org/obo/XAO_0004472>	<http://purl.obolibrary.org/obo/xao#end_stage>	<http://purl.obolibrary.org/obo/XAO_0000437>
<http://purl.obolibrary.org/obo/XAO_0005158>	<http://purl.obolibrary.org/obo/xao#end_stage>	<http://purl.obolibrary.org/obo/XAO_0000437>
<http://purl.obolibrary.org/obo/XAO_1000032>	<http://purl.obolibrary.org/obo/xao#preceded_by>	<http://purl.obolibrary.org/obo/XAO_1000021>
<http://purl.obolibrary.org/obo/XAO_0000285>	<http://purl.obolibrary.org/obo/xao#start_stage>	<http://purl.obolibrary.org/obo/XAO_1000045>
<http://purl.obolibrary.org/obo/XAO_0004066>	<http://purl.obolibrary.org/obo/BFO_0000050>	<http://purl.obolibrary.org/obo/XAO_0000090>
<http://purl.obolibrary.org/obo/XAO_0004106>	<http://purl.obolibrary.org/obo/xao#start_stage>	<http://purl.obolibrary.org/obo/XAO_1000067>
<http://purl.obolibrary.org/obo/XAO_0004392>	<http://purl.obolibrary.org/obo/xao#start_stage>	<http://purl.obolibrary.org/obo/XAO_1000057>
<http://purl.obolibrary.org/obo/XAO_0000339>	<http://purl.obolibrary.org/obo/BFO_0000050>	<http://purl.obolibrary.org/obo/XAO_0004423>
<http://purl.obolibrary.org/obo/XAO_0004429>	<http://purl.obolibrary.org/obo/xao#start_stage>	<http://purl.obolibrary.org/obo/XAO_1000056>
<http://purl.obolibrary.org/obo/XAO_0006041>	<http://purl.obolibrary.org/obo/BFO_0000050>	<http://purl.obolibrary.org/obo/XAO_0003049>
<http://purl.obolibrary.org/obo/XAO_0005105>	<http://purl.obolibrary.org/obo/RO_0002202>	<http://purl.obolibrary.org/obo/XAO_0005092>
<http://purl.obolibrary.org/obo/XAO_0004444>	<http://purl.obolibrary.org/obo/xao#start_stage>	<http://purl.obolibrary.org/obo/XAO_1000050>
<http://purl.obolibrary.org/obo/XAO_0003124>	<http://purl.obolibrary.org/obo/RO_0002202>	<http://purl.obolibrary.org/obo/XAO_0000416>
<http://purl.obolibrary.org/obo/XAO_0000369>	<http://purl.obolibrary.org/obo/xao#start_stage>	<http://purl.obolibrary.org/obo/XAO_1000053>
<http://purl.obolibrary.org/obo/XAO_0004339>	<http://purl.obolibrary.org/obo/RO_0002202>	<http://purl.obolibrary.org/obo/XAO_0004436>
<http://purl.obolibrary.org/obo/XAO_0003163>	<http://purl.obolibrary.org/obo/xao#start_stage>	<http://purl.obolibrary.org/obo/XAO_1000020>
<http://purl.obolibrary.org/obo/XAO_0004174>	<http://purl.obolibrary.org/obo/BFO_0000050>	<http://purl.obolibrary.org/obo/XAO_0000014>
<http://purl.obolibrary.org/obo/XAO_0003080>	<http://purl.obolibrary.org/obo/RO_0002202>	<http://purl.obolibrary.org/obo/XAO_0000056>
<http://purl.obolibrary.org/obo/XAO_0003044>	<http://purl.obolibrary.org/obo/xao#start_stage>	<http://purl.obolibrary.org/obo/XAO_1000020>
<http://purl.obolibrary.org/obo/XAO_0005280>	<http://purl.obolibrary.org/obo/xao#start_stage>	<http://purl.obolibrary.org/obo/XAO_1000032>
<http://purl.obolibrary.org/obo/XAO_0004071>	<http://purl.obolibrary.org/obo/xao#start_stage>	<http://purl.obolibrary.org/obo/XAO_1000047>
<http://purl.obolibrary.org/obo/XAO_0004343>	<http://purl.obolibrary.org/obo/RO_0002202>	<http://purl.obolibrary.org/obo/XAO_0004440>
<http://purl.obolibrary.org/obo/XAO_0005045>	<http://purl.obolibrary.org/obo/xao#start_stage>	<http://purl.obolibrary.org/obo/XAO_1000033>
<http://purl.obolibrary.org/obo/XAO_1000054>	<http://purl.obolibrary.org/obo/xao#preceded_by>	<http://purl.obolibrary.org/obo/XAO_1000053>
<http://purl.obolibrary.org/obo/XAO_0004122>	<http://purl.obolibrary.org/obo/xao#start_stage>	<http://purl.obolibrary.org/obo/XAO_1000018>
<http://purl.obolibrary.org/obo/XAO_0005137>	<http://purl.obolibrary.org/obo/xao#end_stage>	<http://purl.obolibrary.org/obo/XAO_0000437>
<http://purl.obolibrary.org/obo/XAO_0003108>	<http://purl.obolibrary.org/obo/xao#end_stage>	<http://purl.obolibrary.org/obo/XAO_1000059>
<http://purl.obolibrary.org/obo/XAO_0000172>	<http://purl.obolibrary.org/obo/xao#end_stage>	<http://purl.obolibrary.org/obo/XAO_0000437>
<http://purl.obolibrary.org/obo/XAO_0006014>	<http://purl.obolibrary.org/obo/RO_0002202>	<http://purl.obolibrary.org/obo/XAO_0000028>
<http://purl.obolibrary.org/obo/XAO_0000397>	<http://purl.obolibrary.org/obo/BFO_0000050>	<http://purl.obolibrary.org/obo/XAO_0000058>
<http://purl.obolibrary.org/obo/XAO_0000313>	<http://purl.obolibrary.org/obo/xao#start_stage>	<http://purl.obolibrary.org/obo/XAO_1000027>
<http://purl.obolibrary.org/obo/XAO_0004489>	<http://purl.obolibrary.org/obo/xao#end_stage>	<http://purl.obolibrary.org/obo/XAO_0000437>
<http://purl.obolibrary.org/obo/XAO_0004378>	<http://purl.obolibrary.org/obo/xao#end_stage>	<http://purl.obolibrary.org/obo/XAO_0000437>
<http://purl.obolibrary.org/obo/XAO_0005199>	<http://purl.obolibrary.org/obo/xao#start_stage>	<http://purl.obolibrary.org/obo/XAO_1000044>
<http://purl.obolibrary.org/obo/XAO_0000364>	<http://purl.obolibrary.org/obo/RO_0002202>	<http://purl.obolibrary.org/obo/XAO_0000051>
<http://purl.obolibrary.org/obo/XAO_0004295>	<http://purl.obolibrary.org/obo/BFO_0000050>	<http://purl.obolibrary.org/obo/XAO_0003030>
<http://purl.obolibrary.org/obo/XAO_0000316>	<http://purl.obolibrary.org/obo/xao#start_stage>	<http://purl.obolibrary.org/obo/XAO_1000043>
<http://purl.obolibrary.org/obo/XAO_0004258>	<http://purl.obolibrary.org/obo/xao#start_stage>	<http://purl.obolibrary.org/obo/XAO_1000038>
<http://purl.obolibrary.org/obo/XAO_1000069>	<http://purl.obolibrary.org/obo/xao#preceded_by>	<http://purl.obolibrary.org/obo/XAO_1000068>
<http://purl.obolibrary.org/obo/XAO_0004223>	<http://purl.obolibrary.org/obo/xao#end_stage>	<http://purl.obolibrary.org/obo/XAO_1000053>
<http://purl.obolibrary.org/obo/XAO_0005047>	<http://purl.obolibrary.org/obo/xao#end_stage>	<http://purl.obolibrary.org/obo/XAO_0000437>
<http://purl.obolibrary.org/obo/XAO_0000378>	<http://purl.obolibrary.org/obo/RO_0002202>	<http://purl.obolibrary.org/obo/XAO_0000358>
<http://purl.obolibrary.org/obo/XAO_0000345>	<http://purl.obolibrary.org/obo/BFO_0000050>	<http://purl.obolibrary.org/obo/XAO_0000439>
<http://purl.obolibrary.org/obo/XAO_0004576>	<http://purl.obolibrary.org/obo/RO_0002202>	<http://purl.obolibrary.org/obo/XAO_0004258>
<http://purl.obolibrary.org/obo/XAO_0005021>	<http://purl.obolibrary.org/obo/xao#end_stage>	<http://purl.obolibrary.org/obo/XAO_0000437>
<http://purl.obolibrary.org/obo/XAO_0004554>	<http://purl.obolibrary.org/obo/BFO_0000050>	<http://purl.obolibrary.org/obo/XAO_0003098>
<http://purl.obolibrary.org/obo/XAO_0004462>	<http://purl.obolibrary.org/obo/xao#start_stage>	<http://purl.obolibrary.org/obo/XAO_1000021>
<http://purl.obolibrary.org/obo/XAO_0000107>	<http://purl.obolibrary.org/obo/xao#end_stage>	<http://purl.obolibrary.org/obo/XAO_1000078>
<http://purl.obolibrary.org/obo/XAO_0004615>	<http://purl.obolibrary.org/obo/xao#end_stage>	<http://purl.obolibrary.org/obo/XAO_0000437>
<http://purl.obolibrary.org/obo/XAO_0000385>	<http://purl.obolibrary.org/obo/RO_0002202>	<http://purl.obolibrary.org/obo/XAO_0000373>
<http://purl.obolibrary.org/obo/XAO_0003031>	<http://purl.obolibrary.org/obo/xao#start_stage>	<http://purl.obolibrary.org/obo/XAO_1000067>
<http://purl.obolibrary.org/obo/XAO_0004579>	<http://purl.obolibrary.org/obo/xao#start_stage>	<http://purl.obolibrary.org/obo/XAO_1000047>
<http://purl.obolibrary.org/obo/XAO_0004059>	<http://purl.obolibrary.org/obo/xao#start_stage>	<http://purl.obolibrary.org/obo/XAO_1000020>
<http://purl.obolibrary.org/obo/XAO_0000354>	<http://purl.obolibrary.org/obo/RO_0002202>	<http://purl.obolibrary.org/obo/XAO_0000342>
<http://purl.obolibrary.org/obo/XAO_0004623>	<http://purl.obolibrary.org/obo/xao#end_stage>	<http://purl.obolibrary.org/obo/XAO_1000059>
<http://purl.obolibrary.org/obo/XAO_0005025>	<http://purl.obolibrary.org/obo/BFO_0000050>	<http://purl.obolibrary.org/obo/XAO_0003152>
<http://purl.obolibrary.org/obo/XAO_0000096>	<http://purl.obolibrary.org/obo/BFO_0000050>	<http://purl.obolibrary.org/obo/XAO_0003024>
<http://purl.obolibrary.org/obo/XAO_0004548>	<http://purl.obolibrary.org/obo/xao#end_stage>	<http://purl.obolibrary.org/obo/XAO_0000437>
<http://purl.obolibrary.org/obo/XAO_0000028>	<http://purl.obolibrary.org/obo/xao#end_stage>	<http://purl.obolibrary.org/obo/XAO_0000437>
<http://purl.obolibrary.org/obo/XAO_0003117>	<http://purl.obolibrary.org/obo/RO_0002202>	<http://purl.obolibrary.org/obo/XAO_0000410>
<http://purl.obolibrary.org/obo/XAO_0005031>	<http://purl.obolibrary.org/obo/BFO_0000050>	<http://purl.obolibrary.org/obo/XAO_0005028>
<http://purl.obolibrary.org/obo/XAO_0000108>	<http://purl.obolibrary.org/obo/BFO_0000050>	<http://purl.obolibrary.org/obo/XAO_0003204>
<http://purl.obolibrary.org/obo/XAO_0006036>	<http://purl.obolibrary.org/obo/xao#start_stage>	<http://purl.obolibrary.org/obo/XAO_1000038>
<http://purl.obolibrary.org/obo/XAO_0004198>	<http://purl.obolibrary.org/obo/RO_0002202>	<http://purl.obolibrary.org/obo/XAO_0004202>
<http://purl.obolibrary.org/obo/XAO_0005090>	<http://purl.obolibrary.org/obo/xao#start_stage>	<http://purl.obolibrary.org/obo/XAO_1000015>
<http://purl.obolibrary.org/obo/XAO_0006002>	<http://purl.obolibrary.org/obo/BFO_0000050>	<http://purl.obolibrary.org/obo/XAO_0000311>
<http://purl.obolibrary.org/obo/XAO_0000294>	<http://purl.obolibrary.org/obo/RO_0002202>	<http://purl.obolibrary.org/obo/XAO_0000206>
<http://purl.obolibrary.org/obo/XAO_0005055>	<http://purl.obolibrary.org/obo/BFO_0000050>	<http://purl.obolibrary.org/obo/XAO_0004585>
<http://purl.obolibrary.org/obo/XAO_0004596>	<http://purl.obolibrary.org/obo/xao#start_stage>	<http://purl.obolibrary.org/obo/XAO_1000038>
<http://purl.obolibrary.org/obo/XAO_0004411>	<http://purl.obolibrary.org/obo/xao#end_stage>	<http://purl.obolibrary.org/obo/XAO_1000056>
<http://purl.obolibrary.org/obo/XAO_0000263>	<http://purl.obolibrary.org/obo/RO_0002202>	<http://purl.obolibrary.org/obo/XAO_0003149>
<http://purl.obolibrary.org/obo/XAO_0006038>	<http://purl.obolibrary.org/obo/xao#end_stage>	<http://purl.obolibrary.org/obo/XAO_0000437>
<http://purl.obolibrary.org/obo/XAO_0004199>	<http://purl.obolibrary.org/obo/xao#end_stage>	<http://purl.obolibrary.org/obo/XAO_0000437>
<http://purl.obolibrary.org/obo/XAO_0005225>	<http://purl.obolibrary.org/obo/BFO_0000050>	<http://purl.obolibrary.org/obo/XAO_0000192>
<http://purl.obolibrary.org/obo/XAO_0004042>	<http://purl.obolibrary.org/obo/BFO_0000050>	<http://purl.obolibrary.org/obo/XAO_0000168>
<http://purl.obolibrary.org/obo/XAO_0000213>	<http://purl.obolibrary.org/obo/xao#start_stage>	<http://purl.obolibrary.org/obo/XAO_1000059>
<http://purl.obolibrary.org/obo/XAO_0004417>	<http://purl.obolibrary.org/obo/xao#start_stage>	<http://purl.obolibrary.org/obo/XAO_1000070>
<http://purl.obolibrary.org/obo/XAO_0005325>	<http://purl.obolibrary.org/obo/xao#end_stage>	<http://purl.obolibrary.org/obo/XAO_1000059>
<http://purl.obolibrary.org/obo/XAO_0005004>	<http://purl.obolibrary.org/obo/xao#start_stage>	<http://purl.obolibrary.org/obo/XAO_1000093>
<http://purl.obolibrary.org/obo/XAO_1000061>	<http://purl.obolibrary.org/obo/xao#preceded_by>	<http://purl.obolibrary.org/obo/XAO_1000060>
<http://purl.obolibrary.org/obo/XAO_0000165>	<http://purl.obolibrary.org/obo/xao#end_stage>	<http://purl.obolibrary.org/obo/XAO_0000437>
<http://purl.obolibrary.org/obo/XAO_1000035>	<http://purl.obolibrary.org/obo/xao#preceded_by>	<http://purl.obolibrary.org/obo/XAO_1000034>
<http://purl.obolibrary.org/obo/XAO_0000065>	<http://purl.obolibrary.org/obo/xao#end_stage>	<http://purl.obolibrary.org/obo/XAO_0000437>
<http://purl.obolibrary.org/obo/XAO_0004484>	<http://purl.obolibrary.org/obo/BFO_0000050>	<http://purl.obolibrary.org/obo/XAO_0004388>
<http://purl.obolibrary.org/obo/XAO_0004394>	<http://purl.obolibrary.org/obo/xao#end_stage>	<http://purl.obolibrary.org/obo/XAO_1000024>
<http://purl.obolibrary.org/obo/XAO_0003195>	<http://purl.obolibrary.org/obo/xao#start_stage>	<http://purl.obolibrary.org/obo/XAO_1000042>
<http://purl.obolibrary.org/obo/XAO_0003051>	<http://purl.obolibrary.org/obo/xao#start_stage>	<http://purl.obolibrary.org/obo/XAO_1000023>
<http://purl.obolibrary.org/obo/XAO_0000012>	<http://purl.obolibrary.org/obo/BFO_0000050>	<http://purl.obolibrary.org/obo/XAO_0000011>
<http://purl.obolibrary.org/obo/XAO_0005040>	<http://purl.obolibrary.org/obo/xao#start_stage>	<http://purl.obolibrary.org/obo/XAO_1000057>
<http://purl.obolibrary.org/obo/XAO_0000406>	<http://purl.obolibrary.org/obo/xao#end_stage>	<http://purl.obolibrary.org/obo/XAO_1000059>
<http://purl.obolibrary.org/obo/XAO_0003254>	<http://purl.obolibrary.org/obo/xao#end_stage>	<http://purl.obolibrary.org/obo/XAO_0000437>
<http://purl.obolibrary.org/obo/XAO_0005068>	<http://purl.obolibrary.org/obo/xao#start_stage>	<http://purl.obolibrary.org/obo/XAO_1000038>
<http://purl.obolibrary.org/obo/XAO_0000172>	<http://purl.obolibrary.org/obo/BFO_0000050>	<http://purl.obolibrary.org/obo/XAO_0004042>
<http://purl.obolibrary.org/obo/XAO_0003218>	<http://purl.obolibrary.org/obo/xao#end_stage>	<http://purl.obolibrary.org/obo/XAO_0000437>
<http://purl.obolibrary.org/obo/XAO_0003126>	<http://purl.obolibrary.org/obo/xao#end_stage>	<http://purl.obolibrary.org/obo/XAO_1000059>
<http://purl.obolibrary.org/obo/XAO_0005302>	<http://purl.obolibrary.org/obo/RO_0002202>	<http://purl.obolibrary.org/obo/XAO_0000090>
<http://purl.obolibrary.org/obo/XAO_0003166>	<http://purl.obolibrary.org/obo/xao#start_stage>	<http://purl.obolibrary.org/obo/XAO_1000057>
<http://purl.obolibrary.org/obo/XAO_0004125>	<http://purl.obolibrary.org/obo/BFO_0000050>	<http://purl.obolibrary.org/obo/XAO_0005308>
<http://purl.obolibrary.org/obo/XAO_0004236>	<http://purl.obolibrary.org/obo/xao#end_stage>	<http://purl.obolibrary.org/obo/XAO_0000437>
<http://purl.obolibrary.org/obo/XAO_0005247>	<http://purl.obolibrary.org/obo/BFO_0000050>	<http://purl.obolibrary.org/obo/XAO_0000104>
<http://purl.obolibrary.org/obo/XAO_0006023>	<http://purl.obolibrary.org/obo/xao#end_stage>	<http://purl.obolibrary.org/obo/XAO_0000437>
<http://purl.obolibrary.org/obo/XAO_0004255>	<http://purl.obolibrary.org/obo/xao#end_stage>	<http://purl.obolibrary.org/obo/XAO_0000437>
<http://purl.obolibrary.org/obo/XAO_0004160>	<http://purl.obolibrary.org/obo/xao#start_stage>	<http://purl.obolibrary.org/obo/XAO_1000050>
<http://purl.obolibrary.org/obo/XAO_0004220>	<http://purl.obolibrary.org/obo/xao#start_stage>	<http://purl.obolibrary.org/obo/XAO_1000044>
<http://purl.obolibrary.org/obo/XAO_1000027>	<http://purl.obolibrary.org/obo/BFO_0000050>	<http://purl.obolibrary.org/obo/XAO_1000006>
<http://purl.obolibrary.org/obo/XAO_0005186>	<http://purl.obolibrary.org/obo/xao#end_stage>	<http://purl.obolibrary.org/obo/XAO_0000437>
<http://purl.obolibrary.org/obo/XAO_0004297>	<http://purl.obolibrary.org/obo/xao#start_stage>	<http://purl.obolibrary.org/obo/XAO_1000068>
<http://purl.obolibrary.org/obo/XAO_0005158>	<http://purl.obolibrary.org/obo/xao#start_stage>	<http://purl.obolibrary.org/obo/XAO_1000052>
<http://purl.obolibrary.org/obo/XAO_0004206>	<http://purl.obolibrary.org/obo/xao#start_stage>	<http://purl.obolibrary.org/obo/XAO_1000032>
<http://purl.obolibrary.org/obo/XAO_0005127>	<http://purl.obolibrary.org/obo/xao#start_stage>	<http://purl.obolibrary.org/obo/XAO_1000036>
<http://purl.obolibrary.org/obo/XAO_0005288>	<http://purl.obolibrary.org/obo/BFO_0000050>	<http://purl.obolibrary.org/obo/XAO_0005289>
<http://purl.obolibrary.org/obo/XAO_0000401>	<http://purl.obolibrary.org/obo/BFO_0000050>	<http://purl.obolibrary.org/obo/XAO_0000397>
<http://purl.obolibrary.org/obo/XAO_0003249>	<http://purl.obolibrary.org/obo/xao#end_stage>	<http://purl.obolibrary.org/obo/XAO_0000437>
<http://purl.obolibrary.org/obo/XAO_0004502>	<http://purl.obolibrary.org/obo/xao#end_stage>	<http://purl.obolibrary.org/obo/XAO_0000437>
<http://purl.obolibrary.org/obo/XAO_0000328>	<http://purl.obolibrary.org/obo/RO_0002202>	<http://purl.obolibrary.org/obo/XAO_0000326>
<http://purl.obolibrary.org/obo/XAO_0004590>	<http://purl.obolibrary.org/obo/xao#end_stage>	<http://purl.obolibrary.org/obo/XAO_0000437>
<http://purl.obolibrary.org/obo/XAO_0004269>	<http://purl.obolibrary.org/obo/xao#end_stage>	<http://purl.obolibrary.org/obo/XAO_1000053>
<http://purl.obolibrary.org/obo/XAO_0004380>	<http://purl.obolibrary.org/obo/BFO_0000050>	<http://purl.obolibrary.org/obo/XAO_0003059>
<http://purl.obolibrary.org/obo/XAO_0000366>	<http://purl.obolibrary.org/obo/BFO_0000050>	<http://purl.obolibrary.org/obo/XAO_0004152>
<http://purl.obolibrary.org/obo/XAO_0005029>	<http://purl.obolibrary.org/obo/BFO_0000050>	<http://purl.obolibrary.org/obo/XAO_0003226>
<http://purl.obolibrary.org/obo/XAO_0004079>	<http://purl.obolibrary.org/obo/BFO_0000050>	<http://purl.obolibrary.org/obo/XAO_0000015>
<http://purl.obolibrary.org/obo/XAO_0004514>	<http://purl.obolibrary.org/obo/BFO_0000050>	<http://purl.obolibrary.org/obo/XAO_0003226>
<http://purl.obolibrary.org/obo/XAO_0004307>	<http://purl.obolibrary.org/obo/xao#start_stage>	<http://purl.obolibrary.org/obo/XAO_1000023>
<http://purl.obolibrary.org/obo/XAO_0004443>	<http://purl.obolibrary.org/obo/xao#start_stage>	<http://purl.obolibrary.org/obo/XAO_1000052>
<http://purl.obolibrary.org/obo/XAO_0005110>	<http://purl.obolibrary.org/obo/RO_0002202>	<http://purl.obolibrary.org/obo/XAO_0005095>
<http://purl.obolibrary.org/obo/XAO_0000227>	<http://purl.obolibrary.org/obo/xao#start_stage>	<http://purl.obolibrary.org/obo/XAO_1000025>
<http://purl.obolibrary.org/obo/XAO_0003146>	<http://purl.obolibrary.org/obo/xao#start_stage>	<http://purl.obolibrary.org/obo/XAO_1000064>
<http://purl.obolibrary.org/obo/XAO_0004144>	<http://purl.obolibrary.org/obo/xao#start_stage>	<http://purl.obolibrary.org/obo/XAO_1000027>
<http://purl.obolibrary.org/obo/XAO_0000109>	<http://purl.obolibrary.org/obo/BFO_0000050>	<http://purl.obolibrary.org/obo/XAO_0005245>
<http://purl.obolibrary.org/obo/XAO_0003011>	<http://purl.obolibrary.org/obo/BFO_0000050>	<http://purl.obolibrary.org/obo/XAO_0000113>
<http://purl.obolibrary.org/obo/XAO_0004110>	<http://purl.obolibrary.org/obo/BFO_0000050>	<http://purl.obolibrary.org/obo/XAO_0003215>
<http://purl.obolibrary.org/obo/XAO_0005322>	<http://purl.obolibrary.org/obo/xao#start_stage>	<http://purl.obolibrary.org/obo/XAO_1000057>
<http://purl.obolibrary.org/obo/XAO_0005181>	<http://purl.obolibrary.org/obo/xao#end_stage>	<http://purl.obolibrary.org/obo/XAO_0000437>
<http://purl.obolibrary.org/obo/XAO_0004019>	<http://purl.obolibrary.org/obo/xao#start_stage>	<http://purl.obolibrary.org/obo/XAO_1000057>
<http://purl.obolibrary.org/obo/XAO_0004082>	<http://purl.obolibrary.org/obo/xao#start_stage>	<http://purl.obolibrary.org/obo/XAO_1000038>
<http://purl.obolibrary.org/obo/XAO_0003190>	<http://purl.obolibrary.org/obo/xao#end_stage>	<http://purl.obolibrary.org/obo/XAO_0000437>
<http://purl.obolibrary.org/obo/XAO_0000037>	<http://purl.obolibrary.org/obo/xao#start_stage>	<http://purl.obolibrary.org/obo/XAO_1000017>
<http://purl.obolibrary.org/obo/XAO_0005014>	<http://purl.obolibrary.org/obo/xao#end_stage>	<http://purl.obolibrary.org/obo/XAO_0000437>
<http://purl.obolibrary.org/obo/XAO_0000093>	<http://purl.obolibrary.org/obo/BFO_0000050>	<http://purl.obolibrary.org/obo/XAO_0000092>
<http://purl.obolibrary.org/obo/XAO_0005299>	<http://purl.obolibrary.org/obo/BFO_0000050>	<http://purl.obolibrary.org/obo/XAO_0000127>
<http://purl.obolibrary.org/obo/XAO_0004280>	<http://purl.obolibrary.org/obo/xao#start_stage>	<http://purl.obolibrary.org/obo/XAO_1000057>
<http://purl.obolibrary.org/obo/XAO_0005145>	<http://purl.obolibrary.org/obo/xao#end_stage>	<http://purl.obolibrary.org/obo/XAO_0000437>
<http://purl.obolibrary.org/obo/XAO_0004087>	<http://purl.obolibrary.org/obo/BFO_0000050>	<http://purl.obolibrary.org/obo/XAO_0000249>
<http://purl.obolibrary.org/obo/XAO_0000451>	<http://purl.obolibrary.org/obo/RO_0002202>	<http://purl.obolibrary.org/obo/XAO_0000255>
<http://purl.obolibrary.org/obo/XAO_0005264>	<http://purl.obolibrary.org/obo/xao#start_stage>	<http://purl.obolibrary.org/obo/XAO_1000042>
<http://purl.obolibrary.org/obo/XAO_0004130>	<http://purl.obolibrary.org/obo/xao#end_stage>	<http://purl.obolibrary.org/obo/XAO_0000437>
<http://purl.obolibrary.org/obo/XAO_0000388>	<http://purl.obolibrary.org/obo/xao#end_stage>	<http://purl.obolibrary.org/obo/XAO_0000437>
<http://purl.obolibrary.org/obo/XAO_0000244>	<http://purl.obolibrary.org/obo/xao#start_stage>	<http://purl.obolibrary.org/obo/XAO_1000045>
<http://purl.obolibrary.org/obo/XAO_0006018>	<http://purl.obolibrary.org/obo/BFO_0000050>	<http://purl.obolibrary.org/obo/XAO_0000035>
<http://purl.obolibrary.org/obo/XAO_0000314>	<http://purl.obolibrary.org/obo/BFO_0000050>	<http://purl.obolibrary.org/obo/XAO_0003025>
<http://purl.obolibrary.org/obo/XAO_0004494>	<http://purl.obolibrary.org/obo/xao#start_stage>	<http://purl.obolibrary.org/obo/XAO_1000066>
<http://purl.obolibrary.org/obo/XAO_0003077>	<http://purl.obolibrary.org/obo/xao#start_stage>	<http://purl.obolibrary.org/obo/XAO_1000060>
<http://purl.obolibrary.org/obo/XAO_0005327>	<http://purl.obolibrary.org/obo/xao#start_stage>	<http://purl.obolibrary.org/obo/XAO_1000023>
<http://purl.obolibrary.org/obo/XAO_0004400>	<http://purl.obolibrary.org/obo/xao#end_stage>	<http://purl.obolibrary.org/obo/XAO_0000437>
<http://purl.obolibrary.org/obo/XAO_0000017>	<http://purl.obolibrary.org/obo/BFO_0000050>	<http://purl.obolibrary.org/obo/XAO_0000158>
<http://purl.obolibrary.org/obo/XAO_0000461>	<http://purl.obolibrary.org/obo/xao#end_stage>	<http://purl.obolibrary.org/obo/XAO_1000053>
<http://purl.obolibrary.org/obo/XAO_0000048>	<http://purl.obolibrary.org/obo/xao#start_stage>	<http://purl.obolibrary.org/obo/XAO_1000023>
<http://purl.obolibrary.org/obo/XAO_0000385>	<http://purl.obolibrary.org/obo/RO_0002202>	<http://purl.obolibrary.org/obo/XAO_0000383>
<http://purl.obolibrary.org/obo/XAO_0004263>	<http://purl.obolibrary.org/obo/xao#start_stage>	<http://purl.obolibrary.org/obo/XAO_1000067>
<http://purl.obolibrary.org/obo/XAO_0000248>	<http://purl.obolibrary.org/obo/xao#start_stage>	<http://purl.obolibrary.org/obo/XAO_1000023>
<http://purl.obolibrary.org/obo/XAO_0003229>	<http://purl.obolibrary.org/obo/xao#end_stage>	<http://purl.obolibrary.org/obo/XAO_0000437>
<http://purl.obolibrary.org/obo/XAO_0004523>	<http://purl.obolibrary.org/obo/BFO_0000050>	<http://purl.obolibrary.org/obo/XAO_0000104>
<http://purl.obolibrary.org/obo/XAO_0005281>	<http://purl.obolibrary.org/obo/xao#start_stage>	<http://purl.obolibrary.org/obo/XAO_1000032>
<http://purl.obolibrary.org/obo/XAO_0003175>	<http://purl.obolibrary.org/obo/xao#end_stage>	<http://purl.obolibrary.org/obo/XAO_0000437>
<http://purl.obolibrary.org/obo/XAO_0004167>	<http://purl.obolibrary.org/obo/BFO_0000050>	<http://purl.obolibrary.org/obo/XAO_0004152>
<http://purl.obolibrary.org/obo/XAO_0004180>	<http://purl.obolibrary.org/obo/BFO_0000050>	<http://purl.obolibrary.org/obo/XAO_0003196>
<http://purl.obolibrary.org/obo/XAO_0004486>	<http://purl.obolibrary.org/obo/xao#end_stage>	<http://purl.obolibrary.org/obo/XAO_0000437>
<http://purl.obolibrary.org/obo/XAO_0000001>	<http://purl.obolibrary.org/obo/xao#start_stage>	<http://purl.obolibrary.org/obo/XAO_1000020>
<http://purl.obolibrary.org/obo/XAO_0003230>	<http://purl.obolibrary.org/obo/xao#end_stage>	<http://purl.obolibrary.org/obo/XAO_0000437>
<http://purl.obolibrary.org/obo/XAO_0004046>	<http://purl.obolibrary.org/obo/xao#start_stage>	<http://purl.obolibrary.org/obo/XAO_1000072>
<http://purl.obolibrary.org/obo/XAO_0005197>	<http://purl.obolibrary.org/obo/xao#start_stage>	<http://purl.obolibrary.org/obo/XAO_1000032>
<http://purl.obolibrary.org/obo/XAO_0004313>	<http://purl.obolibrary.org/obo/xao#start_stage>	<http://purl.obolibrary.org/obo/XAO_1000052>
<http://purl.obolibrary.org/obo/XAO_0000113>	<http://purl.obolibrary.org/obo/xao#end_stage>	<http://purl.obolibrary.org/obo/XAO_1000056>
<http://purl.obolibrary.org/obo/XAO_0003220>	<http://purl.obolibrary.org/obo/xao#start_stage>	<http://purl.obolibrary.org/obo/XAO_1000052>
<http://purl.obolibrary.org/obo/XAO_0004244>	<http://purl.obolibrary.org/obo/xao#end_stage>	<http://purl.obolibrary.org/obo/XAO_0000437>
<http://purl.obolibrary.org/obo/XAO_0004322>	<http://purl.obolibrary.org/obo/xao#end_stage>	<http://purl.obolibrary.org/obo/XAO_0000437>
<http://purl.obolibrary.org/obo/XAO_0004446>	<http://purl.obolibrary.org/obo/xao#start_stage>	<http://purl.obolibrary.org/obo/XAO_1000052>
<http://purl.obolibrary.org/obo/XAO_0000288>	<http://purl.obolibrary.org/obo/xao#end_stage>	<http://purl.obolibrary.org/obo/XAO_1000076>
<http://purl.obolibrary.org/obo/XAO_0006007>	<http://purl.obolibrary.org/obo/xao#end_stage>	<http://purl.obolibrary.org/obo/XAO_0000437>
<http://purl.obolibrary.org/obo/XAO_0000305>	<http://purl.obolibrary.org/obo/RO_0002202>	<http://purl.obolibrary.org/obo/XAO_0000037>
<http://purl.obolibrary.org/obo/XAO_0004151>	<http://purl.obolibrary.org/obo/xao#start_stage>	<http://purl.obolibrary.org/obo/XAO_1000049>
<http://purl.obolibrary.org/obo/XAO_0004417>	<http://purl.obolibrary.org/obo/BFO_0000050>	<http://purl.obolibrary.org/obo/XAO_0004239>
<http://purl.obolibrary.org/obo/XAO_0000267>	<http://purl.obolibrary.org/obo/xao#start_stage>	<http://purl.obolibrary.org/obo/XAO_1000045>
<http://purl.obolibrary.org/obo/XAO_0004448>	<http://purl.obolibrary.org/obo/xao#end_stage>	<http://purl.obolibrary.org/obo/XAO_1000053>
<http://purl.obolibrary.org/obo/XAO_0004299>	<http://purl.obolibrary.org/obo/xao#start_stage>	<http://purl.obolibrary.org/obo/XAO_1000068>
<http://purl.obolibrary.org/obo/XAO_0004571>	<http://purl.obolibrary.org/obo/xao#start_stage>	<http://purl.obolibrary.org/obo/XAO_1000047>
<http://purl.obolibrary.org/obo/XAO_0000032>	<http://purl.obolibrary.org/obo/xao#end_stage>	<http://purl.obolibrary.org/obo/XAO_1000052>
<http://purl.obolibrary.org/obo/XAO_0000077>	<http://purl.obolibrary.org/obo/xao#end_stage>	<http://purl.obolibrary.org/obo/XAO_1000033>
<http://purl.obolibrary.org/obo/XAO_0003194>	<http://purl.obolibrary.org/obo/xao#start_stage>	<http://purl.obolibrary.org/obo/XAO_1000034>
<http://purl.obolibrary.org/obo/XAO_0005010>	<http://purl.obolibrary.org/obo/xao#start_stage>	<http://purl.obolibrary.org/obo/XAO_1000025>
<http://purl.obolibrary.org/obo/XAO_0000457>	<http://purl.obolibrary.org/obo/xao#start_stage>	<http://purl.obolibrary.org/obo/XAO_1000052>
<http://purl.obolibrary.org/obo/XAO_0004331>	<http://purl.obolibrary.org/obo/RO_0002202>	<http://purl.obolibrary.org/obo/XAO_0004428>
<http://purl.obolibrary.org/obo/XAO_0000151>	<http://purl.obolibrary.org/obo/xao#end_stage>	<http://purl.obolibrary.org/obo/XAO_0000437>
<http://purl.obolibrary.org/obo/XAO_0000023>	<http://purl.obolibrary.org/obo/xao#start_stage>	<http://purl.obolibrary.org/obo/XAO_1000039>
<http://purl.obolibrary.org/obo/XAO_0004068>	<http://purl.obolibrary.org/obo/BFO_0000050>	<http://purl.obolibrary.org/obo/XAO_0000090>
<http://purl.obolibrary.org/obo/XAO_0004516>	<http://purl.obolibrary.org/obo/xao#end_stage>	<http://purl.obolibrary.org/obo/XAO_1000023>
<http://purl.obolibrary.org/obo/XAO_0000022>	<http://purl.obolibrary.org/obo/xao#end_stage>	<http://purl.obolibrary.org/obo/XAO_1000078>
<http://purl.obolibrary.org/obo/XAO_0006002>	<http://purl.obolibrary.org/obo/xao#start_stage>	<http://purl.obolibrary.org/obo/XAO_1000033>
<http://purl.obolibrary.org/obo/XAO_0004125>	<http://purl.obolibrary.org/obo/xao#end_stage>	<http://purl.obolibrary.org/obo/XAO_0000437>
<http://purl.obolibrary.org/obo/XAO_0003020>	<http://purl.obolibrary.org/obo/xao#start_stage>	<http://purl.obolibrary.org/obo/XAO_1000071>
<http://purl.obolibrary.org/obo/XAO_0003241>	<http://purl.obolibrary.org/obo/BFO_0000050>	<http://purl.obolibrary.org/obo/XAO_0000113>
<http://purl.obolibrary.org/obo/XAO_0000242>	<http://purl.obolibrary.org/obo/xao#start_stage>	<http://purl.obolibrary.org/obo/XAO_1000057>
<http://purl.obolibrary.org/obo/XAO_0004229>	<http://purl.obolibrary.org/obo/xao#end_stage>	<http://purl.obolibrary.org/obo/XAO_1000058>
<http://purl.obolibrary.org/obo/XAO_0005099>	<http://purl.obolibrary.org/obo/RO_0002202>	<http://purl.obolibrary.org/obo/XAO_0005089>
<http://purl.obolibrary.org/obo/XAO_0000197>	<http://purl.obolibrary.org/obo/xao#start_stage>	<http://purl.obolibrary.org/obo/XAO_1000059>
<http://purl.obolibrary.org/obo/XAO_0000429>	<http://purl.obolibrary.org/obo/xao#start_stage>	<http://purl.obolibrary.org/obo/XAO_1000044>
<http://purl.obolibrary.org/obo/XAO_0004397>	<http://purl.obolibrary.org/obo/xao#start_stage>	<http://purl.obolibrary.org/obo/XAO_1000023>
<http://purl.obolibrary.org/obo/XAO_0000327>	<http://purl.obolibrary.org/obo/xao#end_stage>	<http://purl.obolibrary.org/obo/XAO_1000056>
<http://purl.obolibrary.org/obo/XAO_0000123>	<http://purl.obolibrary.org/obo/RO_0002202>	<http://purl.obolibrary.org/obo/XAO_0006027>
<http://purl.obolibrary.org/obo/XAO_0004366>	<http://purl.obolibrary.org/obo/BFO_0000050>	<http://purl.obolibrary.org/obo/XAO_0003059>
<http://purl.obolibrary.org/obo/XAO_0000284>	<http://purl.obolibrary.org/obo/RO_0002202>	<http://purl.obolibrary.org/obo/XAO_0000320>
<http://purl.obolibrary.org/obo/XAO_0004483>	<http://purl.obolibrary.org/obo/BFO_0000050>	<http://purl.obolibrary.org/obo/XAO_0004387>
<http://purl.obolibrary.org/obo/XAO_0004002>	<http://purl.obolibrary.org/obo/xao#start_stage>	<http://purl.obolibrary.org/obo/XAO_1000048>
<http://purl.obolibrary.org/obo/XAO_0004521>	<http://purl.obolibrary.org/obo/BFO_0000050>	<http://purl.obolibrary.org/obo/XAO_0003025>
<http://purl.obolibrary.org/obo/XAO_0000352>	<http://purl.obolibrary.org/obo/xao#start_stage>	<http://purl.obolibrary.org/obo/XAO_1000049>
<http://purl.obolibrary.org/obo/XAO_1000005>	<http://purl.obolibrary.org/obo/xao#preceded_by>	<http://purl.obolibrary.org/obo/XAO_1000003>
<http://purl.obolibrary.org/obo/XAO_0000328>	<http://purl.obolibrary.org/obo/RO_0002202>	<http://purl.obolibrary.org/obo/XAO_0000327>
<http://purl.obolibrary.org/obo/XAO_0003172>	<http://purl.obolibrary.org/obo/BFO_0000050>	<http://purl.obolibrary.org/obo/XAO_0003075>
<http://purl.obolibrary.org/obo/XAO_1000019>	<http://purl.obolibrary.org/obo/xao#preceded_by>	<http://purl.obolibrary.org/obo/XAO_1000018>
<http://purl.obolibrary.org/obo/XAO_0000129>	<http://purl.obolibrary.org/obo/BFO_0000050>	<http://purl.obolibrary.org/obo/XAO_0005501>
<http://purl.obolibrary.org/obo/XAO_0003034>	<http://purl.obolibrary.org/obo/xao#end_stage>	<http://purl.obolibrary.org/obo/XAO_0000437>
<http://purl.obolibrary.org/obo/XAO_0000042>	<http://purl.obolibrary.org/obo/xao#start_stage>	<http://purl.obolibrary.org/obo/XAO_1000020>
<http://purl.obolibrary.org/obo/XAO_0004625>	<http://purl.obolibrary.org/obo/xao#end_stage>	<http://purl.obolibrary.org/obo/XAO_1000078>
<http://purl.obolibrary.org/obo/XAO_0000098>	<http://purl.obolibrary.org/obo/RO_0002202>	<http://purl.obolibrary.org/obo/XAO_0000247>
<http://purl.obolibrary.org/obo/XAO_0004008>	<http://purl.obolibrary.org/obo/xao#end_stage>	<http://purl.obolibrary.org/obo/XAO_0000437>
<http://purl.obolibrary.org/obo/XAO_0004505>	<http://purl.obolibrary.org/obo/BFO_0000050>	<http://purl.obolibrary.org/obo/XAO_0004503>
<http://purl.obolibrary.org/obo/XAO_0005202>	<http://purl.obolibrary.org/obo/xao#start_stage>	<http://purl.obolibrary.org/obo/XAO_1000032>
<http://purl.obolibrary.org/obo/XAO_0000018>	<http://purl.obolibrary.org/obo/xao#start_stage>	<http://purl.obolibrary.org/obo/XAO_1000055>
<http://purl.obolibrary.org/obo/XAO_0000053>	<http://purl.obolibrary.org/obo/BFO_0000050>	<http://purl.obolibrary.org/obo/XAO_0000050>
<http://purl.obolibrary.org/obo/XAO_0005424>	<http://purl.obolibrary.org/obo/xao#end_stage>	<http://purl.obolibrary.org/obo/XAO_0000437>
<http://purl.obolibrary.org/obo/XAO_0004538>	<http://purl.obolibrary.org/obo/xao#end_stage>	<http://purl.obolibrary.org/obo/XAO_0000437>
<http://purl.obolibrary.org/obo/XAO_0003152>	<http://purl.obolibrary.org/obo/xao#end_stage>	<http://purl.obolibrary.org/obo/XAO_0000437>
<http://purl.obolibrary.org/obo/XAO_0006024>	<http://purl.obolibrary.org/obo/BFO_0000050>	<http://purl.obolibrary.org/obo/XAO_0003152>
<http://purl.obolibrary.org/obo/XAO_0004221>	<http://purl.obolibrary.org/obo/xao#end_stage>	<http://purl.obolibrary.org/obo/XAO_1000053>
<http://purl.obolibrary.org/obo/XAO_0004169>	<http://purl.obolibrary.org/obo/BFO_0000050>	<http://purl.obolibrary.org/obo/XAO_0004152>
<http://purl.obolibrary.org/obo/XAO_0000311>	<http://purl.obolibrary.org/obo/BFO_0000050>	<http://purl.obolibrary.org/obo/XAO_0000050>
<http://purl.obolibrary.org/obo/XAO_0005187>	<http://purl.obolibrary.org/obo/BFO_0000050>	<http://purl.obolibrary.org/obo/XAO_0000017>
<http://purl.obolibrary.org/obo/XAO_0004024>	<http://purl.obolibrary.org/obo/BFO_0000050>	<http://purl.obolibrary.org/obo/XAO_0003024>
<http://purl.obolibrary.org/obo/XAO_0000451>	<http://purl.obolibrary.org/obo/xao#end_stage>	<http://purl.obolibrary.org/obo/XAO_0000437>
<http://purl.obolibrary.org/obo/XAO_0004420>	<http://purl.obolibrary.org/obo/xao#end_stage>	<http://purl.obolibrary.org/obo/XAO_0000437>
<http://purl.obolibrary.org/obo/XAO_0004363>	<http://purl.obolibrary.org/obo/xao#end_stage>	<http://purl.obolibrary.org/obo/XAO_0000437>
<http://purl.obolibrary.org/obo/XAO_0003014>	<http://purl.obolibrary.org/obo/xao#end_stage>	<http://purl.obolibrary.org/obo/XAO_0000437>
<http://purl.obolibrary.org/obo/XAO_0000280>	<http://purl.obolibrary.org/obo/xao#end_stage>	<http://purl.obolibrary.org/obo/XAO_1000021>
<http://purl.obolibrary.org/obo/XAO_0003154>	<http://purl.obolibrary.org/obo/xao#end_stage>	<http://purl.obolibrary.org/obo/XAO_0000437>
<http://purl.obolibrary.org/obo/XAO_0006054>	<http://purl.obolibrary.org/obo/xao#end_stage>	<http://purl.obolibrary.org/obo/XAO_0000437>
<http://purl.obolibrary.org/obo/XAO_0000392>	<http://purl.obolibrary.org/obo/RO_0002202>	<http://purl.obolibrary.org/obo/XAO_0000358>
<http://purl.obolibrary.org/obo/XAO_0004370>	<http://purl.obolibrary.org/obo/xao#end_stage>	<http://purl.obolibrary.org/obo/XAO_0000437>
<http://purl.obolibrary.org/obo/XAO_0003199>	<http://purl.obolibrary.org/obo/xao#end_stage>	<http://purl.obolibrary.org/obo/XAO_0000437>
<http://purl.obolibrary.org/obo/XAO_0000117>	<http://purl.obolibrary.org/obo/xao#start_stage>	<http://purl.obolibrary.org/obo/XAO_1000044>
<http://purl.obolibrary.org/obo/XAO_0000033>	<http://purl.obolibrary.org/obo/xao#start_stage>	<http://purl.obolibrary.org/obo/XAO_1000044>
<http://purl.obolibrary.org/obo/XAO_0003092>	<http://purl.obolibrary.org/obo/xao#start_stage>	<http://purl.obolibrary.org/obo/XAO_1000044>
<http://purl.obolibrary.org/obo/XAO_0005148>	<http://purl.obolibrary.org/obo/xao#end_stage>	<http://purl.obolibrary.org/obo/XAO_0000437>
<http://purl.obolibrary.org/obo/XAO_0005131>	<http://purl.obolibrary.org/obo/BFO_0000050>	<http://purl.obolibrary.org/obo/XAO_0000010>
<http://purl.obolibrary.org/obo/XAO_0003129>	<http://purl.obolibrary.org/obo/RO_0002202>	<http://purl.obolibrary.org/obo/XAO_0000419>
<http://purl.obolibrary.org/obo/XAO_0000232>	<http://purl.obolibrary.org/obo/xao#end_stage>	<http://purl.obolibrary.org/obo/XAO_1000056>
<http://purl.obolibrary.org/obo/XAO_0005060>	<http://purl.obolibrary.org/obo/xao#start_stage>	<http://purl.obolibrary.org/obo/XAO_1000045>
<http://purl.obolibrary.org/obo/XAO_0003004>	<http://purl.obolibrary.org/obo/xao#start_stage>	<http://purl.obolibrary.org/obo/XAO_1000001>
<http://purl.obolibrary.org/obo/XAO_0004587>	<http://purl.obolibrary.org/obo/BFO_0000050>	<http://purl.obolibrary.org/obo/XAO_0004540>
<http://purl.obolibrary.org/obo/XAO_0004208>	<http://purl.obolibrary.org/obo/BFO_0000050>	<http://purl.obolibrary.org/obo/XAO_0004091>
<http://purl.obolibrary.org/obo/XAO_0005138>	<http://purl.obolibrary.org/obo/xao#start_stage>	<http://purl.obolibrary.org/obo/XAO_1000083>
<http://purl.obolibrary.org/obo/XAO_1000010>	<http://purl.obolibrary.org/obo/xao#preceded_by>	<http://purl.obolibrary.org/obo/XAO_1000008>
<http://purl.obolibrary.org/obo/XAO_0004000>	<http://purl.obolibrary.org/obo/xao#end_stage>	<http://purl.obolibrary.org/obo/XAO_0000437>
<http://purl.obolibrary.org/obo/XAO_0000103>	<http://purl.obolibrary.org/obo/RO_0002202>	<http://purl.obolibrary.org/obo/XAO_0000092>
<http://purl.obolibrary.org/obo/XAO_0006044>	<http://purl.obolibrary.org/obo/RO_0002202>	<http://purl.obolibrary.org/obo/XAO_0006027>
<http://purl.obolibrary.org/obo/XAO_0004187>	<http://purl.obolibrary.org/obo/BFO_0000050>	<http://purl.obolibrary.org/obo/XAO_0000026>
<http://purl.obolibrary.org/obo/XAO_0004344>	<http://purl.obolibrary.org/obo/xao#start_stage>	<http://purl.obolibrary.org/obo/XAO_1000054>
<http://purl.obolibrary.org/obo/XAO_0004608>	<http://purl.obolibrary.org/obo/xao#end_stage>	<http://purl.obolibrary.org/obo/XAO_0000437>
<http://purl.obolibrary.org/obo/XAO_0000387>	<http://purl.obolibrary.org/obo/xao#end_stage>	<http://purl.obolibrary.org/obo/XAO_0000437>
<http://purl.obolibrary.org/obo/XAO_0000372>	<http://purl.obolibrary.org/obo/RO_0002202>	<http://purl.obolibrary.org/obo/XAO_0000358>
<http://purl.obolibrary.org/obo/XAO_1000061>	<http://purl.obolibrary.org/obo/BFO_0000050>	<http://purl.obolibrary.org/obo/XAO_1000089>
<http://purl.obolibrary.org/obo/XAO_0004052>	<http://purl.obolibrary.org/obo/xao#end_stage>	<http://purl.obolibrary.org/obo/XAO_0000437>
<http://purl.obolibrary.org/obo/XAO_0004209>	<http://purl.obolibrary.org/obo/RO_0002202>	<http://purl.obolibrary.org/obo/XAO_0000042>
<http://purl.obolibrary.org/obo/XAO_0005198>	<http://purl.obolibrary.org/obo/BFO_0000050>	<http://purl.obolibrary.org/obo/XAO_0000064>
<http://purl.obolibrary.org/obo/XAO_1000016>	<http://purl.obolibrary.org/obo/xao#preceded_by>	<http://purl.obolibrary.org/obo/XAO_1000015>
<http://purl.obolibrary.org/obo/XAO_0000379>	<http://purl.obolibrary.org/obo/RO_0002202>	<http://purl.obolibrary.org/obo/XAO_0000358>
<http://purl.obolibrary.org/obo/XAO_0004350>	<http://purl.obolibrary.org/obo/xao#start_stage>	<http://purl.obolibrary.org/obo/XAO_1000054>
<http://purl.obolibrary.org/obo/XAO_1000066>	<http://purl.obolibrary.org/obo/xao#preceded_by>	<http://purl.obolibrary.org/obo/XAO_1000065>
<http://purl.obolibrary.org/obo/XAO_0003145>	<http://purl.obolibrary.org/obo/BFO_0000050>	<http://purl.obolibrary.org/obo/XAO_0000192>
<http://purl.obolibrary.org/obo/XAO_0004488>	<http://purl.obolibrary.org/obo/BFO_0000050>	<http://purl.obolibrary.org/obo/XAO_0003214>
<http://purl.obolibrary.org/obo/XAO_0000416>	<http://purl.obolibrary.org/obo/xao#start_stage>	<http://purl.obolibrary.org/obo/XAO_1000039>
<http://purl.obolibrary.org/obo/XAO_0004384>	<http://purl.obolibrary.org/obo/BFO_0000050>	<http://purl.obolibrary.org/obo/XAO_0000281>
<http://purl.obolibrary.org/obo/XAO_0000368>	<http://purl.obolibrary.org/obo/xao#end_stage>	<http://purl.obolibrary.org/obo/XAO_0000437>
<http://purl.obolibrary.org/obo/XAO_0005018>	<http://purl.obolibrary.org/obo/xao#start_stage>	<http://purl.obolibrary.org/obo/XAO_1000038>
<http://purl.obolibrary.org/obo/XAO_0003064>	<http://purl.obolibrary.org/obo/BFO_0000050>	<http://purl.obolibrary.org/obo/XAO_0003166>
<http://purl.obolibrary.org/obo/XAO_0004613>	<http://purl.obolibrary.org/obo/xao#start_stage>	<http://purl.obolibrary.org/obo/XAO_1000025>
<http://purl.obolibrary.org/obo/XAO_1000076>	<http://purl.obolibrary.org/obo/BFO_0000050>	<http://purl.obolibrary.org/obo/XAO_1000091>
<http://purl.obolibrary.org/obo/XAO_0004583>	<http://purl.obolibrary.org/obo/xao#end_stage>	<http://purl.obolibrary.org/obo/XAO_0000437>
<http://purl.obolibrary.org/obo/XAO_0000357>	<http://purl.obolibrary.org/obo/xao#end_stage>	<http://purl.obolibrary.org/obo/XAO_0000437>
<http://purl.obolibrary.org/obo/XAO_0004507>	<http://purl.obolibrary.org/obo/BFO_0000050>	<http://purl.obolibrary.org/obo/XAO_0004035>
<http://purl.obolibrary.org/obo/XAO_0004467>	<http://purl.obolibrary.org/obo/xao#end_stage>	<http://purl.obolibrary.org/obo/XAO_1000001>
<http://purl.obolibrary.org/obo/XAO_0003098>	<http://purl.obolibrary.org/obo/BFO_0000050>	<http://purl.obolibrary.org/obo/XAO_0000015>
<http://purl.obolibrary.org/obo/XAO_0005121>	<http://purl.obolibrary.org/obo/BFO_0000050>	<http://purl.obolibrary.org/obo/XAO_0000113>
<http://purl.obolibrary.org/obo/XAO_0003074>	<http://purl.obolibrary.org/obo/BFO_0000050>	<http://purl.obolibrary.org/obo/XAO_0003073>
<http://purl.obolibrary.org/obo/XAO_0000220>	<http://purl.obolibrary.org/obo/RO_0002202>	<http://purl.obolibrary.org/obo/XAO_0000405>
<http://purl.obolibrary.org/obo/XAO_0000041>	<http://purl.obolibrary.org/obo/xao#start_stage>	<http://purl.obolibrary.org/obo/XAO_1000036>
<http://purl.obolibrary.org/obo/XAO_0003135>	<http://purl.obolibrary.org/obo/xao#start_stage>	<http://purl.obolibrary.org/obo/XAO_1000042>
<http://purl.obolibrary.org/obo/XAO_0004627>	<http://purl.obolibrary.org/obo/RO_0002202>	<http://purl.obolibrary.org/obo/XAO_0000050>
<http://purl.obolibrary.org/obo/XAO_0004011>	<http://purl.obolibrary.org/obo/RO_0002202>	<http://purl.obolibrary.org/obo/XAO_0000058>
<http://purl.obolibrary.org/obo/XAO_0004302>	<http://purl.obolibrary.org/obo/xao#start_stage>	<http://purl.obolibrary.org/obo/XAO_1000038>
<http://purl.obolibrary.org/obo/XAO_0004171>	<http://purl.obolibrary.org/obo/xao#end_stage>	<http://purl.obolibrary.org/obo/XAO_0000437>
<http://purl.obolibrary.org/obo/XAO_0000027>	<http://purl.obolibrary.org/obo/xao#start_stage>	<http://purl.obolibrary.org/obo/XAO_1000044>
<http://purl.obolibrary.org/obo/XAO_0000089>	<http://purl.obolibrary.org/obo/xao#start_stage>	<http://purl.obolibrary.org/obo/XAO_1000030>
<http://purl.obolibrary.org/obo/XAO_0006042>	<http://purl.obolibrary.org/obo/xao#start_stage>	<http://purl.obolibrary.org/obo/XAO_1000010>
<http://purl.obolibrary.org/obo/XAO_0004072>	<http://purl.obolibrary.org/obo/BFO_0000050>	<http://purl.obolibrary.org/obo/XAO_0004230>
<http://purl.obolibrary.org/obo/XAO_0004379>	<http://purl.obolibrary.org/obo/BFO_0000050>	<http://purl.obolibrary.org/obo/XAO_0003059>
<http://purl.obolibrary.org/obo/XAO_0000123>	<http://purl.obolibrary.org/obo/RO_0002202>	<http://purl.obolibrary.org/obo/XAO_0006028>
<http://purl.obolibrary.org/obo/XAO_0000390>	<http://purl.obolibrary.org/obo/xao#end_stage>	<http://purl.obolibrary.org/obo/XAO_1000078>
<http://purl.obolibrary.org/obo/XAO_0004366>	<http://purl.obolibrary.org/obo/RO_0002202>	<http://purl.obolibrary.org/obo/XAO_0003205>
<http://purl.obolibrary.org/obo/XAO_0003247>	<http://purl.obolibrary.org/obo/xao#end_stage>	<http://purl.obolibrary.org/obo/XAO_0000437>
<http://purl.obolibrary.org/obo/XAO_0000247>	<http://purl.obolibrary.org/obo/xao#start_stage>	<http://purl.obolibrary.org/obo/XAO_1000036>
<http://purl.obolibrary.org/obo/XAO_0000443>	<http://purl.obolibrary.org/obo/xao#start_stage>	<http://purl.obolibrary.org/obo/XAO_1000048>
<http://purl.obolibrary.org/obo/XAO_0003079>	<http://purl.obolibrary.org/obo/xao#end_stage>	<http://purl.obolibrary.org/obo/XAO_0000437>
<http://purl.obolibrary.org/obo/XAO_0004357>	<http://purl.obolibrary.org/obo/xao#end_stage>	<http://purl.obolibrary.org/obo/XAO_0000437>
<http://purl.obolibrary.org/obo/XAO_1000089>	<http://purl.obolibrary.org/obo/xao#preceded_by>	<http://purl.obolibrary.org/obo/XAO_1000080>
<http://purl.obolibrary.org/obo/XAO_0000464>	<http://purl.obolibrary.org/obo/RO_0002202>	<http://purl.obolibrary.org/obo/XAO_0000461>
<http://purl.obolibrary.org/obo/XAO_0004425>	<http://purl.obolibrary.org/obo/xao#end_stage>	<http://purl.obolibrary.org/obo/XAO_1000053>
<http://purl.obolibrary.org/obo/XAO_0004487>	<http://purl.obolibrary.org/obo/BFO_0000050>	<http://purl.obolibrary.org/obo/XAO_0003214>
<http://purl.obolibrary.org/obo/XAO_0001011>	<http://purl.obolibrary.org/obo/BFO_0000050>	<http://purl.obolibrary.org/obo/XAO_0000100>
<http://purl.obolibrary.org/obo/XAO_0004524>	<http://purl.obolibrary.org/obo/xao#start_stage>	<http://purl.obolibrary.org/obo/XAO_1000036>
<http://purl.obolibrary.org/obo/XAO_0000045>	<http://purl.obolibrary.org/obo/xao#end_stage>	<http://purl.obolibrary.org/obo/XAO_1000038>
<http://purl.obolibrary.org/obo/XAO_0003213>	<http://purl.obolibrary.org/obo/BFO_0000050>	<http://purl.obolibrary.org/obo/XAO_0003062>
<http://purl.obolibrary.org/obo/XAO_0004562>	<http://purl.obolibrary.org/obo/xao#start_stage>	<http://purl.obolibrary.org/obo/XAO_1000047>
<http://purl.obolibrary.org/obo/XAO_0003019>	<http://purl.obolibrary.org/obo/xao#start_stage>	<http://purl.obolibrary.org/obo/XAO_1000071>
<http://purl.obolibrary.org/obo/XAO_0004454>	<http://purl.obolibrary.org/obo/xao#start_stage>	<http://purl.obolibrary.org/obo/XAO_1000047>
<http://purl.obolibrary.org/obo/XAO_0004008>	<http://purl.obolibrary.org/obo/xao#start_stage>	<http://purl.obolibrary.org/obo/XAO_1000020>
<http://purl.obolibrary.org/obo/XAO_0003156>	<http://purl.obolibrary.org/obo/xao#start_stage>	<http://purl.obolibrary.org/obo/XAO_1000052>
<http://purl.obolibrary.org/obo/XAO_0003222>	<http://purl.obolibrary.org/obo/BFO_0000050>	<http://purl.obolibrary.org/obo/XAO_0003216>
<http://purl.obolibrary.org/obo/XAO_0004463>	<http://purl.obolibrary.org/obo/BFO_0000050>	<http://purl.obolibrary.org/obo/XAO_0004261>
<http://purl.obolibrary.org/obo/XAO_0003201>	<http://purl.obolibrary.org/obo/xao#start_stage>	<http://purl.obolibrary.org/obo/XAO_1000049>
<http://purl.obolibrary.org/obo/XAO_0004551>	<http://purl.obolibrary.org/obo/BFO_0000050>	<http://purl.obolibrary.org/obo/XAO_0004180>
<http://purl.obolibrary.org/obo/XAO_0000119>	<http://purl.obolibrary.org/obo/xao#end_stage>	<http://purl.obolibrary.org/obo/XAO_0000437>
<http://purl.obolibrary.org/obo/XAO_0005424>	<http://purl.obolibrary.org/obo/xao#start_stage>	<http://purl.obolibrary.org/obo/XAO_1000033>
<http://purl.obolibrary.org/obo/XAO_0004251>	<http://purl.obolibrary.org/obo/BFO_0000050>	<http://purl.obolibrary.org/obo/XAO_0004423>
<http://purl.obolibrary.org/obo/XAO_0005242>	<http://purl.obolibrary.org/obo/xao#end_stage>	<http://purl.obolibrary.org/obo/XAO_1000038>
<http://purl.obolibrary.org/obo/XAO_0005213>	<http://purl.obolibrary.org/obo/xao#end_stage>	<http://purl.obolibrary.org/obo/XAO_0000437>
<http://purl.obolibrary.org/obo/XAO_0004092>	<http://purl.obolibrary.org/obo/BFO_0000050>	<http://purl.obolibrary.org/obo/XAO_0000270>
<http://purl.obolibrary.org/obo/XAO_0003223>	<http://purl.obolibrary.org/obo/xao#end_stage>	<http://purl.obolibrary.org/obo/XAO_0000437>
<http://purl.obolibrary.org/obo/XAO_0004100>	<http://purl.obolibrary.org/obo/xao#end_stage>	<http://purl.obolibrary.org/obo/XAO_0000437>
<http://purl.obolibrary.org/obo/XAO_0005251>	<http://purl.obolibrary.org/obo/BFO_0000050>	<http://purl.obolibrary.org/obo/XAO_0005247>
<http://purl.obolibrary.org/obo/XAO_1000051>	<http://purl.obolibrary.org/obo/xao#preceded_by>	<http://purl.obolibrary.org/obo/XAO_1000050>
<http://purl.obolibrary.org/obo/XAO_0000188>	<http://purl.obolibrary.org/obo/xao#start_stage>	<http://purl.obolibrary.org/obo/XAO_1000048>
<http://purl.obolibrary.org/obo/XAO_0003062>	<http://purl.obolibrary.org/obo/BFO_0000050>	<http://purl.obolibrary.org/obo/XAO_0003031>
<http://purl.obolibrary.org/obo/XAO_0004104>	<http://purl.obolibrary.org/obo/BFO_0000050>	<http://purl.obolibrary.org/obo/XAO_0000249>
<http://purl.obolibrary.org/obo/XAO_0005214>	<http://purl.obolibrary.org/obo/xao#start_stage>	<http://purl.obolibrary.org/obo/XAO_1000032>
<http://purl.obolibrary.org/obo/XAO_0003209>	<http://purl.obolibrary.org/obo/xao#start_stage>	<http://purl.obolibrary.org/obo/XAO_1000068>
<http://purl.obolibrary.org/obo/XAO_0000097>	<http://purl.obolibrary.org/obo/BFO_0000050>	<http://purl.obolibrary.org/obo/XAO_0003176>
<http://purl.obolibrary.org/obo/XAO_0004409>	<http://purl.obolibrary.org/obo/BFO_0000050>	<http://purl.obolibrary.org/obo/XAO_0003161>
<http://purl.obolibrary.org/obo/XAO_0004270>	<http://purl.obolibrary.org/obo/BFO_0000050>	<http://purl.obolibrary.org/obo/XAO_0000232>
<http://purl.obolibrary.org/obo/XAO_0005032>	<http://purl.obolibrary.org/obo/BFO_0000050>	<http://purl.obolibrary.org/obo/XAO_0000010>
<http://purl.obolibrary.org/obo/XAO_0005200>	<http://purl.obolibrary.org/obo/xao#end_stage>	<http://purl.obolibrary.org/obo/XAO_0000437>
<http://purl.obolibrary.org/obo/XAO_0004308>	<http://purl.obolibrary.org/obo/xao#end_stage>	<http://purl.obolibrary.org/obo/XAO_0000437>
<http://purl.obolibrary.org/obo/XAO_0004437>	<http://purl.obolibrary.org/obo/xao#start_stage>	<http://purl.obolibrary.org/obo/XAO_1000050>
<http://purl.obolibrary.org/obo/XAO_0005164>	<http://purl.obolibrary.org/obo/BFO_0000050>	<http://purl.obolibrary.org/obo/XAO_0000159>
<http://purl.obolibrary.org/obo/XAO_0003180>	<http://purl.obolibrary.org/obo/xao#start_stage>	<http://purl.obolibrary.org/obo/XAO_1000043>
<http://purl.obolibrary.org/obo/XAO_0003084>	<http://purl.obolibrary.org/obo/BFO_0000050>	<http://purl.obolibrary.org/obo/XAO_0003075>
<http://purl.obolibrary.org/obo/XAO_0004531>	<http://purl.obolibrary.org/obo/RO_0002202>	<http://purl.obolibrary.org/obo/XAO_0004563>
<http://purl.obolibrary.org/obo/XAO_0000223>	<http://purl.obolibrary.org/obo/xao#start_stage>	<http://purl.obolibrary.org/obo/XAO_1000034>
<http://purl.obolibrary.org/obo/XAO_0000460>	<http://purl.obolibrary.org/obo/xao#end_stage>	<http://purl.obolibrary.org/obo/XAO_0000437>
<http://purl.obolibrary.org/obo/XAO_0004274>	<http://purl.obolibrary.org/obo/xao#end_stage>	<http://purl.obolibrary.org/obo/XAO_0000437>
<http://purl.obolibrary.org/obo/XAO_0003240>	<http://purl.obolibrary.org/obo/xao#end_stage>	<http://purl.obolibrary.org/obo/XAO_0000437>
<http://purl.obolibrary.org/obo/XAO_0003042>	<http://purl.obolibrary.org/obo/xao#start_stage>	<http://purl.obolibrary.org/obo/XAO_1000001>
<http://purl.obolibrary.org/obo/XAO_0005077>	<http://purl.obolibrary.org/obo/BFO_0000050>	<http://purl.obolibrary.org/obo/XAO_0000172>
<http://purl.obolibrary.org/obo/XAO_0004114>	<http://purl.obolibrary.org/obo/xao#start_stage>	<http://purl.obolibrary.org/obo/XAO_1000083>
<http://purl.obolibrary.org/obo/XAO_0004519>	<http://purl.obolibrary.org/obo/xao#end_stage>	<http://purl.obolibrary.org/obo/XAO_1000076>
<http://purl.obolibrary.org/obo/XAO_0000066>	<http://purl.obolibrary.org/obo/BFO_0000050>	<http://purl.obolibrary.org/obo/XAO_0000064>
<http://purl.obolibrary.org/obo/XAO_0003097>	<http://purl.obolibrary.org/obo/xao#start_stage>	<http://purl.obolibrary.org/obo/XAO_1000048>
<http://purl.obolibrary.org/obo/XAO_0005002>	<http://purl.obolibrary.org/obo/BFO_0000050>	<http://purl.obolibrary.org/obo/XAO_0003004>
<http://purl.obolibrary.org/obo/XAO_0005291>	<http://purl.obolibrary.org/obo/RO_0002202>	<http://purl.obolibrary.org/obo/XAO_0000257>
<http://purl.obolibrary.org/obo/XAO_0006005>	<http://purl.obolibrary.org/obo/xao#start_stage>	<http://purl.obolibrary.org/obo/XAO_1000025>
<http://purl.obolibrary.org/obo/XAO_0004419>	<http://purl.obolibrary.org/obo/xao#end_stage>	<http://purl.obolibrary.org/obo/XAO_0000437>
<http://purl.obolibrary.org/obo/XAO_0000448>	<http://purl.obolibrary.org/obo/xao#start_stage>	<http://purl.obolibrary.org/obo/XAO_1000049>
<http://purl.obolibrary.org/obo/XAO_0000232>	<http://purl.obolibrary.org/obo/BFO_0000050>	<http://purl.obolibrary.org/obo/XAO_0000125>
<http://purl.obolibrary.org/obo/XAO_0003245>	<http://purl.obolibrary.org/obo/RO_0002202>	<http://purl.obolibrary.org/obo/XAO_0000001>
<http://purl.obolibrary.org/obo/XAO_0004148>	<http://purl.obolibrary.org/obo/xao#start_stage>	<http://purl.obolibrary.org/obo/XAO_1000027>
<http://purl.obolibrary.org/obo/XAO_0004509>	<http://purl.obolibrary.org/obo/BFO_0000050>	<http://purl.obolibrary.org/obo/XAO_0000311>
<http://purl.obolibrary.org/obo/XAO_0004311>	<http://purl.obolibrary.org/obo/xao#start_stage>	<http://purl.obolibrary.org/obo/XAO_1000067>
<http://purl.obolibrary.org/obo/XAO_0005134>	<http://purl.obolibrary.org/obo/xao#end_stage>	<http://purl.obolibrary.org/obo/XAO_0000437>
<http://purl.obolibrary.org/obo/XAO_0000170>	<http://purl.obolibrary.org/obo/BFO_0000050>	<http://purl.obolibrary.org/obo/XAO_0004026>
<http://purl.obolibrary.org/obo/XAO_0004285>	<http://purl.obolibrary.org/obo/xao#end_stage>	<http://purl.obolibrary.org/obo/XAO_0000437>
<http://purl.obolibrary.org/obo/XAO_0004116>	<http://purl.obolibrary.org/obo/xao#end_stage>	<http://purl.obolibrary.org/obo/XAO_1000085>
<http://purl.obolibrary.org/obo/XAO_0000329>	<http://purl.obolibrary.org/obo/xao#end_stage>	<http://purl.obolibrary.org/obo/XAO_0000437>
<http://purl.obolibrary.org/obo/XAO_0000125>	<http://purl.obolibrary.org/obo/xao#start_stage>	<http://purl.obolibrary.org/obo/XAO_1000036>
<http://purl.obolibrary.org/obo/XAO_0003012>	<http://purl.obolibrary.org/obo/xao#start_stage>	<http://purl.obolibrary.org/obo/XAO_1000083>
<http://purl.obolibrary.org/obo/XAO_0005321>	<http://purl.obolibrary.org/obo/BFO_0000050>	<http://purl.obolibrary.org/obo/XAO_0004024>
<http://purl.obolibrary.org/obo/XAO_0004470>	<http://purl.obolibrary.org/obo/RO_0002202>	<http://purl.obolibrary.org/obo/XAO_0000065>
<http://purl.obolibrary.org/obo/XAO_0005198>	<http://purl.obolibrary.org/obo/RO_0002202>	<http://purl.obolibrary.org/obo/XAO_0000337>
<http://purl.obolibrary.org/obo/XAO_0004191>	<http://purl.obolibrary.org/obo/RO_0002202>	<http://purl.obolibrary.org/obo/XAO_0000001>
<http://purl.obolibrary.org/obo/XAO_0003197>	<http://purl.obolibrary.org/obo/xao#start_stage>	<http://purl.obolibrary.org/obo/XAO_1000046>
<http://purl.obolibrary.org/obo/XAO_0000337>	<http://purl.obolibrary.org/obo/BFO_0000050>	<http://purl.obolibrary.org/obo/XAO_0000064>
<http://purl.obolibrary.org/obo/XAO_0004289>	<http://purl.obolibrary.org/obo/xao#end_stage>	<http://purl.obolibrary.org/obo/XAO_0000437>
<http://purl.obolibrary.org/obo/XAO_0000044>	<http://purl.obolibrary.org/obo/BFO_0000050>	<http://purl.obolibrary.org/obo/XAO_0000042>
<http://purl.obolibrary.org/obo/XAO_0004578>	<http://purl.obolibrary.org/obo/xao#start_stage>	<http://purl.obolibrary.org/obo/XAO_1000047>
<http://purl.obolibrary.org/obo/XAO_0000376>	<http://purl.obolibrary.org/obo/RO_0002202>	<http://purl.obolibrary.org/obo/XAO_0000358>
<http://purl.obolibrary.org/obo/XAO_0000455>	<http://purl.obolibrary.org/obo/xao#end_stage>	<http://purl.obolibrary.org/obo/XAO_0000437>
<http://purl.obolibrary.org/obo/XAO_0000340>	<http://purl.obolibrary.org/obo/BFO_0000050>	<http://purl.obolibrary.org/obo/XAO_0004423>
<http://purl.obolibrary.org/obo/XAO_0000249>	<http://purl.obolibrary.org/obo/xao#start_stage>	<http://purl.obolibrary.org/obo/XAO_1000032>
<http://purl.obolibrary.org/obo/XAO_0005059>	<http://purl.obolibrary.org/obo/xao#end_stage>	<http://purl.obolibrary.org/obo/XAO_0000437>
<http://purl.obolibrary.org/obo/XAO_0004355>	<http://purl.obolibrary.org/obo/xao#start_stage>	<http://purl.obolibrary.org/obo/XAO_1000052>
<http://purl.obolibrary.org/obo/XAO_0005311>	<http://purl.obolibrary.org/obo/xao#start_stage>	<http://purl.obolibrary.org/obo/XAO_1000044>
<http://purl.obolibrary.org/obo/XAO_0004228>	<http://purl.obolibrary.org/obo/xao#end_stage>	<http://purl.obolibrary.org/obo/XAO_0000437>
<http://purl.obolibrary.org/obo/XAO_0004507>	<http://purl.obolibrary.org/obo/RO_0002202>	<http://purl.obolibrary.org/obo/XAO_0004320>
<http://purl.obolibrary.org/obo/XAO_0006023>	<http://purl.obolibrary.org/obo/RO_0002202>	<http://purl.obolibrary.org/obo/XAO_0006022>
<http://purl.obolibrary.org/obo/XAO_0004170>	<http://purl.obolibrary.org/obo/xao#end_stage>	<http://purl.obolibrary.org/obo/XAO_0000437>
<http://purl.obolibrary.org/obo/XAO_0000470>	<http://purl.obolibrary.org/obo/xao#start_stage>	<http://purl.obolibrary.org/obo/XAO_1000062>
<http://purl.obolibrary.org/obo/XAO_0003266>	<http://purl.obolibrary.org/obo/xao#start_stage>	<http://purl.obolibrary.org/obo/XAO_1000036>
<http://purl.obolibrary.org/obo/XAO_0004618>	<http://purl.obolibrary.org/obo/BFO_0000050>	<http://purl.obolibrary.org/obo/XAO_0000057>
<http://purl.obolibrary.org/obo/XAO_0005154>	<http://purl.obolibrary.org/obo/xao#start_stage>	<http://purl.obolibrary.org/obo/XAO_1000083>
<http://purl.obolibrary.org/obo/XAO_0004171>	<http://purl.obolibrary.org/obo/xao#start_stage>	<http://purl.obolibrary.org/obo/XAO_1000049>
<http://purl.obolibrary.org/obo/XAO_0005189>	<http://purl.obolibrary.org/obo/xao#start_stage>	<http://purl.obolibrary.org/obo/XAO_1000052>
<http://purl.obolibrary.org/obo/XAO_0004267>	<http://purl.obolibrary.org/obo/xao#start_stage>	<http://purl.obolibrary.org/obo/XAO_1000025>
<http://purl.obolibrary.org/obo/XAO_0006035>	<http://purl.obolibrary.org/obo/xao#end_stage>	<http://purl.obolibrary.org/obo/XAO_1000047>
<http://purl.obolibrary.org/obo/XAO_0000362>	<http://purl.obolibrary.org/obo/BFO_0000050>	<http://purl.obolibrary.org/obo/XAO_0004423>
<http://purl.obolibrary.org/obo/XAO_0004306>	<http://purl.obolibrary.org/obo/xao#end_stage>	<http://purl.obolibrary.org/obo/XAO_0000437>
<http://purl.obolibrary.org/obo/XAO_0004016>	<http://purl.obolibrary.org/obo/xao#end_stage>	<http://purl.obolibrary.org/obo/XAO_0000437>
<http://purl.obolibrary.org/obo/XAO_0005319>	<http://purl.obolibrary.org/obo/xao#end_stage>	<http://purl.obolibrary.org/obo/XAO_0000437>
<http://purl.obolibrary.org/obo/XAO_0000007>	<http://purl.obolibrary.org/obo/xao#end_stage>	<http://purl.obolibrary.org/obo/XAO_0000437>
<http://purl.obolibrary.org/obo/XAO_0004411>	<http://purl.obolibrary.org/obo/xao#start_stage>	<http://purl.obolibrary.org/obo/XAO_1000048>
<http://purl.obolibrary.org/obo/XAO_0005297>	<http://purl.obolibrary.org/obo/RO_0002202>	<http://purl.obolibrary.org/obo/XAO_0004513>
<http://purl.obolibrary.org/obo/XAO_0004328>	<http://purl.obolibrary.org/obo/xao#start_stage>	<http://purl.obolibrary.org/obo/XAO_1000054>
<http://purl.obolibrary.org/obo/XAO_0004453>	<http://purl.obolibrary.org/obo/xao#end_stage>	<http://purl.obolibrary.org/obo/XAO_1000050>
<http://purl.obolibrary.org/obo/XAO_0000394>	<http://purl.obolibrary.org/obo/xao#end_stage>	<http://purl.obolibrary.org/obo/XAO_0000437>
<http://purl.obolibrary.org/obo/XAO_0004372>	<http://purl.obolibrary.org/obo/xao#start_stage>	<http://purl.obolibrary.org/obo/XAO_1000052>
<http://purl.obolibrary.org/obo/XAO_0000064>	<http://purl.obolibrary.org/obo/RO_0002202>	<http://purl.obolibrary.org/obo/XAO_0000336>
<http://purl.obolibrary.org/obo/XAO_0005119>	<http://purl.obolibrary.org/obo/xao#start_stage>	<http://purl.obolibrary.org/obo/XAO_1000083>
<http://purl.obolibrary.org/obo/XAO_0000036>	<http://purl.obolibrary.org/obo/xao#end_stage>	<http://purl.obolibrary.org/obo/XAO_1000022>
<http://purl.obolibrary.org/obo/XAO_0000010>	<http://purl.obolibrary.org/obo/xao#start_stage>	<http://purl.obolibrary.org/obo/XAO_1000038>
<http://purl.obolibrary.org/obo/XAO_0005037>	<http://purl.obolibrary.org/obo/xao#end_stage>	<http://purl.obolibrary.org/obo/XAO_1000047>
<http://purl.obolibrary.org/obo/XAO_0000139>	<http://purl.obolibrary.org/obo/BFO_0000050>	<http://purl.obolibrary.org/obo/XAO_0000125>
<http://purl.obolibrary.org/obo/XAO_0005171>	<http://purl.obolibrary.org/obo/BFO_0000050>	<http://purl.obolibrary.org/obo/XAO_0000002>
<http://purl.obolibrary.org/obo/XAO_0003114>	<http://purl.obolibrary.org/obo/xao#start_stage>	<http://purl.obolibrary.org/obo/XAO_1000035>
<http://purl.obolibrary.org/obo/XAO_0000235>	<http://purl.obolibrary.org/obo/RO_0002202>	<http://purl.obolibrary.org/obo/XAO_0005062>
<http://purl.obolibrary.org/obo/XAO_0000106>	<http://purl.obolibrary.org/obo/xao#end_stage>	<http://purl.obolibrary.org/obo/XAO_1000050>
<http://purl.obolibrary.org/obo/XAO_0004195>	<http://purl.obolibrary.org/obo/xao#end_stage>	<http://purl.obolibrary.org/obo/XAO_0000437>
<http://purl.obolibrary.org/obo/XAO_0004551>	<http://purl.obolibrary.org/obo/xao#end_stage>	<http://purl.obolibrary.org/obo/XAO_0000437>
<http://purl.obolibrary.org/obo/XAO_0005263>	<http://purl.obolibrary.org/obo/xao#end_stage>	<http://purl.obolibrary.org/obo/XAO_1000078>
<http://purl.obolibrary.org/obo/XAO_0000105>	<http://purl.obolibrary.org/obo/BFO_0000050>	<http://purl.obolibrary.org/obo/XAO_0000125>
<http://purl.obolibrary.org/obo/XAO_0004189>	<http://purl.obolibrary.org/obo/BFO_0000050>	<http://purl.obolibrary.org/obo/XAO_0000066>
<http://purl.obolibrary.org/obo/XAO_0005175>	<http://purl.obolibrary.org/obo/RO_0002202>	<http://purl.obolibrary.org/obo/XAO_0005173>
<http://purl.obolibrary.org/obo/XAO_0000225>	<http://purl.obolibrary.org/obo/xao#start_stage>	<http://purl.obolibrary.org/obo/XAO_1000038>
<http://purl.obolibrary.org/obo/XAO_0000185>	<http://purl.obolibrary.org/obo/BFO_0000050>	<http://purl.obolibrary.org/obo/XAO_0004529>
<http://purl.obolibrary.org/obo/XAO_0005504>	<http://purl.obolibrary.org/obo/xao#end_stage>	<http://purl.obolibrary.org/obo/XAO_0000437>
<http://purl.obolibrary.org/obo/XAO_0000415>	<http://purl.obolibrary.org/obo/xao#end_stage>	<http://purl.obolibrary.org/obo/XAO_1000074>
<http://purl.obolibrary.org/obo/XAO_0004039>	<http://purl.obolibrary.org/obo/xao#end_stage>	<http://purl.obolibrary.org/obo/XAO_0000437>
<http://purl.obolibrary.org/obo/XAO_0000210>	<http://purl.obolibrary.org/obo/xao#end_stage>	<http://purl.obolibrary.org/obo/XAO_0000437>
<http://purl.obolibrary.org/obo/XAO_0004235>	<http://purl.obolibrary.org/obo/BFO_0000050>	<http://purl.obolibrary.org/obo/XAO_0000125>
<http://purl.obolibrary.org/obo/XAO_0000381>	<http://purl.obolibrary.org/obo/xao#end_stage>	<http://purl.obolibrary.org/obo/XAO_0000437>
<http://purl.obolibrary.org/obo/XAO_0004314>	<http://purl.obolibrary.org/obo/BFO_0000050>	<http://purl.obolibrary.org/obo/XAO_0003032>
<http://purl.obolibrary.org/obo/XAO_1000050>	<http://purl.obolibrary.org/obo/xao#preceded_by>	<http://purl.obolibrary.org/obo/XAO_1000049>
<http://purl.obolibrary.org/obo/XAO_0004334>	<http://purl.obolibrary.org/obo/xao#end_stage>	<http://purl.obolibrary.org/obo/XAO_0000437>
<http://purl.obolibrary.org/obo/XAO_0000440>	<http://purl.obolibrary.org/obo/RO_0002202>	<http://purl.obolibrary.org/obo/XAO_0004207>
<http://purl.obolibrary.org/obo/XAO_0004557>	<http://purl.obolibrary.org/obo/xao#start_stage>	<http://purl.obolibrary.org/obo/XAO_1000038>
<http://purl.obolibrary.org/obo/XAO_0000420>	<http://purl.obolibrary.org/obo/xao#end_stage>	<http://purl.obolibrary.org/obo/XAO_1000059>
<http://purl.obolibrary.org/obo/XAO_0000256>	<http://purl.obolibrary.org/obo/xao#end_stage>	<http://purl.obolibrary.org/obo/XAO_1000092>
<http://purl.obolibrary.org/obo/XAO_0000331>	<http://purl.obolibrary.org/obo/xao#end_stage>	<http://purl.obolibrary.org/obo/XAO_0000437>
<http://purl.obolibrary.org/obo/XAO_0003026>	<http://purl.obolibrary.org/obo/xao#start_stage>	<http://purl.obolibrary.org/obo/XAO_1000042>
<http://purl.obolibrary.org/obo/XAO_0000004>	<http://purl.obolibrary.org/obo/xao#end_stage>	<http://purl.obolibrary.org/obo/XAO_1000078>
<http://purl.obolibrary.org/obo/XAO_0000025>	<http://purl.obolibrary.org/obo/BFO_0000050>	<http://purl.obolibrary.org/obo/XAO_0001001>
<http://purl.obolibrary.org/obo/XAO_1000058>	<http://purl.obolibrary.org/obo/BFO_0000050>	<http://purl.obolibrary.org/obo/XAO_1000089>
<http://purl.obolibrary.org/obo/XAO_0000289>	<http://purl.obolibrary.org/obo/BFO_0000050>	<http://purl.obolibrary.org/obo/XAO_0004519>
<http://purl.obolibrary.org/obo/XAO_0000163>	<http://purl.obolibrary.org/obo/BFO_0000050>	<http://purl.obolibrary.org/obo/XAO_0003152>
<http://purl.obolibrary.org/obo/XAO_0003073>	<http://purl.obolibrary.org/obo/BFO_0000050>	<http://purl.obolibrary.org/obo/XAO_0004011>
<http://purl.obolibrary.org/obo/XAO_0003137>	<http://purl.obolibrary.org/obo/RO_0002202>	<http://purl.obolibrary.org/obo/XAO_0000423>
<http://purl.obolibrary.org/obo/XAO_0003213>	<http://purl.obolibrary.org/obo/xao#start_stage>	<http://purl.obolibrary.org/obo/XAO_1000067>
<http://purl.obolibrary.org/obo/XAO_0004628>	<http://purl.obolibrary.org/obo/xao#end_stage>	<http://purl.obolibrary.org/obo/XAO_1000052>
<http://purl.obolibrary.org/obo/XAO_0003134>	<http://purl.obolibrary.org/obo/xao#start_stage>	<http://purl.obolibrary.org/obo/XAO_1000042>
<http://purl.obolibrary.org/obo/XAO_0000101>	<http://purl.obolibrary.org/obo/xao#start_stage>	<http://purl.obolibrary.org/obo/XAO_1000024>
<http://purl.obolibrary.org/obo/XAO_0004009>	<http://purl.obolibrary.org/obo/xao#start_stage>	<http://purl.obolibrary.org/obo/XAO_1000020>
<http://purl.obolibrary.org/obo/XAO_0003054>	<http://purl.obolibrary.org/obo/xao#end_stage>	<http://purl.obolibrary.org/obo/XAO_0000437>
<http://purl.obolibrary.org/obo/XAO_0003177>	<http://purl.obolibrary.org/obo/BFO_0000050>	<http://purl.obolibrary.org/obo/XAO_0003176>
<http://purl.obolibrary.org/obo/XAO_0004592>	<http://purl.obolibrary.org/obo/BFO_0000050>	<http://purl.obolibrary.org/obo/XAO_0004070>
<http://purl.obolibrary.org/obo/XAO_0000341>	<http://purl.obolibrary.org/obo/xao#start_stage>	<http://purl.obolibrary.org/obo/XAO_1000046>
<http://purl.obolibrary.org/obo/XAO_0003110>	<http://purl.obolibrary.org/obo/xao#end_stage>	<http://purl.obolibrary.org/obo/XAO_1000059>
<http://purl.obolibrary.org/obo/XAO_0003138>	<http://purl.obolibrary.org/obo/xao#end_stage>	<http://purl.obolibrary.org/obo/XAO_1000059>
<http://purl.obolibrary.org/obo/XAO_0003186>	<http://purl.obolibrary.org/obo/BFO_0000050>	<http://purl.obolibrary.org/obo/XAO_0003004>
<http://purl.obolibrary.org/obo/XAO_0004600>	<http://purl.obolibrary.org/obo/xao#start_stage>	<http://purl.obolibrary.org/obo/XAO_1000038>
<http://purl.obolibrary.org/obo/XAO_0000063>	<http://purl.obolibrary.org/obo/BFO_0000050>	<http://purl.obolibrary.org/obo/XAO_0002000>
<http://purl.obolibrary.org/obo/XAO_0000029>	<http://purl.obolibrary.org/obo/xao#start_stage>	<http://purl.obolibrary.org/obo/XAO_1000036>
<http://purl.obolibrary.org/obo/XAO_0004218>	<http://purl.obolibrary.org/obo/RO_0002202>	<http://purl.obolibrary.org/obo/XAO_0000024>
<http://purl.obolibrary.org/obo/XAO_0005204>	<http://purl.obolibrary.org/obo/xao#start_stage>	<http://purl.obolibrary.org/obo/XAO_1000032>
<http://purl.obolibrary.org/obo/XAO_0000169>	<http://purl.obolibrary.org/obo/xao#end_stage>	<http://purl.obolibrary.org/obo/XAO_0000437>
<http://purl.obolibrary.org/obo/XAO_0000445>	<http://purl.obolibrary.org/obo/xao#start_stage>	<http://purl.obolibrary.org/obo/XAO_1000063>
<http://purl.obolibrary.org/obo/XAO_0004390>	<http://purl.obolibrary.org/obo/BFO_0000050>	<http://purl.obolibrary.org/obo/XAO_0004306>
<http://purl.obolibrary.org/obo/XAO_0006016>	<http://purl.obolibrary.org/obo/xao#start_stage>	<http://purl.obolibrary.org/obo/XAO_1000049>
<http://purl.obolibrary.org/obo/XAO_0003158>	<http://purl.obolibrary.org/obo/xao#start_stage>	<http://purl.obolibrary.org/obo/XAO_1000052>
<http://purl.obolibrary.org/obo/XAO_0000021>	<http://purl.obolibrary.org/obo/BFO_0000050>	<http://purl.obolibrary.org/obo/XAO_0000010>
<http://purl.obolibrary.org/obo/XAO_0004332>	<http://purl.obolibrary.org/obo/xao#start_stage>	<http://purl.obolibrary.org/obo/XAO_1000058>
<http://purl.obolibrary.org/obo/XAO_0004398>	<http://purl.obolibrary.org/obo/BFO_0000050>	<http://purl.obolibrary.org/obo/XAO_0004397>
<http://purl.obolibrary.org/obo/XAO_0004588>	<http://purl.obolibrary.org/obo/BFO_0000050>	<http://purl.obolibrary.org/obo/XAO_0004303>
<http://purl.obolibrary.org/obo/XAO_0000452>	<http://purl.obolibrary.org/obo/xao#start_stage>	<http://purl.obolibrary.org/obo/XAO_1000052>
<http://purl.obolibrary.org/obo/XAO_0003203>	<http://purl.obolibrary.org/obo/xao#start_stage>	<http://purl.obolibrary.org/obo/XAO_1000072>
<http://purl.obolibrary.org/obo/XAO_0003121>	<http://purl.obolibrary.org/obo/xao#start_stage>	<http://purl.obolibrary.org/obo/XAO_1000038>
<http://purl.obolibrary.org/obo/XAO_0004512>	<http://purl.obolibrary.org/obo/BFO_0000050>	<http://purl.obolibrary.org/obo/XAO_0000090>
<http://purl.obolibrary.org/obo/XAO_0003086>	<http://purl.obolibrary.org/obo/xao#start_stage>	<http://purl.obolibrary.org/obo/XAO_1000057>
<http://purl.obolibrary.org/obo/XAO_0003023>	<http://purl.obolibrary.org/obo/BFO_0000050>	<http://purl.obolibrary.org/obo/XAO_0000177>
<http://purl.obolibrary.org/obo/XAO_0004496>	<http://purl.obolibrary.org/obo/xao#start_stage>	<http://purl.obolibrary.org/obo/XAO_1000066>
<http://purl.obolibrary.org/obo/XAO_0003159>	<http://purl.obolibrary.org/obo/xao#start_stage>	<http://purl.obolibrary.org/obo/XAO_1000052>
<http://purl.obolibrary.org/obo/XAO_0000088>	<http://purl.obolibrary.org/obo/xao#end_stage>	<http://purl.obolibrary.org/obo/XAO_1000023>
<http://purl.obolibrary.org/obo/XAO_0004465>	<http://purl.obolibrary.org/obo/xao#start_stage>	<http://purl.obolibrary.org/obo/XAO_1000059>
<http://purl.obolibrary.org/obo/XAO_0004374>	<http://purl.obolibrary.org/obo/xao#end_stage>	<http://purl.obolibrary.org/obo/XAO_0000437>
<http://purl.obolibrary.org/obo/XAO_0004069>	<http://purl.obolibrary.org/obo/xao#start_stage>	<http://purl.obolibrary.org/obo/XAO_1000023>
<http://purl.obolibrary.org/obo/XAO_0005091>	<http://purl.obolibrary.org/obo/xao#end_stage>	<http://purl.obolibrary.org/obo/XAO_1000015>
<http://purl.obolibrary.org/obo/XAO_0003204>	<http://purl.obolibrary.org/obo/RO_0002202>	<http://purl.obolibrary.org/obo/XAO_0000249>
<http://purl.obolibrary.org/obo/XAO_0005064>	<http://purl.obolibrary.org/obo/xao#end_stage>	<http://purl.obolibrary.org/obo/XAO_0000437>
<http://purl.obolibrary.org/obo/XAO_0005167>	<http://purl.obolibrary.org/obo/xao#end_stage>	<http://purl.obolibrary.org/obo/XAO_0000437>
<http://purl.obolibrary.org/obo/XAO_0004033>	<http://purl.obolibrary.org/obo/xao#start_stage>	<http://purl.obolibrary.org/obo/XAO_1000038>
<http://purl.obolibrary.org/obo/XAO_1000053>	<http://purl.obolibrary.org/obo/xao#preceded_by>	<http://purl.obolibrary.org/obo/XAO_1000052>
<http://purl.obolibrary.org/obo/XAO_0004176>	<http://purl.obolibrary.org/obo/BFO_0000050>	<http://purl.obolibrary.org/obo/XAO_0004152>
<http://purl.obolibrary.org/obo/XAO_0006048>	<http://purl.obolibrary.org/obo/xao#end_stage>	<http://purl.obolibrary.org/obo/XAO_0000437>
<http://purl.obolibrary.org/obo/XAO_0005103>	<http://purl.obolibrary.org/obo/xao#start_stage>	<http://purl.obolibrary.org/obo/XAO_1000016>
<http://purl.obolibrary.org/obo/XAO_0000442>	<http://purl.obolibrary.org/obo/RO_0002202>	<http://purl.obolibrary.org/obo/XAO_0000440>
<http://purl.obolibrary.org/obo/XAO_0005195>	<http://purl.obolibrary.org/obo/xao#start_stage>	<http://purl.obolibrary.org/obo/XAO_1000025>
<http://purl.obolibrary.org/obo/XAO_0005011>	<http://purl.obolibrary.org/obo/BFO_0000050>	<http://purl.obolibrary.org/obo/XAO_0005014>
<http://purl.obolibrary.org/obo/XAO_0005283>	<http://purl.obolibrary.org/obo/RO_0002202>	<http://purl.obolibrary.org/obo/XAO_0004092>
<http://purl.obolibrary.org/obo/XAO_0004410>	<http://purl.obolibrary.org/obo/xao#start_stage>	<http://purl.obolibrary.org/obo/XAO_1000058>
<http://purl.obolibrary.org/obo/XAO_0000187>	<http://purl.obolibrary.org/obo/RO_0002202>	<http://purl.obolibrary.org/obo/XAO_0000320>
<http://purl.obolibrary.org/obo/XAO_0005065>	<http://purl.obolibrary.org/obo/xao#start_stage>	<http://purl.obolibrary.org/obo/XAO_1000067>
<http://purl.obolibrary.org/obo/XAO_0004213>	<http://purl.obolibrary.org/obo/xao#start_stage>	<http://purl.obolibrary.org/obo/XAO_1000044>
<http://purl.obolibrary.org/obo/XAO_0005143>	<http://purl.obolibrary.org/obo/BFO_0000050>	<http://purl.obolibrary.org/obo/XAO_0004310>
<http://purl.obolibrary.org/obo/XAO_1000055>	<http://purl.obolibrary.org/obo/BFO_0000050>	<http://purl.obolibrary.org/obo/XAO_1000080>
<http://purl.obolibrary.org/obo/XAO_1000021>	<http://purl.obolibrary.org/obo/xao#preceded_by>	<http://purl.obolibrary.org/obo/XAO_1000031>
<http://purl.obolibrary.org/obo/XAO_0004375>	<http://purl.obolibrary.org/obo/xao#start_stage>	<http://purl.obolibrary.org/obo/XAO_1000052>
<http://purl.obolibrary.org/obo/XAO_0005177>	<http://purl.obolibrary.org/obo/xao#end_stage>	<http://purl.obolibrary.org/obo/XAO_1000013>
<http://purl.obolibrary.org/obo/XAO_0004354>	<http://purl.obolibrary.org/obo/xao#start_stage>	<http://purl.obolibrary.org/obo/XAO_1000052>
<http://purl.obolibrary.org/obo/XAO_0004272>	<http://purl.obolibrary.org/obo/BFO_0000050>	<http://purl.obolibrary.org/obo/XAO_0000177>
<http://purl.obolibrary.org/obo/XAO_0005105>	<http://purl.obolibrary.org/obo/xao#end_stage>	<http://purl.obolibrary.org/obo/XAO_1000016>
<http://purl.obolibrary.org/obo/XAO_0005019>	<http://purl.obolibrary.org/obo/RO_0002202>	<http://purl.obolibrary.org/obo/XAO_0000357>
<http://purl.obolibrary.org/obo/XAO_0000047>	<http://purl.obolibrary.org/obo/BFO_0000050>	<http://purl.obolibrary.org/obo/XAO_0000249>
<http://purl.obolibrary.org/obo/XAO_0004568>	<http://purl.obolibrary.org/obo/BFO_0000050>	<http://purl.obolibrary.org/obo/XAO_0004531>
<http://purl.obolibrary.org/obo/XAO_0004614>	<http://purl.obolibrary.org/obo/xao#end_stage>	<http://purl.obolibrary.org/obo/XAO_0000437>
<http://purl.obolibrary.org/obo/XAO_0001002>	<http://purl.obolibrary.org/obo/xao#end_stage>	<http://purl.obolibrary.org/obo/XAO_1000048>
<http://purl.obolibrary.org/obo/XAO_0000383>	<http://purl.obolibrary.org/obo/xao#end_stage>	<http://purl.obolibrary.org/obo/XAO_0000437>
<http://purl.obolibrary.org/obo/XAO_0000448>	<http://purl.obolibrary.org/obo/BFO_0000050>	<http://purl.obolibrary.org/obo/XAO_0004261>
<http://purl.obolibrary.org/obo/XAO_0003183>	<http://purl.obolibrary.org/obo/xao#end_stage>	<http://purl.obolibrary.org/obo/XAO_0000437>
<http://purl.obolibrary.org/obo/XAO_0003227>	<http://purl.obolibrary.org/obo/xao#end_stage>	<http://purl.obolibrary.org/obo/XAO_0000437>
<http://purl.obolibrary.org/obo/XAO_0004533>	<http://purl.obolibrary.org/obo/xao#start_stage>	<http://purl.obolibrary.org/obo/XAO_1000047>
<http://purl.obolibrary.org/obo/XAO_0003150>	<http://purl.obolibrary.org/obo/xao#start_stage>	<http://purl.obolibrary.org/obo/XAO_1000093>
<http://purl.obolibrary.org/obo/XAO_0000423>	<http://purl.obolibrary.org/obo/xao#end_stage>	<http://purl.obolibrary.org/obo/XAO_1000059>
<http://purl.obolibrary.org/obo/XAO_0005124>	<http://purl.obolibrary.org/obo/xao#start_stage>	<http://purl.obolibrary.org/obo/XAO_1000046>
<http://purl.obolibrary.org/obo/XAO_0003075>	<http://purl.obolibrary.org/obo/BFO_0000050>	<http://purl.obolibrary.org/obo/XAO_0003024>
<http://purl.obolibrary.org/obo/XAO_0004164>	<http://purl.obolibrary.org/obo/xao#start_stage>	<http://purl.obolibrary.org/obo/XAO_1000049>
<http://purl.obolibrary.org/obo/XAO_0000042>	<http://purl.obolibrary.org/obo/RO_0002202>	<http://purl.obolibrary.org/obo/XAO_0000001>
<http://purl.obolibrary.org/obo/XAO_0006034>	<http://purl.obolibrary.org/obo/BFO_0000050>	<http://purl.obolibrary.org/obo/XAO_0003152>
<http://purl.obolibrary.org/obo/XAO_0004138>	<http://purl.obolibrary.org/obo/xao#start_stage>	<http://purl.obolibrary.org/obo/XAO_1000037>
<http://purl.obolibrary.org/obo/XAO_0003228>	<http://purl.obolibrary.org/obo/RO_0002202>	<http://purl.obolibrary.org/obo/XAO_0005226>
<http://purl.obolibrary.org/obo/XAO_0001021>	<http://purl.obolibrary.org/obo/xao#start_stage>	<http://purl.obolibrary.org/obo/XAO_1000046>
<http://purl.obolibrary.org/obo/XAO_0006001>	<http://purl.obolibrary.org/obo/xao#end_stage>	<http://purl.obolibrary.org/obo/XAO_1000056>
<http://purl.obolibrary.org/obo/XAO_0000172>	<http://purl.obolibrary.org/obo/xao#start_stage>	<http://purl.obolibrary.org/obo/XAO_1000043>
<http://purl.obolibrary.org/obo/XAO_0005052>	<http://purl.obolibrary.org/obo/xao#start_stage>	<http://purl.obolibrary.org/obo/XAO_1000038>
<http://purl.obolibrary.org/obo/XAO_0000110>	<http://purl.obolibrary.org/obo/RO_0002202>	<http://purl.obolibrary.org/obo/XAO_0000085>
<http://purl.obolibrary.org/obo/XAO_0006053>	<http://purl.obolibrary.org/obo/BFO_0000050>	<http://purl.obolibrary.org/obo/XAO_0005024>
<http://purl.obolibrary.org/obo/XAO_0000425>	<http://purl.obolibrary.org/obo/xao#start_stage>	<http://purl.obolibrary.org/obo/XAO_1000044>
<http://purl.obolibrary.org/obo/XAO_0004142>	<http://purl.obolibrary.org/obo/BFO_0000050>	<http://purl.obolibrary.org/obo/XAO_0003095>
<http://purl.obolibrary.org/obo/XAO_0000274>	<http://purl.obolibrary.org/obo/BFO_0000050>	<http://purl.obolibrary.org/obo/XAO_0000035>
<http://purl.obolibrary.org/obo/XAO_0004039>	<http://purl.obolibrary.org/obo/xao#start_stage>	<http://purl.obolibrary.org/obo/XAO_1000057>
<http://purl.obolibrary.org/obo/XAO_0004472>	<http://purl.obolibrary.org/obo/xao#start_stage>	<http://purl.obolibrary.org/obo/XAO_1000044>
<http://purl.obolibrary.org/obo/XAO_0000393>	<http://purl.obolibrary.org/obo/xao#end_stage>	<http://purl.obolibrary.org/obo/XAO_1000078>
<http://purl.obolibrary.org/obo/XAO_0004369>	<http://purl.obolibrary.org/obo/xao#end_stage>	<http://purl.obolibrary.org/obo/XAO_0000437>
<http://purl.obolibrary.org/obo/XAO_0004149>	<http://purl.obolibrary.org/obo/BFO_0000050>	<http://purl.obolibrary.org/obo/XAO_0000356>
<http://purl.obolibrary.org/obo/XAO_0004479>	<http://purl.obolibrary.org/obo/xao#start_stage>	<http://purl.obolibrary.org/obo/XAO_1000068>
<http://purl.obolibrary.org/obo/XAO_0000265>	<http://purl.obolibrary.org/obo/xao#end_stage>	<http://purl.obolibrary.org/obo/XAO_1000056>
<http://purl.obolibrary.org/obo/XAO_0006041>	<http://purl.obolibrary.org/obo/RO_0002202>	<http://purl.obolibrary.org/obo/XAO_0004320>
<http://purl.obolibrary.org/obo/XAO_0000469>	<http://purl.obolibrary.org/obo/RO_0002202>	<http://purl.obolibrary.org/obo/XAO_0000319>
<http://purl.obolibrary.org/obo/XAO_0004554>	<http://purl.obolibrary.org/obo/xao#end_stage>	<http://purl.obolibrary.org/obo/XAO_0000437>
<http://purl.obolibrary.org/obo/XAO_0005004>	<http://purl.obolibrary.org/obo/BFO_0000050>	<http://purl.obolibrary.org/obo/XAO_0000129>
<http://purl.obolibrary.org/obo/XAO_0004482>	<http://purl.obolibrary.org/obo/BFO_0000050>	<http://purl.obolibrary.org/obo/XAO_0005062>
<http://purl.obolibrary.org/obo/XAO_0000011>	<http://purl.obolibrary.org/obo/RO_0002202>	<http://purl.obolibrary.org/obo/XAO_0000307>
<http://purl.obolibrary.org/obo/XAO_0004339>	<http://purl.obolibrary.org/obo/xao#end_stage>	<http://purl.obolibrary.org/obo/XAO_1000078>
<http://purl.obolibrary.org/obo/XAO_0000128>	<http://purl.obolibrary.org/obo/BFO_0000050>	<http://purl.obolibrary.org/obo/XAO_0000232>
<http://purl.obolibrary.org/obo/XAO_0003253>	<http://purl.obolibrary.org/obo/xao#end_stage>	<http://purl.obolibrary.org/obo/XAO_0000437>
<http://purl.obolibrary.org/obo/XAO_0005067>	<http://purl.obolibrary.org/obo/xao#start_stage>	<http://purl.obolibrary.org/obo/XAO_1000053>
<http://purl.obolibrary.org/obo/XAO_0000028>	<http://purl.obolibrary.org/obo/xao#start_stage>	<http://purl.obolibrary.org/obo/XAO_1000023>
<http://purl.obolibrary.org/obo/XAO_0004531>	<http://purl.obolibrary.org/obo/BFO_0000050>	<http://purl.obolibrary.org/obo/XAO_0004539>
<http://purl.obolibrary.org/obo/XAO_0005301>	<http://purl.obolibrary.org/obo/xao#end_stage>	<http://purl.obolibrary.org/obo/XAO_1000034>
<http://purl.obolibrary.org/obo/XAO_0003216>	<http://purl.obolibrary.org/obo/BFO_0000050>	<http://purl.obolibrary.org/obo/XAO_0000009>
<http://purl.obolibrary.org/obo/XAO_0000207>	<http://purl.obolibrary.org/obo/BFO_0000050>	<http://purl.obolibrary.org/obo/XAO_0000294>
<http://purl.obolibrary.org/obo/XAO_0005246>	<http://purl.obolibrary.org/obo/BFO_0000050>	<http://purl.obolibrary.org/obo/XAO_0000319>
<http://purl.obolibrary.org/obo/XAO_0004254>	<http://purl.obolibrary.org/obo/xao#start_stage>	<http://purl.obolibrary.org/obo/XAO_1000060>
<http://purl.obolibrary.org/obo/XAO_0005298>	<http://purl.obolibrary.org/obo/xao#end_stage>	<http://purl.obolibrary.org/obo/XAO_0000437>
<http://purl.obolibrary.org/obo/XAO_0004157>	<http://purl.obolibrary.org/obo/xao#start_stage>	<http://purl.obolibrary.org/obo/XAO_1000048>
<http://purl.obolibrary.org/obo/XAO_0004330>	<http://purl.obolibrary.org/obo/RO_0002202>	<http://purl.obolibrary.org/obo/XAO_0004427>
<http://purl.obolibrary.org/obo/XAO_0000263>	<http://purl.obolibrary.org/obo/xao#end_stage>	<http://purl.obolibrary.org/obo/XAO_0000437>
<http://purl.obolibrary.org/obo/XAO_0004295>	<http://purl.obolibrary.org/obo/xao#end_stage>	<http://purl.obolibrary.org/obo/XAO_0000437>
<http://purl.obolibrary.org/obo/XAO_0005247>	<http://purl.obolibrary.org/obo/RO_0002202>	<http://purl.obolibrary.org/obo/XAO_0000090>
<http://purl.obolibrary.org/obo/XAO_0004223>	<http://purl.obolibrary.org/obo/xao#start_stage>	<http://purl.obolibrary.org/obo/XAO_1000044>
<http://purl.obolibrary.org/obo/XAO_0001019>	<http://purl.obolibrary.org/obo/BFO_0000050>	<http://purl.obolibrary.org/obo/XAO_0005230>
<http://purl.obolibrary.org/obo/XAO_0004303>	<http://purl.obolibrary.org/obo/xao#end_stage>	<http://purl.obolibrary.org/obo/XAO_0000437>
<http://purl.obolibrary.org/obo/XAO_0000345>	<http://purl.obolibrary.org/obo/RO_0002202>	<http://purl.obolibrary.org/obo/XAO_0000338>
<http://purl.obolibrary.org/obo/XAO_0004576>	<http://purl.obolibrary.org/obo/xao#end_stage>	<http://purl.obolibrary.org/obo/XAO_0000437>
<http://purl.obolibrary.org/obo/XAO_1000030>	<http://purl.obolibrary.org/obo/BFO_0000050>	<http://purl.obolibrary.org/obo/XAO_1000005>
<http://purl.obolibrary.org/obo/XAO_0000240>	<http://purl.obolibrary.org/obo/RO_0002202>	<http://purl.obolibrary.org/obo/XAO_0000320>
<http://purl.obolibrary.org/obo/XAO_0004544>	<http://purl.obolibrary.org/obo/xao#end_stage>	<http://purl.obolibrary.org/obo/XAO_0000437>
<http://purl.obolibrary.org/obo/XAO_0004394>	<http://purl.obolibrary.org/obo/xao#start_stage>	<http://purl.obolibrary.org/obo/XAO_1000033>
<http://purl.obolibrary.org/obo/XAO_0004442>	<http://purl.obolibrary.org/obo/xao#start_stage>	<http://purl.obolibrary.org/obo/XAO_1000052>
<http://purl.obolibrary.org/obo/XAO_0004512>	<http://purl.obolibrary.org/obo/RO_0002202>	<http://purl.obolibrary.org/obo/XAO_0000295>
<http://purl.obolibrary.org/obo/XAO_0001019>	<http://purl.obolibrary.org/obo/xao#end_stage>	<http://purl.obolibrary.org/obo/XAO_1000052>
<http://purl.obolibrary.org/obo/XAO_0004363>	<http://purl.obolibrary.org/obo/xao#start_stage>	<http://purl.obolibrary.org/obo/XAO_1000052>
<http://purl.obolibrary.org/obo/XAO_0000227>	<http://purl.obolibrary.org/obo/BFO_0000050>	<http://purl.obolibrary.org/obo/XAO_0003198>
<http://purl.obolibrary.org/obo/XAO_0004623>	<http://purl.obolibrary.org/obo/xao#start_stage>	<http://purl.obolibrary.org/obo/XAO_1000045>
<http://purl.obolibrary.org/obo/XAO_0005107>	<http://purl.obolibrary.org/obo/xao#start_stage>	<http://purl.obolibrary.org/obo/XAO_1000016>
<http://purl.obolibrary.org/obo/XAO_0004144>	<http://purl.obolibrary.org/obo/BFO_0000050>	<http://purl.obolibrary.org/obo/XAO_0000067>
<http://purl.obolibrary.org/obo/XAO_0004548>	<http://purl.obolibrary.org/obo/xao#start_stage>	<http://purl.obolibrary.org/obo/XAO_1000038>
<http://purl.obolibrary.org/obo/XAO_0005031>	<http://purl.obolibrary.org/obo/RO_0002202>	<http://purl.obolibrary.org/obo/XAO_0005032>
<http://purl.obolibrary.org/obo/XAO_0003126>	<http://purl.obolibrary.org/obo/xao#start_stage>	<http://purl.obolibrary.org/obo/XAO_1000039>
<http://purl.obolibrary.org/obo/XAO_0000191>	<http://purl.obolibrary.org/obo/xao#end_stage>	<http://purl.obolibrary.org/obo/XAO_0000437>
<http://purl.obolibrary.org/obo/XAO_0004179>	<http://purl.obolibrary.org/obo/xao#start_stage>	<http://purl.obolibrary.org/obo/XAO_1000049>
<http://purl.obolibrary.org/obo/XAO_0004176>	<http://purl.obolibrary.org/obo/xao#end_stage>	<http://purl.obolibrary.org/obo/XAO_0000437>
<http://purl.obolibrary.org/obo/XAO_0005165>	<http://purl.obolibrary.org/obo/BFO_0000050>	<http://purl.obolibrary.org/obo/XAO_0000159>
<http://purl.obolibrary.org/obo/XAO_0000228>	<http://purl.obolibrary.org/obo/BFO_0000050>	<http://purl.obolibrary.org/obo/XAO_0003198>
<http://purl.obolibrary.org/obo/XAO_0004312>	<http://purl.obolibrary.org/obo/xao#start_stage>	<http://purl.obolibrary.org/obo/XAO_1000041>
<http://purl.obolibrary.org/obo/XAO_0000294>	<http://purl.obolibrary.org/obo/xao#end_stage>	<http://purl.obolibrary.org/obo/XAO_1000023>
<http://purl.obolibrary.org/obo/XAO_0000092>	<http://purl.obolibrary.org/obo/xao#end_stage>	<http://purl.obolibrary.org/obo/XAO_1000050>
<http://purl.obolibrary.org/obo/XAO_0000187>	<http://purl.obolibrary.org/obo/xao#end_stage>	<http://purl.obolibrary.org/obo/XAO_1000052>
<http://purl.obolibrary.org/obo/XAO_0004180>	<http://purl.obolibrary.org/obo/xao#start_stage>	<http://purl.obolibrary.org/obo/XAO_1000042>
<http://purl.obolibrary.org/obo/XAO_0004042>	<http://purl.obolibrary.org/obo/xao#end_stage>	<http://purl.obolibrary.org/obo/XAO_0000437>
<http://purl.obolibrary.org/obo/XAO_1000013>	<http://purl.obolibrary.org/obo/BFO_0000050>	<http://purl.obolibrary.org/obo/XAO_1000004>
<http://purl.obolibrary.org/obo/XAO_0000174>	<http://purl.obolibrary.org/obo/xao#end_stage>	<http://purl.obolibrary.org/obo/XAO_0000437>
<http://purl.obolibrary.org/obo/XAO_0006017>	<http://purl.obolibrary.org/obo/RO_0002202>	<http://purl.obolibrary.org/obo/XAO_0004069>
<http://purl.obolibrary.org/obo/XAO_1000068>	<http://purl.obolibrary.org/obo/xao#preceded_by>	<http://purl.obolibrary.org/obo/XAO_1000067>
<http://purl.obolibrary.org/obo/XAO_0004025>	<http://purl.obolibrary.org/obo/xao#start_stage>	<http://purl.obolibrary.org/obo/XAO_1000057>
<http://purl.obolibrary.org/obo/XAO_0004532>	<http://purl.obolibrary.org/obo/xao#start_stage>	<http://purl.obolibrary.org/obo/XAO_1000047>
<http://purl.obolibrary.org/obo/XAO_0000401>	<http://purl.obolibrary.org/obo/RO_0002202>	<http://purl.obolibrary.org/obo/XAO_0000397>
<http://purl.obolibrary.org/obo/XAO_0004092>	<http://purl.obolibrary.org/obo/RO_0002202>	<http://purl.obolibrary.org/obo/XAO_0004104>
<http://purl.obolibrary.org/obo/XAO_0004227>	<http://purl.obolibrary.org/obo/BFO_0000050>	<http://purl.obolibrary.org/obo/XAO_0004271>
<http://purl.obolibrary.org/obo/XAO_0005325>	<http://purl.obolibrary.org/obo/xao#start_stage>	<http://purl.obolibrary.org/obo/XAO_1000027>
<http://purl.obolibrary.org/obo/XAO_0000372>	<http://purl.obolibrary.org/obo/xao#start_stage>	<http://purl.obolibrary.org/obo/XAO_1000047>
<http://purl.obolibrary.org/obo/XAO_0000278>	<http://purl.obolibrary.org/obo/BFO_0000050>	<http://purl.obolibrary.org/obo/XAO_0000074>
<http://purl.obolibrary.org/obo/XAO_0004462>	<http://purl.obolibrary.org/obo/BFO_0000050>	<http://purl.obolibrary.org/obo/XAO_0000094>
<http://purl.obolibrary.org/obo/XAO_0000343>	<http://purl.obolibrary.org/obo/xao#end_stage>	<http://purl.obolibrary.org/obo/XAO_1000056>
<http://purl.obolibrary.org/obo/XAO_0000015>	<http://purl.obolibrary.org/obo/xao#end_stage>	<http://purl.obolibrary.org/obo/XAO_0000437>
<http://purl.obolibrary.org/obo/XAO_0003059>	<http://purl.obolibrary.org/obo/xao#end_stage>	<http://purl.obolibrary.org/obo/XAO_0000437>
<http://purl.obolibrary.org/obo/XAO_0005268>	<http://purl.obolibrary.org/obo/xao#start_stage>	<http://purl.obolibrary.org/obo/XAO_1000077>
<http://purl.obolibrary.org/obo/XAO_0003267>	<http://purl.obolibrary.org/obo/RO_0002202>	<http://purl.obolibrary.org/obo/XAO_0000085>
<http://purl.obolibrary.org/obo/XAO_0000109>	<http://purl.obolibrary.org/obo/xao#end_stage>	<http://purl.obolibrary.org/obo/XAO_1000043>
<http://purl.obolibrary.org/obo/XAO_0003113>	<http://purl.obolibrary.org/obo/RO_0002202>	<http://purl.obolibrary.org/obo/XAO_0000406>
<http://purl.obolibrary.org/obo/XAO_0005181>	<http://purl.obolibrary.org/obo/xao#start_stage>	<http://purl.obolibrary.org/obo/XAO_1000025>
<http://purl.obolibrary.org/obo/XAO_0005228>	<http://purl.obolibrary.org/obo/RO_0002202>	<http://purl.obolibrary.org/obo/XAO_0000048>
<http://purl.obolibrary.org/obo/XAO_0004099>	<http://purl.obolibrary.org/obo/BFO_0000050>	<http://purl.obolibrary.org/obo/XAO_0003216>
<http://purl.obolibrary.org/obo/XAO_0003190>	<http://purl.obolibrary.org/obo/xao#start_stage>	<http://purl.obolibrary.org/obo/XAO_1000017>
<http://purl.obolibrary.org/obo/XAO_0000080>	<http://purl.obolibrary.org/obo/xao#start_stage>	<http://purl.obolibrary.org/obo/XAO_1000060>
<http://purl.obolibrary.org/obo/XAO_0004585>	<http://purl.obolibrary.org/obo/BFO_0000050>	<http://purl.obolibrary.org/obo/XAO_0004539>
<http://purl.obolibrary.org/obo/XAO_0006040>	<http://purl.obolibrary.org/obo/xao#end_stage>	<http://purl.obolibrary.org/obo/XAO_0000437>
<http://purl.obolibrary.org/obo/XAO_0004049>	<http://purl.obolibrary.org/obo/xao#start_stage>	<http://purl.obolibrary.org/obo/XAO_1000048>
<http://purl.obolibrary.org/obo/XAO_0006006>	<http://purl.obolibrary.org/obo/xao#start_stage>	<http://purl.obolibrary.org/obo/XAO_1000011>
<http://purl.obolibrary.org/obo/XAO_0000474>	<http://purl.obolibrary.org/obo/RO_0002202>	<http://purl.obolibrary.org/obo/XAO_0000228>
<http://purl.obolibrary.org/obo/XAO_0004346>	<http://purl.obolibrary.org/obo/RO_0002202>	<http://purl.obolibrary.org/obo/XAO_0004443>
<http://purl.obolibrary.org/obo/XAO_0000265>	<http://purl.obolibrary.org/obo/xao#start_stage>	<http://purl.obolibrary.org/obo/XAO_1000047>
<http://purl.obolibrary.org/obo/XAO_0006041>	<http://purl.obolibrary.org/obo/xao#end_stage>	<http://purl.obolibrary.org/obo/XAO_0000437>
<http://purl.obolibrary.org/obo/XAO_0000430>	<http://purl.obolibrary.org/obo/BFO_0000050>	<http://purl.obolibrary.org/obo/XAO_0000269>
<http://purl.obolibrary.org/obo/XAO_0004400>	<http://purl.obolibrary.org/obo/xao#start_stage>	<http://purl.obolibrary.org/obo/XAO_1000067>
<http://purl.obolibrary.org/obo/XAO_0004380>	<http://purl.obolibrary.org/obo/RO_0002202>	<http://purl.obolibrary.org/obo/XAO_0003205>
<http://purl.obolibrary.org/obo/XAO_0004373>	<http://purl.obolibrary.org/obo/xao#end_stage>	<http://purl.obolibrary.org/obo/XAO_0000437>
<http://purl.obolibrary.org/obo/XAO_0000366>	<http://purl.obolibrary.org/obo/RO_0002202>	<http://purl.obolibrary.org/obo/XAO_0000051>
<http://purl.obolibrary.org/obo/XAO_0000011>	<http://purl.obolibrary.org/obo/xao#end_stage>	<http://purl.obolibrary.org/obo/XAO_0000437>
<http://purl.obolibrary.org/obo/XAO_0004599>	<http://purl.obolibrary.org/obo/BFO_0000050>	<http://purl.obolibrary.org/obo/XAO_0000013>
<http://purl.obolibrary.org/obo/XAO_0000337>	<http://purl.obolibrary.org/obo/xao#end_stage>	<http://purl.obolibrary.org/obo/XAO_1000048>
<http://purl.obolibrary.org/obo/XAO_0005010>	<http://purl.obolibrary.org/obo/BFO_0000050>	<http://purl.obolibrary.org/obo/XAO_0003023>
<http://purl.obolibrary.org/obo/XAO_0003104>	<http://purl.obolibrary.org/obo/xao#start_stage>	<http://purl.obolibrary.org/obo/XAO_1000027>
<http://purl.obolibrary.org/obo/XAO_0000171>	<http://purl.obolibrary.org/obo/xao#end_stage>	<http://purl.obolibrary.org/obo/XAO_0000437>
<http://purl.obolibrary.org/obo/XAO_0004451>	<http://purl.obolibrary.org/obo/xao#end_stage>	<http://purl.obolibrary.org/obo/XAO_1000051>
<http://purl.obolibrary.org/obo/XAO_0003175>	<http://purl.obolibrary.org/obo/xao#start_stage>	<http://purl.obolibrary.org/obo/XAO_1000055>
<http://purl.obolibrary.org/obo/XAO_0005301>	<http://purl.obolibrary.org/obo/xao#start_stage>	<http://purl.obolibrary.org/obo/XAO_1000020>
<http://purl.obolibrary.org/obo/XAO_0003011>	<http://purl.obolibrary.org/obo/xao#end_stage>	<http://purl.obolibrary.org/obo/XAO_1000078>
<http://purl.obolibrary.org/obo/XAO_0004486>	<http://purl.obolibrary.org/obo/xao#start_stage>	<http://purl.obolibrary.org/obo/XAO_1000037>
<http://purl.obolibrary.org/obo/XAO_0005144>	<http://purl.obolibrary.org/obo/xao#start_stage>	<http://purl.obolibrary.org/obo/XAO_1000059>
<http://purl.obolibrary.org/obo/XAO_0000273>	<http://purl.obolibrary.org/obo/RO_0002202>	<http://purl.obolibrary.org/obo/XAO_0000005>
<http://purl.obolibrary.org/obo/XAO_0005046>	<http://purl.obolibrary.org/obo/BFO_0000050>	<http://purl.obolibrary.org/obo/XAO_0004606>
<http://purl.obolibrary.org/obo/XAO_0000144>	<http://purl.obolibrary.org/obo/BFO_0000050>	<http://purl.obolibrary.org/obo/XAO_0000143>
<http://purl.obolibrary.org/obo/XAO_0005179>	<http://purl.obolibrary.org/obo/xao#start_stage>	<http://purl.obolibrary.org/obo/XAO_1000025>
<http://purl.obolibrary.org/obo/XAO_0004062>	<http://purl.obolibrary.org/obo/BFO_0000050>	<http://purl.obolibrary.org/obo/XAO_0003026>
<http://purl.obolibrary.org/obo/XAO_0000316>	<http://purl.obolibrary.org/obo/BFO_0000050>	<http://purl.obolibrary.org/obo/XAO_0000064>
<http://purl.obolibrary.org/obo/XAO_0005014>	<http://purl.obolibrary.org/obo/xao#start_stage>	<http://purl.obolibrary.org/obo/XAO_1000001>
<http://purl.obolibrary.org/obo/XAO_0004229>	<http://purl.obolibrary.org/obo/BFO_0000050>	<http://purl.obolibrary.org/obo/XAO_0000028>
<http://purl.obolibrary.org/obo/XAO_0003108>	<http://purl.obolibrary.org/obo/xao#start_stage>	<http://purl.obolibrary.org/obo/XAO_1000035>
<http://purl.obolibrary.org/obo/XAO_0004396>	<http://purl.obolibrary.org/obo/xao#start_stage>	<http://purl.obolibrary.org/obo/XAO_1000020>
<http://purl.obolibrary.org/obo/XAO_0005145>	<http://purl.obolibrary.org/obo/xao#start_stage>	<http://purl.obolibrary.org/obo/XAO_1000052>
<http://purl.obolibrary.org/obo/XAO_0000211>	<http://purl.obolibrary.org/obo/BFO_0000050>	<http://purl.obolibrary.org/obo/XAO_0000178>
<http://purl.obolibrary.org/obo/XAO_0000409>	<http://purl.obolibrary.org/obo/xao#end_stage>	<http://purl.obolibrary.org/obo/XAO_1000059>
<http://purl.obolibrary.org/obo/XAO_0004130>	<http://purl.obolibrary.org/obo/xao#start_stage>	<http://purl.obolibrary.org/obo/XAO_1000059>
<http://purl.obolibrary.org/obo/XAO_0004239>	<http://purl.obolibrary.org/obo/xao#end_stage>	<http://purl.obolibrary.org/obo/XAO_0000437>
<http://purl.obolibrary.org/obo/XAO_0000382>	<http://purl.obolibrary.org/obo/BFO_0000050>	<http://purl.obolibrary.org/obo/XAO_0004152>
<http://purl.obolibrary.org/obo/XAO_0000388>	<http://purl.obolibrary.org/obo/xao#start_stage>	<http://purl.obolibrary.org/obo/XAO_1000060>
<http://purl.obolibrary.org/obo/XAO_0000177>	<http://purl.obolibrary.org/obo/xao#end_stage>	<http://purl.obolibrary.org/obo/XAO_0000437>
<http://purl.obolibrary.org/obo/XAO_0000282>	<http://purl.obolibrary.org/obo/xao#end_stage>	<http://purl.obolibrary.org/obo/XAO_1000056>
<http://purl.obolibrary.org/obo/XAO_0004205>	<http://purl.obolibrary.org/obo/RO_0002202>	<http://purl.obolibrary.org/obo/XAO_0005128>
<http://purl.obolibrary.org/obo/XAO_0003207>	<http://purl.obolibrary.org/obo/xao#start_stage>	<http://purl.obolibrary.org/obo/XAO_1000069>
<http://purl.obolibrary.org/obo/XAO_1000084>	<http://purl.obolibrary.org/obo/xao#preceded_by>	<http://purl.obolibrary.org/obo/XAO_1000083>
<http://purl.obolibrary.org/obo/XAO_0003171>	<http://purl.obolibrary.org/obo/xao#end_stage>	<http://purl.obolibrary.org/obo/XAO_0000437>
<http://purl.obolibrary.org/obo/XAO_0000461>	<http://purl.obolibrary.org/obo/xao#start_stage>	<http://purl.obolibrary.org/obo/XAO_1000048>
<http://purl.obolibrary.org/obo/XAO_0000385>	<http://purl.obolibrary.org/obo/RO_0002202>	<http://purl.obolibrary.org/obo/XAO_0000384>
<http://purl.obolibrary.org/obo/XAO_0000128>	<http://purl.obolibrary.org/obo/xao#end_stage>	<http://purl.obolibrary.org/obo/XAO_0000437>
<http://purl.obolibrary.org/obo/XAO_0003229>	<http://purl.obolibrary.org/obo/xao#start_stage>	<http://purl.obolibrary.org/obo/XAO_1000044>
<http://purl.obolibrary.org/obo/XAO_0004434>	<http://purl.obolibrary.org/obo/xao#end_stage>	<http://purl.obolibrary.org/obo/XAO_1000052>
<http://purl.obolibrary.org/obo/XAO_0003211>	<http://purl.obolibrary.org/obo/BFO_0000050>	<http://purl.obolibrary.org/obo/XAO_0003062>
<http://purl.obolibrary.org/obo/XAO_0004559>	<http://purl.obolibrary.org/obo/BFO_0000050>	<http://purl.obolibrary.org/obo/XAO_0000011>
<http://purl.obolibrary.org/obo/XAO_0000096>	<http://purl.obolibrary.org/obo/BFO_0000050>	<http://purl.obolibrary.org/obo/XAO_0004261>
<http://purl.obolibrary.org/obo/XAO_0003142>	<http://purl.obolibrary.org/obo/RO_0002202>	<http://purl.obolibrary.org/obo/XAO_0000425>
<http://purl.obolibrary.org/obo/XAO_0003241>	<http://purl.obolibrary.org/obo/xao#end_stage>	<http://purl.obolibrary.org/obo/XAO_1000033>
<http://purl.obolibrary.org/obo/XAO_0005133>	<http://purl.obolibrary.org/obo/BFO_0000050>	<http://purl.obolibrary.org/obo/XAO_0000010>
<http://purl.obolibrary.org/obo/XAO_0003115>	<http://purl.obolibrary.org/obo/xao#end_stage>	<http://purl.obolibrary.org/obo/XAO_1000059>
<http://purl.obolibrary.org/obo/XAO_0004113>	<http://purl.obolibrary.org/obo/BFO_0000050>	<http://purl.obolibrary.org/obo/XAO_0000280>
<http://purl.obolibrary.org/obo/XAO_0004042>	<http://purl.obolibrary.org/obo/xao#start_stage>	<http://purl.obolibrary.org/obo/XAO_1000043>
<http://purl.obolibrary.org/obo/XAO_1000034>	<http://purl.obolibrary.org/obo/xao#preceded_by>	<http://purl.obolibrary.org/obo/XAO_1000027>
<http://purl.obolibrary.org/obo/XAO_0004418>	<http://purl.obolibrary.org/obo/BFO_0000050>	<http://purl.obolibrary.org/obo/XAO_0004412>
<http://purl.obolibrary.org/obo/XAO_0000305>	<http://purl.obolibrary.org/obo/RO_0002202>	<http://purl.obolibrary.org/obo/XAO_0000320>
<http://purl.obolibrary.org/obo/XAO_0004483>	<http://purl.obolibrary.org/obo/xao#end_stage>	<http://purl.obolibrary.org/obo/XAO_1000078>
<http://purl.obolibrary.org/obo/XAO_0003047>	<http://purl.obolibrary.org/obo/xao#start_stage>	<http://purl.obolibrary.org/obo/XAO_1000044>
<http://purl.obolibrary.org/obo/XAO_0006017>	<http://purl.obolibrary.org/obo/xao#end_stage>	<http://purl.obolibrary.org/obo/XAO_1000057>
<http://purl.obolibrary.org/obo/XAO_0005211>	<http://purl.obolibrary.org/obo/xao#end_stage>	<http://purl.obolibrary.org/obo/XAO_0000437>
<http://purl.obolibrary.org/obo/XAO_0000421>	<http://purl.obolibrary.org/obo/xao#end_stage>	<http://purl.obolibrary.org/obo/XAO_1000059>
<http://purl.obolibrary.org/obo/XAO_0004287>	<http://purl.obolibrary.org/obo/BFO_0000050>	<http://purl.obolibrary.org/obo/XAO_0004288>
<http://purl.obolibrary.org/obo/XAO_0000453>	<http://purl.obolibrary.org/obo/xao#end_stage>	<http://purl.obolibrary.org/obo/XAO_0000437>
<http://purl.obolibrary.org/obo/XAO_0000148>	<http://purl.obolibrary.org/obo/xao#end_stage>	<http://purl.obolibrary.org/obo/XAO_0000437>
<http://purl.obolibrary.org/obo/XAO_0005030>	<http://purl.obolibrary.org/obo/xao#end_stage>	<http://purl.obolibrary.org/obo/XAO_0000437>
<http://purl.obolibrary.org/obo/XAO_1000075>	<http://purl.obolibrary.org/obo/BFO_0000050>	<http://purl.obolibrary.org/obo/XAO_1000091>
<http://purl.obolibrary.org/obo/XAO_0004097>	<http://purl.obolibrary.org/obo/xao#end_stage>	<http://purl.obolibrary.org/obo/XAO_0000437>
<http://purl.obolibrary.org/obo/XAO_0005161>	<http://purl.obolibrary.org/obo/xao#end_stage>	<http://purl.obolibrary.org/obo/XAO_1000078>
<http://purl.obolibrary.org/obo/XAO_0005051>	<http://purl.obolibrary.org/obo/BFO_0000050>	<http://purl.obolibrary.org/obo/XAO_0004070>
<http://purl.obolibrary.org/obo/XAO_0004466>	<http://purl.obolibrary.org/obo/xao#start_stage>	<http://purl.obolibrary.org/obo/XAO_1000036>
<http://purl.obolibrary.org/obo/XAO_0005130>	<http://purl.obolibrary.org/obo/RO_0002202>	<http://purl.obolibrary.org/obo/XAO_0005128>
<http://purl.obolibrary.org/obo/XAO_0005095>	<http://purl.obolibrary.org/obo/xao#end_stage>	<http://purl.obolibrary.org/obo/XAO_1000015>
<http://purl.obolibrary.org/obo/XAO_0000192>	<http://purl.obolibrary.org/obo/BFO_0000050>	<http://purl.obolibrary.org/obo/XAO_0000189>
<http://purl.obolibrary.org/obo/XAO_0000151>	<http://purl.obolibrary.org/obo/xao#start_stage>	<http://purl.obolibrary.org/obo/XAO_1000057>
<http://purl.obolibrary.org/obo/XAO_0003040>	<http://purl.obolibrary.org/obo/xao#end_stage>	<http://purl.obolibrary.org/obo/XAO_0000437>
<http://purl.obolibrary.org/obo/XAO_0004622>	<http://purl.obolibrary.org/obo/RO_0002202>	<http://purl.obolibrary.org/obo/XAO_0004528>
<http://purl.obolibrary.org/obo/XAO_0004068>	<http://purl.obolibrary.org/obo/RO_0002202>	<http://purl.obolibrary.org/obo/XAO_0000090>
<http://purl.obolibrary.org/obo/XAO_0004516>	<http://purl.obolibrary.org/obo/xao#start_stage>	<http://purl.obolibrary.org/obo/XAO_1000017>
<http://purl.obolibrary.org/obo/XAO_0003264>	<http://purl.obolibrary.org/obo/xao#end_stage>	<http://purl.obolibrary.org/obo/XAO_0000437>
<http://purl.obolibrary.org/obo/XAO_0005059>	<http://purl.obolibrary.org/obo/xao#start_stage>	<http://purl.obolibrary.org/obo/XAO_1000039>
<http://purl.obolibrary.org/obo/XAO_0003085>	<http://purl.obolibrary.org/obo/BFO_0000050>	<http://purl.obolibrary.org/obo/XAO_0003084>
<http://purl.obolibrary.org/obo/XAO_0000022>	<http://purl.obolibrary.org/obo/xao#start_stage>	<http://purl.obolibrary.org/obo/XAO_1000038>
<http://purl.obolibrary.org/obo/XAO_0005309>	<http://purl.obolibrary.org/obo/xao#end_stage>	<http://purl.obolibrary.org/obo/XAO_0000437>
<http://purl.obolibrary.org/obo/XAO_0006043>	<http://purl.obolibrary.org/obo/xao#end_stage>	<http://purl.obolibrary.org/obo/XAO_0000437>
<http://purl.obolibrary.org/obo/XAO_0005287>	<http://purl.obolibrary.org/obo/xao#end_stage>	<http://purl.obolibrary.org/obo/XAO_1000056>
<http://purl.obolibrary.org/obo/XAO_0005099>	<http://purl.obolibrary.org/obo/xao#end_stage>	<http://purl.obolibrary.org/obo/XAO_1000016>
<http://purl.obolibrary.org/obo/XAO_0000188>	<http://purl.obolibrary.org/obo/BFO_0000050>	<http://purl.obolibrary.org/obo/XAO_0000179>
<http://purl.obolibrary.org/obo/XAO_0004282>	<http://purl.obolibrary.org/obo/BFO_0000050>	<http://purl.obolibrary.org/obo/XAO_0004281>
<http://purl.obolibrary.org/obo/XAO_0004243>	<http://purl.obolibrary.org/obo/xao#start_stage>	<http://purl.obolibrary.org/obo/XAO_1000063>
<http://purl.obolibrary.org/obo/XAO_0000067>	<http://purl.obolibrary.org/obo/xao#start_stage>	<http://purl.obolibrary.org/obo/XAO_1000026>
<http://purl.obolibrary.org/obo/XAO_0004501>	<http://purl.obolibrary.org/obo/xao#end_stage>	<http://purl.obolibrary.org/obo/XAO_0000437>
<http://purl.obolibrary.org/obo/XAO_0004553>	<http://purl.obolibrary.org/obo/BFO_0000050>	<http://purl.obolibrary.org/obo/XAO_0004554>
<http://purl.obolibrary.org/obo/XAO_0000327>	<http://purl.obolibrary.org/obo/xao#start_stage>	<http://purl.obolibrary.org/obo/XAO_1000050>
<http://purl.obolibrary.org/obo/XAO_0000371>	<http://purl.obolibrary.org/obo/xao#start_stage>	<http://purl.obolibrary.org/obo/XAO_1000047>
<http://purl.obolibrary.org/obo/XAO_1000060>	<http://purl.obolibrary.org/obo/BFO_0000050>	<http://purl.obolibrary.org/obo/XAO_1000089>
<http://purl.obolibrary.org/obo/XAO_0000446>	<http://purl.obolibrary.org/obo/RO_0002202>	<http://purl.obolibrary.org/obo/XAO_0000097>
<http://purl.obolibrary.org/obo/XAO_0005288>	<http://purl.obolibrary.org/obo/xao#end_stage>	<http://purl.obolibrary.org/obo/XAO_0000437>
<http://purl.obolibrary.org/obo/XAO_0004416>	<http://purl.obolibrary.org/obo/xao#end_stage>	<http://purl.obolibrary.org/obo/XAO_1000069>
<http://purl.obolibrary.org/obo/XAO_0005017>	<http://purl.obolibrary.org/obo/xao#start_stage>	<http://purl.obolibrary.org/obo/XAO_1000001>
<http://purl.obolibrary.org/obo/XAO_0001010>	<http://purl.obolibrary.org/obo/xao#end_stage>	<http://purl.obolibrary.org/obo/XAO_0000437>
<http://purl.obolibrary.org/obo/XAO_0004537>	<http://purl.obolibrary.org/obo/xao#end_stage>	<http://purl.obolibrary.org/obo/XAO_0000437>
<http://purl.obolibrary.org/obo/XAO_0005318>	<http://purl.obolibrary.org/obo/BFO_0000050>	<http://purl.obolibrary.org/obo/XAO_0005313>
<http://purl.obolibrary.org/obo/XAO_0000076>	<http://purl.obolibrary.org/obo/xao#end_stage>	<http://purl.obolibrary.org/obo/XAO_1000022>
<http://purl.obolibrary.org/obo/XAO_0004353>	<http://purl.obolibrary.org/obo/RO_0002202>	<http://purl.obolibrary.org/obo/XAO_0004450>
<http://purl.obolibrary.org/obo/XAO_0004497>	<http://purl.obolibrary.org/obo/BFO_0000050>	<http://purl.obolibrary.org/obo/XAO_0003064>
<http://purl.obolibrary.org/obo/XAO_0005081>	<http://purl.obolibrary.org/obo/xao#end_stage>	<http://purl.obolibrary.org/obo/XAO_1000092>
<http://purl.obolibrary.org/obo/XAO_0005110>	<http://purl.obolibrary.org/obo/xao#end_stage>	<http://purl.obolibrary.org/obo/XAO_1000016>
<http://purl.obolibrary.org/obo/XAO_0004505>	<http://purl.obolibrary.org/obo/RO_0002202>	<http://purl.obolibrary.org/obo/XAO_0004049>
<http://purl.obolibrary.org/obo/XAO_0004168>	<http://purl.obolibrary.org/obo/BFO_0000050>	<http://purl.obolibrary.org/obo/XAO_0004152>
<http://purl.obolibrary.org/obo/XAO_0004575>	<http://purl.obolibrary.org/obo/BFO_0000050>	<http://purl.obolibrary.org/obo/XAO_0004587>
<http://purl.obolibrary.org/obo/XAO_0000220>	<http://purl.obolibrary.org/obo/RO_0002202>	<http://purl.obolibrary.org/obo/XAO_0000396>
<http://purl.obolibrary.org/obo/XAO_0004538>	<http://purl.obolibrary.org/obo/xao#start_stage>	<http://purl.obolibrary.org/obo/XAO_1000038>
<http://purl.obolibrary.org/obo/XAO_0005056>	<http://purl.obolibrary.org/obo/xao#end_stage>	<http://purl.obolibrary.org/obo/XAO_0000437>
<http://purl.obolibrary.org/obo/XAO_0004091>	<http://purl.obolibrary.org/obo/xao#end_stage>	<http://purl.obolibrary.org/obo/XAO_1000044>
<http://purl.obolibrary.org/obo/XAO_0000157>	<http://purl.obolibrary.org/obo/xao#end_stage>	<http://purl.obolibrary.org/obo/XAO_0000437>
<http://purl.obolibrary.org/obo/XAO_0004169>	<http://purl.obolibrary.org/obo/BFO_0000050>	<http://purl.obolibrary.org/obo/XAO_0004170>
<http://purl.obolibrary.org/obo/XAO_0004608>	<http://purl.obolibrary.org/obo/xao#start_stage>	<http://purl.obolibrary.org/obo/XAO_1000038>
<http://purl.obolibrary.org/obo/XAO_0000311>	<http://purl.obolibrary.org/obo/RO_0002202>	<http://purl.obolibrary.org/obo/XAO_0000050>
<http://purl.obolibrary.org/obo/XAO_0004024>	<http://purl.obolibrary.org/obo/xao#end_stage>	<http://purl.obolibrary.org/obo/XAO_0000437>
<http://purl.obolibrary.org/obo/XAO_0005327>	<http://purl.obolibrary.org/obo/BFO_0000050>	<http://purl.obolibrary.org/obo/XAO_0000048>
<http://purl.obolibrary.org/obo/XAO_0000277>	<http://purl.obolibrary.org/obo/RO_0002202>	<http://purl.obolibrary.org/obo/XAO_0000005>
<http://purl.obolibrary.org/obo/XAO_0005265>	<http://purl.obolibrary.org/obo/BFO_0000050>	<http://purl.obolibrary.org/obo/XAO_0003025>
<http://purl.obolibrary.org/obo/XAO_0000320>	<http://purl.obolibrary.org/obo/xao#start_stage>	<http://purl.obolibrary.org/obo/XAO_1000020>
<http://purl.obolibrary.org/obo/XAO_0000177>	<http://purl.obolibrary.org/obo/xao#start_stage>	<http://purl.obolibrary.org/obo/XAO_1000023>
<http://purl.obolibrary.org/obo/XAO_0004262>	<http://purl.obolibrary.org/obo/xao#start_stage>	<http://purl.obolibrary.org/obo/XAO_1000049>
<http://purl.obolibrary.org/obo/XAO_0004095>	<http://purl.obolibrary.org/obo/BFO_0000050>	<http://purl.obolibrary.org/obo/XAO_0000008>
<http://purl.obolibrary.org/obo/XAO_0000280>	<http://purl.obolibrary.org/obo/xao#start_stage>	<http://purl.obolibrary.org/obo/XAO_1000001>
<http://purl.obolibrary.org/obo/XAO_0000253>	<http://purl.obolibrary.org/obo/xao#end_stage>	<http://purl.obolibrary.org/obo/XAO_1000022>
<http://purl.obolibrary.org/obo/XAO_0006054>	<http://purl.obolibrary.org/obo/xao#start_stage>	<http://purl.obolibrary.org/obo/XAO_1000039>
<http://purl.obolibrary.org/obo/XAO_0005093>	<http://purl.obolibrary.org/obo/RO_0002202>	<http://purl.obolibrary.org/obo/XAO_0005086>
<http://purl.obolibrary.org/obo/XAO_0000392>	<http://purl.obolibrary.org/obo/xao#end_stage>	<http://purl.obolibrary.org/obo/XAO_0000437>
<http://purl.obolibrary.org/obo/XAO_0000286>	<http://purl.obolibrary.org/obo/xao#start_stage>	<http://purl.obolibrary.org/obo/XAO_1000045>
<http://purl.obolibrary.org/obo/XAO_0004370>	<http://purl.obolibrary.org/obo/xao#start_stage>	<http://purl.obolibrary.org/obo/XAO_1000052>
<http://purl.obolibrary.org/obo/XAO_0004485>	<http://purl.obolibrary.org/obo/xao#end_stage>	<http://purl.obolibrary.org/obo/XAO_0000437>
<http://purl.obolibrary.org/obo/XAO_0004523>	<http://purl.obolibrary.org/obo/BFO_0000050>	<http://purl.obolibrary.org/obo/XAO_0000130>
<http://purl.obolibrary.org/obo/XAO_0004583>	<http://purl.obolibrary.org/obo/xao#start_stage>	<http://purl.obolibrary.org/obo/XAO_1000049>
<http://purl.obolibrary.org/obo/XAO_0004046>	<http://purl.obolibrary.org/obo/BFO_0000050>	<http://purl.obolibrary.org/obo/XAO_0004025>
<http://purl.obolibrary.org/obo/XAO_0000269>	<http://purl.obolibrary.org/obo/xao#end_stage>	<http://purl.obolibrary.org/obo/XAO_1000072>
<http://purl.obolibrary.org/obo/XAO_0000357>	<http://purl.obolibrary.org/obo/xao#start_stage>	<http://purl.obolibrary.org/obo/XAO_1000046>
<http://purl.obolibrary.org/obo/XAO_0000008>	<http://purl.obolibrary.org/obo/xao#start_stage>	<http://purl.obolibrary.org/obo/XAO_1000044>
<http://purl.obolibrary.org/obo/XAO_0004559>	<http://purl.obolibrary.org/obo/xao#end_stage>	<http://purl.obolibrary.org/obo/XAO_0000437>
<http://purl.obolibrary.org/obo/XAO_0003239>	<http://purl.obolibrary.org/obo/xao#start_stage>	<http://purl.obolibrary.org/obo/XAO_1000027>
<http://purl.obolibrary.org/obo/XAO_0003098>	<http://purl.obolibrary.org/obo/xao#end_stage>	<http://purl.obolibrary.org/obo/XAO_0000437>
<http://purl.obolibrary.org/obo/XAO_0003219>	<http://purl.obolibrary.org/obo/xao#start_stage>	<http://purl.obolibrary.org/obo/XAO_1000049>
<http://purl.obolibrary.org/obo/XAO_0000232>	<http://purl.obolibrary.org/obo/xao#start_stage>	<http://purl.obolibrary.org/obo/XAO_1000036>
<http://purl.obolibrary.org/obo/XAO_0005290>	<http://purl.obolibrary.org/obo/xao#start_stage>	<http://purl.obolibrary.org/obo/XAO_1000083>
<http://purl.obolibrary.org/obo/XAO_0004208>	<http://purl.obolibrary.org/obo/xao#end_stage>	<http://purl.obolibrary.org/obo/XAO_1000051>
<http://purl.obolibrary.org/obo/XAO_0005261>	<http://purl.obolibrary.org/obo/BFO_0000050>	<http://purl.obolibrary.org/obo/XAO_0003026>
<http://purl.obolibrary.org/obo/XAO_0003259>	<http://purl.obolibrary.org/obo/BFO_0000050>	<http://purl.obolibrary.org/obo/XAO_0000023>
<http://purl.obolibrary.org/obo/XAO_0000103>	<http://purl.obolibrary.org/obo/RO_0002202>	<http://purl.obolibrary.org/obo/XAO_0004512>
<http://purl.obolibrary.org/obo/XAO_0004187>	<http://purl.obolibrary.org/obo/RO_0002202>	<http://purl.obolibrary.org/obo/XAO_0000026>
<http://purl.obolibrary.org/obo/XAO_0005172>	<http://purl.obolibrary.org/obo/xao#end_stage>	<http://purl.obolibrary.org/obo/XAO_1000011>
<http://purl.obolibrary.org/obo/XAO_0004011>	<http://purl.obolibrary.org/obo/xao#end_stage>	<http://purl.obolibrary.org/obo/XAO_0000437>
<http://purl.obolibrary.org/obo/XAO_0000267>	<http://purl.obolibrary.org/obo/BFO_0000050>	<http://purl.obolibrary.org/obo/XAO_0000001>
<http://purl.obolibrary.org/obo/XAO_0004322>	<http://purl.obolibrary.org/obo/xao#start_stage>	<http://purl.obolibrary.org/obo/XAO_1000050>
<http://purl.obolibrary.org/obo/XAO_0004379>	<http://purl.obolibrary.org/obo/BFO_0000050>	<http://purl.obolibrary.org/obo/XAO_0003085>
<http://purl.obolibrary.org/obo/XAO_0004052>	<http://purl.obolibrary.org/obo/xao#start_stage>	<http://purl.obolibrary.org/obo/XAO_1000072>
<http://purl.obolibrary.org/obo/XAO_0005250>	<http://purl.obolibrary.org/obo/RO_0002202>	<http://purl.obolibrary.org/obo/XAO_0000090>
<http://purl.obolibrary.org/obo/XAO_0000104>	<http://purl.obolibrary.org/obo/BFO_0000050>	<http://purl.obolibrary.org/obo/XAO_0000125>
<http://purl.obolibrary.org/obo/XAO_0006029>	<http://purl.obolibrary.org/obo/BFO_0000050>	<http://purl.obolibrary.org/obo/XAO_0000122>
<http://purl.obolibrary.org/obo/XAO_0000268>	<http://purl.obolibrary.org/obo/RO_0002202>	<http://purl.obolibrary.org/obo/XAO_0000263>
<http://purl.obolibrary.org/obo/XAO_0004578>	<http://purl.obolibrary.org/obo/BFO_0000050>	<http://purl.obolibrary.org/obo/XAO_0004540>
<http://purl.obolibrary.org/obo/XAO_0004503>	<http://purl.obolibrary.org/obo/xao#start_stage>	<http://purl.obolibrary.org/obo/XAO_1000057>
<http://purl.obolibrary.org/obo/XAO_0004555>	<http://purl.obolibrary.org/obo/BFO_0000050>	<http://purl.obolibrary.org/obo/XAO_0004180>
<http://purl.obolibrary.org/obo/XAO_0004357>	<http://purl.obolibrary.org/obo/xao#start_stage>	<http://purl.obolibrary.org/obo/XAO_1000051>
<http://purl.obolibrary.org/obo/XAO_0004425>	<http://purl.obolibrary.org/obo/xao#start_stage>	<http://purl.obolibrary.org/obo/XAO_1000052>
<http://purl.obolibrary.org/obo/XAO_0004473>	<http://purl.obolibrary.org/obo/RO_0002202>	<http://purl.obolibrary.org/obo/XAO_0000084>
<http://purl.obolibrary.org/obo/XAO_0003064>	<http://purl.obolibrary.org/obo/RO_0002202>	<http://purl.obolibrary.org/obo/XAO_0004493>
<http://purl.obolibrary.org/obo/XAO_0004626>	<http://purl.obolibrary.org/obo/xao#end_stage>	<http://purl.obolibrary.org/obo/XAO_1000078>
<http://purl.obolibrary.org/obo/XAO_0000056>	<http://purl.obolibrary.org/obo/RO_0002202>	<http://purl.obolibrary.org/obo/XAO_0000090>
<http://purl.obolibrary.org/obo/XAO_0004549>	<http://purl.obolibrary.org/obo/xao#end_stage>	<http://purl.obolibrary.org/obo/XAO_0000437>
<http://purl.obolibrary.org/obo/XAO_0005034>	<http://purl.obolibrary.org/obo/BFO_0000050>	<http://purl.obolibrary.org/obo/XAO_0000177>
<http://purl.obolibrary.org/obo/XAO_0004331>	<http://purl.obolibrary.org/obo/xao#end_stage>	<http://purl.obolibrary.org/obo/XAO_0000437>
<http://purl.obolibrary.org/obo/XAO_0004111>	<http://purl.obolibrary.org/obo/xao#start_stage>	<http://purl.obolibrary.org/obo/XAO_1000054>
<http://purl.obolibrary.org/obo/XAO_0000119>	<http://purl.obolibrary.org/obo/xao#start_stage>	<http://purl.obolibrary.org/obo/XAO_1000066>
<http://purl.obolibrary.org/obo/XAO_0003097>	<http://purl.obolibrary.org/obo/BFO_0000050>	<http://purl.obolibrary.org/obo/XAO_0003197>
<http://purl.obolibrary.org/obo/XAO_0004030>	<http://purl.obolibrary.org/obo/xao#end_stage>	<http://purl.obolibrary.org/obo/XAO_0000437>
<http://purl.obolibrary.org/obo/XAO_0000231>	<http://purl.obolibrary.org/obo/xao#end_stage>	<http://purl.obolibrary.org/obo/XAO_0000437>
<http://purl.obolibrary.org/obo/XAO_0004627>	<http://purl.obolibrary.org/obo/xao#end_stage>	<http://purl.obolibrary.org/obo/XAO_1000049>
<http://purl.obolibrary.org/obo/XAO_0004148>	<http://purl.obolibrary.org/obo/RO_0002202>	<http://purl.obolibrary.org/obo/XAO_0004144>
<http://purl.obolibrary.org/obo/XAO_0005194>	<http://purl.obolibrary.org/obo/BFO_0000050>	<http://purl.obolibrary.org/obo/XAO_0003024>
<http://purl.obolibrary.org/obo/XAO_0005133>	<http://purl.obolibrary.org/obo/xao#end_stage>	<http://purl.obolibrary.org/obo/XAO_0000437>
<http://purl.obolibrary.org/obo/XAO_0000159>	<http://purl.obolibrary.org/obo/xao#end_stage>	<http://purl.obolibrary.org/obo/XAO_0000437>
<http://purl.obolibrary.org/obo/XAO_0003045>	<http://purl.obolibrary.org/obo/xao#start_stage>	<http://purl.obolibrary.org/obo/XAO_1000020>
<http://purl.obolibrary.org/obo/XAO_0006011>	<http://purl.obolibrary.org/obo/xao#start_stage>	<http://purl.obolibrary.org/obo/XAO_1000071>
<http://purl.obolibrary.org/obo/XAO_0004072>	<http://purl.obolibrary.org/obo/xao#end_stage>	<http://purl.obolibrary.org/obo/XAO_0000437>
<http://purl.obolibrary.org/obo/XAO_0004183>	<http://purl.obolibrary.org/obo/BFO_0000050>	<http://purl.obolibrary.org/obo/XAO_0000100>
<http://purl.obolibrary.org/obo/XAO_0005236>	<http://purl.obolibrary.org/obo/BFO_0000050>	<http://purl.obolibrary.org/obo/XAO_0000130>
<http://purl.obolibrary.org/obo/XAO_0004239>	<http://purl.obolibrary.org/obo/xao#start_stage>	<http://purl.obolibrary.org/obo/XAO_1000067>
<http://purl.obolibrary.org/obo/XAO_0004321>	<http://purl.obolibrary.org/obo/xao#end_stage>	<http://purl.obolibrary.org/obo/XAO_0000437>
<http://purl.obolibrary.org/obo/XAO_0000284>	<http://purl.obolibrary.org/obo/xao#end_stage>	<http://purl.obolibrary.org/obo/XAO_1000050>
<http://purl.obolibrary.org/obo/XAO_1000018>	<http://purl.obolibrary.org/obo/BFO_0000050>	<http://purl.obolibrary.org/obo/XAO_1000003>
<http://purl.obolibrary.org/obo/XAO_0000336>	<http://purl.obolibrary.org/obo/RO_0002202>	<http://purl.obolibrary.org/obo/XAO_0004186>
<http://purl.obolibrary.org/obo/XAO_0004352>	<http://purl.obolibrary.org/obo/RO_0002202>	<http://purl.obolibrary.org/obo/XAO_0004449>
<http://purl.obolibrary.org/obo/XAO_0004625>	<http://purl.obolibrary.org/obo/BFO_0000050>	<http://purl.obolibrary.org/obo/XAO_0004063>
<http://purl.obolibrary.org/obo/XAO_0004119>	<http://purl.obolibrary.org/obo/xao#end_stage>	<http://purl.obolibrary.org/obo/XAO_1000088>
<http://purl.obolibrary.org/obo/XAO_0005423>	<http://purl.obolibrary.org/obo/BFO_0000050>	<http://purl.obolibrary.org/obo/XAO_0000055>
<http://purl.obolibrary.org/obo/XAO_0004488>	<http://purl.obolibrary.org/obo/BFO_0000050>	<http://purl.obolibrary.org/obo/XAO_0003209>
<http://purl.obolibrary.org/obo/XAO_0000375>	<http://purl.obolibrary.org/obo/xao#end_stage>	<http://purl.obolibrary.org/obo/XAO_0000437>
<http://purl.obolibrary.org/obo/XAO_0000018>	<http://purl.obolibrary.org/obo/BFO_0000050>	<http://purl.obolibrary.org/obo/XAO_0000140>
<http://purl.obolibrary.org/obo/XAO_0004215>	<http://purl.obolibrary.org/obo/xao#end_stage>	<http://purl.obolibrary.org/obo/XAO_0000437>
<http://purl.obolibrary.org/obo/XAO_0005200>	<http://purl.obolibrary.org/obo/xao#start_stage>	<http://purl.obolibrary.org/obo/XAO_1000083>
<http://purl.obolibrary.org/obo/XAO_0003200>	<http://purl.obolibrary.org/obo/xao#start_stage>	<http://purl.obolibrary.org/obo/XAO_1000036>
<http://purl.obolibrary.org/obo/XAO_0000045>	<http://purl.obolibrary.org/obo/xao#start_stage>	<http://purl.obolibrary.org/obo/XAO_1000023>
<http://purl.obolibrary.org/obo/XAO_0003110>	<http://purl.obolibrary.org/obo/RO_0002202>	<http://purl.obolibrary.org/obo/XAO_0000408>
<http://purl.obolibrary.org/obo/XAO_0004537>	<http://purl.obolibrary.org/obo/xao#start_stage>	<http://purl.obolibrary.org/obo/XAO_1000038>
<http://purl.obolibrary.org/obo/XAO_0005149>	<http://purl.obolibrary.org/obo/xao#start_stage>	<http://purl.obolibrary.org/obo/XAO_1000050>
<http://purl.obolibrary.org/obo/XAO_0005022>	<http://purl.obolibrary.org/obo/BFO_0000050>	<http://purl.obolibrary.org/obo/XAO_0000133>
<http://purl.obolibrary.org/obo/XAO_0000214>	<http://purl.obolibrary.org/obo/BFO_0000050>	<http://purl.obolibrary.org/obo/XAO_0000192>
<http://purl.obolibrary.org/obo/XAO_0006021>	<http://purl.obolibrary.org/obo/xao#end_stage>	<http://purl.obolibrary.org/obo/XAO_0000437>
<http://purl.obolibrary.org/obo/XAO_0004616>	<http://purl.obolibrary.org/obo/BFO_0000050>	<http://purl.obolibrary.org/obo/XAO_0003204>
<http://purl.obolibrary.org/obo/XAO_0000084>	<http://purl.obolibrary.org/obo/xao#start_stage>	<http://purl.obolibrary.org/obo/XAO_1000031>
<http://purl.obolibrary.org/obo/XAO_0004137>	<http://purl.obolibrary.org/obo/BFO_0000050>	<http://purl.obolibrary.org/obo/XAO_0000192>
<http://purl.obolibrary.org/obo/XAO_0004585>	<http://purl.obolibrary.org/obo/xao#start_stage>	<http://purl.obolibrary.org/obo/XAO_1000047>
<http://purl.obolibrary.org/obo/XAO_0004419>	<http://purl.obolibrary.org/obo/xao#start_stage>	<http://purl.obolibrary.org/obo/XAO_1000070>
<http://purl.obolibrary.org/obo/XAO_0005153>	<http://purl.obolibrary.org/obo/xao#end_stage>	<http://purl.obolibrary.org/obo/XAO_0000437>
<http://purl.obolibrary.org/obo/XAO_0000139>	<http://purl.obolibrary.org/obo/xao#start_stage>	<http://purl.obolibrary.org/obo/XAO_1000036>
<http://purl.obolibrary.org/obo/XAO_0003152>	<http://purl.obolibrary.org/obo/xao#start_stage>	<http://purl.obolibrary.org/obo/XAO_1000052>
<http://purl.obolibrary.org/obo/XAO_0006024>	<http://purl.obolibrary.org/obo/RO_0002202>	<http://purl.obolibrary.org/obo/XAO_0006023>
<http://purl.obolibrary.org/obo/XAO_0004221>	<http://purl.obolibrary.org/obo/xao#start_stage>	<http://purl.obolibrary.org/obo/XAO_1000044>
<http://purl.obolibrary.org/obo/XAO_0004509>	<http://purl.obolibrary.org/obo/xao#end_stage>	<http://purl.obolibrary.org/obo/XAO_1000056>
<http://purl.obolibrary.org/obo/XAO_0000115>	<http://purl.obolibrary.org/obo/xao#end_stage>	<http://purl.obolibrary.org/obo/XAO_0000437>
<http://purl.obolibrary.org/obo/XAO_0003118>	<http://purl.obolibrary.org/obo/RO_0002202>	<http://purl.obolibrary.org/obo/XAO_0000411>
<http://purl.obolibrary.org/obo/XAO_0004408>	<http://purl.obolibrary.org/obo/BFO_0000050>	<http://purl.obolibrary.org/obo/XAO_0003161>
<http://purl.obolibrary.org/obo/XAO_0005187>	<http://purl.obolibrary.org/obo/RO_0002202>	<http://purl.obolibrary.org/obo/XAO_0004210>
<http://purl.obolibrary.org/obo/XAO_0000085>	<http://purl.obolibrary.org/obo/RO_0002202>	<http://purl.obolibrary.org/obo/XAO_0000311>
<http://purl.obolibrary.org/obo/XAO_0004210>	<http://purl.obolibrary.org/obo/xao#end_stage>	<http://purl.obolibrary.org/obo/XAO_0000437>
<http://purl.obolibrary.org/obo/XAO_0004470>	<http://purl.obolibrary.org/obo/xao#end_stage>	<http://purl.obolibrary.org/obo/XAO_0000437>
<http://purl.obolibrary.org/obo/XAO_0001002>	<http://purl.obolibrary.org/obo/RO_0002202>	<http://purl.obolibrary.org/obo/XAO_0005128>
<http://purl.obolibrary.org/obo/XAO_0004104>	<http://purl.obolibrary.org/obo/RO_0002202>	<http://purl.obolibrary.org/obo/XAO_0000001>
<http://purl.obolibrary.org/obo/XAO_0004432>	<http://purl.obolibrary.org/obo/xao#end_stage>	<http://purl.obolibrary.org/obo/XAO_1000050>
<http://purl.obolibrary.org/obo/XAO_1000049>	<http://purl.obolibrary.org/obo/xao#preceded_by>	<http://purl.obolibrary.org/obo/XAO_1000048>
<http://purl.obolibrary.org/obo/XAO_0004333>	<http://purl.obolibrary.org/obo/xao#start_stage>	<http://purl.obolibrary.org/obo/XAO_1000052>
<http://purl.obolibrary.org/obo/XAO_0000439>	<http://purl.obolibrary.org/obo/xao#start_stage>	<http://purl.obolibrary.org/obo/XAO_1000044>
<http://purl.obolibrary.org/obo/XAO_0004409>	<http://purl.obolibrary.org/obo/xao#end_stage>	<http://purl.obolibrary.org/obo/XAO_1000068>
<http://purl.obolibrary.org/obo/XAO_0000455>	<http://purl.obolibrary.org/obo/xao#start_stage>	<http://purl.obolibrary.org/obo/XAO_1000053>
<http://purl.obolibrary.org/obo/XAO_0004270>	<http://purl.obolibrary.org/obo/RO_0002202>	<http://purl.obolibrary.org/obo/XAO_0000090>
<http://purl.obolibrary.org/obo/XAO_0004385>	<http://purl.obolibrary.org/obo/xao#end_stage>	<http://purl.obolibrary.org/obo/XAO_1000078>
<http://purl.obolibrary.org/obo/XAO_0005032>	<http://purl.obolibrary.org/obo/BFO_0000050>	<http://purl.obolibrary.org/obo/XAO_0000177>
<http://purl.obolibrary.org/obo/XAO_0000362>	<http://purl.obolibrary.org/obo/RO_0002202>	<http://purl.obolibrary.org/obo/XAO_0000051>
<http://purl.obolibrary.org/obo/XAO_0004308>	<http://purl.obolibrary.org/obo/xao#start_stage>	<http://purl.obolibrary.org/obo/XAO_1000038>
<http://purl.obolibrary.org/obo/XAO_0003000>	<http://purl.obolibrary.org/obo/xao#end_stage>	<http://purl.obolibrary.org/obo/XAO_0000437>
<http://purl.obolibrary.org/obo/XAO_0005037>	<http://purl.obolibrary.org/obo/BFO_0000050>	<http://purl.obolibrary.org/obo/XAO_0000050>
<http://purl.obolibrary.org/obo/XAO_0003084>	<http://purl.obolibrary.org/obo/xao#end_stage>	<http://purl.obolibrary.org/obo/XAO_0000437>
<http://purl.obolibrary.org/obo/XAO_0003147>	<http://purl.obolibrary.org/obo/xao#start_stage>	<http://purl.obolibrary.org/obo/XAO_1000093>
<http://purl.obolibrary.org/obo/XAO_0000136>	<http://purl.obolibrary.org/obo/BFO_0000050>	<http://purl.obolibrary.org/obo/XAO_0000125>
<http://purl.obolibrary.org/obo/XAO_0005098>	<http://purl.obolibrary.org/obo/RO_0002202>	<http://purl.obolibrary.org/obo/XAO_0005089>
<http://purl.obolibrary.org/obo/XAO_0000196>	<http://purl.obolibrary.org/obo/xao#end_stage>	<http://purl.obolibrary.org/obo/XAO_0000437>
<http://purl.obolibrary.org/obo/XAO_0005077>	<http://purl.obolibrary.org/obo/xao#end_stage>	<http://purl.obolibrary.org/obo/XAO_0000437>
<http://purl.obolibrary.org/obo/XAO_0005170>	<http://purl.obolibrary.org/obo/xao#end_stage>	<http://purl.obolibrary.org/obo/XAO_1000050>
<http://purl.obolibrary.org/obo/XAO_0004607>	<http://purl.obolibrary.org/obo/xao#end_stage>	<http://purl.obolibrary.org/obo/XAO_0000437>
<http://purl.obolibrary.org/obo/XAO_0000135>	<http://purl.obolibrary.org/obo/BFO_0000050>	<http://purl.obolibrary.org/obo/XAO_0000232>
<http://purl.obolibrary.org/obo/XAO_0000038>	<http://purl.obolibrary.org/obo/xao#start_stage>	<http://purl.obolibrary.org/obo/XAO_1000017>
<http://purl.obolibrary.org/obo/XAO_1000011>	<http://purl.obolibrary.org/obo/BFO_0000050>	<http://purl.obolibrary.org/obo/XAO_1000004>
<http://purl.obolibrary.org/obo/XAO_0005172>	<http://purl.obolibrary.org/obo/xao#start_stage>	<http://purl.obolibrary.org/obo/XAO_1000011>
<http://purl.obolibrary.org/obo/XAO_0000170>	<http://purl.obolibrary.org/obo/xao#end_stage>	<http://purl.obolibrary.org/obo/XAO_0000437>
<http://purl.obolibrary.org/obo/XAO_0003224>	<http://purl.obolibrary.org/obo/xao#start_stage>	<http://purl.obolibrary.org/obo/XAO_1000049>
<http://purl.obolibrary.org/obo/XAO_0004217>	<http://purl.obolibrary.org/obo/xao#start_stage>	<http://purl.obolibrary.org/obo/XAO_1000038>
<http://purl.obolibrary.org/obo/XAO_0000071>	<http://purl.obolibrary.org/obo/xao#end_stage>	<http://purl.obolibrary.org/obo/XAO_1000022>
<http://purl.obolibrary.org/obo/XAO_0004195>	<http://purl.obolibrary.org/obo/xao#start_stage>	<http://purl.obolibrary.org/obo/XAO_1000057>
<http://purl.obolibrary.org/obo/XAO_0005502>	<http://purl.obolibrary.org/obo/xao#end_stage>	<http://purl.obolibrary.org/obo/XAO_0000437>
<http://purl.obolibrary.org/obo/XAO_0000272>	<http://purl.obolibrary.org/obo/BFO_0000050>	<http://purl.obolibrary.org/obo/XAO_0003196>
<http://purl.obolibrary.org/obo/XAO_0000391>	<http://purl.obolibrary.org/obo/xao#start_stage>	<http://purl.obolibrary.org/obo/XAO_1000057>
<http://purl.obolibrary.org/obo/XAO_0004367>	<http://purl.obolibrary.org/obo/xao#end_stage>	<http://purl.obolibrary.org/obo/XAO_0000437>
<http://purl.obolibrary.org/obo/XAO_0004191>	<http://purl.obolibrary.org/obo/xao#end_stage>	<http://purl.obolibrary.org/obo/XAO_1000046>
<http://purl.obolibrary.org/obo/XAO_0004234>	<http://purl.obolibrary.org/obo/xao#end_stage>	<http://purl.obolibrary.org/obo/XAO_0000437>
<http://purl.obolibrary.org/obo/XAO_0000315>	<http://purl.obolibrary.org/obo/BFO_0000050>	<http://purl.obolibrary.org/obo/XAO_0005080>
<http://purl.obolibrary.org/obo/XAO_0005216>	<http://purl.obolibrary.org/obo/xao#start_stage>	<http://purl.obolibrary.org/obo/XAO_1000032>
<http://purl.obolibrary.org/obo/XAO_0000379>	<http://purl.obolibrary.org/obo/xao#end_stage>	<http://purl.obolibrary.org/obo/XAO_0000437>
<http://purl.obolibrary.org/obo/XAO_0004256>	<http://purl.obolibrary.org/obo/BFO_0000050>	<http://purl.obolibrary.org/obo/XAO_0004423>
<http://purl.obolibrary.org/obo/XAO_0004075>	<http://purl.obolibrary.org/obo/xao#end_stage>	<http://purl.obolibrary.org/obo/XAO_1000059>
<http://purl.obolibrary.org/obo/XAO_0000055>	<http://purl.obolibrary.org/obo/xao#end_stage>	<http://purl.obolibrary.org/obo/XAO_1000078>
<http://purl.obolibrary.org/obo/XAO_1000028>	<http://purl.obolibrary.org/obo/xao#preceded_by>	<http://purl.obolibrary.org/obo/XAO_1000001>
<http://purl.obolibrary.org/obo/XAO_1000092>	<http://purl.obolibrary.org/obo/xao#preceded_by>	<http://purl.obolibrary.org/obo/XAO_1000088>
<http://purl.obolibrary.org/obo/XAO_0000465>	<http://purl.obolibrary.org/obo/xao#end_stage>	<http://purl.obolibrary.org/obo/XAO_0000437>
<http://purl.obolibrary.org/obo/XAO_0003262>	<http://purl.obolibrary.org/obo/xao#end_stage>	<http://purl.obolibrary.org/obo/XAO_0000437>
<http://purl.obolibrary.org/obo/XAO_0004439>	<http://purl.obolibrary.org/obo/xao#end_stage>	<http://purl.obolibrary.org/obo/XAO_1000052>
<http://purl.obolibrary.org/obo/XAO_0003133>	<http://purl.obolibrary.org/obo/xao#start_stage>	<http://purl.obolibrary.org/obo/XAO_1000042>
<http://purl.obolibrary.org/obo/XAO_0003211>	<http://purl.obolibrary.org/obo/xao#start_stage>	<http://purl.obolibrary.org/obo/XAO_1000067>
<http://purl.obolibrary.org/obo/XAO_0005085>	<http://purl.obolibrary.org/obo/RO_0002202>	<http://purl.obolibrary.org/obo/XAO_0003016>
<http://purl.obolibrary.org/obo/XAO_0003028>	<http://purl.obolibrary.org/obo/xao#end_stage>	<http://purl.obolibrary.org/obo/XAO_0000437>
<http://purl.obolibrary.org/obo/XAO_0004626>	<http://purl.obolibrary.org/obo/xao#start_stage>	<http://purl.obolibrary.org/obo/XAO_1000042>
<http://purl.obolibrary.org/obo/XAO_0000099>	<http://purl.obolibrary.org/obo/xao#start_stage>	<http://purl.obolibrary.org/obo/XAO_1000043>
<http://purl.obolibrary.org/obo/XAO_0004006>	<http://purl.obolibrary.org/obo/xao#end_stage>	<http://purl.obolibrary.org/obo/XAO_0000437>
<http://purl.obolibrary.org/obo/XAO_1000095>	<http://purl.obolibrary.org/obo/xao#preceded_by>	<http://purl.obolibrary.org/obo/XAO_1000012>
<http://purl.obolibrary.org/obo/XAO_0003176>	<http://purl.obolibrary.org/obo/xao#start_stage>	<http://purl.obolibrary.org/obo/XAO_1000052>
<http://purl.obolibrary.org/obo/XAO_0004170>	<http://purl.obolibrary.org/obo/xao#start_stage>	<http://purl.obolibrary.org/obo/XAO_1000050>
<http://purl.obolibrary.org/obo/XAO_0004546>	<http://purl.obolibrary.org/obo/BFO_0000050>	<http://purl.obolibrary.org/obo/XAO_0004556>
<http://purl.obolibrary.org/obo/XAO_0004591>	<http://purl.obolibrary.org/obo/BFO_0000050>	<http://purl.obolibrary.org/obo/XAO_0004556>
<http://purl.obolibrary.org/obo/XAO_0000027>	<http://purl.obolibrary.org/obo/BFO_0000050>	<http://purl.obolibrary.org/obo/XAO_0003024>
<http://purl.obolibrary.org/obo/XAO_0005255>	<http://purl.obolibrary.org/obo/xao#end_stage>	<http://purl.obolibrary.org/obo/XAO_0000437>
<http://purl.obolibrary.org/obo/XAO_0000002>	<http://purl.obolibrary.org/obo/xao#end_stage>	<http://purl.obolibrary.org/obo/XAO_1000078>
<http://purl.obolibrary.org/obo/XAO_0003235>	<http://purl.obolibrary.org/obo/xao#end_stage>	<http://purl.obolibrary.org/obo/XAO_0000437>
<http://purl.obolibrary.org/obo/XAO_0004515>	<http://purl.obolibrary.org/obo/BFO_0000050>	<http://purl.obolibrary.org/obo/XAO_0003226>
<http://purl.obolibrary.org/obo/XAO_0005001>	<http://purl.obolibrary.org/obo/xao#end_stage>	<http://purl.obolibrary.org/obo/XAO_0000437>
<http://purl.obolibrary.org/obo/XAO_0004051>	<http://purl.obolibrary.org/obo/RO_0002202>	<http://purl.obolibrary.org/obo/XAO_0004052>
<http://purl.obolibrary.org/obo/XAO_0000062>	<http://purl.obolibrary.org/obo/xao#end_stage>	<http://purl.obolibrary.org/obo/XAO_1000071>
<http://purl.obolibrary.org/obo/XAO_0004252>	<http://purl.obolibrary.org/obo/xao#end_stage>	<http://purl.obolibrary.org/obo/XAO_0000437>
<http://purl.obolibrary.org/obo/XAO_0000159>	<http://purl.obolibrary.org/obo/xao#start_stage>	<http://purl.obolibrary.org/obo/XAO_1000057>
<http://purl.obolibrary.org/obo/XAO_0005296>	<http://purl.obolibrary.org/obo/xao#end_stage>	<http://purl.obolibrary.org/obo/XAO_0000437>
<http://purl.obolibrary.org/obo/XAO_0000168>	<http://purl.obolibrary.org/obo/xao#start_stage>	<http://purl.obolibrary.org/obo/XAO_1000040>
<http://purl.obolibrary.org/obo/XAO_0003247>	<http://purl.obolibrary.org/obo/xao#start_stage>	<http://purl.obolibrary.org/obo/XAO_1000042>
<http://purl.obolibrary.org/obo/XAO_0005245>	<http://purl.obolibrary.org/obo/BFO_0000050>	<http://purl.obolibrary.org/obo/XAO_0003204>
<http://purl.obolibrary.org/obo/XAO_0004389>	<http://purl.obolibrary.org/obo/xao#end_stage>	<http://purl.obolibrary.org/obo/XAO_0000437>
<http://purl.obolibrary.org/obo/XAO_0000336>	<http://purl.obolibrary.org/obo/xao#end_stage>	<http://purl.obolibrary.org/obo/XAO_1000046>
<http://purl.obolibrary.org/obo/XAO_0000007>	<http://purl.obolibrary.org/obo/xao#start_stage>	<http://purl.obolibrary.org/obo/XAO_1000074>
<http://purl.obolibrary.org/obo/XAO_0001016>	<http://purl.obolibrary.org/obo/xao#start_stage>	<http://purl.obolibrary.org/obo/XAO_1000044>
<http://purl.obolibrary.org/obo/XAO_0005297>	<http://purl.obolibrary.org/obo/xao#end_stage>	<http://purl.obolibrary.org/obo/XAO_1000056>
<http://purl.obolibrary.org/obo/XAO_0004119>	<http://purl.obolibrary.org/obo/xao#start_stage>	<http://purl.obolibrary.org/obo/XAO_1000088>
<http://purl.obolibrary.org/obo/XAO_0004453>	<http://purl.obolibrary.org/obo/xao#start_stage>	<http://purl.obolibrary.org/obo/XAO_1000047>
<http://purl.obolibrary.org/obo/XAO_0000256>	<http://purl.obolibrary.org/obo/xao#start_stage>	<http://purl.obolibrary.org/obo/XAO_1000083>
<http://purl.obolibrary.org/obo/XAO_0003155>	<http://purl.obolibrary.org/obo/xao#start_stage>	<http://purl.obolibrary.org/obo/XAO_1000052>
<http://purl.obolibrary.org/obo/XAO_0000238>	<http://purl.obolibrary.org/obo/BFO_0000050>	<http://purl.obolibrary.org/obo/XAO_0000131>
<http://purl.obolibrary.org/obo/XAO_0004542>	<http://purl.obolibrary.org/obo/BFO_0000050>	<http://purl.obolibrary.org/obo/XAO_0004531>
<http://purl.obolibrary.org/obo/XAO_0000289>	<http://purl.obolibrary.org/obo/xao#end_stage>	<http://purl.obolibrary.org/obo/XAO_1000076>
<http://purl.obolibrary.org/obo/XAO_0004487>	<http://purl.obolibrary.org/obo/xao#end_stage>	<http://purl.obolibrary.org/obo/XAO_0000437>
<http://purl.obolibrary.org/obo/XAO_0000234>	<http://purl.obolibrary.org/obo/BFO_0000050>	<http://purl.obolibrary.org/obo/XAO_0000256>
<http://purl.obolibrary.org/obo/XAO_0004186>	<http://purl.obolibrary.org/obo/BFO_0000050>	<http://purl.obolibrary.org/obo/XAO_0000100>
<http://purl.obolibrary.org/obo/XAO_0001018>	<http://purl.obolibrary.org/obo/BFO_0000050>	<http://purl.obolibrary.org/obo/XAO_0003199>
<http://purl.obolibrary.org/obo/XAO_0005125>	<http://purl.obolibrary.org/obo/xao#end_stage>	<http://purl.obolibrary.org/obo/XAO_1000056>
<http://purl.obolibrary.org/obo/XAO_0004361>	<http://purl.obolibrary.org/obo/xao#start_stage>	<http://purl.obolibrary.org/obo/XAO_1000052>
<http://purl.obolibrary.org/obo/XAO_0000156>	<http://purl.obolibrary.org/obo/BFO_0000050>	<http://purl.obolibrary.org/obo/XAO_0003005>
<http://purl.obolibrary.org/obo/XAO_0003222>	<http://purl.obolibrary.org/obo/xao#end_stage>	<http://purl.obolibrary.org/obo/XAO_0000437>
<http://purl.obolibrary.org/obo/XAO_0004069>	<http://purl.obolibrary.org/obo/BFO_0000050>	<http://purl.obolibrary.org/obo/XAO_0000048>
<http://purl.obolibrary.org/obo/XAO_0004463>	<http://purl.obolibrary.org/obo/RO_0002202>	<http://purl.obolibrary.org/obo/XAO_0000090>
<http://purl.obolibrary.org/obo/XAO_0004573>	<http://purl.obolibrary.org/obo/xao#start_stage>	<http://purl.obolibrary.org/obo/XAO_1000042>
<http://purl.obolibrary.org/obo/XAO_0000049>	<http://purl.obolibrary.org/obo/xao#end_stage>	<http://purl.obolibrary.org/obo/XAO_1000044>
<http://purl.obolibrary.org/obo/XAO_0004551>	<http://purl.obolibrary.org/obo/xao#start_stage>	<http://purl.obolibrary.org/obo/XAO_1000042>
<http://purl.obolibrary.org/obo/XAO_0005263>	<http://purl.obolibrary.org/obo/xao#start_stage>	<http://purl.obolibrary.org/obo/XAO_1000020>
<http://purl.obolibrary.org/obo/XAO_0005153>	<http://purl.obolibrary.org/obo/xao#start_stage>	<http://purl.obolibrary.org/obo/XAO_1000059>
<http://purl.obolibrary.org/obo/XAO_0005314>	<http://purl.obolibrary.org/obo/xao#end_stage>	<http://purl.obolibrary.org/obo/XAO_0000437>
<http://purl.obolibrary.org/obo/XAO_0003242>	<http://purl.obolibrary.org/obo/xao#end_stage>	<http://purl.obolibrary.org/obo/XAO_1000019>
<http://purl.obolibrary.org/obo/XAO_0003025>	<http://purl.obolibrary.org/obo/BFO_0000050>	<http://purl.obolibrary.org/obo/XAO_0000054>
<http://purl.obolibrary.org/obo/XAO_0004310>	<http://purl.obolibrary.org/obo/BFO_0000050>	<http://purl.obolibrary.org/obo/XAO_0000191>
<http://purl.obolibrary.org/obo/XAO_0005100>	<http://purl.obolibrary.org/obo/xao#end_stage>	<http://purl.obolibrary.org/obo/XAO_1000016>
<http://purl.obolibrary.org/obo/XAO_0005282>	<http://purl.obolibrary.org/obo/xao#end_stage>	<http://purl.obolibrary.org/obo/XAO_1000060>
<http://purl.obolibrary.org/obo/XAO_0004620>	<http://purl.obolibrary.org/obo/xao#start_stage>	<http://purl.obolibrary.org/obo/XAO_1000023>
<http://purl.obolibrary.org/obo/XAO_0005064>	<http://purl.obolibrary.org/obo/xao#start_stage>	<http://purl.obolibrary.org/obo/XAO_1000053>
<http://purl.obolibrary.org/obo/XAO_0000185>	<http://purl.obolibrary.org/obo/RO_0002202>	<http://purl.obolibrary.org/obo/XAO_0000228>
<http://purl.obolibrary.org/obo/XAO_0005504>	<http://purl.obolibrary.org/obo/xao#start_stage>	<http://purl.obolibrary.org/obo/XAO_1000035>
<http://purl.obolibrary.org/obo/XAO_0004141>	<http://purl.obolibrary.org/obo/xao#start_stage>	<http://purl.obolibrary.org/obo/XAO_1000049>
<http://purl.obolibrary.org/obo/XAO_0000463>	<http://purl.obolibrary.org/obo/RO_0002202>	<http://purl.obolibrary.org/obo/XAO_0000461>
<http://purl.obolibrary.org/obo/XAO_0004100>	<http://purl.obolibrary.org/obo/xao#start_stage>	<http://purl.obolibrary.org/obo/XAO_1000049>
<http://purl.obolibrary.org/obo/XAO_0000361>	<http://purl.obolibrary.org/obo/xao#end_stage>	<http://purl.obolibrary.org/obo/XAO_0000437>
<http://purl.obolibrary.org/obo/XAO_0000285>	<http://purl.obolibrary.org/obo/BFO_0000050>	<http://purl.obolibrary.org/obo/XAO_0002000>
<http://purl.obolibrary.org/obo/XAO_0005315>	<http://purl.obolibrary.org/obo/xao#start_stage>	<http://purl.obolibrary.org/obo/XAO_1000046>
<http://purl.obolibrary.org/obo/XAO_0004522>	<http://purl.obolibrary.org/obo/BFO_0000050>	<http://purl.obolibrary.org/obo/XAO_0000048>
<http://purl.obolibrary.org/obo/XAO_0004314>	<http://purl.obolibrary.org/obo/xao#end_stage>	<http://purl.obolibrary.org/obo/XAO_0000437>
<http://purl.obolibrary.org/obo/XAO_0000331>	<http://purl.obolibrary.org/obo/xao#start_stage>	<http://purl.obolibrary.org/obo/XAO_1000057>
<http://purl.obolibrary.org/obo/XAO_0004216>	<http://purl.obolibrary.org/obo/BFO_0000050>	<http://purl.obolibrary.org/obo/XAO_0000318>
<http://purl.obolibrary.org/obo/XAO_0004460>	<http://purl.obolibrary.org/obo/BFO_0000050>	<http://purl.obolibrary.org/obo/XAO_0000179>
<http://purl.obolibrary.org/obo/XAO_0004567>	<http://purl.obolibrary.org/obo/xao#end_stage>	<http://purl.obolibrary.org/obo/XAO_0000437>
<http://purl.obolibrary.org/obo/XAO_0000475>	<http://purl.obolibrary.org/obo/xao#start_stage>	<http://purl.obolibrary.org/obo/XAO_1000046>
<http://purl.obolibrary.org/obo/XAO_0004628>	<http://purl.obolibrary.org/obo/xao#start_stage>	<http://purl.obolibrary.org/obo/XAO_1000027>
<http://purl.obolibrary.org/obo/XAO_0000138>	<http://purl.obolibrary.org/obo/xao#end_stage>	<http://purl.obolibrary.org/obo/XAO_0000437>
<http://purl.obolibrary.org/obo/XAO_0004531>	<http://purl.obolibrary.org/obo/RO_0002202>	<http://purl.obolibrary.org/obo/XAO_0004594>
<http://purl.obolibrary.org/obo/XAO_0004056>	<http://purl.obolibrary.org/obo/BFO_0000050>	<http://purl.obolibrary.org/obo/XAO_0003161>
<http://purl.obolibrary.org/obo/XAO_0000088>	<http://purl.obolibrary.org/obo/xao#start_stage>	<http://purl.obolibrary.org/obo/XAO_1000030>
<http://purl.obolibrary.org/obo/XAO_0000366>	<http://purl.obolibrary.org/obo/xao#end_stage>	<http://purl.obolibrary.org/obo/XAO_0000437>
<http://purl.obolibrary.org/obo/XAO_0003265>	<http://purl.obolibrary.org/obo/xao#end_stage>	<http://purl.obolibrary.org/obo/XAO_0000437>
<http://purl.obolibrary.org/obo/XAO_0000066>	<http://purl.obolibrary.org/obo/RO_0002202>	<http://purl.obolibrary.org/obo/XAO_0000336>
<http://purl.obolibrary.org/obo/XAO_0003006>	<http://purl.obolibrary.org/obo/xao#end_stage>	<http://purl.obolibrary.org/obo/XAO_0000437>
<http://purl.obolibrary.org/obo/XAO_0005167>	<http://purl.obolibrary.org/obo/xao#start_stage>	<http://purl.obolibrary.org/obo/XAO_1000051>
<http://purl.obolibrary.org/obo/XAO_0003186>	<http://purl.obolibrary.org/obo/RO_0002202>	<http://purl.obolibrary.org/obo/XAO_0000113>
<http://purl.obolibrary.org/obo/XAO_0000206>	<http://purl.obolibrary.org/obo/xao#end_stage>	<http://purl.obolibrary.org/obo/XAO_1000018>
<http://purl.obolibrary.org/obo/XAO_0005087>	<http://purl.obolibrary.org/obo/xao#end_stage>	<http://purl.obolibrary.org/obo/XAO_1000014>
<http://purl.obolibrary.org/obo/XAO_0000078>	<http://purl.obolibrary.org/obo/BFO_0000050>	<http://purl.obolibrary.org/obo/XAO_0000208>
<http://purl.obolibrary.org/obo/XAO_0003192>	<http://purl.obolibrary.org/obo/xao#start_stage>	<http://purl.obolibrary.org/obo/XAO_1000058>
<http://purl.obolibrary.org/obo/XAO_0005011>	<http://purl.obolibrary.org/obo/xao#end_stage>	<http://purl.obolibrary.org/obo/XAO_0000437>
<http://purl.obolibrary.org/obo/XAO_0006014>	<http://purl.obolibrary.org/obo/BFO_0000050>	<http://purl.obolibrary.org/obo/XAO_0003006>
<http://purl.obolibrary.org/obo/XAO_0004172>	<http://purl.obolibrary.org/obo/xao#start_stage>	<http://purl.obolibrary.org/obo/XAO_1000052>
<http://purl.obolibrary.org/obo/XAO_0005143>	<http://purl.obolibrary.org/obo/xao#end_stage>	<http://purl.obolibrary.org/obo/XAO_0000437>
<http://purl.obolibrary.org/obo/XAO_0000272>	<http://purl.obolibrary.org/obo/RO_0002202>	<http://purl.obolibrary.org/obo/XAO_0000273>
<http://purl.obolibrary.org/obo/XAO_0004096>	<http://purl.obolibrary.org/obo/BFO_0000050>	<http://purl.obolibrary.org/obo/XAO_0000008>
<http://purl.obolibrary.org/obo/XAO_0000044>	<http://purl.obolibrary.org/obo/xao#end_stage>	<http://purl.obolibrary.org/obo/XAO_1000078>
<http://purl.obolibrary.org/obo/XAO_0004202>	<http://purl.obolibrary.org/obo/xao#end_stage>	<http://purl.obolibrary.org/obo/XAO_0000437>
<http://purl.obolibrary.org/obo/XAO_0004477>	<http://purl.obolibrary.org/obo/xao#end_stage>	<http://purl.obolibrary.org/obo/XAO_0000437>
<http://purl.obolibrary.org/obo/XAO_0000021>	<http://purl.obolibrary.org/obo/xao#end_stage>	<http://purl.obolibrary.org/obo/XAO_0000437>
<http://purl.obolibrary.org/obo/XAO_0001102>	<http://purl.obolibrary.org/obo/xao#end_stage>	<http://purl.obolibrary.org/obo/XAO_1000051>
<http://purl.obolibrary.org/obo/XAO_0000003>	<http://purl.obolibrary.org/obo/xao#start_stage>	<http://purl.obolibrary.org/obo/XAO_1000041>
<http://purl.obolibrary.org/obo/XAO_0004553>	<http://purl.obolibrary.org/obo/xao#end_stage>	<http://purl.obolibrary.org/obo/XAO_0000437>
<http://purl.obolibrary.org/obo/XAO_0006055>	<http://purl.obolibrary.org/obo/xao#end_stage>	<http://purl.obolibrary.org/obo/XAO_0000437>
<http://purl.obolibrary.org/obo/XAO_0004398>	<http://purl.obolibrary.org/obo/xao#end_stage>	<http://purl.obolibrary.org/obo/XAO_0000437>
<http://purl.obolibrary.org/obo/XAO_0000395>	<http://purl.obolibrary.org/obo/xao#end_stage>	<http://purl.obolibrary.org/obo/XAO_0000437>
<http://purl.obolibrary.org/obo/XAO_0004371>	<http://purl.obolibrary.org/obo/xao#end_stage>	<http://purl.obolibrary.org/obo/XAO_0000437>
<http://purl.obolibrary.org/obo/XAO_0000162>	<http://purl.obolibrary.org/obo/xao#start_stage>	<http://purl.obolibrary.org/obo/XAO_1000055>
<http://purl.obolibrary.org/obo/XAO_0004614>	<http://purl.obolibrary.org/obo/xao#start_stage>	<http://purl.obolibrary.org/obo/XAO_1000001>
<http://purl.obolibrary.org/obo/XAO_0000383>	<http://purl.obolibrary.org/obo/xao#start_stage>	<http://purl.obolibrary.org/obo/XAO_1000046>
<http://purl.obolibrary.org/obo/XAO_0004338>	<http://purl.obolibrary.org/obo/xao#end_stage>	<http://purl.obolibrary.org/obo/XAO_1000078>
<http://purl.obolibrary.org/obo/XAO_0000009>	<http://purl.obolibrary.org/obo/xao#start_stage>	<http://purl.obolibrary.org/obo/XAO_1000044>
<http://purl.obolibrary.org/obo/XAO_0005312>	<http://purl.obolibrary.org/obo/BFO_0000050>	<http://purl.obolibrary.org/obo/XAO_0005284>
<http://purl.obolibrary.org/obo/XAO_0000258>	<http://purl.obolibrary.org/obo/xao#start_stage>	<http://purl.obolibrary.org/obo/XAO_1000064>
<http://purl.obolibrary.org/obo/XAO_0003250>	<http://purl.obolibrary.org/obo/xao#start_stage>	<http://purl.obolibrary.org/obo/XAO_1000049>
<http://purl.obolibrary.org/obo/XAO_0003102>	<http://purl.obolibrary.org/obo/xao#end_stage>	<http://purl.obolibrary.org/obo/XAO_0000437>
<http://purl.obolibrary.org/obo/XAO_0004530>	<http://purl.obolibrary.org/obo/xao#end_stage>	<http://purl.obolibrary.org/obo/XAO_0000437>
<http://purl.obolibrary.org/obo/XAO_0004374>	<http://purl.obolibrary.org/obo/xao#start_stage>	<http://purl.obolibrary.org/obo/XAO_1000052>
<http://purl.obolibrary.org/obo/XAO_0003173>	<http://purl.obolibrary.org/obo/BFO_0000050>	<http://purl.obolibrary.org/obo/XAO_0003075>
<http://purl.obolibrary.org/obo/XAO_0000236>	<http://purl.obolibrary.org/obo/xao#end_stage>	<http://purl.obolibrary.org/obo/XAO_0000437>
<http://purl.obolibrary.org/obo/XAO_0003139>	<http://purl.obolibrary.org/obo/xao#start_stage>	<http://purl.obolibrary.org/obo/XAO_1000044>
<http://purl.obolibrary.org/obo/XAO_0005299>	<http://purl.obolibrary.org/obo/xao#start_stage>	<http://purl.obolibrary.org/obo/XAO_1000050>
<http://purl.obolibrary.org/obo/XAO_0004153>	<http://purl.obolibrary.org/obo/BFO_0000050>	<http://purl.obolibrary.org/obo/XAO_0004152>
<http://purl.obolibrary.org/obo/XAO_0006001>	<http://purl.obolibrary.org/obo/xao#start_stage>	<http://purl.obolibrary.org/obo/XAO_1000033>
<http://purl.obolibrary.org/obo/XAO_0004044>	<http://purl.obolibrary.org/obo/xao#end_stage>	<http://purl.obolibrary.org/obo/XAO_0000437>
<http://purl.obolibrary.org/obo/XAO_0004121>	<http://purl.obolibrary.org/obo/xao#start_stage>	<http://purl.obolibrary.org/obo/XAO_1000058>
<http://purl.obolibrary.org/obo/XAO_0000292>	<http://purl.obolibrary.org/obo/xao#start_stage>	<http://purl.obolibrary.org/obo/XAO_1000057>
<http://purl.obolibrary.org/obo/XAO_0005244>	<http://purl.obolibrary.org/obo/xao#end_stage>	<http://purl.obolibrary.org/obo/XAO_0000437>
<http://purl.obolibrary.org/obo/XAO_0004596>	<http://purl.obolibrary.org/obo/BFO_0000050>	<http://purl.obolibrary.org/obo/XAO_0004306>
<http://purl.obolibrary.org/obo/XAO_0003106>	<http://purl.obolibrary.org/obo/RO_0002202>	<http://purl.obolibrary.org/obo/XAO_0000404>
<http://purl.obolibrary.org/obo/XAO_0000072>	<http://purl.obolibrary.org/obo/xao#end_stage>	<http://purl.obolibrary.org/obo/XAO_1000022>
<http://purl.obolibrary.org/obo/XAO_0004156>	<http://purl.obolibrary.org/obo/xao#start_stage>	<http://purl.obolibrary.org/obo/XAO_1000048>
<http://purl.obolibrary.org/obo/XAO_0005203>	<http://purl.obolibrary.org/obo/xao#start_stage>	<http://purl.obolibrary.org/obo/XAO_1000032>
<http://purl.obolibrary.org/obo/XAO_0004294>	<http://purl.obolibrary.org/obo/xao#end_stage>	<http://purl.obolibrary.org/obo/XAO_0000437>
<http://purl.obolibrary.org/obo/XAO_0004016>	<http://purl.obolibrary.org/obo/xao#start_stage>	<http://purl.obolibrary.org/obo/XAO_1000055>
<http://purl.obolibrary.org/obo/XAO_0005177>	<http://purl.obolibrary.org/obo/xao#start_stage>	<http://purl.obolibrary.org/obo/XAO_1000013>
<http://purl.obolibrary.org/obo/XAO_0000380>	<http://purl.obolibrary.org/obo/BFO_0000050>	<http://purl.obolibrary.org/obo/XAO_0004423>
<http://purl.obolibrary.org/obo/XAO_0005319>	<http://purl.obolibrary.org/obo/xao#start_stage>	<http://purl.obolibrary.org/obo/XAO_1000083>
<http://purl.obolibrary.org/obo/XAO_0004277>	<http://purl.obolibrary.org/obo/BFO_0000050>	<http://purl.obolibrary.org/obo/XAO_0004062>
<http://purl.obolibrary.org/obo/XAO_0004222>	<http://purl.obolibrary.org/obo/xao#end_stage>	<http://purl.obolibrary.org/obo/XAO_1000053>
<http://purl.obolibrary.org/obo/XAO_0005506>	<http://purl.obolibrary.org/obo/xao#start_stage>	<http://purl.obolibrary.org/obo/XAO_1000038>
<http://purl.obolibrary.org/obo/XAO_0005004>	<http://purl.obolibrary.org/obo/RO_0002202>	<http://purl.obolibrary.org/obo/XAO_0005236>
<http://purl.obolibrary.org/obo/XAO_0004542>	<http://purl.obolibrary.org/obo/BFO_0000050>	<http://purl.obolibrary.org/obo/XAO_0004587>
<http://purl.obolibrary.org/obo/XAO_0000452>	<http://purl.obolibrary.org/obo/BFO_0000050>	<http://purl.obolibrary.org/obo/XAO_0000158>
<http://purl.obolibrary.org/obo/XAO_0004511>	<http://purl.obolibrary.org/obo/xao#end_stage>	<http://purl.obolibrary.org/obo/XAO_1000035>
<http://purl.obolibrary.org/obo/XAO_0000448>	<http://purl.obolibrary.org/obo/RO_0002202>	<http://purl.obolibrary.org/obo/XAO_0000050>
<http://purl.obolibrary.org/obo/XAO_0000423>	<http://purl.obolibrary.org/obo/xao#start_stage>	<http://purl.obolibrary.org/obo/XAO_1000043>
<http://purl.obolibrary.org/obo/XAO_0003161>	<http://purl.obolibrary.org/obo/xao#start_stage>	<http://purl.obolibrary.org/obo/XAO_1000058>
<http://purl.obolibrary.org/obo/XAO_0003015>	<http://purl.obolibrary.org/obo/xao#end_stage>	<http://purl.obolibrary.org/obo/XAO_1000059>
<http://purl.obolibrary.org/obo/XAO_0004610>	<http://purl.obolibrary.org/obo/xao#end_stage>	<http://purl.obolibrary.org/obo/XAO_0000437>
<http://purl.obolibrary.org/obo/XAO_0000190>	<http://purl.obolibrary.org/obo/xao#start_stage>	<http://purl.obolibrary.org/obo/XAO_1000059>
<http://purl.obolibrary.org/obo/XAO_0000146>	<http://purl.obolibrary.org/obo/BFO_0000050>	<http://purl.obolibrary.org/obo/XAO_0000292>
<http://purl.obolibrary.org/obo/XAO_0003125>	<http://purl.obolibrary.org/obo/xao#start_stage>	<http://purl.obolibrary.org/obo/XAO_1000039>
<http://purl.obolibrary.org/obo/XAO_0003075>	<http://purl.obolibrary.org/obo/BFO_0000050>	<http://purl.obolibrary.org/obo/XAO_0003060>
<http://purl.obolibrary.org/obo/XAO_0000042>	<http://purl.obolibrary.org/obo/xao#end_stage>	<http://purl.obolibrary.org/obo/XAO_1000078>
<http://purl.obolibrary.org/obo/XAO_0006034>	<http://purl.obolibrary.org/obo/xao#end_stage>	<http://purl.obolibrary.org/obo/XAO_0000437>
<http://purl.obolibrary.org/obo/XAO_0004035>	<http://purl.obolibrary.org/obo/xao#end_stage>	<http://purl.obolibrary.org/obo/XAO_0000437>
<http://purl.obolibrary.org/obo/XAO_0004175>	<http://purl.obolibrary.org/obo/xao#end_stage>	<http://purl.obolibrary.org/obo/XAO_0000437>
<http://purl.obolibrary.org/obo/XAO_0003090>	<http://purl.obolibrary.org/obo/xao#end_stage>	<http://purl.obolibrary.org/obo/XAO_0000437>
<http://purl.obolibrary.org/obo/XAO_0003025>	<http://purl.obolibrary.org/obo/xao#end_stage>	<http://purl.obolibrary.org/obo/XAO_0000437>
<http://purl.obolibrary.org/obo/XAO_0000090>	<http://purl.obolibrary.org/obo/xao#start_stage>	<http://purl.obolibrary.org/obo/XAO_1000020>
<http://purl.obolibrary.org/obo/XAO_0005131>	<http://purl.obolibrary.org/obo/xao#end_stage>	<http://purl.obolibrary.org/obo/XAO_0000437>
<http://purl.obolibrary.org/obo/XAO_0000252>	<http://purl.obolibrary.org/obo/BFO_0000050>	<http://purl.obolibrary.org/obo/XAO_0000042>
<http://purl.obolibrary.org/obo/XAO_0000124>	<http://purl.obolibrary.org/obo/BFO_0000050>	<http://purl.obolibrary.org/obo/XAO_0000122>
<http://purl.obolibrary.org/obo/XAO_0006053>	<http://purl.obolibrary.org/obo/xao#end_stage>	<http://purl.obolibrary.org/obo/XAO_0000437>
<http://purl.obolibrary.org/obo/XAO_0000393>	<http://purl.obolibrary.org/obo/xao#start_stage>	<http://purl.obolibrary.org/obo/XAO_1000049>
<http://purl.obolibrary.org/obo/XAO_0004369>	<http://purl.obolibrary.org/obo/xao#start_stage>	<http://purl.obolibrary.org/obo/XAO_1000052>
<http://purl.obolibrary.org/obo/XAO_0000093>	<http://purl.obolibrary.org/obo/xao#start_stage>	<http://purl.obolibrary.org/obo/XAO_1000020>
<http://purl.obolibrary.org/obo/XAO_0000444>	<http://purl.obolibrary.org/obo/xao#end_stage>	<http://purl.obolibrary.org/obo/XAO_1000054>
<http://purl.obolibrary.org/obo/XAO_0006015>	<http://purl.obolibrary.org/obo/xao#start_stage>	<http://purl.obolibrary.org/obo/XAO_1000093>
<http://purl.obolibrary.org/obo/XAO_0000399>	<http://purl.obolibrary.org/obo/xao#start_stage>	<http://purl.obolibrary.org/obo/XAO_1000027>
<http://purl.obolibrary.org/obo/XAO_0004345>	<http://purl.obolibrary.org/obo/xao#end_stage>	<http://purl.obolibrary.org/obo/XAO_1000078>
<http://purl.obolibrary.org/obo/XAO_0004245>	<http://purl.obolibrary.org/obo/xao#end_stage>	<http://purl.obolibrary.org/obo/XAO_0000437>
<http://purl.obolibrary.org/obo/XAO_0000469>	<http://purl.obolibrary.org/obo/xao#end_stage>	<http://purl.obolibrary.org/obo/XAO_1000078>
<http://purl.obolibrary.org/obo/XAO_0003100>	<http://purl.obolibrary.org/obo/BFO_0000050>	<http://purl.obolibrary.org/obo/XAO_0000015>
<http://purl.obolibrary.org/obo/XAO_0000365>	<http://purl.obolibrary.org/obo/xao#start_stage>	<http://purl.obolibrary.org/obo/XAO_1000064>
<http://purl.obolibrary.org/obo/XAO_0004379>	<http://purl.obolibrary.org/obo/xao#start_stage>	<http://purl.obolibrary.org/obo/XAO_1000055>
<http://purl.obolibrary.org/obo/XAO_0000370>	<http://purl.obolibrary.org/obo/xao#start_stage>	<http://purl.obolibrary.org/obo/XAO_1000062>
<http://purl.obolibrary.org/obo/XAO_1000058>	<http://purl.obolibrary.org/obo/xao#preceded_by>	<http://purl.obolibrary.org/obo/XAO_1000057>
<http://purl.obolibrary.org/obo/XAO_0000341>	<http://purl.obolibrary.org/obo/RO_0002202>	<http://purl.obolibrary.org/obo/XAO_0000339>
<http://purl.obolibrary.org/obo/XAO_0004320>	<http://purl.obolibrary.org/obo/BFO_0000050>	<http://purl.obolibrary.org/obo/XAO_0000123>
<http://purl.obolibrary.org/obo/XAO_0000046>	<http://purl.obolibrary.org/obo/xao#end_stage>	<http://purl.obolibrary.org/obo/XAO_1000038>
<http://purl.obolibrary.org/obo/XAO_0003137>	<http://purl.obolibrary.org/obo/xao#end_stage>	<http://purl.obolibrary.org/obo/XAO_1000059>
<http://purl.obolibrary.org/obo/XAO_0004357>	<http://purl.obolibrary.org/obo/RO_0002202>	<http://purl.obolibrary.org/obo/XAO_0004454>
<http://purl.obolibrary.org/obo/XAO_0003184>	<http://purl.obolibrary.org/obo/xao#start_stage>	<http://purl.obolibrary.org/obo/XAO_1000049>
<http://purl.obolibrary.org/obo/XAO_0000262>	<http://purl.obolibrary.org/obo/RO_0002202>	<http://purl.obolibrary.org/obo/XAO_0000256>
<http://purl.obolibrary.org/obo/XAO_0003049>	<http://purl.obolibrary.org/obo/xao#end_stage>	<http://purl.obolibrary.org/obo/XAO_0000437>
<http://purl.obolibrary.org/obo/XAO_0003146>	<http://purl.obolibrary.org/obo/BFO_0000050>	<http://purl.obolibrary.org/obo/XAO_0003025>
<http://purl.obolibrary.org/obo/XAO_0003054>	<http://purl.obolibrary.org/obo/xao#start_stage>	<http://purl.obolibrary.org/obo/XAO_1000020>
<http://purl.obolibrary.org/obo/XAO_0003205>	<http://purl.obolibrary.org/obo/RO_0002202>	<http://purl.obolibrary.org/obo/XAO_0003238>
<http://purl.obolibrary.org/obo/XAO_0005500>	<http://purl.obolibrary.org/obo/xao#start_stage>	<http://purl.obolibrary.org/obo/XAO_1000083>
<http://purl.obolibrary.org/obo/XAO_0004619>	<http://purl.obolibrary.org/obo/xao#start_stage>	<http://purl.obolibrary.org/obo/XAO_1000023>
<http://purl.obolibrary.org/obo/XAO_0005180>	<http://purl.obolibrary.org/obo/xao#start_stage>	<http://purl.obolibrary.org/obo/XAO_1000017>
<http://purl.obolibrary.org/obo/XAO_0003110>	<http://purl.obolibrary.org/obo/xao#start_stage>	<http://purl.obolibrary.org/obo/XAO_1000036>
<http://purl.obolibrary.org/obo/XAO_0004019>	<http://purl.obolibrary.org/obo/BFO_0000050>	<http://purl.obolibrary.org/obo/XAO_0003074>
<http://purl.obolibrary.org/obo/XAO_0003186>	<http://purl.obolibrary.org/obo/xao#end_stage>	<http://purl.obolibrary.org/obo/XAO_0000437>
<http://purl.obolibrary.org/obo/XAO_0000143>	<http://purl.obolibrary.org/obo/xao#end_stage>	<http://purl.obolibrary.org/obo/XAO_0000437>
<http://purl.obolibrary.org/obo/XAO_0006027>	<http://purl.obolibrary.org/obo/xao#start_stage>	<http://purl.obolibrary.org/obo/XAO_1000027>
<http://purl.obolibrary.org/obo/XAO_0004536>	<http://purl.obolibrary.org/obo/BFO_0000050>	<http://purl.obolibrary.org/obo/XAO_0004306>
<http://purl.obolibrary.org/obo/XAO_0004584>	<http://purl.obolibrary.org/obo/BFO_0000050>	<http://purl.obolibrary.org/obo/XAO_0003100>
<http://purl.obolibrary.org/obo/XAO_0000078>	<http://purl.obolibrary.org/obo/xao#end_stage>	<http://purl.obolibrary.org/obo/XAO_1000023>
<http://purl.obolibrary.org/obo/XAO_0005246>	<http://purl.obolibrary.org/obo/xao#end_stage>	<http://purl.obolibrary.org/obo/XAO_1000047>
<http://purl.obolibrary.org/obo/XAO_0004061>	<http://purl.obolibrary.org/obo/xao#end_stage>	<http://purl.obolibrary.org/obo/XAO_1000078>
<http://purl.obolibrary.org/obo/XAO_0005298>	<http://purl.obolibrary.org/obo/xao#start_stage>	<http://purl.obolibrary.org/obo/XAO_1000049>
<http://purl.obolibrary.org/obo/XAO_0004121>	<http://purl.obolibrary.org/obo/BFO_0000050>	<http://purl.obolibrary.org/obo/XAO_0003161>
<http://purl.obolibrary.org/obo/XAO_0004359>	<http://purl.obolibrary.org/obo/BFO_0000050>	<http://purl.obolibrary.org/obo/XAO_0003059>
<http://purl.obolibrary.org/obo/XAO_0004240>	<http://purl.obolibrary.org/obo/xao#start_stage>	<http://purl.obolibrary.org/obo/XAO_1000053>
<http://purl.obolibrary.org/obo/XAO_0004424>	<http://purl.obolibrary.org/obo/BFO_0000050>	<http://purl.obolibrary.org/obo/XAO_0000009>
<http://purl.obolibrary.org/obo/XAO_0005158>	<http://purl.obolibrary.org/obo/BFO_0000050>	<http://purl.obolibrary.org/obo/XAO_0005130>
<http://purl.obolibrary.org/obo/XAO_0000189>	<http://purl.obolibrary.org/obo/xao#end_stage>	<http://purl.obolibrary.org/obo/XAO_0000437>
<http://purl.obolibrary.org/obo/XAO_0004065>	<http://purl.obolibrary.org/obo/xao#start_stage>	<http://purl.obolibrary.org/obo/XAO_1000043>
<http://purl.obolibrary.org/obo/XAO_0000388>	<http://purl.obolibrary.org/obo/RO_0002202>	<http://purl.obolibrary.org/obo/XAO_0000386>
<http://purl.obolibrary.org/obo/XAO_0004108>	<http://purl.obolibrary.org/obo/xao#end_stage>	<http://purl.obolibrary.org/obo/XAO_1000078>
<http://purl.obolibrary.org/obo/XAO_0004376>	<http://purl.obolibrary.org/obo/xao#start_stage>	<http://purl.obolibrary.org/obo/XAO_1000052>
<http://purl.obolibrary.org/obo/XAO_0004437>	<http://purl.obolibrary.org/obo/xao#end_stage>	<http://purl.obolibrary.org/obo/XAO_1000052>
<http://purl.obolibrary.org/obo/XAO_0001019>	<http://purl.obolibrary.org/obo/RO_0002202>	<http://purl.obolibrary.org/obo/XAO_0000001>
<http://purl.obolibrary.org/obo/XAO_0004413>	<http://purl.obolibrary.org/obo/xao#start_stage>	<http://purl.obolibrary.org/obo/XAO_1000067>
<http://purl.obolibrary.org/obo/XAO_0004274>	<http://purl.obolibrary.org/obo/BFO_0000050>	<http://purl.obolibrary.org/obo/XAO_0003060>
<http://purl.obolibrary.org/obo/XAO_0004544>	<http://purl.obolibrary.org/obo/xao#start_stage>	<http://purl.obolibrary.org/obo/XAO_1000038>
<http://purl.obolibrary.org/obo/XAO_0000278>	<http://purl.obolibrary.org/obo/xao#end_stage>	<http://purl.obolibrary.org/obo/XAO_1000022>
<http://purl.obolibrary.org/obo/XAO_0001001>	<http://purl.obolibrary.org/obo/RO_0002202>	<http://purl.obolibrary.org/obo/XAO_0000270>
<http://purl.obolibrary.org/obo/XAO_0000248>	<http://purl.obolibrary.org/obo/RO_0002202>	<http://purl.obolibrary.org/obo/XAO_0000042>
<http://purl.obolibrary.org/obo/XAO_0000369>	<http://purl.obolibrary.org/obo/RO_0002202>	<http://purl.obolibrary.org/obo/XAO_0000366>
<http://purl.obolibrary.org/obo/XAO_0004338>	<http://purl.obolibrary.org/obo/xao#start_stage>	<http://purl.obolibrary.org/obo/XAO_1000055>
<http://purl.obolibrary.org/obo/XAO_0003210>	<http://purl.obolibrary.org/obo/xao#end_stage>	<http://purl.obolibrary.org/obo/XAO_0000437>
<http://purl.obolibrary.org/obo/XAO_0000183>	<http://purl.obolibrary.org/obo/BFO_0000050>	<http://purl.obolibrary.org/obo/XAO_0000179>
<http://purl.obolibrary.org/obo/XAO_0005228>	<http://purl.obolibrary.org/obo/xao#end_stage>	<http://purl.obolibrary.org/obo/XAO_0000437>
<http://purl.obolibrary.org/obo/XAO_0004099>	<http://purl.obolibrary.org/obo/xao#end_stage>	<http://purl.obolibrary.org/obo/XAO_0000437>
<http://purl.obolibrary.org/obo/XAO_0005117>	<http://purl.obolibrary.org/obo/xao#end_stage>	<http://purl.obolibrary.org/obo/XAO_1000052>
<http://purl.obolibrary.org/obo/XAO_0005142>	<http://purl.obolibrary.org/obo/BFO_0000050>	<http://purl.obolibrary.org/obo/XAO_0004310>
<http://purl.obolibrary.org/obo/XAO_0005045>	<http://purl.obolibrary.org/obo/BFO_0000050>	<http://purl.obolibrary.org/obo/XAO_0000090>
<http://purl.obolibrary.org/obo/XAO_0005317>	<http://purl.obolibrary.org/obo/BFO_0000050>	<http://purl.obolibrary.org/obo/XAO_0003023>
<http://purl.obolibrary.org/obo/XAO_0003246>	<http://purl.obolibrary.org/obo/xao#end_stage>	<http://purl.obolibrary.org/obo/XAO_0000437>
<http://purl.obolibrary.org/obo/XAO_0000442>	<http://purl.obolibrary.org/obo/xao#end_stage>	<http://purl.obolibrary.org/obo/XAO_0000437>
<http://purl.obolibrary.org/obo/XAO_0003256>	<http://purl.obolibrary.org/obo/xao#end_stage>	<http://purl.obolibrary.org/obo/XAO_0000437>
<http://purl.obolibrary.org/obo/XAO_0005176>	<http://purl.obolibrary.org/obo/xao#start_stage>	<http://purl.obolibrary.org/obo/XAO_1000013>
<http://purl.obolibrary.org/obo/XAO_0005073>	<http://purl.obolibrary.org/obo/xao#end_stage>	<http://purl.obolibrary.org/obo/XAO_0000437>
<http://purl.obolibrary.org/obo/XAO_0000173>	<http://purl.obolibrary.org/obo/xao#start_stage>	<http://purl.obolibrary.org/obo/XAO_1000040>
<http://purl.obolibrary.org/obo/XAO_0004089>	<http://purl.obolibrary.org/obo/BFO_0000050>	<http://purl.obolibrary.org/obo/XAO_0000040>
<http://purl.obolibrary.org/obo/XAO_0000426>	<http://purl.obolibrary.org/obo/xao#start_stage>	<http://purl.obolibrary.org/obo/XAO_1000047>
<http://purl.obolibrary.org/obo/XAO_0005199>	<http://purl.obolibrary.org/obo/RO_0002202>	<http://purl.obolibrary.org/obo/XAO_0000048>
<http://purl.obolibrary.org/obo/XAO_0004260>	<http://purl.obolibrary.org/obo/RO_0002202>	<http://purl.obolibrary.org/obo/XAO_0004463>
<http://purl.obolibrary.org/obo/XAO_0000174>	<http://purl.obolibrary.org/obo/xao#start_stage>	<http://purl.obolibrary.org/obo/XAO_1000044>
<http://purl.obolibrary.org/obo/XAO_0004222>	<http://purl.obolibrary.org/obo/xao#start_stage>	<http://purl.obolibrary.org/obo/XAO_1000044>
<http://purl.obolibrary.org/obo/XAO_0005210>	<http://purl.obolibrary.org/obo/xao#end_stage>	<http://purl.obolibrary.org/obo/XAO_0000437>
<http://purl.obolibrary.org/obo/XAO_0004092>	<http://purl.obolibrary.org/obo/xao#end_stage>	<http://purl.obolibrary.org/obo/XAO_1000044>
<http://purl.obolibrary.org/obo/XAO_0000344>	<http://purl.obolibrary.org/obo/xao#start_stage>	<http://purl.obolibrary.org/obo/XAO_1000047>
<http://purl.obolibrary.org/obo/XAO_1000029>	<http://purl.obolibrary.org/obo/xao#preceded_by>	<http://purl.obolibrary.org/obo/XAO_1000016>
<http://purl.obolibrary.org/obo/XAO_0001103>	<http://purl.obolibrary.org/obo/BFO_0000050>	<http://purl.obolibrary.org/obo/XAO_0000125>
<http://purl.obolibrary.org/obo/XAO_0004132>	<http://purl.obolibrary.org/obo/xao#end_stage>	<http://purl.obolibrary.org/obo/XAO_1000019>
<http://purl.obolibrary.org/obo/XAO_0004299>	<http://purl.obolibrary.org/obo/RO_0002202>	<http://purl.obolibrary.org/obo/XAO_0004490>
<http://purl.obolibrary.org/obo/XAO_0004462>	<http://purl.obolibrary.org/obo/RO_0002202>	<http://purl.obolibrary.org/obo/XAO_0000090>
<http://purl.obolibrary.org/obo/XAO_0000307>	<http://purl.obolibrary.org/obo/xao#end_stage>	<http://purl.obolibrary.org/obo/XAO_1000044>
<http://purl.obolibrary.org/obo/XAO_0005115>	<http://purl.obolibrary.org/obo/xao#end_stage>	<http://purl.obolibrary.org/obo/XAO_1000016>
<http://purl.obolibrary.org/obo/XAO_0000126>	<http://purl.obolibrary.org/obo/xao#start_stage>	<http://purl.obolibrary.org/obo/XAO_1000049>
<http://purl.obolibrary.org/obo/XAO_0003227>	<http://purl.obolibrary.org/obo/xao#start_stage>	<http://purl.obolibrary.org/obo/XAO_1000045>
<http://purl.obolibrary.org/obo/XAO_0003031>	<http://purl.obolibrary.org/obo/RO_0002202>	<http://purl.obolibrary.org/obo/XAO_0003066>
<http://purl.obolibrary.org/obo/XAO_0004581>	<http://purl.obolibrary.org/obo/BFO_0000050>	<http://purl.obolibrary.org/obo/XAO_0004271>
<http://purl.obolibrary.org/obo/XAO_0000053>	<http://purl.obolibrary.org/obo/xao#start_stage>	<http://purl.obolibrary.org/obo/XAO_1000037>
<http://purl.obolibrary.org/obo/XAO_0000095>	<http://purl.obolibrary.org/obo/xao#start_stage>	<http://purl.obolibrary.org/obo/XAO_1000048>
<http://purl.obolibrary.org/obo/XAO_0000471>	<http://purl.obolibrary.org/obo/xao#start_stage>	<http://purl.obolibrary.org/obo/XAO_1000058>
<http://purl.obolibrary.org/obo/XAO_0000457>	<http://purl.obolibrary.org/obo/RO_0002202>	<http://purl.obolibrary.org/obo/XAO_0005130>
<http://purl.obolibrary.org/obo/XAO_0003267>	<http://purl.obolibrary.org/obo/xao#end_stage>	<http://purl.obolibrary.org/obo/XAO_0000437>
<http://purl.obolibrary.org/obo/XAO_0005090>	<http://purl.obolibrary.org/obo/RO_0002202>	<http://purl.obolibrary.org/obo/XAO_0005085>
<http://purl.obolibrary.org/obo/XAO_0000057>	<http://purl.obolibrary.org/obo/RO_0002202>	<http://purl.obolibrary.org/obo/XAO_0000259>
<http://purl.obolibrary.org/obo/XAO_0004146>	<http://purl.obolibrary.org/obo/xao#end_stage>	<http://purl.obolibrary.org/obo/XAO_0000437>
<http://purl.obolibrary.org/obo/XAO_0000031>	<http://purl.obolibrary.org/obo/xao#end_stage>	<http://purl.obolibrary.org/obo/XAO_0000437>
<http://purl.obolibrary.org/obo/XAO_0004077>	<http://purl.obolibrary.org/obo/BFO_0000050>	<http://purl.obolibrary.org/obo/XAO_0004074>
<http://purl.obolibrary.org/obo/XAO_0000197>	<http://purl.obolibrary.org/obo/BFO_0000050>	<http://purl.obolibrary.org/obo/XAO_0000193>
<http://purl.obolibrary.org/obo/XAO_0000264>	<http://purl.obolibrary.org/obo/xao#end_stage>	<http://purl.obolibrary.org/obo/XAO_1000045>
<http://purl.obolibrary.org/obo/XAO_0005078>	<http://purl.obolibrary.org/obo/BFO_0000050>	<http://purl.obolibrary.org/obo/XAO_0000315>
<http://purl.obolibrary.org/obo/XAO_0006040>	<http://purl.obolibrary.org/obo/xao#start_stage>	<http://purl.obolibrary.org/obo/XAO_1000057>
<http://purl.obolibrary.org/obo/XAO_0005248>	<http://purl.obolibrary.org/obo/RO_0002202>	<http://purl.obolibrary.org/obo/XAO_0000090>
<http://purl.obolibrary.org/obo/XAO_0005320>	<http://purl.obolibrary.org/obo/xao#end_stage>	<http://purl.obolibrary.org/obo/XAO_0000437>
<http://purl.obolibrary.org/obo/XAO_0000474>	<http://purl.obolibrary.org/obo/xao#end_stage>	<http://purl.obolibrary.org/obo/XAO_1000056>
<http://purl.obolibrary.org/obo/XAO_0000230>	<http://purl.obolibrary.org/obo/BFO_0000050>	<http://purl.obolibrary.org/obo/XAO_0000258>
<http://purl.obolibrary.org/obo/XAO_0004149>	<http://purl.obolibrary.org/obo/xao#end_stage>	<http://purl.obolibrary.org/obo/XAO_0000437>
<http://purl.obolibrary.org/obo/XAO_0004480>	<http://purl.obolibrary.org/obo/xao#end_stage>	<http://purl.obolibrary.org/obo/XAO_0000437>
<http://purl.obolibrary.org/obo/XAO_0004205>	<http://purl.obolibrary.org/obo/xao#end_stage>	<http://purl.obolibrary.org/obo/XAO_1000052>
<http://purl.obolibrary.org/obo/XAO_0005135>	<http://purl.obolibrary.org/obo/xao#start_stage>	<http://purl.obolibrary.org/obo/XAO_1000042>
<http://purl.obolibrary.org/obo/XAO_0004286>	<http://purl.obolibrary.org/obo/BFO_0000050>	<http://purl.obolibrary.org/obo/XAO_0003063>
<http://purl.obolibrary.org/obo/XAO_1000003>	<http://purl.obolibrary.org/obo/xao#preceded_by>	<http://purl.obolibrary.org/obo/XAO_1000004>
<http://purl.obolibrary.org/obo/XAO_0004373>	<http://purl.obolibrary.org/obo/xao#start_stage>	<http://purl.obolibrary.org/obo/XAO_1000052>
<http://purl.obolibrary.org/obo/XAO_0005501>	<http://www.w3.org/2000/01/rdf-schema#subClassOf>	<http://purl.obolibrary.org/obo/XAO_0003160>
<http://purl.obolibrary.org/obo/XAO_0006021>	<http://www.w3.org/2000/01/rdf-schema#subClassOf>	<http://purl.obolibrary.org/obo/XAO_0003260>
<http://purl.obolibrary.org/obo/XAO_0004081>	<http://www.w3.org/2000/01/rdf-schema#subClassOf>	<http://purl.obolibrary.org/obo/XAO_0004079>
<http://purl.obolibrary.org/obo/XAO_0004103>	<http://www.w3.org/2000/01/rdf-schema#subClassOf>	<http://purl.obolibrary.org/obo/XAO_0003040>
<http://purl.obolibrary.org/obo/XAO_0000469>	<http://www.w3.org/2000/01/rdf-schema#subClassOf>	<http://purl.obolibrary.org/obo/XAO_0000002>
<http://purl.obolibrary.org/obo/XAO_0000071>	<http://www.w3.org/2000/01/rdf-schema#subClassOf>	<http://purl.obolibrary.org/obo/XAO_0000068>
<http://purl.obolibrary.org/obo/XAO_0000188>	<http://www.w3.org/2000/01/rdf-schema#subClassOf>	<http://purl.obolibrary.org/obo/XAO_0000429>
<http://purl.obolibrary.org/obo/XAO_0003169>	<http://www.w3.org/2000/01/rdf-schema#subClassOf>	<http://purl.obolibrary.org/obo/XAO_0003075>
<http://purl.obolibrary.org/obo/XAO_0000065>	<http://www.w3.org/2000/01/rdf-schema#subClassOf>	<http://purl.obolibrary.org/obo/XAO_0000172>
<http://purl.obolibrary.org/obo/XAO_0000394>	<http://www.w3.org/2000/01/rdf-schema#subClassOf>	<http://purl.obolibrary.org/obo/XAO_0000115>
<http://purl.obolibrary.org/obo/XAO_0005177>	<http://www.w3.org/2000/01/rdf-schema#subClassOf>	<http://purl.obolibrary.org/obo/XAO_0003016>
<http://purl.obolibrary.org/obo/XAO_0000023>	<http://www.w3.org/2000/01/rdf-schema#subClassOf>	<http://purl.obolibrary.org/obo/XAO_0003028>
<http://purl.obolibrary.org/obo/XAO_0004407>	<http://www.w3.org/2000/01/rdf-schema#subClassOf>	<http://purl.obolibrary.org/obo/XAO_0003046>
<http://purl.obolibrary.org/obo/XAO_0004553>	<http://www.w3.org/2000/01/rdf-schema#subClassOf>	<http://purl.obolibrary.org/obo/XAO_0004267>
<http://purl.obolibrary.org/obo/XAO_0004110>	<http://www.w3.org/2000/01/rdf-schema#subClassOf>	<http://purl.obolibrary.org/obo/XAO_0003012>
<http://purl.obolibrary.org/obo/XAO_0003196>	<http://www.w3.org/2000/01/rdf-schema#subClassOf>	<http://purl.obolibrary.org/obo/XAO_0003194>
<http://purl.obolibrary.org/obo/XAO_0004345>	<http://www.w3.org/2000/01/rdf-schema#subClassOf>	<http://purl.obolibrary.org/obo/XAO_0004325>
<http://purl.obolibrary.org/obo/XAO_0000358>	<http://www.w3.org/2000/01/rdf-schema#subClassOf>	<http://purl.obolibrary.org/obo/XAO_0004010>
<http://purl.obolibrary.org/obo/XAO_0000300>	<http://www.w3.org/2000/01/rdf-schema#subClassOf>	<http://purl.obolibrary.org/obo/XAO_0003185>
<http://purl.obolibrary.org/obo/XAO_1000035>	<http://www.w3.org/2000/01/rdf-schema#subClassOf>	<http://purl.obolibrary.org/obo/XAO_1000094>
<http://purl.obolibrary.org/obo/XAO_0003268>	<http://www.w3.org/2000/01/rdf-schema#subClassOf>	<http://purl.obolibrary.org/obo/XAO_0005033>
<http://purl.obolibrary.org/obo/XAO_0004214>	<http://www.w3.org/2000/01/rdf-schema#subClassOf>	<http://purl.obolibrary.org/obo/XAO_0000429>
<http://purl.obolibrary.org/obo/XAO_0004552>	<http://www.w3.org/2000/01/rdf-schema#subClassOf>	<http://purl.obolibrary.org/obo/XAO_0003040>
<http://purl.obolibrary.org/obo/XAO_0000397>	<http://www.w3.org/2000/01/rdf-schema#subClassOf>	<http://purl.obolibrary.org/obo/XAO_0003040>
<http://purl.obolibrary.org/obo/XAO_0005057>	<http://www.w3.org/2000/01/rdf-schema#subClassOf>	<http://purl.obolibrary.org/obo/XAO_0003160>
<http://purl.obolibrary.org/obo/XAO_1000077>	<http://www.w3.org/2000/01/rdf-schema#subClassOf>	<http://purl.obolibrary.org/obo/XAO_1000094>
<http://purl.obolibrary.org/obo/XAO_0000444>	<http://www.w3.org/2000/01/rdf-schema#subClassOf>	<http://purl.obolibrary.org/obo/XAO_0003037>
<http://purl.obolibrary.org/obo/XAO_0005009>	<http://www.w3.org/2000/01/rdf-schema#subClassOf>	<http://purl.obolibrary.org/obo/XAO_0004290>
<http://purl.obolibrary.org/obo/XAO_0004571>	<http://www.w3.org/2000/01/rdf-schema#subClassOf>	<http://purl.obolibrary.org/obo/XAO_0005422>
<http://purl.obolibrary.org/obo/XAO_0003099>	<http://www.w3.org/2000/01/rdf-schema#subClassOf>	<http://purl.obolibrary.org/obo/XAO_0004602>
<http://purl.obolibrary.org/obo/XAO_0003055>	<http://www.w3.org/2000/01/rdf-schema#subClassOf>	<http://purl.obolibrary.org/obo/XAO_0003054>
<http://purl.obolibrary.org/obo/XAO_0004220>	<http://www.w3.org/2000/01/rdf-schema#subClassOf>	<http://purl.obolibrary.org/obo/XAO_0000440>
<http://purl.obolibrary.org/obo/XAO_1000020>	<http://www.w3.org/2000/01/rdf-schema#subClassOf>	<http://purl.obolibrary.org/obo/XAO_1000094>
<http://purl.obolibrary.org/obo/XAO_0005154>	<http://www.w3.org/2000/01/rdf-schema#subClassOf>	<http://purl.obolibrary.org/obo/XAO_0004290>
<http://purl.obolibrary.org/obo/XAO_0000118>	<http://www.w3.org/2000/01/rdf-schema#subClassOf>	<http://purl.obolibrary.org/obo/XAO_0003165>
<http://purl.obolibrary.org/obo/XAO_0004034>	<http://www.w3.org/2000/01/rdf-schema#subClassOf>	<http://purl.obolibrary.org/obo/XAO_0004032>
<http://purl.obolibrary.org/obo/XAO_0004526>	<http://www.w3.org/2000/01/rdf-schema#subClassOf>	<http://purl.obolibrary.org/obo/XAO_0003190>
<http://purl.obolibrary.org/obo/XAO_0005070>	<http://www.w3.org/2000/01/rdf-schema#subClassOf>	<http://purl.obolibrary.org/obo/XAO_0003028>
<http://purl.obolibrary.org/obo/XAO_0004366>	<http://www.w3.org/2000/01/rdf-schema#subClassOf>	<http://purl.obolibrary.org/obo/XAO_0004013>
<http://purl.obolibrary.org/obo/XAO_0003234>	<http://www.w3.org/2000/01/rdf-schema#subClassOf>	<http://purl.obolibrary.org/obo/XAO_0003012>
<http://purl.obolibrary.org/obo/XAO_0005141>	<http://www.w3.org/2000/01/rdf-schema#subClassOf>	<http://purl.obolibrary.org/obo/XAO_0004013>
<http://purl.obolibrary.org/obo/XAO_0000366>	<http://www.w3.org/2000/01/rdf-schema#subClassOf>	<http://purl.obolibrary.org/obo/XAO_0000114>
<http://purl.obolibrary.org/obo/XAO_0004180>	<http://www.w3.org/2000/01/rdf-schema#subClassOf>	<http://purl.obolibrary.org/obo/XAO_0003037>
<http://purl.obolibrary.org/obo/XAO_0005307>	<http://www.w3.org/2000/01/rdf-schema#subClassOf>	<http://purl.obolibrary.org/obo/XAO_0003186>
<http://purl.obolibrary.org/obo/XAO_0004538>	<http://www.w3.org/2000/01/rdf-schema#subClassOf>	<http://purl.obolibrary.org/obo/XAO_0004609>
<http://purl.obolibrary.org/obo/XAO_0004162>	<http://www.w3.org/2000/01/rdf-schema#subClassOf>	<http://purl.obolibrary.org/obo/XAO_0000114>
<http://purl.obolibrary.org/obo/XAO_0004411>	<http://www.w3.org/2000/01/rdf-schema#subClassOf>	<http://purl.obolibrary.org/obo/XAO_0003043>
<http://purl.obolibrary.org/obo/XAO_0004524>	<http://www.w3.org/2000/01/rdf-schema#subClassOf>	<http://purl.obolibrary.org/obo/XAO_0003046>
<http://purl.obolibrary.org/obo/XAO_0000407>	<http://www.w3.org/2000/01/rdf-schema#subClassOf>	<http://purl.obolibrary.org/obo/XAO_0000314>
<http://purl.obolibrary.org/obo/XAO_0006054>	<http://www.w3.org/2000/01/rdf-schema#subClassOf>	<http://purl.obolibrary.org/obo/XAO_0003160>
<http://purl.obolibrary.org/obo/XAO_0004445>	<http://www.w3.org/2000/01/rdf-schema#subClassOf>	<http://purl.obolibrary.org/obo/XAO_0004455>
<http://purl.obolibrary.org/obo/XAO_0004100>	<http://www.w3.org/2000/01/rdf-schema#subClassOf>	<http://purl.obolibrary.org/obo/XAO_0003023>
<http://purl.obolibrary.org/obo/XAO_0004392>	<http://www.w3.org/2000/01/rdf-schema#subClassOf>	<http://purl.obolibrary.org/obo/XAO_0003249>
<http://purl.obolibrary.org/obo/XAO_1000041>	<http://www.w3.org/2000/01/rdf-schema#subClassOf>	<http://purl.obolibrary.org/obo/XAO_1000094>
<http://purl.obolibrary.org/obo/XAO_0000165>	<http://www.w3.org/2000/01/rdf-schema#subClassOf>	<http://purl.obolibrary.org/obo/XAO_0003040>
<http://purl.obolibrary.org/obo/XAO_0003016>	<http://www.w3.org/2000/01/rdf-schema#subClassOf>	<http://purl.obolibrary.org/obo/XAO_0003241>
<http://purl.obolibrary.org/obo/XAO_0004157>	<http://www.w3.org/2000/01/rdf-schema#subClassOf>	<http://purl.obolibrary.org/obo/XAO_0004154>
<http://purl.obolibrary.org/obo/XAO_0003229>	<http://www.w3.org/2000/01/rdf-schema#subClassOf>	<http://purl.obolibrary.org/obo/XAO_0000174>
<http://purl.obolibrary.org/obo/XAO_0006035>	<http://www.w3.org/2000/01/rdf-schema#subClassOf>	<http://purl.obolibrary.org/obo/XAO_0004308>
<http://purl.obolibrary.org/obo/XAO_0004615>	<http://www.w3.org/2000/01/rdf-schema#subClassOf>	<http://purl.obolibrary.org/obo/XAO_0004290>
<http://purl.obolibrary.org/obo/XAO_0004052>	<http://www.w3.org/2000/01/rdf-schema#subClassOf>	<http://purl.obolibrary.org/obo/XAO_0004046>
<http://purl.obolibrary.org/obo/XAO_0000243>	<http://www.w3.org/2000/01/rdf-schema#subClassOf>	<http://purl.obolibrary.org/obo/XAO_0003037>
<http://purl.obolibrary.org/obo/XAO_0004319>	<http://www.w3.org/2000/01/rdf-schema#subClassOf>	<http://purl.obolibrary.org/obo/XAO_0004317>
<http://purl.obolibrary.org/obo/XAO_0004173>	<http://www.w3.org/2000/01/rdf-schema#subClassOf>	<http://purl.obolibrary.org/obo/XAO_0000114>
<http://purl.obolibrary.org/obo/XAO_0000133>	<http://www.w3.org/2000/01/rdf-schema#subClassOf>	<http://purl.obolibrary.org/obo/XAO_0003034>
<http://purl.obolibrary.org/obo/XAO_0004437>	<http://www.w3.org/2000/01/rdf-schema#subClassOf>	<http://purl.obolibrary.org/obo/XAO_0004455>
<http://purl.obolibrary.org/obo/XAO_0004011>	<http://www.w3.org/2000/01/rdf-schema#subClassOf>	<http://purl.obolibrary.org/obo/XAO_0004289>
<http://purl.obolibrary.org/obo/XAO_0000423>	<http://www.w3.org/2000/01/rdf-schema#subClassOf>	<http://purl.obolibrary.org/obo/XAO_0003143>
<http://purl.obolibrary.org/obo/XAO_0004600>	<http://www.w3.org/2000/01/rdf-schema#subClassOf>	<http://purl.obolibrary.org/obo/XAO_0004598>
<http://purl.obolibrary.org/obo/XAO_0005124>	<http://www.w3.org/2000/01/rdf-schema#subClassOf>	<http://purl.obolibrary.org/obo/XAO_0003045>
<http://purl.obolibrary.org/obo/XAO_0005314>	<http://www.w3.org/2000/01/rdf-schema#subClassOf>	<http://purl.obolibrary.org/obo/XAO_0004018>
<http://purl.obolibrary.org/obo/XAO_0005135>	<http://www.w3.org/2000/01/rdf-schema#subClassOf>	<http://purl.obolibrary.org/obo/XAO_0003247>
<http://purl.obolibrary.org/obo/XAO_0006047>	<http://www.w3.org/2000/01/rdf-schema#subClassOf>	<http://purl.obolibrary.org/obo/XAO_0003023>
<http://purl.obolibrary.org/obo/XAO_0005217>	<http://www.w3.org/2000/01/rdf-schema#subClassOf>	<http://purl.obolibrary.org/obo/XAO_0003186>
<http://purl.obolibrary.org/obo/XAO_0005075>	<http://www.w3.org/2000/01/rdf-schema#subClassOf>	<http://purl.obolibrary.org/obo/XAO_0003037>
<http://purl.obolibrary.org/obo/XAO_0004259>	<http://www.w3.org/2000/01/rdf-schema#subClassOf>	<http://purl.obolibrary.org/obo/XAO_0003040>
<http://purl.obolibrary.org/obo/XAO_0005167>	<http://www.w3.org/2000/01/rdf-schema#subClassOf>	<http://purl.obolibrary.org/obo/XAO_0005135>
<http://purl.obolibrary.org/obo/XAO_0004329>	<http://www.w3.org/2000/01/rdf-schema#subClassOf>	<http://purl.obolibrary.org/obo/XAO_0004323>
<http://purl.obolibrary.org/obo/XAO_0000024>	<http://www.w3.org/2000/01/rdf-schema#subClassOf>	<http://purl.obolibrary.org/obo/XAO_0003040>
<http://purl.obolibrary.org/obo/XAO_0005244>	<http://www.w3.org/2000/01/rdf-schema#subClassOf>	<http://purl.obolibrary.org/obo/XAO_0003267>
<http://purl.obolibrary.org/obo/XAO_0003012>	<http://www.w3.org/2000/01/rdf-schema#subClassOf>	<http://purl.obolibrary.org/obo/XAO_0003000>
<http://purl.obolibrary.org/obo/XAO_0004023>	<http://www.w3.org/2000/01/rdf-schema#subClassOf>	<http://purl.obolibrary.org/obo/XAO_0004279>
<http://purl.obolibrary.org/obo/XAO_0003079>	<http://www.w3.org/2000/01/rdf-schema#subClassOf>	<http://purl.obolibrary.org/obo/XAO_0004019>
<http://purl.obolibrary.org/obo/XAO_0003129>	<http://www.w3.org/2000/01/rdf-schema#subClassOf>	<http://purl.obolibrary.org/obo/XAO_0000397>
<http://purl.obolibrary.org/obo/XAO_0003212>	<http://www.w3.org/2000/01/rdf-schema#subClassOf>	<http://purl.obolibrary.org/obo/XAO_0004276>
<http://purl.obolibrary.org/obo/XAO_1000079>	<http://www.w3.org/2000/01/rdf-schema#subClassOf>	<http://purl.obolibrary.org/obo/XAO_1000008>
<http://purl.obolibrary.org/obo/XAO_0003035>	<http://www.w3.org/2000/01/rdf-schema#subClassOf>	<http://purl.obolibrary.org/obo/XAO_0003032>
<http://purl.obolibrary.org/obo/XAO_0003010>	<http://www.w3.org/2000/01/rdf-schema#subClassOf>	<http://purl.obolibrary.org/obo/XAO_0000114>
<http://purl.obolibrary.org/obo/XAO_0005092>	<http://www.w3.org/2000/01/rdf-schema#subClassOf>	<http://purl.obolibrary.org/obo/XAO_0005115>
<http://purl.obolibrary.org/obo/XAO_0004373>	<http://www.w3.org/2000/01/rdf-schema#subClassOf>	<http://purl.obolibrary.org/obo/XAO_0004013>
<http://purl.obolibrary.org/obo/XAO_0006031>	<http://www.w3.org/2000/01/rdf-schema#subClassOf>	<http://purl.obolibrary.org/obo/XAO_0005025>
<http://purl.obolibrary.org/obo/XAO_0000455>	<http://www.w3.org/2000/01/rdf-schema#subClassOf>	<http://purl.obolibrary.org/obo/XAO_0003037>
<http://purl.obolibrary.org/obo/XAO_0004327>	<http://www.w3.org/2000/01/rdf-schema#subClassOf>	<http://purl.obolibrary.org/obo/XAO_0004322>
<http://purl.obolibrary.org/obo/XAO_0005039>	<http://www.w3.org/2000/01/rdf-schema#subClassOf>	<http://purl.obolibrary.org/obo/XAO_0004290>
<http://purl.obolibrary.org/obo/XAO_0004454>	<http://www.w3.org/2000/01/rdf-schema#subClassOf>	<http://purl.obolibrary.org/obo/XAO_0004455>
<http://purl.obolibrary.org/obo/XAO_0003091>	<http://www.w3.org/2000/01/rdf-schema#subClassOf>	<http://purl.obolibrary.org/obo/XAO_0000429>
<http://purl.obolibrary.org/obo/XAO_0000417>	<http://www.w3.org/2000/01/rdf-schema#subClassOf>	<http://purl.obolibrary.org/obo/XAO_0000314>
<http://purl.obolibrary.org/obo/XAO_0005013>	<http://www.w3.org/2000/01/rdf-schema#subClassOf>	<http://purl.obolibrary.org/obo/XAO_0004290>
<http://purl.obolibrary.org/obo/XAO_0000051>	<http://www.w3.org/2000/01/rdf-schema#subClassOf>	<http://purl.obolibrary.org/obo/XAO_0003010>
<http://purl.obolibrary.org/obo/XAO_0004038>	<http://www.w3.org/2000/01/rdf-schema#subClassOf>	<http://purl.obolibrary.org/obo/XAO_0001017>
<http://purl.obolibrary.org/obo/XAO_0003155>	<http://www.w3.org/2000/01/rdf-schema#subClassOf>	<http://purl.obolibrary.org/obo/XAO_0003012>
<http://purl.obolibrary.org/obo/XAO_0001018>	<http://www.w3.org/2000/01/rdf-schema#subClassOf>	<http://purl.obolibrary.org/obo/XAO_0003040>
<http://purl.obolibrary.org/obo/XAO_0005247>	<http://www.w3.org/2000/01/rdf-schema#subClassOf>	<http://purl.obolibrary.org/obo/XAO_0003040>
<http://purl.obolibrary.org/obo/XAO_0000086>	<http://www.w3.org/2000/01/rdf-schema#subClassOf>	<http://purl.obolibrary.org/obo/XAO_0004122>
<http://purl.obolibrary.org/obo/XAO_0003041>	<http://www.w3.org/2000/01/rdf-schema#subClassOf>	<http://purl.obolibrary.org/obo/XAO_0005002>
<http://purl.obolibrary.org/obo/XAO_0003245>	<http://www.w3.org/2000/01/rdf-schema#subClassOf>	<http://purl.obolibrary.org/obo/XAO_0003012>
<http://purl.obolibrary.org/obo/XAO_0005185>	<http://www.w3.org/2000/01/rdf-schema#subClassOf>	<http://purl.obolibrary.org/obo/XAO_0003023>
<http://purl.obolibrary.org/obo/XAO_0004394>	<http://www.w3.org/2000/01/rdf-schema#subClassOf>	<http://purl.obolibrary.org/obo/XAO_0003043>
<http://purl.obolibrary.org/obo/XAO_0004310>	<http://www.w3.org/2000/01/rdf-schema#subClassOf>	<http://purl.obolibrary.org/obo/XAO_0004013>
<http://purl.obolibrary.org/obo/XAO_0005004>	<http://www.w3.org/2000/01/rdf-schema#subClassOf>	<http://purl.obolibrary.org/obo/XAO_0003200>
<http://purl.obolibrary.org/obo/XAO_0000437>	<http://www.w3.org/2000/01/rdf-schema#subClassOf>	<http://purl.obolibrary.org/obo/XAO_1000000>
<http://purl.obolibrary.org/obo/XAO_0003080>	<http://www.w3.org/2000/01/rdf-schema#subClassOf>	<http://purl.obolibrary.org/obo/XAO_0004276>
<http://purl.obolibrary.org/obo/XAO_0004198>	<http://www.w3.org/2000/01/rdf-schema#subClassOf>	<http://purl.obolibrary.org/obo/XAO_0004046>
<http://purl.obolibrary.org/obo/XAO_0004246>	<http://www.w3.org/2000/01/rdf-schema#subClassOf>	<http://purl.obolibrary.org/obo/XAO_0004079>
<http://purl.obolibrary.org/obo/XAO_1000052>	<http://www.w3.org/2000/01/rdf-schema#subClassOf>	<http://purl.obolibrary.org/obo/XAO_1000094>
<http://purl.obolibrary.org/obo/XAO_0000313>	<http://www.w3.org/2000/01/rdf-schema#subClassOf>	<http://purl.obolibrary.org/obo/XAO_0000058>
<http://purl.obolibrary.org/obo/XAO_0000126>	<http://www.w3.org/2000/01/rdf-schema#subClassOf>	<http://purl.obolibrary.org/obo/XAO_0003190>
<http://purl.obolibrary.org/obo/XAO_0005114>	<http://www.w3.org/2000/01/rdf-schema#subClassOf>	<http://purl.obolibrary.org/obo/XAO_0000279>
<http://purl.obolibrary.org/obo/XAO_0000207>	<http://www.w3.org/2000/01/rdf-schema#subClassOf>	<http://purl.obolibrary.org/obo/XAO_0003040>
<http://purl.obolibrary.org/obo/XAO_0006024>	<http://www.w3.org/2000/01/rdf-schema#subClassOf>	<http://purl.obolibrary.org/obo/XAO_0004148>
<http://purl.obolibrary.org/obo/XAO_0000122>	<http://www.w3.org/2000/01/rdf-schema#subClassOf>	<http://purl.obolibrary.org/obo/XAO_0003002>
<http://purl.obolibrary.org/obo/XAO_0003220>	<http://www.w3.org/2000/01/rdf-schema#subClassOf>	<http://purl.obolibrary.org/obo/XAO_0003040>
<http://purl.obolibrary.org/obo/XAO_0004533>	<http://www.w3.org/2000/01/rdf-schema#subClassOf>	<http://purl.obolibrary.org/obo/XAO_0003160>
<http://purl.obolibrary.org/obo/XAO_0004606>	<http://www.w3.org/2000/01/rdf-schema#subClassOf>	<http://purl.obolibrary.org/obo/XAO_0003037>
<http://purl.obolibrary.org/obo/XAO_0004483>	<http://www.w3.org/2000/01/rdf-schema#subClassOf>	<http://purl.obolibrary.org/obo/XAO_0003054>
<http://purl.obolibrary.org/obo/XAO_0003115>	<http://www.w3.org/2000/01/rdf-schema#subClassOf>	<http://purl.obolibrary.org/obo/XAO_0000397>
<http://purl.obolibrary.org/obo/XAO_0005246>	<http://www.w3.org/2000/01/rdf-schema#subClassOf>	<http://purl.obolibrary.org/obo/XAO_0004069>
<http://purl.obolibrary.org/obo/XAO_0004218>	<http://www.w3.org/2000/01/rdf-schema#subClassOf>	<http://purl.obolibrary.org/obo/XAO_0003040>
<http://purl.obolibrary.org/obo/XAO_0000223>	<http://www.w3.org/2000/01/rdf-schema#subClassOf>	<http://purl.obolibrary.org/obo/XAO_0004620>
<http://purl.obolibrary.org/obo/XAO_0004610>	<http://www.w3.org/2000/01/rdf-schema#subClassOf>	<http://purl.obolibrary.org/obo/XAO_0004607>
<http://purl.obolibrary.org/obo/XAO_0004123>	<http://www.w3.org/2000/01/rdf-schema#subClassOf>	<http://purl.obolibrary.org/obo/XAO_0003037>
<http://purl.obolibrary.org/obo/XAO_0003064>	<http://www.w3.org/2000/01/rdf-schema#subClassOf>	<http://purl.obolibrary.org/obo/XAO_0004289>
<http://purl.obolibrary.org/obo/XAO_0004423>	<http://www.w3.org/2000/01/rdf-schema#subClassOf>	<http://purl.obolibrary.org/obo/XAO_0003037>
<http://purl.obolibrary.org/obo/XAO_0000415>	<http://www.w3.org/2000/01/rdf-schema#subClassOf>	<http://purl.obolibrary.org/obo/XAO_0003040>
<http://purl.obolibrary.org/obo/XAO_0004014>	<http://www.w3.org/2000/01/rdf-schema#subClassOf>	<http://purl.obolibrary.org/obo/XAO_0004276>
<http://purl.obolibrary.org/obo/XAO_0006006>	<http://www.w3.org/2000/01/rdf-schema#subClassOf>	<http://purl.obolibrary.org/obo/XAO_0004290>
<http://purl.obolibrary.org/obo/XAO_0004016>	<http://www.w3.org/2000/01/rdf-schema#subClassOf>	<http://purl.obolibrary.org/obo/XAO_0004012>
<http://purl.obolibrary.org/obo/XAO_0004116>	<http://www.w3.org/2000/01/rdf-schema#subClassOf>	<http://purl.obolibrary.org/obo/XAO_0000256>
<http://purl.obolibrary.org/obo/XAO_0003263>	<http://www.w3.org/2000/01/rdf-schema#subClassOf>	<http://purl.obolibrary.org/obo/XAO_0003012>
<http://purl.obolibrary.org/obo/XAO_0000136>	<http://www.w3.org/2000/01/rdf-schema#subClassOf>	<http://purl.obolibrary.org/obo/XAO_0003041>
<http://purl.obolibrary.org/obo/XAO_1000078>	<http://www.w3.org/2000/01/rdf-schema#subClassOf>	<http://purl.obolibrary.org/obo/XAO_1000094>
<http://purl.obolibrary.org/obo/XAO_0004463>	<http://www.w3.org/2000/01/rdf-schema#subClassOf>	<http://purl.obolibrary.org/obo/XAO_0003040>
<http://purl.obolibrary.org/obo/XAO_0004557>	<http://www.w3.org/2000/01/rdf-schema#subClassOf>	<http://purl.obolibrary.org/obo/XAO_0004609>
<http://purl.obolibrary.org/obo/XAO_0000384>	<http://www.w3.org/2000/01/rdf-schema#subClassOf>	<http://purl.obolibrary.org/obo/XAO_0000115>
<http://purl.obolibrary.org/obo/XAO_0000297>	<http://www.w3.org/2000/01/rdf-schema#subClassOf>	<http://purl.obolibrary.org/obo/XAO_0003185>
<http://purl.obolibrary.org/obo/XAO_0000334>	<http://www.w3.org/2000/01/rdf-schema#subClassOf>	<http://purl.obolibrary.org/obo/XAO_0000148>
<http://purl.obolibrary.org/obo/XAO_0005029>	<http://www.w3.org/2000/01/rdf-schema#subClassOf>	<http://purl.obolibrary.org/obo/XAO_0003040>
<http://purl.obolibrary.org/obo/XAO_0003047>	<http://www.w3.org/2000/01/rdf-schema#subClassOf>	<http://purl.obolibrary.org/obo/XAO_0003040>
<http://purl.obolibrary.org/obo/XAO_0000159>	<http://www.w3.org/2000/01/rdf-schema#subClassOf>	<http://purl.obolibrary.org/obo/XAO_0003037>
<http://purl.obolibrary.org/obo/XAO_0005104>	<http://www.w3.org/2000/01/rdf-schema#subClassOf>	<http://purl.obolibrary.org/obo/XAO_0005115>
<http://purl.obolibrary.org/obo/XAO_0003258>	<http://www.w3.org/2000/01/rdf-schema#subClassOf>	<http://purl.obolibrary.org/obo/XAO_0003012>
<http://purl.obolibrary.org/obo/XAO_0004025>	<http://www.w3.org/2000/01/rdf-schema#subClassOf>	<http://purl.obolibrary.org/obo/XAO_0004289>
<http://purl.obolibrary.org/obo/XAO_0000247>	<http://www.w3.org/2000/01/rdf-schema#subClassOf>	<http://purl.obolibrary.org/obo/XAO_0000282>
<http://purl.obolibrary.org/obo/XAO_1000016>	<http://www.w3.org/2000/01/rdf-schema#subClassOf>	<http://purl.obolibrary.org/obo/XAO_1000094>
<http://purl.obolibrary.org/obo/XAO_0004107>	<http://www.w3.org/2000/01/rdf-schema#subClassOf>	<http://purl.obolibrary.org/obo/XAO_0004311>
<http://purl.obolibrary.org/obo/XAO_0005052>	<http://www.w3.org/2000/01/rdf-schema#subClassOf>	<http://purl.obolibrary.org/obo/XAO_0004609>
<http://purl.obolibrary.org/obo/XAO_0004255>	<http://www.w3.org/2000/01/rdf-schema#subClassOf>	<http://purl.obolibrary.org/obo/XAO_0000115>
<http://purl.obolibrary.org/obo/XAO_0005268>	<http://www.w3.org/2000/01/rdf-schema#subClassOf>	<http://purl.obolibrary.org/obo/XAO_0005266>
<http://purl.obolibrary.org/obo/XAO_0005045>	<http://www.w3.org/2000/01/rdf-schema#subClassOf>	<http://purl.obolibrary.org/obo/XAO_0003040>
<http://purl.obolibrary.org/obo/XAO_0005148>	<http://www.w3.org/2000/01/rdf-schema#subClassOf>	<http://purl.obolibrary.org/obo/XAO_0004322>
<http://purl.obolibrary.org/obo/XAO_0005098>	<http://www.w3.org/2000/01/rdf-schema#subClassOf>	<http://purl.obolibrary.org/obo/XAO_0005113>
<http://purl.obolibrary.org/obo/XAO_0005021>	<http://www.w3.org/2000/01/rdf-schema#subClassOf>	<http://purl.obolibrary.org/obo/XAO_0005020>
<http://purl.obolibrary.org/obo/XAO_1000025>	<http://www.w3.org/2000/01/rdf-schema#subClassOf>	<http://purl.obolibrary.org/obo/XAO_1000094>
<http://purl.obolibrary.org/obo/XAO_0003265>	<http://www.w3.org/2000/01/rdf-schema#subClassOf>	<http://purl.obolibrary.org/obo/XAO_0003054>
<http://purl.obolibrary.org/obo/XAO_1000004>	<http://www.w3.org/2000/01/rdf-schema#subClassOf>	<http://purl.obolibrary.org/obo/XAO_1000012>
<http://purl.obolibrary.org/obo/XAO_0004612>	<http://www.w3.org/2000/01/rdf-schema#subClassOf>	<http://purl.obolibrary.org/obo/XAO_0003249>
<http://purl.obolibrary.org/obo/XAO_0000006>	<http://www.w3.org/2000/01/rdf-schema#subClassOf>	<http://purl.obolibrary.org/obo/XAO_0003040>
<http://purl.obolibrary.org/obo/XAO_0001001>	<http://www.w3.org/2000/01/rdf-schema#subClassOf>	<http://purl.obolibrary.org/obo/XAO_0003040>
<http://purl.obolibrary.org/obo/XAO_0005145>	<http://www.w3.org/2000/01/rdf-schema#subClassOf>	<http://purl.obolibrary.org/obo/XAO_0003037>
<http://purl.obolibrary.org/obo/XAO_0005035>	<http://www.w3.org/2000/01/rdf-schema#subClassOf>	<http://purl.obolibrary.org/obo/XAO_0003023>
<http://purl.obolibrary.org/obo/XAO_0005294>	<http://www.w3.org/2000/01/rdf-schema#subClassOf>	<http://purl.obolibrary.org/obo/XAO_0005309>
<http://purl.obolibrary.org/obo/XAO_0004542>	<http://www.w3.org/2000/01/rdf-schema#subClassOf>	<http://purl.obolibrary.org/obo/XAO_0004609>
<http://purl.obolibrary.org/obo/XAO_0004556>	<http://www.w3.org/2000/01/rdf-schema#subClassOf>	<http://purl.obolibrary.org/obo/XAO_0003037>
<http://purl.obolibrary.org/obo/XAO_0004628>	<http://www.w3.org/2000/01/rdf-schema#subClassOf>	<http://purl.obolibrary.org/obo/XAO_0003040>
<http://purl.obolibrary.org/obo/XAO_0006049>	<http://www.w3.org/2000/01/rdf-schema#subClassOf>	<http://purl.obolibrary.org/obo/XAO_0003249>
<http://purl.obolibrary.org/obo/XAO_0003242>	<http://www.w3.org/2000/01/rdf-schema#subClassOf>	<http://purl.obolibrary.org/obo/XAO_0003241>
<http://purl.obolibrary.org/obo/XAO_0000226>	<http://www.w3.org/2000/01/rdf-schema#subClassOf>	<http://purl.obolibrary.org/obo/XAO_0003040>
<http://purl.obolibrary.org/obo/XAO_0005025>	<http://www.w3.org/2000/01/rdf-schema#subClassOf>	<http://purl.obolibrary.org/obo/XAO_0003239>
<http://purl.obolibrary.org/obo/XAO_0005024>	<http://www.w3.org/2000/01/rdf-schema#subClassOf>	<http://purl.obolibrary.org/obo/XAO_0003045>
<http://purl.obolibrary.org/obo/XAO_0006044>	<http://www.w3.org/2000/01/rdf-schema#subClassOf>	<http://purl.obolibrary.org/obo/XAO_0004148>
<http://purl.obolibrary.org/obo/XAO_0000045>	<http://www.w3.org/2000/01/rdf-schema#subClassOf>	<http://purl.obolibrary.org/obo/XAO_0003040>
<http://purl.obolibrary.org/obo/XAO_0004599>	<http://www.w3.org/2000/01/rdf-schema#subClassOf>	<http://purl.obolibrary.org/obo/XAO_0004598>
<http://purl.obolibrary.org/obo/XAO_0005153>	<http://www.w3.org/2000/01/rdf-schema#subClassOf>	<http://purl.obolibrary.org/obo/XAO_0004013>
<http://purl.obolibrary.org/obo/XAO_0003192>	<http://www.w3.org/2000/01/rdf-schema#subClassOf>	<http://purl.obolibrary.org/obo/XAO_0003165>
<http://purl.obolibrary.org/obo/XAO_0004590>	<http://www.w3.org/2000/01/rdf-schema#subClassOf>	<http://purl.obolibrary.org/obo/XAO_0003037>
<http://purl.obolibrary.org/obo/XAO_0000075>	<http://www.w3.org/2000/01/rdf-schema#subClassOf>	<http://purl.obolibrary.org/obo/XAO_0003040>
<http://purl.obolibrary.org/obo/XAO_0005065>	<http://www.w3.org/2000/01/rdf-schema#subClassOf>	<http://purl.obolibrary.org/obo/XAO_0003047>
<http://purl.obolibrary.org/obo/XAO_0005198>	<http://www.w3.org/2000/01/rdf-schema#subClassOf>	<http://purl.obolibrary.org/obo/XAO_0003165>
<http://purl.obolibrary.org/obo/XAO_0005176>	<http://www.w3.org/2000/01/rdf-schema#subClassOf>	<http://purl.obolibrary.org/obo/XAO_0003016>
<http://purl.obolibrary.org/obo/XAO_0000430>	<http://www.w3.org/2000/01/rdf-schema#subClassOf>	<http://purl.obolibrary.org/obo/XAO_0003042>
<http://purl.obolibrary.org/obo/XAO_0004312>	<http://www.w3.org/2000/01/rdf-schema#subClassOf>	<http://purl.obolibrary.org/obo/XAO_0004059>
<http://purl.obolibrary.org/obo/XAO_0004268>	<http://www.w3.org/2000/01/rdf-schema#subClassOf>	<http://purl.obolibrary.org/obo/XAO_0004002>
<http://purl.obolibrary.org/obo/XAO_0000363>	<http://www.w3.org/2000/01/rdf-schema#subClassOf>	<http://purl.obolibrary.org/obo/XAO_0000114>
<http://purl.obolibrary.org/obo/XAO_0004145>	<http://www.w3.org/2000/01/rdf-schema#subClassOf>	<http://purl.obolibrary.org/obo/XAO_0003037>
<http://purl.obolibrary.org/obo/XAO_0004344>	<http://www.w3.org/2000/01/rdf-schema#subClassOf>	<http://purl.obolibrary.org/obo/XAO_0004325>
<http://purl.obolibrary.org/obo/XAO_0003023>	<http://www.w3.org/2000/01/rdf-schema#subClassOf>	<http://purl.obolibrary.org/obo/XAO_0003012>
<http://purl.obolibrary.org/obo/XAO_0004481>	<http://www.w3.org/2000/01/rdf-schema#subClassOf>	<http://purl.obolibrary.org/obo/XAO_0003036>
<http://purl.obolibrary.org/obo/XAO_0004381>	<http://www.w3.org/2000/01/rdf-schema#subClassOf>	<http://purl.obolibrary.org/obo/XAO_0004013>
<http://purl.obolibrary.org/obo/XAO_0005063>	<http://www.w3.org/2000/01/rdf-schema#subClassOf>	<http://purl.obolibrary.org/obo/XAO_0003037>
<http://purl.obolibrary.org/obo/XAO_0005179>	<http://www.w3.org/2000/01/rdf-schema#subClassOf>	<http://purl.obolibrary.org/obo/XAO_0005139>
<http://purl.obolibrary.org/obo/XAO_0005008>	<http://www.w3.org/2000/01/rdf-schema#subClassOf>	<http://purl.obolibrary.org/obo/XAO_0004290>
<http://purl.obolibrary.org/obo/XAO_0003195>	<http://www.w3.org/2000/01/rdf-schema#subClassOf>	<http://purl.obolibrary.org/obo/XAO_0003194>
<http://purl.obolibrary.org/obo/XAO_0004389>	<http://www.w3.org/2000/01/rdf-schema#subClassOf>	<http://purl.obolibrary.org/obo/XAO_0004609>
<http://purl.obolibrary.org/obo/XAO_0004082>	<http://www.w3.org/2000/01/rdf-schema#subClassOf>	<http://purl.obolibrary.org/obo/XAO_0004079>
<http://purl.obolibrary.org/obo/XAO_0003138>	<http://www.w3.org/2000/01/rdf-schema#subClassOf>	<http://purl.obolibrary.org/obo/XAO_0000315>
<http://purl.obolibrary.org/obo/XAO_0004624>	<http://www.w3.org/2000/01/rdf-schema#subClassOf>	<http://purl.obolibrary.org/obo/XAO_0001011>
<http://purl.obolibrary.org/obo/XAO_0004183>	<http://www.w3.org/2000/01/rdf-schema#subClassOf>	<http://purl.obolibrary.org/obo/XAO_0000172>
<http://purl.obolibrary.org/obo/XAO_0000213>	<http://www.w3.org/2000/01/rdf-schema#subClassOf>	<http://purl.obolibrary.org/obo/XAO_0003037>
<http://purl.obolibrary.org/obo/XAO_0004285>	<http://www.w3.org/2000/01/rdf-schema#subClassOf>	<http://purl.obolibrary.org/obo/XAO_0004283>
<http://purl.obolibrary.org/obo/XAO_0000215>	<http://www.w3.org/2000/01/rdf-schema#subClassOf>	<http://purl.obolibrary.org/obo/XAO_0000177>
<http://purl.obolibrary.org/obo/XAO_0006043>	<http://www.w3.org/2000/01/rdf-schema#subClassOf>	<http://purl.obolibrary.org/obo/XAO_0004148>
<http://purl.obolibrary.org/obo/XAO_0000421>	<http://www.w3.org/2000/01/rdf-schema#subClassOf>	<http://purl.obolibrary.org/obo/XAO_0000314>
<http://purl.obolibrary.org/obo/XAO_0003163>	<http://www.w3.org/2000/01/rdf-schema#subClassOf>	<http://purl.obolibrary.org/obo/XAO_0003162>
<http://purl.obolibrary.org/obo/XAO_0004313>	<http://www.w3.org/2000/01/rdf-schema#subClassOf>	<http://purl.obolibrary.org/obo/XAO_0003186>
<http://purl.obolibrary.org/obo/XAO_0003083>	<http://www.w3.org/2000/01/rdf-schema#subClassOf>	<http://purl.obolibrary.org/obo/XAO_0004289>
<http://purl.obolibrary.org/obo/XAO_0005118>	<http://www.w3.org/2000/01/rdf-schema#subClassOf>	<http://purl.obolibrary.org/obo/XAO_0004290>
<http://purl.obolibrary.org/obo/XAO_1000036>	<http://www.w3.org/2000/01/rdf-schema#subClassOf>	<http://purl.obolibrary.org/obo/XAO_1000094>
<http://purl.obolibrary.org/obo/XAO_0004221>	<http://www.w3.org/2000/01/rdf-schema#subClassOf>	<http://purl.obolibrary.org/obo/XAO_0000440>
<http://purl.obolibrary.org/obo/XAO_0004442>	<http://www.w3.org/2000/01/rdf-schema#subClassOf>	<http://purl.obolibrary.org/obo/XAO_0004455>
<http://purl.obolibrary.org/obo/XAO_0000007>	<http://www.w3.org/2000/01/rdf-schema#subClassOf>	<http://purl.obolibrary.org/obo/XAO_0003028>
<http://purl.obolibrary.org/obo/XAO_0005309>	<http://www.w3.org/2000/01/rdf-schema#subClassOf>	<http://purl.obolibrary.org/obo/XAO_0003047>
<http://purl.obolibrary.org/obo/XAO_0004072>	<http://www.w3.org/2000/01/rdf-schema#subClassOf>	<http://purl.obolibrary.org/obo/XAO_0004609>
<http://purl.obolibrary.org/obo/XAO_1000045>	<http://www.w3.org/2000/01/rdf-schema#subClassOf>	<http://purl.obolibrary.org/obo/XAO_1000094>
<http://purl.obolibrary.org/obo/XAO_0004525>	<http://www.w3.org/2000/01/rdf-schema#subClassOf>	<http://purl.obolibrary.org/obo/XAO_0003190>
<http://purl.obolibrary.org/obo/XAO_0005156>	<http://www.w3.org/2000/01/rdf-schema#subClassOf>	<http://purl.obolibrary.org/obo/XAO_0003037>
<http://purl.obolibrary.org/obo/XAO_0003235>	<http://www.w3.org/2000/01/rdf-schema#subClassOf>	<http://purl.obolibrary.org/obo/XAO_0003012>
<http://purl.obolibrary.org/obo/XAO_0000121>	<http://www.w3.org/2000/01/rdf-schema#subClassOf>	<http://purl.obolibrary.org/obo/XAO_0003165>
<http://purl.obolibrary.org/obo/XAO_0000381>	<http://www.w3.org/2000/01/rdf-schema#subClassOf>	<http://purl.obolibrary.org/obo/XAO_0003190>
<http://purl.obolibrary.org/obo/XAO_0000365>	<http://www.w3.org/2000/01/rdf-schema#subClassOf>	<http://purl.obolibrary.org/obo/XAO_0000114>
<http://purl.obolibrary.org/obo/XAO_0000303>	<http://www.w3.org/2000/01/rdf-schema#subClassOf>	<http://purl.obolibrary.org/obo/XAO_0003185>
<http://purl.obolibrary.org/obo/XAO_0004010>	<http://www.w3.org/2000/01/rdf-schema#subClassOf>	<http://purl.obolibrary.org/obo/XAO_0004007>
<http://purl.obolibrary.org/obo/XAO_0004201>	<http://www.w3.org/2000/01/rdf-schema#subClassOf>	<http://purl.obolibrary.org/obo/XAO_0004046>
<http://purl.obolibrary.org/obo/XAO_0004149>	<http://www.w3.org/2000/01/rdf-schema#subClassOf>	<http://purl.obolibrary.org/obo/XAO_0003012>
<http://purl.obolibrary.org/obo/XAO_0003157>	<http://www.w3.org/2000/01/rdf-schema#subClassOf>	<http://purl.obolibrary.org/obo/XAO_0003155>
<http://purl.obolibrary.org/obo/XAO_0006053>	<http://www.w3.org/2000/01/rdf-schema#subClassOf>	<http://purl.obolibrary.org/obo/XAO_0003160>
<http://purl.obolibrary.org/obo/XAO_0000406>	<http://www.w3.org/2000/01/rdf-schema#subClassOf>	<http://purl.obolibrary.org/obo/XAO_0000314>
<http://purl.obolibrary.org/obo/XAO_0004367>	<http://www.w3.org/2000/01/rdf-schema#subClassOf>	<http://purl.obolibrary.org/obo/XAO_0003190>
<http://purl.obolibrary.org/obo/XAO_0004424>	<http://www.w3.org/2000/01/rdf-schema#subClassOf>	<http://purl.obolibrary.org/obo/XAO_0003186>
<http://purl.obolibrary.org/obo/XAO_0000393>	<http://www.w3.org/2000/01/rdf-schema#subClassOf>	<http://purl.obolibrary.org/obo/XAO_0000115>
<http://purl.obolibrary.org/obo/XAO_0004092>	<http://www.w3.org/2000/01/rdf-schema#subClassOf>	<http://purl.obolibrary.org/obo/XAO_0003040>
<http://purl.obolibrary.org/obo/XAO_1000042>	<http://www.w3.org/2000/01/rdf-schema#subClassOf>	<http://purl.obolibrary.org/obo/XAO_1000094>
<http://purl.obolibrary.org/obo/XAO_0000017>	<http://www.w3.org/2000/01/rdf-schema#subClassOf>	<http://purl.obolibrary.org/obo/XAO_0003037>
<http://purl.obolibrary.org/obo/XAO_0000022>	<http://www.w3.org/2000/01/rdf-schema#subClassOf>	<http://purl.obolibrary.org/obo/XAO_0003037>
<http://purl.obolibrary.org/obo/XAO_0003092>	<http://www.w3.org/2000/01/rdf-schema#subClassOf>	<http://purl.obolibrary.org/obo/XAO_0000429>
<http://purl.obolibrary.org/obo/XAO_0004350>	<http://www.w3.org/2000/01/rdf-schema#subClassOf>	<http://purl.obolibrary.org/obo/XAO_0004351>
<http://purl.obolibrary.org/obo/XAO_0003027>	<http://www.w3.org/2000/01/rdf-schema#subClassOf>	<http://purl.obolibrary.org/obo/XAO_0003013>
<http://purl.obolibrary.org/obo/XAO_0005197>	<http://www.w3.org/2000/01/rdf-schema#subClassOf>	<http://purl.obolibrary.org/obo/XAO_0003040>
<http://purl.obolibrary.org/obo/XAO_0004543>	<http://www.w3.org/2000/01/rdf-schema#subClassOf>	<http://purl.obolibrary.org/obo/XAO_0003160>
<http://purl.obolibrary.org/obo/XAO_0004318>	<http://www.w3.org/2000/01/rdf-schema#subClassOf>	<http://purl.obolibrary.org/obo/XAO_0004317>
<http://purl.obolibrary.org/obo/XAO_0004551>	<http://www.w3.org/2000/01/rdf-schema#subClassOf>	<http://purl.obolibrary.org/obo/XAO_0003040>
<http://purl.obolibrary.org/obo/XAO_0004570>	<http://www.w3.org/2000/01/rdf-schema#subClassOf>	<http://purl.obolibrary.org/obo/XAO_0003037>
<http://purl.obolibrary.org/obo/XAO_0000155>	<http://www.w3.org/2000/01/rdf-schema#subClassOf>	<http://purl.obolibrary.org/obo/XAO_0000142>
<http://purl.obolibrary.org/obo/XAO_0004601>	<http://www.w3.org/2000/01/rdf-schema#subClassOf>	<http://purl.obolibrary.org/obo/XAO_0004598>
<http://purl.obolibrary.org/obo/XAO_0000198>	<http://www.w3.org/2000/01/rdf-schema#subClassOf>	<http://purl.obolibrary.org/obo/XAO_0003040>
<http://purl.obolibrary.org/obo/XAO_0006050>	<http://www.w3.org/2000/01/rdf-schema#subClassOf>	<http://purl.obolibrary.org/obo/XAO_0003054>
<http://purl.obolibrary.org/obo/XAO_0003133>	<http://www.w3.org/2000/01/rdf-schema#subClassOf>	<http://purl.obolibrary.org/obo/XAO_0000397>
<http://purl.obolibrary.org/obo/XAO_0004115>	<http://www.w3.org/2000/01/rdf-schema#subClassOf>	<http://purl.obolibrary.org/obo/XAO_0000256>
<http://purl.obolibrary.org/obo/XAO_0003078>	<http://www.w3.org/2000/01/rdf-schema#subClassOf>	<http://purl.obolibrary.org/obo/XAO_0004019>
<http://purl.obolibrary.org/obo/XAO_0000196>	<http://www.w3.org/2000/01/rdf-schema#subClassOf>	<http://purl.obolibrary.org/obo/XAO_0000214>
<http://purl.obolibrary.org/obo/XAO_0004395>	<http://www.w3.org/2000/01/rdf-schema#subClassOf>	<http://purl.obolibrary.org/obo/XAO_0003042>
<http://purl.obolibrary.org/obo/XAO_0000416>	<http://www.w3.org/2000/01/rdf-schema#subClassOf>	<http://purl.obolibrary.org/obo/XAO_0000314>
<http://purl.obolibrary.org/obo/XAO_0003149>	<http://www.w3.org/2000/01/rdf-schema#subClassOf>	<http://purl.obolibrary.org/obo/XAO_0000111>
<http://purl.obolibrary.org/obo/XAO_0004567>	<http://www.w3.org/2000/01/rdf-schema#subClassOf>	<http://purl.obolibrary.org/obo/XAO_0004609>
<http://purl.obolibrary.org/obo/XAO_0004290>	<http://www.w3.org/2000/01/rdf-schema#subClassOf>	<http://purl.obolibrary.org/obo/XAO_0003000>
<http://purl.obolibrary.org/obo/XAO_0004215>	<http://www.w3.org/2000/01/rdf-schema#subClassOf>	<http://purl.obolibrary.org/obo/XAO_0000429>
<http://purl.obolibrary.org/obo/XAO_0000460>	<http://www.w3.org/2000/01/rdf-schema#subClassOf>	<http://purl.obolibrary.org/obo/XAO_0004002>
<http://purl.obolibrary.org/obo/XAO_0005168>	<http://www.w3.org/2000/01/rdf-schema#subClassOf>	<http://purl.obolibrary.org/obo/XAO_0005135>
<http://purl.obolibrary.org/obo/XAO_0003054>	<http://www.w3.org/2000/01/rdf-schema#subClassOf>	<http://purl.obolibrary.org/obo/XAO_0003012>
<http://purl.obolibrary.org/obo/XAO_0004321>	<http://www.w3.org/2000/01/rdf-schema#subClassOf>	<http://purl.obolibrary.org/obo/XAO_0000375>
<http://purl.obolibrary.org/obo/XAO_0004150>	<http://www.w3.org/2000/01/rdf-schema#subClassOf>	<http://purl.obolibrary.org/obo/XAO_0004148>
<http://purl.obolibrary.org/obo/XAO_0005195>	<http://www.w3.org/2000/01/rdf-schema#subClassOf>	<http://purl.obolibrary.org/obo/XAO_0000177>
<http://purl.obolibrary.org/obo/XAO_0004174>	<http://www.w3.org/2000/01/rdf-schema#subClassOf>	<http://purl.obolibrary.org/obo/XAO_0000115>
<http://purl.obolibrary.org/obo/XAO_0000458>	<http://www.w3.org/2000/01/rdf-schema#subClassOf>	<http://purl.obolibrary.org/obo/XAO_0004002>
<http://purl.obolibrary.org/obo/XAO_0000373>	<http://www.w3.org/2000/01/rdf-schema#subClassOf>	<http://purl.obolibrary.org/obo/XAO_0000115>
<http://purl.obolibrary.org/obo/XAO_0005038>	<http://www.w3.org/2000/01/rdf-schema#subClassOf>	<http://purl.obolibrary.org/obo/XAO_0004290>
<http://purl.obolibrary.org/obo/XAO_0005007>	<http://www.w3.org/2000/01/rdf-schema#subClassOf>	<http://purl.obolibrary.org/obo/XAO_0004308>
<http://purl.obolibrary.org/obo/XAO_0005012>	<http://www.w3.org/2000/01/rdf-schema#subClassOf>	<http://purl.obolibrary.org/obo/XAO_0004290>
<http://purl.obolibrary.org/obo/XAO_0000057>	<http://www.w3.org/2000/01/rdf-schema#subClassOf>	<http://purl.obolibrary.org/obo/XAO_0003040>
<http://purl.obolibrary.org/obo/XAO_0004614>	<http://www.w3.org/2000/01/rdf-schema#subClassOf>	<http://purl.obolibrary.org/obo/XAO_0004290>
<http://purl.obolibrary.org/obo/XAO_0005424>	<http://www.w3.org/2000/01/rdf-schema#subClassOf>	<http://purl.obolibrary.org/obo/XAO_0003040>
<http://purl.obolibrary.org/obo/XAO_0003223>	<http://www.w3.org/2000/01/rdf-schema#subClassOf>	<http://purl.obolibrary.org/obo/XAO_0003040>
<http://purl.obolibrary.org/obo/XAO_0004374>	<http://www.w3.org/2000/01/rdf-schema#subClassOf>	<http://purl.obolibrary.org/obo/XAO_0004013>
<http://purl.obolibrary.org/obo/XAO_0004127>	<http://www.w3.org/2000/01/rdf-schema#subClassOf>	<http://purl.obolibrary.org/obo/XAO_0004326>
<http://purl.obolibrary.org/obo/XAO_0005122>	<http://www.w3.org/2000/01/rdf-schema#subClassOf>	<http://purl.obolibrary.org/obo/XAO_0004290>
<http://purl.obolibrary.org/obo/XAO_0004128>	<http://www.w3.org/2000/01/rdf-schema#subClassOf>	<http://purl.obolibrary.org/obo/XAO_0000172>
<http://purl.obolibrary.org/obo/XAO_0004179>	<http://www.w3.org/2000/01/rdf-schema#subClassOf>	<http://purl.obolibrary.org/obo/XAO_0004177>
<http://purl.obolibrary.org/obo/XAO_0003217>	<http://www.w3.org/2000/01/rdf-schema#subClassOf>	<http://purl.obolibrary.org/obo/XAO_0003045>
<http://purl.obolibrary.org/obo/XAO_0005319>	<http://www.w3.org/2000/01/rdf-schema#subClassOf>	<http://purl.obolibrary.org/obo/XAO_0004290>
<http://purl.obolibrary.org/obo/XAO_0004054>	<http://www.w3.org/2000/01/rdf-schema#subClassOf>	<http://purl.obolibrary.org/obo/XAO_0001017>
<http://purl.obolibrary.org/obo/XAO_0004515>	<http://www.w3.org/2000/01/rdf-schema#subClassOf>	<http://purl.obolibrary.org/obo/XAO_0003037>
<http://purl.obolibrary.org/obo/XAO_0000106>	<http://www.w3.org/2000/01/rdf-schema#subClassOf>	<http://purl.obolibrary.org/obo/XAO_0003040>
<http://purl.obolibrary.org/obo/XAO_0005142>	<http://www.w3.org/2000/01/rdf-schema#subClassOf>	<http://purl.obolibrary.org/obo/XAO_0004276>
<http://purl.obolibrary.org/obo/XAO_0005205>	<http://www.w3.org/2000/01/rdf-schema#subClassOf>	<http://purl.obolibrary.org/obo/XAO_0003186>
<http://purl.obolibrary.org/obo/XAO_0003116>	<http://www.w3.org/2000/01/rdf-schema#subClassOf>	<http://purl.obolibrary.org/obo/XAO_0000397>
<http://purl.obolibrary.org/obo/XAO_0004358>	<http://www.w3.org/2000/01/rdf-schema#subClassOf>	<http://purl.obolibrary.org/obo/XAO_0004013>
<http://purl.obolibrary.org/obo/XAO_0000337>	<http://www.w3.org/2000/01/rdf-schema#subClassOf>	<http://purl.obolibrary.org/obo/XAO_0003042>
<http://purl.obolibrary.org/obo/XAO_0003009>	<http://www.w3.org/2000/01/rdf-schema#subClassOf>	<http://purl.obolibrary.org/obo/XAO_0003007>
<http://purl.obolibrary.org/obo/XAO_0000030>	<http://www.w3.org/2000/01/rdf-schema#subClassOf>	<http://purl.obolibrary.org/obo/XAO_0004005>
<http://purl.obolibrary.org/obo/XAO_0004172>	<http://www.w3.org/2000/01/rdf-schema#subClassOf>	<http://purl.obolibrary.org/obo/XAO_0000115>
<http://purl.obolibrary.org/obo/XAO_0004331>	<http://www.w3.org/2000/01/rdf-schema#subClassOf>	<http://purl.obolibrary.org/obo/XAO_0004323>
<http://purl.obolibrary.org/obo/XAO_0004335>	<http://www.w3.org/2000/01/rdf-schema#subClassOf>	<http://purl.obolibrary.org/obo/XAO_0004324>
<http://purl.obolibrary.org/obo/XAO_0000260>	<http://www.w3.org/2000/01/rdf-schema#subClassOf>	<http://purl.obolibrary.org/obo/XAO_0004005>
<http://purl.obolibrary.org/obo/XAO_0002000>	<http://www.w3.org/2000/01/rdf-schema#subClassOf>	<http://purl.obolibrary.org/obo/XAO_0003037>
<http://purl.obolibrary.org/obo/XAO_1000060>	<http://www.w3.org/2000/01/rdf-schema#subClassOf>	<http://purl.obolibrary.org/obo/XAO_1000094>
<http://purl.obolibrary.org/obo/XAO_0000187>	<http://www.w3.org/2000/01/rdf-schema#subClassOf>	<http://purl.obolibrary.org/obo/XAO_0003040>
<http://purl.obolibrary.org/obo/XAO_0005113>	<http://www.w3.org/2000/01/rdf-schema#subClassOf>	<http://purl.obolibrary.org/obo/XAO_0000200>
<http://purl.obolibrary.org/obo/XAO_0004060>	<http://www.w3.org/2000/01/rdf-schema#subClassOf>	<http://purl.obolibrary.org/obo/XAO_0004059>
<http://purl.obolibrary.org/obo/XAO_0005094>	<http://www.w3.org/2000/01/rdf-schema#subClassOf>	<http://purl.obolibrary.org/obo/XAO_0005114>
<http://purl.obolibrary.org/obo/XAO_0004434>	<http://www.w3.org/2000/01/rdf-schema#subClassOf>	<http://purl.obolibrary.org/obo/XAO_0004455>
<http://purl.obolibrary.org/obo/XAO_0000333>	<http://www.w3.org/2000/01/rdf-schema#subClassOf>	<http://purl.obolibrary.org/obo/XAO_0000148>
<http://purl.obolibrary.org/obo/XAO_1000008>	<http://www.w3.org/2000/01/rdf-schema#subClassOf>	<http://purl.obolibrary.org/obo/XAO_1000095>
<http://purl.obolibrary.org/obo/XAO_0003060>	<http://www.w3.org/2000/01/rdf-schema#subClassOf>	<http://purl.obolibrary.org/obo/XAO_0003002>
<http://purl.obolibrary.org/obo/XAO_0003046>	<http://www.w3.org/2000/01/rdf-schema#subClassOf>	<http://purl.obolibrary.org/obo/XAO_0003040>
<http://purl.obolibrary.org/obo/XAO_0000429>	<http://www.w3.org/2000/01/rdf-schema#subClassOf>	<http://purl.obolibrary.org/obo/XAO_0005309>
<http://purl.obolibrary.org/obo/XAO_0004189>	<http://www.w3.org/2000/01/rdf-schema#subClassOf>	<http://purl.obolibrary.org/obo/XAO_0003040>
<http://purl.obolibrary.org/obo/XAO_0004478>	<http://www.w3.org/2000/01/rdf-schema#subClassOf>	<http://purl.obolibrary.org/obo/XAO_0003036>
<http://purl.obolibrary.org/obo/XAO_0004489>	<http://www.w3.org/2000/01/rdf-schema#subClassOf>	<http://purl.obolibrary.org/obo/XAO_0004059>
<http://purl.obolibrary.org/obo/XAO_0005062>	<http://www.w3.org/2000/01/rdf-schema#subClassOf>	<http://purl.obolibrary.org/obo/XAO_0005033>
<http://purl.obolibrary.org/obo/XAO_0000088>	<http://www.w3.org/2000/01/rdf-schema#subClassOf>	<http://purl.obolibrary.org/obo/XAO_0003042>
<http://purl.obolibrary.org/obo/XAO_0004308>	<http://www.w3.org/2000/01/rdf-schema#subClassOf>	<http://purl.obolibrary.org/obo/XAO_0003012>
<http://purl.obolibrary.org/obo/XAO_0000383>	<http://www.w3.org/2000/01/rdf-schema#subClassOf>	<http://purl.obolibrary.org/obo/XAO_0000115>
<http://purl.obolibrary.org/obo/XAO_0000105>	<http://www.w3.org/2000/01/rdf-schema#subClassOf>	<http://purl.obolibrary.org/obo/XAO_0003190>
<http://purl.obolibrary.org/obo/XAO_0005137>	<http://www.w3.org/2000/01/rdf-schema#subClassOf>	<http://purl.obolibrary.org/obo/XAO_0005017>
<http://purl.obolibrary.org/obo/XAO_0000181>	<http://www.w3.org/2000/01/rdf-schema#subClassOf>	<http://purl.obolibrary.org/obo/XAO_0003037>
<http://purl.obolibrary.org/obo/XAO_0004558>	<http://www.w3.org/2000/01/rdf-schema#subClassOf>	<http://purl.obolibrary.org/obo/XAO_0004609>
<http://purl.obolibrary.org/obo/XAO_0005097>	<http://www.w3.org/2000/01/rdf-schema#subClassOf>	<http://purl.obolibrary.org/obo/XAO_0005113>
<http://purl.obolibrary.org/obo/XAO_0003248>	<http://www.w3.org/2000/01/rdf-schema#subClassOf>	<http://purl.obolibrary.org/obo/XAO_0003012>
<http://purl.obolibrary.org/obo/XAO_0004500>	<http://www.w3.org/2000/01/rdf-schema#subClassOf>	<http://purl.obolibrary.org/obo/XAO_0004020>
<http://purl.obolibrary.org/obo/XAO_0003153>	<http://www.w3.org/2000/01/rdf-schema#subClassOf>	<http://purl.obolibrary.org/obo/XAO_0003152>
<http://purl.obolibrary.org/obo/XAO_0003259>	<http://www.w3.org/2000/01/rdf-schema#subClassOf>	<http://purl.obolibrary.org/obo/XAO_0003012>
<http://purl.obolibrary.org/obo/XAO_1000085>	<http://www.w3.org/2000/01/rdf-schema#subClassOf>	<http://purl.obolibrary.org/obo/XAO_1000082>
<http://purl.obolibrary.org/obo/XAO_0005293>	<http://www.w3.org/2000/01/rdf-schema#subClassOf>	<http://purl.obolibrary.org/obo/XAO_0005309>
<http://purl.obolibrary.org/obo/XAO_0000096>	<http://www.w3.org/2000/01/rdf-schema#subClassOf>	<http://purl.obolibrary.org/obo/XAO_0003037>
<http://purl.obolibrary.org/obo/XAO_0004139>	<http://www.w3.org/2000/01/rdf-schema#subClassOf>	<http://purl.obolibrary.org/obo/XAO_0003037>
<http://purl.obolibrary.org/obo/XAO_0000453>	<http://www.w3.org/2000/01/rdf-schema#subClassOf>	<http://purl.obolibrary.org/obo/XAO_0000099>
<http://purl.obolibrary.org/obo/XAO_0005053>	<http://www.w3.org/2000/01/rdf-schema#subClassOf>	<http://purl.obolibrary.org/obo/XAO_0004609>
<http://purl.obolibrary.org/obo/XAO_0000085>	<http://www.w3.org/2000/01/rdf-schema#subClassOf>	<http://purl.obolibrary.org/obo/XAO_0003040>
<http://purl.obolibrary.org/obo/XAO_0004105>	<http://www.w3.org/2000/01/rdf-schema#subClassOf>	<http://purl.obolibrary.org/obo/XAO_0003040>
<http://purl.obolibrary.org/obo/XAO_0005099>	<http://www.w3.org/2000/01/rdf-schema#subClassOf>	<http://purl.obolibrary.org/obo/XAO_0005113>
<http://purl.obolibrary.org/obo/XAO_1000026>	<http://www.w3.org/2000/01/rdf-schema#subClassOf>	<http://purl.obolibrary.org/obo/XAO_1000094>
<http://purl.obolibrary.org/obo/XAO_0004432>	<http://www.w3.org/2000/01/rdf-schema#subClassOf>	<http://purl.obolibrary.org/obo/XAO_0004455>
<http://purl.obolibrary.org/obo/XAO_0000129>	<http://www.w3.org/2000/01/rdf-schema#subClassOf>	<http://purl.obolibrary.org/obo/XAO_0003165>
<http://purl.obolibrary.org/obo/XAO_0004412>	<http://www.w3.org/2000/01/rdf-schema#subClassOf>	<http://purl.obolibrary.org/obo/XAO_0003035>
<http://purl.obolibrary.org/obo/XAO_1000003>	<http://www.w3.org/2000/01/rdf-schema#subClassOf>	<http://purl.obolibrary.org/obo/XAO_1000012>
<http://purl.obolibrary.org/obo/XAO_0006013>	<http://www.w3.org/2000/01/rdf-schema#subClassOf>	<http://purl.obolibrary.org/obo/XAO_0004290>
<http://purl.obolibrary.org/obo/XAO_0004224>	<http://www.w3.org/2000/01/rdf-schema#subClassOf>	<http://purl.obolibrary.org/obo/XAO_0003045>
<http://purl.obolibrary.org/obo/XAO_0004377>	<http://www.w3.org/2000/01/rdf-schema#subClassOf>	<http://purl.obolibrary.org/obo/XAO_0004013>
<http://purl.obolibrary.org/obo/XAO_0005060>	<http://www.w3.org/2000/01/rdf-schema#subClassOf>	<http://purl.obolibrary.org/obo/XAO_0003264>
<http://purl.obolibrary.org/obo/XAO_0004461>	<http://www.w3.org/2000/01/rdf-schema#subClassOf>	<http://purl.obolibrary.org/obo/XAO_0003042>
<http://purl.obolibrary.org/obo/XAO_0003109>	<http://www.w3.org/2000/01/rdf-schema#subClassOf>	<http://purl.obolibrary.org/obo/XAO_0000315>
<http://purl.obolibrary.org/obo/XAO_0004492>	<http://www.w3.org/2000/01/rdf-schema#subClassOf>	<http://purl.obolibrary.org/obo/XAO_0003042>
<http://purl.obolibrary.org/obo/XAO_0006048>	<http://www.w3.org/2000/01/rdf-schema#subClassOf>	<http://purl.obolibrary.org/obo/XAO_0003249>
<http://purl.obolibrary.org/obo/XAO_0000319>	<http://www.w3.org/2000/01/rdf-schema#subClassOf>	<http://purl.obolibrary.org/obo/XAO_0005327>
<http://purl.obolibrary.org/obo/XAO_0005285>	<http://www.w3.org/2000/01/rdf-schema#subClassOf>	<http://purl.obolibrary.org/obo/XAO_0005122>
<http://purl.obolibrary.org/obo/XAO_0004491>	<http://www.w3.org/2000/01/rdf-schema#subClassOf>	<http://purl.obolibrary.org/obo/XAO_0003040>
<http://purl.obolibrary.org/obo/XAO_0004587>	<http://www.w3.org/2000/01/rdf-schema#subClassOf>	<http://purl.obolibrary.org/obo/XAO_0003160>
<http://purl.obolibrary.org/obo/XAO_0004315>	<http://www.w3.org/2000/01/rdf-schema#subClassOf>	<http://purl.obolibrary.org/obo/XAO_0003012>
<http://purl.obolibrary.org/obo/XAO_0000179>	<http://www.w3.org/2000/01/rdf-schema#subClassOf>	<http://purl.obolibrary.org/obo/XAO_0003165>
<http://purl.obolibrary.org/obo/XAO_0005174>	<http://www.w3.org/2000/01/rdf-schema#subClassOf>	<http://purl.obolibrary.org/obo/XAO_0003016>
<http://purl.obolibrary.org/obo/XAO_0000044>	<http://www.w3.org/2000/01/rdf-schema#subClassOf>	<http://purl.obolibrary.org/obo/XAO_0003040>
<http://purl.obolibrary.org/obo/XAO_0005028>	<http://www.w3.org/2000/01/rdf-schema#subClassOf>	<http://purl.obolibrary.org/obo/XAO_0003040>
<http://purl.obolibrary.org/obo/XAO_0000012>	<http://www.w3.org/2000/01/rdf-schema#subClassOf>	<http://purl.obolibrary.org/obo/XAO_0003037>
<http://purl.obolibrary.org/obo/XAO_0000362>	<http://www.w3.org/2000/01/rdf-schema#subClassOf>	<http://purl.obolibrary.org/obo/XAO_0000114>
<http://purl.obolibrary.org/obo/XAO_0004387>	<http://www.w3.org/2000/01/rdf-schema#subClassOf>	<http://purl.obolibrary.org/obo/XAO_0003186>
<http://purl.obolibrary.org/obo/XAO_0003042>	<http://www.w3.org/2000/01/rdf-schema#subClassOf>	<http://purl.obolibrary.org/obo/XAO_0003000>
<http://purl.obolibrary.org/obo/XAO_0004514>	<http://www.w3.org/2000/01/rdf-schema#subClassOf>	<http://purl.obolibrary.org/obo/XAO_0003037>
<http://purl.obolibrary.org/obo/XAO_0003059>	<http://www.w3.org/2000/01/rdf-schema#subClassOf>	<http://purl.obolibrary.org/obo/XAO_0003075>
<http://purl.obolibrary.org/obo/XAO_0000229>	<http://www.w3.org/2000/01/rdf-schema#subClassOf>	<http://purl.obolibrary.org/obo/XAO_0003040>
<http://purl.obolibrary.org/obo/XAO_0005175>	<http://www.w3.org/2000/01/rdf-schema#subClassOf>	<http://purl.obolibrary.org/obo/XAO_0003016>
<http://purl.obolibrary.org/obo/XAO_0003193>	<http://www.w3.org/2000/01/rdf-schema#subClassOf>	<http://purl.obolibrary.org/obo/XAO_0003165>
<http://purl.obolibrary.org/obo/XAO_0004399>	<http://www.w3.org/2000/01/rdf-schema#subClassOf>	<http://purl.obolibrary.org/obo/XAO_0004059>
<http://purl.obolibrary.org/obo/XAO_0004035>	<http://www.w3.org/2000/01/rdf-schema#subClassOf>	<http://purl.obolibrary.org/obo/XAO_0000169>
<http://purl.obolibrary.org/obo/XAO_0006009>	<http://www.w3.org/2000/01/rdf-schema#subClassOf>	<http://purl.obolibrary.org/obo/XAO_0005008>
<http://purl.obolibrary.org/obo/XAO_0003171>	<http://www.w3.org/2000/01/rdf-schema#subClassOf>	<http://purl.obolibrary.org/obo/XAO_0003160>
<http://purl.obolibrary.org/obo/XAO_0004343>	<http://www.w3.org/2000/01/rdf-schema#subClassOf>	<http://purl.obolibrary.org/obo/XAO_0004325>
<http://purl.obolibrary.org/obo/XAO_0004254>	<http://www.w3.org/2000/01/rdf-schema#subClassOf>	<http://purl.obolibrary.org/obo/XAO_0000115>
<http://purl.obolibrary.org/obo/XAO_0004057>	<http://www.w3.org/2000/01/rdf-schema#subClassOf>	<http://purl.obolibrary.org/obo/XAO_0003040>
<http://purl.obolibrary.org/obo/XAO_0000031>	<http://www.w3.org/2000/01/rdf-schema#subClassOf>	<http://purl.obolibrary.org/obo/XAO_0005017>
<http://purl.obolibrary.org/obo/XAO_0003267>	<http://www.w3.org/2000/01/rdf-schema#subClassOf>	<http://purl.obolibrary.org/obo/XAO_0003165>
<http://purl.obolibrary.org/obo/XAO_0005064>	<http://www.w3.org/2000/01/rdf-schema#subClassOf>	<http://purl.obolibrary.org/obo/XAO_0003037>
<http://purl.obolibrary.org/obo/XAO_0004013>	<http://www.w3.org/2000/01/rdf-schema#subClassOf>	<http://purl.obolibrary.org/obo/XAO_0004012>
<http://purl.obolibrary.org/obo/XAO_0005324>	<http://www.w3.org/2000/01/rdf-schema#subClassOf>	<http://purl.obolibrary.org/obo/XAO_0004457>
<http://purl.obolibrary.org/obo/XAO_1000075>	<http://www.w3.org/2000/01/rdf-schema#subClassOf>	<http://purl.obolibrary.org/obo/XAO_1000094>
<http://purl.obolibrary.org/obo/XAO_0000123>	<http://www.w3.org/2000/01/rdf-schema#subClassOf>	<http://purl.obolibrary.org/obo/XAO_0003040>
<http://purl.obolibrary.org/obo/XAO_0004625>	<http://www.w3.org/2000/01/rdf-schema#subClassOf>	<http://purl.obolibrary.org/obo/XAO_0001011>
<http://purl.obolibrary.org/obo/XAO_0004284>	<http://www.w3.org/2000/01/rdf-schema#subClassOf>	<http://purl.obolibrary.org/obo/XAO_0004283>
<http://purl.obolibrary.org/obo/XAO_0000032>	<http://www.w3.org/2000/01/rdf-schema#subClassOf>	<http://purl.obolibrary.org/obo/XAO_0003043>
<http://purl.obolibrary.org/obo/XAO_0000036>	<http://www.w3.org/2000/01/rdf-schema#subClassOf>	<http://purl.obolibrary.org/obo/XAO_0003042>
<http://purl.obolibrary.org/obo/XAO_0005222>	<http://www.w3.org/2000/01/rdf-schema#subClassOf>	<http://purl.obolibrary.org/obo/XAO_0003186>
<http://purl.obolibrary.org/obo/XAO_0000037>	<http://www.w3.org/2000/01/rdf-schema#subClassOf>	<http://purl.obolibrary.org/obo/XAO_0003040>
<http://purl.obolibrary.org/obo/XAO_0000324>	<http://www.w3.org/2000/01/rdf-schema#subClassOf>	<http://purl.obolibrary.org/obo/XAO_0003042>
<http://purl.obolibrary.org/obo/XAO_0000420>	<http://www.w3.org/2000/01/rdf-schema#subClassOf>	<http://purl.obolibrary.org/obo/XAO_0000314>
<http://purl.obolibrary.org/obo/XAO_0003232>	<http://www.w3.org/2000/01/rdf-schema#subClassOf>	<http://purl.obolibrary.org/obo/XAO_0003012>
<http://purl.obolibrary.org/obo/XAO_0003032>	<http://www.w3.org/2000/01/rdf-schema#subClassOf>	<http://purl.obolibrary.org/obo/XAO_0003160>
<http://purl.obolibrary.org/obo/XAO_0003210>	<http://www.w3.org/2000/01/rdf-schema#subClassOf>	<http://purl.obolibrary.org/obo/XAO_0004018>
<http://purl.obolibrary.org/obo/XAO_0003198>	<http://www.w3.org/2000/01/rdf-schema#subClassOf>	<http://purl.obolibrary.org/obo/XAO_0003194>
<http://purl.obolibrary.org/obo/XAO_0000077>	<http://www.w3.org/2000/01/rdf-schema#subClassOf>	<http://purl.obolibrary.org/obo/XAO_0003244>
<http://purl.obolibrary.org/obo/XAO_0004527>	<http://www.w3.org/2000/01/rdf-schema#subClassOf>	<http://purl.obolibrary.org/obo/XAO_0003023>
<http://purl.obolibrary.org/obo/XAO_0005305>	<http://www.w3.org/2000/01/rdf-schema#subClassOf>	<http://purl.obolibrary.org/obo/XAO_0003186>
<http://purl.obolibrary.org/obo/XAO_0004520>	<http://www.w3.org/2000/01/rdf-schema#subClassOf>	<http://purl.obolibrary.org/obo/XAO_0003186>
<http://purl.obolibrary.org/obo/XAO_0003207>	<http://www.w3.org/2000/01/rdf-schema#subClassOf>	<http://purl.obolibrary.org/obo/XAO_0004276>
<http://purl.obolibrary.org/obo/XAO_0005054>	<http://www.w3.org/2000/01/rdf-schema#subClassOf>	<http://purl.obolibrary.org/obo/XAO_0004609>
<http://purl.obolibrary.org/obo/XAO_0004234>	<http://www.w3.org/2000/01/rdf-schema#subClassOf>	<http://purl.obolibrary.org/obo/XAO_0003037>
<http://purl.obolibrary.org/obo/XAO_0005117>	<http://www.w3.org/2000/01/rdf-schema#subClassOf>	<http://purl.obolibrary.org/obo/XAO_0004290>
<http://purl.obolibrary.org/obo/XAO_0004443>	<http://www.w3.org/2000/01/rdf-schema#subClassOf>	<http://purl.obolibrary.org/obo/XAO_0004455>
<http://purl.obolibrary.org/obo/XAO_0000441>	<http://www.w3.org/2000/01/rdf-schema#subClassOf>	<http://purl.obolibrary.org/obo/XAO_0004411>
<http://purl.obolibrary.org/obo/XAO_0004554>	<http://www.w3.org/2000/01/rdf-schema#subClassOf>	<http://purl.obolibrary.org/obo/XAO_0003040>
<http://purl.obolibrary.org/obo/XAO_1000046>	<http://www.w3.org/2000/01/rdf-schema#subClassOf>	<http://purl.obolibrary.org/obo/XAO_1000094>
<http://purl.obolibrary.org/obo/XAO_0004061>	<http://www.w3.org/2000/01/rdf-schema#subClassOf>	<http://purl.obolibrary.org/obo/XAO_0005171>
<http://purl.obolibrary.org/obo/XAO_0000064>	<http://www.w3.org/2000/01/rdf-schema#subClassOf>	<http://purl.obolibrary.org/obo/XAO_0003165>
<http://purl.obolibrary.org/obo/XAO_0004274>	<http://www.w3.org/2000/01/rdf-schema#subClassOf>	<http://purl.obolibrary.org/obo/XAO_0003002>
<http://purl.obolibrary.org/obo/XAO_0003179>	<http://www.w3.org/2000/01/rdf-schema#subClassOf>	<http://purl.obolibrary.org/obo/XAO_0003040>
<http://purl.obolibrary.org/obo/XAO_0005068>	<http://www.w3.org/2000/01/rdf-schema#subClassOf>	<http://purl.obolibrary.org/obo/XAO_0005015>
<http://purl.obolibrary.org/obo/XAO_0004455>	<http://www.w3.org/2000/01/rdf-schema#subClassOf>	<http://purl.obolibrary.org/obo/XAO_0003037>
<http://purl.obolibrary.org/obo/XAO_0000304>	<http://www.w3.org/2000/01/rdf-schema#subClassOf>	<http://purl.obolibrary.org/obo/XAO_0003185>
<http://purl.obolibrary.org/obo/XAO_0004108>	<http://www.w3.org/2000/01/rdf-schema#subClassOf>	<http://purl.obolibrary.org/obo/XAO_0004059>
<http://purl.obolibrary.org/obo/XAO_0004278>	<http://www.w3.org/2000/01/rdf-schema#subClassOf>	<http://purl.obolibrary.org/obo/XAO_0004018>
<http://purl.obolibrary.org/obo/XAO_0000264>	<http://www.w3.org/2000/01/rdf-schema#subClassOf>	<http://purl.obolibrary.org/obo/XAO_0003046>
<http://purl.obolibrary.org/obo/XAO_0004155>	<http://www.w3.org/2000/01/rdf-schema#subClassOf>	<http://purl.obolibrary.org/obo/XAO_0004154>
<http://purl.obolibrary.org/obo/XAO_0004340>	<http://www.w3.org/2000/01/rdf-schema#subClassOf>	<http://purl.obolibrary.org/obo/XAO_0004325>
<http://purl.obolibrary.org/obo/XAO_0003158>	<http://www.w3.org/2000/01/rdf-schema#subClassOf>	<http://purl.obolibrary.org/obo/XAO_0003155>
<http://purl.obolibrary.org/obo/XAO_0004470>	<http://www.w3.org/2000/01/rdf-schema#subClassOf>	<http://purl.obolibrary.org/obo/XAO_0004469>
<http://purl.obolibrary.org/obo/XAO_0004143>	<http://www.w3.org/2000/01/rdf-schema#subClassOf>	<http://purl.obolibrary.org/obo/XAO_0001011>
<http://purl.obolibrary.org/obo/XAO_0000392>	<http://www.w3.org/2000/01/rdf-schema#subClassOf>	<http://purl.obolibrary.org/obo/XAO_0000115>
<http://purl.obolibrary.org/obo/XAO_0004091>	<http://www.w3.org/2000/01/rdf-schema#subClassOf>	<http://purl.obolibrary.org/obo/XAO_0003040>
<http://purl.obolibrary.org/obo/XAO_0004435>	<http://www.w3.org/2000/01/rdf-schema#subClassOf>	<http://purl.obolibrary.org/obo/XAO_0004455>
<http://purl.obolibrary.org/obo/XAO_0004296>	<http://www.w3.org/2000/01/rdf-schema#subClassOf>	<http://purl.obolibrary.org/obo/XAO_0004263>
<http://purl.obolibrary.org/obo/XAO_0000164>	<http://www.w3.org/2000/01/rdf-schema#subClassOf>	<http://purl.obolibrary.org/obo/XAO_0003164>
<http://purl.obolibrary.org/obo/XAO_0005191>	<http://www.w3.org/2000/01/rdf-schema#subClassOf>	<http://purl.obolibrary.org/obo/XAO_0004018>
<http://purl.obolibrary.org/obo/XAO_0003093>	<http://www.w3.org/2000/01/rdf-schema#subClassOf>	<http://purl.obolibrary.org/obo/XAO_0000429>
<http://purl.obolibrary.org/obo/XAO_0005083>	<http://www.w3.org/2000/01/rdf-schema#subClassOf>	<http://purl.obolibrary.org/obo/XAO_0004291>
<http://purl.obolibrary.org/obo/XAO_0004269>	<http://www.w3.org/2000/01/rdf-schema#subClassOf>	<http://purl.obolibrary.org/obo/XAO_0000440>
<http://purl.obolibrary.org/obo/XAO_0004090>	<http://www.w3.org/2000/01/rdf-schema#subClassOf>	<http://purl.obolibrary.org/obo/XAO_0003186>
<http://purl.obolibrary.org/obo/XAO_0004479>	<http://www.w3.org/2000/01/rdf-schema#subClassOf>	<http://purl.obolibrary.org/obo/XAO_0003036>
<http://purl.obolibrary.org/obo/XAO_0000356>	<http://www.w3.org/2000/01/rdf-schema#subClassOf>	<http://purl.obolibrary.org/obo/XAO_0004010>
<http://purl.obolibrary.org/obo/XAO_0006015>	<http://www.w3.org/2000/01/rdf-schema#subClassOf>	<http://purl.obolibrary.org/obo/XAO_0005072>
<http://purl.obolibrary.org/obo/XAO_0004339>	<http://www.w3.org/2000/01/rdf-schema#subClassOf>	<http://purl.obolibrary.org/obo/XAO_0004325>
<http://purl.obolibrary.org/obo/XAO_0000240>	<http://www.w3.org/2000/01/rdf-schema#subClassOf>	<http://purl.obolibrary.org/obo/XAO_0005283>
<http://purl.obolibrary.org/obo/XAO_0005073>	<http://www.w3.org/2000/01/rdf-schema#subClassOf>	<http://purl.obolibrary.org/obo/XAO_0003037>
<http://purl.obolibrary.org/obo/XAO_0004351>	<http://www.w3.org/2000/01/rdf-schema#subClassOf>	<http://purl.obolibrary.org/obo/XAO_0004322>
<http://purl.obolibrary.org/obo/XAO_0005249>	<http://www.w3.org/2000/01/rdf-schema#subClassOf>	<http://purl.obolibrary.org/obo/XAO_0003040>
<http://purl.obolibrary.org/obo/XAO_0005165>	<http://www.w3.org/2000/01/rdf-schema#subClassOf>	<http://purl.obolibrary.org/obo/XAO_0005135>
<http://purl.obolibrary.org/obo/XAO_0004323>	<http://www.w3.org/2000/01/rdf-schema#subClassOf>	<http://purl.obolibrary.org/obo/XAO_0004322>
<http://purl.obolibrary.org/obo/XAO_0004065>	<http://www.w3.org/2000/01/rdf-schema#subClassOf>	<http://purl.obolibrary.org/obo/XAO_0005171>
<http://purl.obolibrary.org/obo/XAO_0003127>	<http://www.w3.org/2000/01/rdf-schema#subClassOf>	<http://purl.obolibrary.org/obo/XAO_0000397>
<http://purl.obolibrary.org/obo/XAO_0003250>	<http://www.w3.org/2000/01/rdf-schema#subClassOf>	<http://purl.obolibrary.org/obo/XAO_0003012>
<http://purl.obolibrary.org/obo/XAO_0004487>	<http://www.w3.org/2000/01/rdf-schema#subClassOf>	<http://purl.obolibrary.org/obo/XAO_0004486>
<http://purl.obolibrary.org/obo/XAO_0000129>	<http://www.w3.org/2000/01/rdf-schema#subClassOf>	<http://purl.obolibrary.org/obo/XAO_0003034>
<http://purl.obolibrary.org/obo/XAO_0005103>	<http://www.w3.org/2000/01/rdf-schema#subClassOf>	<http://purl.obolibrary.org/obo/XAO_0005112>
<http://purl.obolibrary.org/obo/XAO_0000067>	<http://www.w3.org/2000/01/rdf-schema#subClassOf>	<http://purl.obolibrary.org/obo/XAO_0003040>
<http://purl.obolibrary.org/obo/XAO_0004581>	<http://www.w3.org/2000/01/rdf-schema#subClassOf>	<http://purl.obolibrary.org/obo/XAO_0004609>
<http://purl.obolibrary.org/obo/XAO_0004036>	<http://www.w3.org/2000/01/rdf-schema#subClassOf>	<http://purl.obolibrary.org/obo/XAO_0004033>
<http://purl.obolibrary.org/obo/XAO_0004114>	<http://www.w3.org/2000/01/rdf-schema#subClassOf>	<http://purl.obolibrary.org/obo/XAO_0000256>
<http://purl.obolibrary.org/obo/XAO_0000014>	<http://www.w3.org/2000/01/rdf-schema#subClassOf>	<http://purl.obolibrary.org/obo/XAO_0003037>
<http://purl.obolibrary.org/obo/XAO_0004314>	<http://www.w3.org/2000/01/rdf-schema#subClassOf>	<http://purl.obolibrary.org/obo/XAO_0004313>
<http://purl.obolibrary.org/obo/XAO_0004325>	<http://www.w3.org/2000/01/rdf-schema#subClassOf>	<http://purl.obolibrary.org/obo/XAO_0004322>
<http://purl.obolibrary.org/obo/XAO_0004506>	<http://www.w3.org/2000/01/rdf-schema#subClassOf>	<http://purl.obolibrary.org/obo/XAO_0003040>
<http://purl.obolibrary.org/obo/XAO_0005000>	<http://www.w3.org/2000/01/rdf-schema#subClassOf>	<http://purl.obolibrary.org/obo/XAO_0003040>
<http://purl.obolibrary.org/obo/XAO_0004120>	<http://www.w3.org/2000/01/rdf-schema#subClassOf>	<http://purl.obolibrary.org/obo/XAO_0004027>
<http://purl.obolibrary.org/obo/XAO_0006001>	<http://www.w3.org/2000/01/rdf-schema#subClassOf>	<http://purl.obolibrary.org/obo/XAO_0003042>
<http://purl.obolibrary.org/obo/XAO_0004568>	<http://www.w3.org/2000/01/rdf-schema#subClassOf>	<http://purl.obolibrary.org/obo/XAO_0004609>
<http://purl.obolibrary.org/obo/XAO_0004126>	<http://www.w3.org/2000/01/rdf-schema#subClassOf>	<http://purl.obolibrary.org/obo/XAO_0003040>
<http://purl.obolibrary.org/obo/XAO_0001019>	<http://www.w3.org/2000/01/rdf-schema#subClassOf>	<http://purl.obolibrary.org/obo/XAO_0003028>
<http://purl.obolibrary.org/obo/XAO_0000160>	<http://www.w3.org/2000/01/rdf-schema#subClassOf>	<http://purl.obolibrary.org/obo/XAO_0003037>
<http://purl.obolibrary.org/obo/XAO_0003034>	<http://www.w3.org/2000/01/rdf-schema#subClassOf>	<http://purl.obolibrary.org/obo/XAO_0003160>
<http://purl.obolibrary.org/obo/XAO_0003222>	<http://www.w3.org/2000/01/rdf-schema#subClassOf>	<http://purl.obolibrary.org/obo/XAO_0003040>
<http://purl.obolibrary.org/obo/XAO_0000259>	<http://www.w3.org/2000/01/rdf-schema#subClassOf>	<http://purl.obolibrary.org/obo/XAO_0003042>
<http://purl.obolibrary.org/obo/XAO_0000026>	<http://www.w3.org/2000/01/rdf-schema#subClassOf>	<http://purl.obolibrary.org/obo/XAO_0003040>
<http://purl.obolibrary.org/obo/XAO_0000080>	<http://www.w3.org/2000/01/rdf-schema#subClassOf>	<http://purl.obolibrary.org/obo/XAO_0003186>
<http://purl.obolibrary.org/obo/XAO_0000068>	<http://www.w3.org/2000/01/rdf-schema#subClassOf>	<http://purl.obolibrary.org/obo/XAO_0003042>
<http://purl.obolibrary.org/obo/XAO_0000342>	<http://www.w3.org/2000/01/rdf-schema#subClassOf>	<http://purl.obolibrary.org/obo/XAO_0000341>
<http://purl.obolibrary.org/obo/XAO_0000093>	<http://www.w3.org/2000/01/rdf-schema#subClassOf>	<http://purl.obolibrary.org/obo/XAO_0003040>
<http://purl.obolibrary.org/obo/XAO_0004336>	<http://www.w3.org/2000/01/rdf-schema#subClassOf>	<http://purl.obolibrary.org/obo/XAO_0004324>
<http://purl.obolibrary.org/obo/XAO_0004562>	<http://www.w3.org/2000/01/rdf-schema#subClassOf>	<http://purl.obolibrary.org/obo/XAO_0004609>
<http://purl.obolibrary.org/obo/XAO_0004262>	<http://www.w3.org/2000/01/rdf-schema#subClassOf>	<http://purl.obolibrary.org/obo/XAO_0000375>
<http://purl.obolibrary.org/obo/XAO_0004196>	<http://www.w3.org/2000/01/rdf-schema#subClassOf>	<http://purl.obolibrary.org/obo/XAO_0004046>
<http://purl.obolibrary.org/obo/XAO_1000080>	<http://www.w3.org/2000/01/rdf-schema#subClassOf>	<http://purl.obolibrary.org/obo/XAO_1000007>
<http://purl.obolibrary.org/obo/XAO_0003189>	<http://www.w3.org/2000/01/rdf-schema#subClassOf>	<http://purl.obolibrary.org/obo/XAO_0003185>
<http://purl.obolibrary.org/obo/XAO_0005112>	<http://www.w3.org/2000/01/rdf-schema#subClassOf>	<http://purl.obolibrary.org/obo/XAO_0000279>
<http://purl.obolibrary.org/obo/XAO_0000459>	<http://www.w3.org/2000/01/rdf-schema#subClassOf>	<http://purl.obolibrary.org/obo/XAO_0004002>
<http://purl.obolibrary.org/obo/XAO_0005072>	<http://www.w3.org/2000/01/rdf-schema#subClassOf>	<http://purl.obolibrary.org/obo/XAO_0005071>
<http://purl.obolibrary.org/obo/XAO_0004621>	<http://www.w3.org/2000/01/rdf-schema#subClassOf>	<http://purl.obolibrary.org/obo/XAO_0003249>
<http://purl.obolibrary.org/obo/XAO_0003238>	<http://www.w3.org/2000/01/rdf-schema#subClassOf>	<http://purl.obolibrary.org/obo/XAO_0003012>
<http://purl.obolibrary.org/obo/XAO_0006022>	<http://www.w3.org/2000/01/rdf-schema#subClassOf>	<http://purl.obolibrary.org/obo/XAO_0004148>
<http://purl.obolibrary.org/obo/XAO_0003066>	<http://www.w3.org/2000/01/rdf-schema#subClassOf>	<http://purl.obolibrary.org/obo/XAO_0003161>
<http://purl.obolibrary.org/obo/XAO_0005226>	<http://www.w3.org/2000/01/rdf-schema#subClassOf>	<http://purl.obolibrary.org/obo/XAO_0003015>
<http://purl.obolibrary.org/obo/XAO_0004151>	<http://www.w3.org/2000/01/rdf-schema#subClassOf>	<http://purl.obolibrary.org/obo/XAO_0001011>
<http://purl.obolibrary.org/obo/XAO_0004475>	<http://www.w3.org/2000/01/rdf-schema#subClassOf>	<http://purl.obolibrary.org/obo/XAO_0003012>
<http://purl.obolibrary.org/obo/XAO_0003008>	<http://www.w3.org/2000/01/rdf-schema#subClassOf>	<http://purl.obolibrary.org/obo/XAO_0003007>
<http://purl.obolibrary.org/obo/XAO_0000195>	<http://www.w3.org/2000/01/rdf-schema#subClassOf>	<http://purl.obolibrary.org/obo/XAO_0000214>
<http://purl.obolibrary.org/obo/XAO_0004171>	<http://www.w3.org/2000/01/rdf-schema#subClassOf>	<http://purl.obolibrary.org/obo/XAO_0000115>
<http://purl.obolibrary.org/obo/XAO_0003049>	<http://www.w3.org/2000/01/rdf-schema#subClassOf>	<http://purl.obolibrary.org/obo/XAO_0003040>
<http://purl.obolibrary.org/obo/XAO_0005204>	<http://www.w3.org/2000/01/rdf-schema#subClassOf>	<http://purl.obolibrary.org/obo/XAO_0005200>
<http://purl.obolibrary.org/obo/XAO_0004608>	<http://www.w3.org/2000/01/rdf-schema#subClassOf>	<http://purl.obolibrary.org/obo/XAO_0004602>
<http://purl.obolibrary.org/obo/XAO_0003215>	<http://www.w3.org/2000/01/rdf-schema#subClassOf>	<http://purl.obolibrary.org/obo/XAO_0003040>
<http://purl.obolibrary.org/obo/XAO_0005312>	<http://www.w3.org/2000/01/rdf-schema#subClassOf>	<http://purl.obolibrary.org/obo/XAO_0004290>
<http://purl.obolibrary.org/obo/XAO_0003130>	<http://www.w3.org/2000/01/rdf-schema#subClassOf>	<http://purl.obolibrary.org/obo/XAO_0000315>
<http://purl.obolibrary.org/obo/XAO_0000156>	<http://www.w3.org/2000/01/rdf-schema#subClassOf>	<http://purl.obolibrary.org/obo/XAO_0000142>
<http://purl.obolibrary.org/obo/XAO_0004588>	<http://www.w3.org/2000/01/rdf-schema#subClassOf>	<http://purl.obolibrary.org/obo/XAO_0003037>
<http://purl.obolibrary.org/obo/XAO_0003261>	<http://www.w3.org/2000/01/rdf-schema#subClassOf>	<http://purl.obolibrary.org/obo/XAO_0003012>
<http://purl.obolibrary.org/obo/XAO_0006008>	<http://www.w3.org/2000/01/rdf-schema#subClassOf>	<http://purl.obolibrary.org/obo/XAO_0004112>
<http://purl.obolibrary.org/obo/XAO_0000327>	<http://www.w3.org/2000/01/rdf-schema#subClassOf>	<http://purl.obolibrary.org/obo/XAO_0003043>
<http://purl.obolibrary.org/obo/XAO_0003266>	<http://www.w3.org/2000/01/rdf-schema#subClassOf>	<http://purl.obolibrary.org/obo/XAO_0003043>
<http://purl.obolibrary.org/obo/XAO_0000056>	<http://www.w3.org/2000/01/rdf-schema#subClassOf>	<http://purl.obolibrary.org/obo/XAO_0003040>
<http://purl.obolibrary.org/obo/XAO_0006045>	<http://www.w3.org/2000/01/rdf-schema#subClassOf>	<http://purl.obolibrary.org/obo/XAO_0006044>
<http://purl.obolibrary.org/obo/XAO_0004298>	<http://www.w3.org/2000/01/rdf-schema#subClassOf>	<http://purl.obolibrary.org/obo/XAO_0004264>
<http://purl.obolibrary.org/obo/XAO_1000059>	<http://www.w3.org/2000/01/rdf-schema#subClassOf>	<http://purl.obolibrary.org/obo/XAO_1000094>
<http://purl.obolibrary.org/obo/XAO_0000472>	<http://www.w3.org/2000/01/rdf-schema#subClassOf>	<http://purl.obolibrary.org/obo/XAO_0003014>
<http://purl.obolibrary.org/obo/XAO_0000134>	<http://www.w3.org/2000/01/rdf-schema#subClassOf>	<http://purl.obolibrary.org/obo/XAO_0004000>
<http://purl.obolibrary.org/obo/XAO_0003128>	<http://www.w3.org/2000/01/rdf-schema#subClassOf>	<http://purl.obolibrary.org/obo/XAO_0000315>
<http://purl.obolibrary.org/obo/XAO_0004332>	<http://www.w3.org/2000/01/rdf-schema#subClassOf>	<http://purl.obolibrary.org/obo/XAO_0004323>
<http://purl.obolibrary.org/obo/XAO_0005186>	<http://www.w3.org/2000/01/rdf-schema#subClassOf>	<http://purl.obolibrary.org/obo/XAO_0003037>
<http://purl.obolibrary.org/obo/XAO_0000396>	<http://www.w3.org/2000/01/rdf-schema#subClassOf>	<http://purl.obolibrary.org/obo/XAO_0000313>
<http://purl.obolibrary.org/obo/XAO_0003081>	<http://www.w3.org/2000/01/rdf-schema#subClassOf>	<http://purl.obolibrary.org/obo/XAO_0003165>
<http://purl.obolibrary.org/obo/XAO_1000070>	<http://www.w3.org/2000/01/rdf-schema#subClassOf>	<http://purl.obolibrary.org/obo/XAO_1000094>
<http://purl.obolibrary.org/obo/XAO_0005138>	<http://www.w3.org/2000/01/rdf-schema#subClassOf>	<http://purl.obolibrary.org/obo/XAO_0004290>
<http://purl.obolibrary.org/obo/XAO_0004243>	<http://www.w3.org/2000/01/rdf-schema#subClassOf>	<http://purl.obolibrary.org/obo/XAO_0000115>
<http://purl.obolibrary.org/obo/XAO_0004247>	<http://www.w3.org/2000/01/rdf-schema#subClassOf>	<http://purl.obolibrary.org/obo/XAO_0000114>
<http://purl.obolibrary.org/obo/XAO_0003256>	<http://www.w3.org/2000/01/rdf-schema#subClassOf>	<http://purl.obolibrary.org/obo/XAO_0003012>
<http://purl.obolibrary.org/obo/XAO_0000089>	<http://www.w3.org/2000/01/rdf-schema#subClassOf>	<http://purl.obolibrary.org/obo/XAO_0003042>
<http://purl.obolibrary.org/obo/XAO_0000047>	<http://www.w3.org/2000/01/rdf-schema#subClassOf>	<http://purl.obolibrary.org/obo/XAO_0003040>
<http://purl.obolibrary.org/obo/XAO_0005101>	<http://www.w3.org/2000/01/rdf-schema#subClassOf>	<http://purl.obolibrary.org/obo/XAO_0005112>
<http://purl.obolibrary.org/obo/XAO_0005230>	<http://www.w3.org/2000/01/rdf-schema#subClassOf>	<http://purl.obolibrary.org/obo/XAO_0000125>
<http://purl.obolibrary.org/obo/XAO_1000091>	<http://www.w3.org/2000/01/rdf-schema#subClassOf>	<http://purl.obolibrary.org/obo/XAO_1000079>
<http://purl.obolibrary.org/obo/XAO_0004208>	<http://www.w3.org/2000/01/rdf-schema#subClassOf>	<http://purl.obolibrary.org/obo/XAO_0005283>
<http://purl.obolibrary.org/obo/XAO_0000013>	<http://www.w3.org/2000/01/rdf-schema#subClassOf>	<http://purl.obolibrary.org/obo/XAO_0003037>
<http://purl.obolibrary.org/obo/XAO_0005326>	<http://www.w3.org/2000/01/rdf-schema#subClassOf>	<http://purl.obolibrary.org/obo/XAO_0004290>
<http://purl.obolibrary.org/obo/XAO_0003018>	<http://www.w3.org/2000/01/rdf-schema#subClassOf>	<http://purl.obolibrary.org/obo/XAO_0000111>
<http://purl.obolibrary.org/obo/XAO_0003136>	<http://www.w3.org/2000/01/rdf-schema#subClassOf>	<http://purl.obolibrary.org/obo/XAO_0000315>
<http://purl.obolibrary.org/obo/XAO_0005190>	<http://www.w3.org/2000/01/rdf-schema#subClassOf>	<http://purl.obolibrary.org/obo/XAO_0004486>
<http://purl.obolibrary.org/obo/XAO_0006056>	<http://www.w3.org/2000/01/rdf-schema#subClassOf>	<http://purl.obolibrary.org/obo/XAO_0003160>
<http://purl.obolibrary.org/obo/XAO_0003154>	<http://www.w3.org/2000/01/rdf-schema#subClassOf>	<http://purl.obolibrary.org/obo/XAO_0003152>
<http://purl.obolibrary.org/obo/XAO_1000023>	<http://www.w3.org/2000/01/rdf-schema#subClassOf>	<http://purl.obolibrary.org/obo/XAO_1000094>
<http://purl.obolibrary.org/obo/XAO_0001011>	<http://www.w3.org/2000/01/rdf-schema#subClassOf>	<http://purl.obolibrary.org/obo/XAO_0003037>
<http://purl.obolibrary.org/obo/XAO_1000086>	<http://www.w3.org/2000/01/rdf-schema#subClassOf>	<http://purl.obolibrary.org/obo/XAO_1000082>
<http://purl.obolibrary.org/obo/XAO_0003113>	<http://www.w3.org/2000/01/rdf-schema#subClassOf>	<http://purl.obolibrary.org/obo/XAO_0000397>
<http://purl.obolibrary.org/obo/XAO_0005171>	<http://www.w3.org/2000/01/rdf-schema#subClassOf>	<http://purl.obolibrary.org/obo/XAO_0003040>
<http://purl.obolibrary.org/obo/XAO_0005077>	<http://www.w3.org/2000/01/rdf-schema#subClassOf>	<http://purl.obolibrary.org/obo/XAO_0003012>
<http://purl.obolibrary.org/obo/XAO_0005292>	<http://www.w3.org/2000/01/rdf-schema#subClassOf>	<http://purl.obolibrary.org/obo/XAO_0005309>
<http://purl.obolibrary.org/obo/XAO_0005235>	<http://www.w3.org/2000/01/rdf-schema#subClassOf>	<http://purl.obolibrary.org/obo/XAO_0003037>
<http://purl.obolibrary.org/obo/XAO_1000065>	<http://www.w3.org/2000/01/rdf-schema#subClassOf>	<http://purl.obolibrary.org/obo/XAO_1000094>
<http://purl.obolibrary.org/obo/XAO_0000461>	<http://www.w3.org/2000/01/rdf-schema#subClassOf>	<http://purl.obolibrary.org/obo/XAO_0003042>
<http://purl.obolibrary.org/obo/XAO_0000084>	<http://www.w3.org/2000/01/rdf-schema#subClassOf>	<http://purl.obolibrary.org/obo/XAO_0003040>
<http://purl.obolibrary.org/obo/XAO_0003249>	<http://www.w3.org/2000/01/rdf-schema#subClassOf>	<http://purl.obolibrary.org/obo/XAO_0003012>
<http://purl.obolibrary.org/obo/XAO_0004085>	<http://www.w3.org/2000/01/rdf-schema#subClassOf>	<http://purl.obolibrary.org/obo/XAO_0004225>
<http://purl.obolibrary.org/obo/XAO_0000328>	<http://www.w3.org/2000/01/rdf-schema#subClassOf>	<http://purl.obolibrary.org/obo/XAO_0003034>
<http://purl.obolibrary.org/obo/XAO_0000139>	<http://www.w3.org/2000/01/rdf-schema#subClassOf>	<http://purl.obolibrary.org/obo/XAO_0004466>
<http://purl.obolibrary.org/obo/XAO_0000354>	<http://www.w3.org/2000/01/rdf-schema#subClassOf>	<http://purl.obolibrary.org/obo/XAO_0000114>
<http://purl.obolibrary.org/obo/XAO_0003085>	<http://www.w3.org/2000/01/rdf-schema#subClassOf>	<http://purl.obolibrary.org/obo/XAO_0004013>
<http://purl.obolibrary.org/obo/XAO_0003108>	<http://www.w3.org/2000/01/rdf-schema#subClassOf>	<http://purl.obolibrary.org/obo/XAO_0000315>
<http://purl.obolibrary.org/obo/XAO_0004405>	<http://www.w3.org/2000/01/rdf-schema#subClassOf>	<http://purl.obolibrary.org/obo/XAO_0003249>
<http://purl.obolibrary.org/obo/XAO_0000251>	<http://www.w3.org/2000/01/rdf-schema#subClassOf>	<http://purl.obolibrary.org/obo/XAO_0000282>
<http://purl.obolibrary.org/obo/XAO_0000154>	<http://www.w3.org/2000/01/rdf-schema#subClassOf>	<http://purl.obolibrary.org/obo/XAO_0003034>
<http://purl.obolibrary.org/obo/XAO_0000263>	<http://www.w3.org/2000/01/rdf-schema#subClassOf>	<http://purl.obolibrary.org/obo/XAO_0000111>
<http://purl.obolibrary.org/obo/XAO_0004433>	<http://www.w3.org/2000/01/rdf-schema#subClassOf>	<http://purl.obolibrary.org/obo/XAO_0004455>
<http://purl.obolibrary.org/obo/XAO_0006041>	<http://www.w3.org/2000/01/rdf-schema#subClassOf>	<http://purl.obolibrary.org/obo/XAO_0003012>
<http://purl.obolibrary.org/obo/XAO_0004067>	<http://www.w3.org/2000/01/rdf-schema#subClassOf>	<http://purl.obolibrary.org/obo/XAO_0003040>
<http://purl.obolibrary.org/obo/XAO_0000382>	<http://www.w3.org/2000/01/rdf-schema#subClassOf>	<http://purl.obolibrary.org/obo/XAO_0000115>
<http://purl.obolibrary.org/obo/XAO_0005173>	<http://www.w3.org/2000/01/rdf-schema#subClassOf>	<http://purl.obolibrary.org/obo/XAO_0003016>
<http://purl.obolibrary.org/obo/XAO_0004378>	<http://www.w3.org/2000/01/rdf-schema#subClassOf>	<http://purl.obolibrary.org/obo/XAO_0004013>
<http://purl.obolibrary.org/obo/XAO_0004425>	<http://www.w3.org/2000/01/rdf-schema#subClassOf>	<http://purl.obolibrary.org/obo/XAO_0004455>
<http://purl.obolibrary.org/obo/XAO_0004505>	<http://www.w3.org/2000/01/rdf-schema#subClassOf>	<http://purl.obolibrary.org/obo/XAO_0001017>
<http://purl.obolibrary.org/obo/XAO_0000361>	<http://www.w3.org/2000/01/rdf-schema#subClassOf>	<http://purl.obolibrary.org/obo/XAO_0000114>
<http://purl.obolibrary.org/obo/XAO_0004498>	<http://www.w3.org/2000/01/rdf-schema#subClassOf>	<http://purl.obolibrary.org/obo/XAO_0004018>
<http://purl.obolibrary.org/obo/XAO_0006000>	<http://www.w3.org/2000/01/rdf-schema#subClassOf>	<http://purl.obolibrary.org/obo/XAO_0004621>
<http://purl.obolibrary.org/obo/XAO_0003170>	<http://www.w3.org/2000/01/rdf-schema#subClassOf>	<http://purl.obolibrary.org/obo/XAO_0003160>
<http://purl.obolibrary.org/obo/XAO_0004388>	<http://www.w3.org/2000/01/rdf-schema#subClassOf>	<http://purl.obolibrary.org/obo/XAO_0003186>
<http://purl.obolibrary.org/obo/XAO_0004342>	<http://www.w3.org/2000/01/rdf-schema#subClassOf>	<http://purl.obolibrary.org/obo/XAO_0004325>
<http://purl.obolibrary.org/obo/XAO_0000197>	<http://www.w3.org/2000/01/rdf-schema#subClassOf>	<http://purl.obolibrary.org/obo/XAO_0003037>
<http://purl.obolibrary.org/obo/XAO_0005036>	<http://www.w3.org/2000/01/rdf-schema#subClassOf>	<http://purl.obolibrary.org/obo/XAO_0003040>
<http://purl.obolibrary.org/obo/XAO_0002000>	<http://www.w3.org/2000/01/rdf-schema#subClassOf>	<http://purl.obolibrary.org/obo/XAO_0005243>
<http://purl.obolibrary.org/obo/XAO_0003005>	<http://www.w3.org/2000/01/rdf-schema#subClassOf>	<http://purl.obolibrary.org/obo/XAO_0003004>
<http://purl.obolibrary.org/obo/XAO_0004009>	<http://www.w3.org/2000/01/rdf-schema#subClassOf>	<http://purl.obolibrary.org/obo/XAO_0004007>
<http://purl.obolibrary.org/obo/XAO_0000419>	<http://www.w3.org/2000/01/rdf-schema#subClassOf>	<http://purl.obolibrary.org/obo/XAO_0000314>
<http://purl.obolibrary.org/obo/XAO_0005260>	<http://www.w3.org/2000/01/rdf-schema#subClassOf>	<http://purl.obolibrary.org/obo/XAO_0003013>
<http://purl.obolibrary.org/obo/XAO_0004623>	<http://www.w3.org/2000/01/rdf-schema#subClassOf>	<http://purl.obolibrary.org/obo/XAO_0000397>
<http://purl.obolibrary.org/obo/XAO_0000103>	<http://www.w3.org/2000/01/rdf-schema#subClassOf>	<http://purl.obolibrary.org/obo/XAO_0003042>
<http://purl.obolibrary.org/obo/XAO_0005283>	<http://www.w3.org/2000/01/rdf-schema#subClassOf>	<http://purl.obolibrary.org/obo/XAO_0000305>
<http://purl.obolibrary.org/obo/XAO_0004075>	<http://www.w3.org/2000/01/rdf-schema#subClassOf>	<http://purl.obolibrary.org/obo/XAO_0001011>
<http://purl.obolibrary.org/obo/XAO_0005020>	<http://www.w3.org/2000/01/rdf-schema#subClassOf>	<http://purl.obolibrary.org/obo/XAO_0003012>
<http://purl.obolibrary.org/obo/XAO_0000119>	<http://www.w3.org/2000/01/rdf-schema#subClassOf>	<http://purl.obolibrary.org/obo/XAO_0003034>
<http://purl.obolibrary.org/obo/XAO_0004253>	<http://www.w3.org/2000/01/rdf-schema#subClassOf>	<http://purl.obolibrary.org/obo/XAO_0000115>
<http://purl.obolibrary.org/obo/XAO_0000124>	<http://www.w3.org/2000/01/rdf-schema#subClassOf>	<http://purl.obolibrary.org/obo/XAO_0004001>
<http://purl.obolibrary.org/obo/XAO_0000143>	<http://www.w3.org/2000/01/rdf-schema#subClassOf>	<http://purl.obolibrary.org/obo/XAO_0003002>
<http://purl.obolibrary.org/obo/XAO_0004516>	<http://www.w3.org/2000/01/rdf-schema#subClassOf>	<http://purl.obolibrary.org/obo/XAO_0003040>
<http://purl.obolibrary.org/obo/XAO_0005233>	<http://www.w3.org/2000/01/rdf-schema#subClassOf>	<http://purl.obolibrary.org/obo/XAO_0004085>
<http://purl.obolibrary.org/obo/XAO_0000316>	<http://www.w3.org/2000/01/rdf-schema#subClassOf>	<http://purl.obolibrary.org/obo/XAO_0003040>
<http://purl.obolibrary.org/obo/XAO_0004563>	<http://www.w3.org/2000/01/rdf-schema#subClassOf>	<http://purl.obolibrary.org/obo/XAO_0003037>
<http://purl.obolibrary.org/obo/XAO_0000295>	<http://www.w3.org/2000/01/rdf-schema#subClassOf>	<http://purl.obolibrary.org/obo/XAO_0003040>
<http://purl.obolibrary.org/obo/XAO_0004136>	<http://www.w3.org/2000/01/rdf-schema#subClassOf>	<http://purl.obolibrary.org/obo/XAO_0003040>
<http://purl.obolibrary.org/obo/XAO_0004522>	<http://www.w3.org/2000/01/rdf-schema#subClassOf>	<http://purl.obolibrary.org/obo/XAO_0003012>
<http://purl.obolibrary.org/obo/XAO_0003233>	<http://www.w3.org/2000/01/rdf-schema#subClassOf>	<http://purl.obolibrary.org/obo/XAO_0003012>
<http://purl.obolibrary.org/obo/XAO_0001101>	<http://www.w3.org/2000/01/rdf-schema#subClassOf>	<http://purl.obolibrary.org/obo/XAO_0003043>
<http://purl.obolibrary.org/obo/XAO_1000076>	<http://www.w3.org/2000/01/rdf-schema#subClassOf>	<http://purl.obolibrary.org/obo/XAO_1000094>
<http://purl.obolibrary.org/obo/XAO_0003197>	<http://www.w3.org/2000/01/rdf-schema#subClassOf>	<http://purl.obolibrary.org/obo/XAO_0003194>
<http://purl.obolibrary.org/obo/XAO_0003160>	<http://www.w3.org/2000/01/rdf-schema#subClassOf>	<http://purl.obolibrary.org/obo/XAO_0003001>
<http://purl.obolibrary.org/obo/XAO_0004292>	<http://www.w3.org/2000/01/rdf-schema#subClassOf>	<http://purl.obolibrary.org/obo/XAO_0004290>
<http://purl.obolibrary.org/obo/XAO_0005017>	<http://www.w3.org/2000/01/rdf-schema#subClassOf>	<http://purl.obolibrary.org/obo/XAO_0003012>
<http://purl.obolibrary.org/obo/XAO_0005031>	<http://www.w3.org/2000/01/rdf-schema#subClassOf>	<http://purl.obolibrary.org/obo/XAO_0004308>
<http://purl.obolibrary.org/obo/XAO_0003038>	<http://www.w3.org/2000/01/rdf-schema#subClassOf>	<http://purl.obolibrary.org/obo/XAO_0003037>
<http://purl.obolibrary.org/obo/XAO_0004413>	<http://www.w3.org/2000/01/rdf-schema#subClassOf>	<http://purl.obolibrary.org/obo/XAO_0003035>
<http://purl.obolibrary.org/obo/XAO_0004030>	<http://www.w3.org/2000/01/rdf-schema#subClassOf>	<http://purl.obolibrary.org/obo/XAO_0001017>
<http://purl.obolibrary.org/obo/XAO_0004033>	<http://www.w3.org/2000/01/rdf-schema#subClassOf>	<http://purl.obolibrary.org/obo/XAO_0004032>
<http://purl.obolibrary.org/obo/XAO_0000391>	<http://www.w3.org/2000/01/rdf-schema#subClassOf>	<http://purl.obolibrary.org/obo/XAO_0000115>
<http://purl.obolibrary.org/obo/XAO_1000040>	<http://www.w3.org/2000/01/rdf-schema#subClassOf>	<http://purl.obolibrary.org/obo/XAO_1000094>
<http://purl.obolibrary.org/obo/XAO_0005223>	<http://www.w3.org/2000/01/rdf-schema#subClassOf>	<http://purl.obolibrary.org/obo/XAO_0003186>
<http://purl.obolibrary.org/obo/XAO_0004385>	<http://www.w3.org/2000/01/rdf-schema#subClassOf>	<http://purl.obolibrary.org/obo/XAO_0004013>
<http://purl.obolibrary.org/obo/XAO_0005289>	<http://www.w3.org/2000/01/rdf-schema#subClassOf>	<http://purl.obolibrary.org/obo/XAO_0003040>
<http://purl.obolibrary.org/obo/XAO_0005306>	<http://www.w3.org/2000/01/rdf-schema#subClassOf>	<http://purl.obolibrary.org/obo/XAO_0003186>
<http://purl.obolibrary.org/obo/XAO_0004235>	<http://www.w3.org/2000/01/rdf-schema#subClassOf>	<http://purl.obolibrary.org/obo/XAO_0003037>
<http://purl.obolibrary.org/obo/XAO_0005250>	<http://www.w3.org/2000/01/rdf-schema#subClassOf>	<http://purl.obolibrary.org/obo/XAO_0003040>
<http://purl.obolibrary.org/obo/XAO_0004585>	<http://www.w3.org/2000/01/rdf-schema#subClassOf>	<http://purl.obolibrary.org/obo/XAO_0005422>
<http://purl.obolibrary.org/obo/XAO_0004310>	<http://www.w3.org/2000/01/rdf-schema#subClassOf>	<http://purl.obolibrary.org/obo/XAO_0000214>
<http://purl.obolibrary.org/obo/XAO_0004464>	<http://www.w3.org/2000/01/rdf-schema#subClassOf>	<http://purl.obolibrary.org/obo/XAO_0004079>
<http://purl.obolibrary.org/obo/XAO_0004165>	<http://www.w3.org/2000/01/rdf-schema#subClassOf>	<http://purl.obolibrary.org/obo/XAO_0004075>
<http://purl.obolibrary.org/obo/XAO_0004048>	<http://www.w3.org/2000/01/rdf-schema#subClassOf>	<http://purl.obolibrary.org/obo/XAO_0003160>
<http://purl.obolibrary.org/obo/XAO_0004000>	<http://www.w3.org/2000/01/rdf-schema#subClassOf>	<http://purl.obolibrary.org/obo/XAO_0003037>
<http://purl.obolibrary.org/obo/XAO_0004195>	<http://www.w3.org/2000/01/rdf-schema#subClassOf>	<http://purl.obolibrary.org/obo/XAO_0004040>
<http://purl.obolibrary.org/obo/XAO_0005014>	<http://www.w3.org/2000/01/rdf-schema#subClassOf>	<http://purl.obolibrary.org/obo/XAO_0004290>
<http://purl.obolibrary.org/obo/XAO_0004156>	<http://www.w3.org/2000/01/rdf-schema#subClassOf>	<http://purl.obolibrary.org/obo/XAO_0004154>
<http://purl.obolibrary.org/obo/XAO_0000115>	<http://www.w3.org/2000/01/rdf-schema#subClassOf>	<http://purl.obolibrary.org/obo/XAO_0001011>
<http://purl.obolibrary.org/obo/XAO_0004338>	<http://www.w3.org/2000/01/rdf-schema#subClassOf>	<http://purl.obolibrary.org/obo/XAO_0004325>
<http://purl.obolibrary.org/obo/XAO_0005426>	<http://www.w3.org/2000/01/rdf-schema#subClassOf>	<http://purl.obolibrary.org/obo/XAO_0003040>
<http://purl.obolibrary.org/obo/XAO_0003225>	<http://www.w3.org/2000/01/rdf-schema#subClassOf>	<http://purl.obolibrary.org/obo/XAO_0003040>
<http://purl.obolibrary.org/obo/XAO_0000249>	<http://www.w3.org/2000/01/rdf-schema#subClassOf>	<http://purl.obolibrary.org/obo/XAO_0003040>
<http://purl.obolibrary.org/obo/XAO_0005134>	<http://www.w3.org/2000/01/rdf-schema#subClassOf>	<http://purl.obolibrary.org/obo/XAO_0004308>
<http://purl.obolibrary.org/obo/XAO_0000035>	<http://www.w3.org/2000/01/rdf-schema#subClassOf>	<http://purl.obolibrary.org/obo/XAO_0003012>
<http://purl.obolibrary.org/obo/XAO_0004324>	<http://www.w3.org/2000/01/rdf-schema#subClassOf>	<http://purl.obolibrary.org/obo/XAO_0004322>
<http://purl.obolibrary.org/obo/XAO_0004328>	<http://www.w3.org/2000/01/rdf-schema#subClassOf>	<http://purl.obolibrary.org/obo/XAO_0004323>
<http://purl.obolibrary.org/obo/XAO_0000414>	<http://www.w3.org/2000/01/rdf-schema#subClassOf>	<http://purl.obolibrary.org/obo/XAO_0003046>
<http://purl.obolibrary.org/obo/XAO_0004369>	<http://www.w3.org/2000/01/rdf-schema#subClassOf>	<http://purl.obolibrary.org/obo/XAO_0004013>
<http://purl.obolibrary.org/obo/XAO_0003240>	<http://www.w3.org/2000/01/rdf-schema#subClassOf>	<http://purl.obolibrary.org/obo/XAO_0003012>
<http://purl.obolibrary.org/obo/XAO_0003251>	<http://www.w3.org/2000/01/rdf-schema#subClassOf>	<http://purl.obolibrary.org/obo/XAO_0003012>
<http://purl.obolibrary.org/obo/XAO_0005127>	<http://www.w3.org/2000/01/rdf-schema#subClassOf>	<http://purl.obolibrary.org/obo/XAO_0003042>
<http://purl.obolibrary.org/obo/XAO_0003211>	<http://www.w3.org/2000/01/rdf-schema#subClassOf>	<http://purl.obolibrary.org/obo/XAO_0004276>
<http://purl.obolibrary.org/obo/XAO_0004177>	<http://www.w3.org/2000/01/rdf-schema#subClassOf>	<http://purl.obolibrary.org/obo/XAO_0001011>
<http://purl.obolibrary.org/obo/XAO_0003094>	<http://www.w3.org/2000/01/rdf-schema#subClassOf>	<http://purl.obolibrary.org/obo/XAO_0000429>
<http://purl.obolibrary.org/obo/XAO_0005503>	<http://www.w3.org/2000/01/rdf-schema#subClassOf>	<http://purl.obolibrary.org/obo/XAO_0005425>
<http://purl.obolibrary.org/obo/XAO_0000066>	<http://www.w3.org/2000/01/rdf-schema#subClassOf>	<http://purl.obolibrary.org/obo/XAO_0003040>
<http://purl.obolibrary.org/obo/XAO_0003061>	<http://www.w3.org/2000/01/rdf-schema#subClassOf>	<http://purl.obolibrary.org/obo/XAO_0004289>
<http://purl.obolibrary.org/obo/XAO_0000087>	<http://www.w3.org/2000/01/rdf-schema#subClassOf>	<http://purl.obolibrary.org/obo/XAO_0003186>
<http://purl.obolibrary.org/obo/XAO_0004582>	<http://www.w3.org/2000/01/rdf-schema#subClassOf>	<http://purl.obolibrary.org/obo/XAO_0004609>
<http://purl.obolibrary.org/obo/XAO_0005166>	<http://www.w3.org/2000/01/rdf-schema#subClassOf>	<http://purl.obolibrary.org/obo/XAO_0005135>
<http://purl.obolibrary.org/obo/XAO_0001020>	<http://www.w3.org/2000/01/rdf-schema#subClassOf>	<http://purl.obolibrary.org/obo/XAO_0003040>
<http://purl.obolibrary.org/obo/XAO_0005069>	<http://www.w3.org/2000/01/rdf-schema#subClassOf>	<http://purl.obolibrary.org/obo/XAO_0000172>
<http://purl.obolibrary.org/obo/XAO_0004326>	<http://www.w3.org/2000/01/rdf-schema#subClassOf>	<http://purl.obolibrary.org/obo/XAO_0004322>
<http://purl.obolibrary.org/obo/XAO_0000209>	<http://www.w3.org/2000/01/rdf-schema#subClassOf>	<http://purl.obolibrary.org/obo/XAO_0003040>
<http://purl.obolibrary.org/obo/XAO_0000301>	<http://www.w3.org/2000/01/rdf-schema#subClassOf>	<http://purl.obolibrary.org/obo/XAO_0003185>
<http://purl.obolibrary.org/obo/XAO_0004270>	<http://www.w3.org/2000/01/rdf-schema#subClassOf>	<http://purl.obolibrary.org/obo/XAO_0005033>
<http://purl.obolibrary.org/obo/XAO_0000119>	<http://www.w3.org/2000/01/rdf-schema#subClassOf>	<http://purl.obolibrary.org/obo/XAO_0003165>
<http://purl.obolibrary.org/obo/XAO_0005255>	<http://www.w3.org/2000/01/rdf-schema#subClassOf>	<http://purl.obolibrary.org/obo/XAO_0004290>
<http://purl.obolibrary.org/obo/XAO_0005211>	<http://www.w3.org/2000/01/rdf-schema#subClassOf>	<http://purl.obolibrary.org/obo/XAO_0005205>
<http://purl.obolibrary.org/obo/XAO_0004305>	<http://www.w3.org/2000/01/rdf-schema#subClassOf>	<http://purl.obolibrary.org/obo/XAO_0003040>
<http://purl.obolibrary.org/obo/XAO_0004125>	<http://www.w3.org/2000/01/rdf-schema#subClassOf>	<http://purl.obolibrary.org/obo/XAO_0003040>
<http://purl.obolibrary.org/obo/XAO_0004037>	<http://www.w3.org/2000/01/rdf-schema#subClassOf>	<http://purl.obolibrary.org/obo/XAO_0004033>
<http://purl.obolibrary.org/obo/XAO_0000020>	<http://www.w3.org/2000/01/rdf-schema#subClassOf>	<http://purl.obolibrary.org/obo/XAO_0003165>
<http://purl.obolibrary.org/obo/XAO_0000015>	<http://www.w3.org/2000/01/rdf-schema#subClassOf>	<http://purl.obolibrary.org/obo/XAO_0003037>
<http://purl.obolibrary.org/obo/XAO_0004352>	<http://www.w3.org/2000/01/rdf-schema#subClassOf>	<http://purl.obolibrary.org/obo/XAO_0004327>
<http://purl.obolibrary.org/obo/XAO_0004122>	<http://www.w3.org/2000/01/rdf-schema#subClassOf>	<http://purl.obolibrary.org/obo/XAO_0003160>
<http://purl.obolibrary.org/obo/XAO_1000013>	<http://www.w3.org/2000/01/rdf-schema#subClassOf>	<http://purl.obolibrary.org/obo/XAO_1000094>
<http://purl.obolibrary.org/obo/XAO_0005248>	<http://www.w3.org/2000/01/rdf-schema#subClassOf>	<http://purl.obolibrary.org/obo/XAO_0003040>
<http://purl.obolibrary.org/obo/XAO_0004574>	<http://www.w3.org/2000/01/rdf-schema#subClassOf>	<http://purl.obolibrary.org/obo/XAO_0003040>
<http://purl.obolibrary.org/obo/XAO_0004069>	<http://www.w3.org/2000/01/rdf-schema#subClassOf>	<http://purl.obolibrary.org/obo/XAO_0003012>
<http://purl.obolibrary.org/obo/XAO_0005003>	<http://www.w3.org/2000/01/rdf-schema#subClassOf>	<http://purl.obolibrary.org/obo/XAO_0003200>
<http://purl.obolibrary.org/obo/XAO_0000050>	<http://www.w3.org/2000/01/rdf-schema#subClassOf>	<http://purl.obolibrary.org/obo/XAO_0003011>
<http://purl.obolibrary.org/obo/XAO_0004094>	<http://www.w3.org/2000/01/rdf-schema#subClassOf>	<http://purl.obolibrary.org/obo/XAO_0003045>
<http://purl.obolibrary.org/obo/XAO_0003239>	<http://www.w3.org/2000/01/rdf-schema#subClassOf>	<http://purl.obolibrary.org/obo/XAO_0003012>
<http://purl.obolibrary.org/obo/XAO_0006023>	<http://www.w3.org/2000/01/rdf-schema#subClassOf>	<http://purl.obolibrary.org/obo/XAO_0004148>
<http://purl.obolibrary.org/obo/XAO_0004605>	<http://www.w3.org/2000/01/rdf-schema#subClassOf>	<http://purl.obolibrary.org/obo/XAO_0003037>
<http://purl.obolibrary.org/obo/XAO_0003131>	<http://www.w3.org/2000/01/rdf-schema#subClassOf>	<http://purl.obolibrary.org/obo/XAO_0000397>
<http://purl.obolibrary.org/obo/XAO_0005041>	<http://www.w3.org/2000/01/rdf-schema#subClassOf>	<http://purl.obolibrary.org/obo/XAO_0000198>
<http://purl.obolibrary.org/obo/XAO_0000018>	<http://www.w3.org/2000/01/rdf-schema#subClassOf>	<http://purl.obolibrary.org/obo/XAO_0003040>
<http://purl.obolibrary.org/obo/XAO_0005214>	<http://www.w3.org/2000/01/rdf-schema#subClassOf>	<http://purl.obolibrary.org/obo/XAO_0003186>
<http://purl.obolibrary.org/obo/XAO_0005102>	<http://www.w3.org/2000/01/rdf-schema#subClassOf>	<http://purl.obolibrary.org/obo/XAO_0005112>
<http://purl.obolibrary.org/obo/XAO_0004501>	<http://www.w3.org/2000/01/rdf-schema#subClassOf>	<http://purl.obolibrary.org/obo/XAO_0003012>
<http://purl.obolibrary.org/obo/XAO_0004205>	<http://www.w3.org/2000/01/rdf-schema#subClassOf>	<http://purl.obolibrary.org/obo/XAO_0003043>
<http://purl.obolibrary.org/obo/XAO_0004170>	<http://www.w3.org/2000/01/rdf-schema#subClassOf>	<http://purl.obolibrary.org/obo/XAO_0000115>
<http://purl.obolibrary.org/obo/XAO_0004595>	<http://www.w3.org/2000/01/rdf-schema#subClassOf>	<http://purl.obolibrary.org/obo/XAO_0004609>
<http://purl.obolibrary.org/obo/XAO_0004276>	<http://www.w3.org/2000/01/rdf-schema#subClassOf>	<http://purl.obolibrary.org/obo/XAO_0004012>
<http://purl.obolibrary.org/obo/XAO_0003174>	<http://www.w3.org/2000/01/rdf-schema#subClassOf>	<http://purl.obolibrary.org/obo/XAO_0003160>
<http://purl.obolibrary.org/obo/XAO_0000405>	<http://www.w3.org/2000/01/rdf-schema#subClassOf>	<http://purl.obolibrary.org/obo/XAO_0000313>
<http://purl.obolibrary.org/obo/XAO_0005311>	<http://www.w3.org/2000/01/rdf-schema#subClassOf>	<http://purl.obolibrary.org/obo/XAO_0004290>
<http://purl.obolibrary.org/obo/XAO_0000275>	<http://www.w3.org/2000/01/rdf-schema#subClassOf>	<http://purl.obolibrary.org/obo/XAO_0003190>
<http://purl.obolibrary.org/obo/XAO_0005061>	<http://www.w3.org/2000/01/rdf-schema#subClassOf>	<http://purl.obolibrary.org/obo/XAO_0003249>
<http://purl.obolibrary.org/obo/XAO_1000043>	<http://www.w3.org/2000/01/rdf-schema#subClassOf>	<http://purl.obolibrary.org/obo/XAO_1000094>
<http://purl.obolibrary.org/obo/XAO_0004044>	<http://www.w3.org/2000/01/rdf-schema#subClassOf>	<http://purl.obolibrary.org/obo/XAO_0004043>
<http://purl.obolibrary.org/obo/XAO_0000091>	<http://www.w3.org/2000/01/rdf-schema#subClassOf>	<http://purl.obolibrary.org/obo/XAO_0003040>
<http://purl.obolibrary.org/obo/XAO_0000330>	<http://www.w3.org/2000/01/rdf-schema#subClassOf>	<http://purl.obolibrary.org/obo/XAO_0004000>
<http://purl.obolibrary.org/obo/XAO_0004465>	<http://www.w3.org/2000/01/rdf-schema#subClassOf>	<http://purl.obolibrary.org/obo/XAO_0004000>
<http://purl.obolibrary.org/obo/XAO_0003063>	<http://www.w3.org/2000/01/rdf-schema#subClassOf>	<http://purl.obolibrary.org/obo/XAO_0004289>
<http://purl.obolibrary.org/obo/XAO_0000108>	<http://www.w3.org/2000/01/rdf-schema#subClassOf>	<http://purl.obolibrary.org/obo/XAO_0003040>
<http://purl.obolibrary.org/obo/XAO_0003033>	<http://www.w3.org/2000/01/rdf-schema#subClassOf>	<http://purl.obolibrary.org/obo/XAO_0003190>
<http://purl.obolibrary.org/obo/XAO_0003024>	<http://www.w3.org/2000/01/rdf-schema#subClassOf>	<http://purl.obolibrary.org/obo/XAO_0003013>
<http://purl.obolibrary.org/obo/XAO_0005051>	<http://www.w3.org/2000/01/rdf-schema#subClassOf>	<http://purl.obolibrary.org/obo/XAO_0003037>
<http://purl.obolibrary.org/obo/XAO_0004286>	<http://www.w3.org/2000/01/rdf-schema#subClassOf>	<http://purl.obolibrary.org/obo/XAO_0004018>
<http://purl.obolibrary.org/obo/XAO_0000377>	<http://www.w3.org/2000/01/rdf-schema#subClassOf>	<http://purl.obolibrary.org/obo/XAO_0000116>
<http://purl.obolibrary.org/obo/XAO_0004306>	<http://www.w3.org/2000/01/rdf-schema#subClassOf>	<http://purl.obolibrary.org/obo/XAO_0003037>
<http://purl.obolibrary.org/obo/XAO_0001103>	<http://www.w3.org/2000/01/rdf-schema#subClassOf>	<http://purl.obolibrary.org/obo/XAO_0003037>
<http://purl.obolibrary.org/obo/XAO_0003257>	<http://www.w3.org/2000/01/rdf-schema#subClassOf>	<http://purl.obolibrary.org/obo/XAO_0003012>
<http://purl.obolibrary.org/obo/XAO_0004591>	<http://www.w3.org/2000/01/rdf-schema#subClassOf>	<http://purl.obolibrary.org/obo/XAO_0004609>
<http://purl.obolibrary.org/obo/XAO_0000046>	<http://www.w3.org/2000/01/rdf-schema#subClassOf>	<http://purl.obolibrary.org/obo/XAO_0003040>
<http://purl.obolibrary.org/obo/XAO_0005179>	<http://www.w3.org/2000/01/rdf-schema#subClassOf>	<http://purl.obolibrary.org/obo/XAO_0000031>
<http://purl.obolibrary.org/obo/XAO_1000090>	<http://www.w3.org/2000/01/rdf-schema#subClassOf>	<http://purl.obolibrary.org/obo/XAO_1000079>
<http://purl.obolibrary.org/obo/XAO_1000069>	<http://www.w3.org/2000/01/rdf-schema#subClassOf>	<http://purl.obolibrary.org/obo/XAO_1000094>
<http://purl.obolibrary.org/obo/XAO_0005027>	<http://www.w3.org/2000/01/rdf-schema#subClassOf>	<http://purl.obolibrary.org/obo/XAO_0004003>
<http://purl.obolibrary.org/obo/XAO_0000146>	<http://www.w3.org/2000/01/rdf-schema#subClassOf>	<http://purl.obolibrary.org/obo/XAO_0003037>
<http://purl.obolibrary.org/obo/XAO_0003019>	<http://www.w3.org/2000/01/rdf-schema#subClassOf>	<http://purl.obolibrary.org/obo/XAO_0000111>
<http://purl.obolibrary.org/obo/XAO_0004040>	<http://www.w3.org/2000/01/rdf-schema#subClassOf>	<http://purl.obolibrary.org/obo/XAO_0000169>
<http://purl.obolibrary.org/obo/XAO_1000024>	<http://www.w3.org/2000/01/rdf-schema#subClassOf>	<http://purl.obolibrary.org/obo/XAO_1000094>
<http://purl.obolibrary.org/obo/XAO_0004430>	<http://www.w3.org/2000/01/rdf-schema#subClassOf>	<http://purl.obolibrary.org/obo/XAO_0004455>
<http://purl.obolibrary.org/obo/XAO_0000266>	<http://www.w3.org/2000/01/rdf-schema#subClassOf>	<http://purl.obolibrary.org/obo/XAO_0003040>
<http://purl.obolibrary.org/obo/XAO_0004532>	<http://www.w3.org/2000/01/rdf-schema#subClassOf>	<http://purl.obolibrary.org/obo/XAO_0004609>
<http://purl.obolibrary.org/obo/XAO_0003114>	<http://www.w3.org/2000/01/rdf-schema#subClassOf>	<http://purl.obolibrary.org/obo/XAO_0000397>
<http://purl.obolibrary.org/obo/XAO_1000002>	<http://www.w3.org/2000/01/rdf-schema#subClassOf>	<http://purl.obolibrary.org/obo/XAO_1000007>
<http://purl.obolibrary.org/obo/XAO_0000034>	<http://www.w3.org/2000/01/rdf-schema#subClassOf>	<http://purl.obolibrary.org/obo/XAO_0003042>
<http://purl.obolibrary.org/obo/XAO_0005212>	<http://www.w3.org/2000/01/rdf-schema#subClassOf>	<http://purl.obolibrary.org/obo/XAO_0005200>
<http://purl.obolibrary.org/obo/XAO_0000258>	<http://www.w3.org/2000/01/rdf-schema#subClassOf>	<http://purl.obolibrary.org/obo/XAO_0003146>
<http://purl.obolibrary.org/obo/XAO_0004035>	<http://www.w3.org/2000/01/rdf-schema#subClassOf>	<http://purl.obolibrary.org/obo/XAO_0005000>
<http://purl.obolibrary.org/obo/XAO_1000066>	<http://www.w3.org/2000/01/rdf-schema#subClassOf>	<http://purl.obolibrary.org/obo/XAO_1000094>
<http://purl.obolibrary.org/obo/XAO_0006028>	<http://www.w3.org/2000/01/rdf-schema#subClassOf>	<http://purl.obolibrary.org/obo/XAO_0003012>
<http://purl.obolibrary.org/obo/XAO_0005267>	<http://www.w3.org/2000/01/rdf-schema#subClassOf>	<http://purl.obolibrary.org/obo/XAO_0005266>
<http://purl.obolibrary.org/obo/XAO_0005055>	<http://www.w3.org/2000/01/rdf-schema#subClassOf>	<http://purl.obolibrary.org/obo/XAO_0005422>
<http://purl.obolibrary.org/obo/XAO_0004422>	<http://www.w3.org/2000/01/rdf-schema#subClassOf>	<http://purl.obolibrary.org/obo/XAO_0004457>
<http://purl.obolibrary.org/obo/XAO_0004192>	<http://www.w3.org/2000/01/rdf-schema#subClassOf>	<http://purl.obolibrary.org/obo/XAO_0005327>
<http://purl.obolibrary.org/obo/XAO_0005172>	<http://www.w3.org/2000/01/rdf-schema#subClassOf>	<http://purl.obolibrary.org/obo/XAO_0003016>
<http://purl.obolibrary.org/obo/XAO_1000010>	<http://www.w3.org/2000/01/rdf-schema#subClassOf>	<http://purl.obolibrary.org/obo/XAO_1000095>
<http://purl.obolibrary.org/obo/XAO_0004144>	<http://www.w3.org/2000/01/rdf-schema#subClassOf>	<http://purl.obolibrary.org/obo/XAO_0003040>
<http://purl.obolibrary.org/obo/XAO_0005200>	<http://www.w3.org/2000/01/rdf-schema#subClassOf>	<http://purl.obolibrary.org/obo/XAO_0004003>
<http://purl.obolibrary.org/obo/XAO_1000019>	<http://www.w3.org/2000/01/rdf-schema#subClassOf>	<http://purl.obolibrary.org/obo/XAO_1000094>
<http://purl.obolibrary.org/obo/XAO_0000211>	<http://www.w3.org/2000/01/rdf-schema#subClassOf>	<http://purl.obolibrary.org/obo/XAO_0003047>
<http://purl.obolibrary.org/obo/XAO_0006051>	<http://www.w3.org/2000/01/rdf-schema#subClassOf>	<http://purl.obolibrary.org/obo/XAO_0003152>
<http://purl.obolibrary.org/obo/XAO_0003209>	<http://www.w3.org/2000/01/rdf-schema#subClassOf>	<http://purl.obolibrary.org/obo/XAO_0004018>
<http://purl.obolibrary.org/obo/XAO_0005152>	<http://www.w3.org/2000/01/rdf-schema#subClassOf>	<http://purl.obolibrary.org/obo/XAO_0004322>
<http://purl.obolibrary.org/obo/XAO_0005288>	<http://www.w3.org/2000/01/rdf-schema#subClassOf>	<http://purl.obolibrary.org/obo/XAO_0003012>
<http://purl.obolibrary.org/obo/XAO_0000418>	<http://www.w3.org/2000/01/rdf-schema#subClassOf>	<http://purl.obolibrary.org/obo/XAO_0000314>
<http://purl.obolibrary.org/obo/XAO_0003264>	<http://www.w3.org/2000/01/rdf-schema#subClassOf>	<http://purl.obolibrary.org/obo/XAO_0003012>
<http://purl.obolibrary.org/obo/XAO_0003166>	<http://www.w3.org/2000/01/rdf-schema#subClassOf>	<http://purl.obolibrary.org/obo/XAO_0004289>
<http://purl.obolibrary.org/obo/XAO_1000030>	<http://www.w3.org/2000/01/rdf-schema#subClassOf>	<http://purl.obolibrary.org/obo/XAO_1000094>
<http://purl.obolibrary.org/obo/XAO_0004535>	<http://www.w3.org/2000/01/rdf-schema#subClassOf>	<http://purl.obolibrary.org/obo/XAO_0003160>
<http://purl.obolibrary.org/obo/XAO_0003191>	<http://www.w3.org/2000/01/rdf-schema#subClassOf>	<http://purl.obolibrary.org/obo/XAO_0003165>
<http://purl.obolibrary.org/obo/XAO_0004397>	<http://www.w3.org/2000/01/rdf-schema#subClassOf>	<http://purl.obolibrary.org/obo/XAO_0004059>
<http://purl.obolibrary.org/obo/XAO_0000169>	<http://www.w3.org/2000/01/rdf-schema#subClassOf>	<http://purl.obolibrary.org/obo/XAO_0004038>
<http://purl.obolibrary.org/obo/XAO_0004497>	<http://www.w3.org/2000/01/rdf-schema#subClassOf>	<http://purl.obolibrary.org/obo/XAO_0004018>
<http://purl.obolibrary.org/obo/XAO_0000076>	<http://www.w3.org/2000/01/rdf-schema#subClassOf>	<http://purl.obolibrary.org/obo/XAO_0003040>
<http://purl.obolibrary.org/obo/XAO_0004341>	<http://www.w3.org/2000/01/rdf-schema#subClassOf>	<http://purl.obolibrary.org/obo/XAO_0004325>
<http://purl.obolibrary.org/obo/XAO_0004252>	<http://www.w3.org/2000/01/rdf-schema#subClassOf>	<http://purl.obolibrary.org/obo/XAO_0000115>
<http://purl.obolibrary.org/obo/XAO_0005192>	<http://www.w3.org/2000/01/rdf-schema#subClassOf>	<http://purl.obolibrary.org/obo/XAO_0003160>
<http://purl.obolibrary.org/obo/XAO_0004008>	<http://www.w3.org/2000/01/rdf-schema#subClassOf>	<http://purl.obolibrary.org/obo/XAO_0004007>
<http://purl.obolibrary.org/obo/XAO_0006042>	<http://www.w3.org/2000/01/rdf-schema#subClassOf>	<http://purl.obolibrary.org/obo/XAO_0003012>
<http://purl.obolibrary.org/obo/XAO_0003048>	<http://www.w3.org/2000/01/rdf-schema#subClassOf>	<http://purl.obolibrary.org/obo/XAO_0003150>
<http://purl.obolibrary.org/obo/XAO_0000250>	<http://www.w3.org/2000/01/rdf-schema#subClassOf>	<http://purl.obolibrary.org/obo/XAO_0003042>
<http://purl.obolibrary.org/obo/XAO_0000100>	<http://www.w3.org/2000/01/rdf-schema#subClassOf>	<http://purl.obolibrary.org/obo/XAO_0003002>
<http://purl.obolibrary.org/obo/XAO_1000083>	<http://www.w3.org/2000/01/rdf-schema#subClassOf>	<http://purl.obolibrary.org/obo/XAO_1000082>
<http://purl.obolibrary.org/obo/XAO_0000104>	<http://www.w3.org/2000/01/rdf-schema#subClassOf>	<http://purl.obolibrary.org/obo/XAO_0003042>
<http://purl.obolibrary.org/obo/XAO_0000227>	<http://www.w3.org/2000/01/rdf-schema#subClassOf>	<http://purl.obolibrary.org/obo/XAO_0003043>
<http://purl.obolibrary.org/obo/XAO_0000349>	<http://www.w3.org/2000/01/rdf-schema#subClassOf>	<http://purl.obolibrary.org/obo/XAO_0000114>
<http://purl.obolibrary.org/obo/XAO_0004418>	<http://www.w3.org/2000/01/rdf-schema#subClassOf>	<http://purl.obolibrary.org/obo/XAO_0003103>
<http://purl.obolibrary.org/obo/XAO_0004101>	<http://www.w3.org/2000/01/rdf-schema#subClassOf>	<http://purl.obolibrary.org/obo/XAO_0003037>
<http://purl.obolibrary.org/obo/XAO_0000315>	<http://www.w3.org/2000/01/rdf-schema#subClassOf>	<http://purl.obolibrary.org/obo/XAO_0003040>
<http://purl.obolibrary.org/obo/XAO_0004480>	<http://www.w3.org/2000/01/rdf-schema#subClassOf>	<http://purl.obolibrary.org/obo/XAO_0003036>
<http://purl.obolibrary.org/obo/XAO_0004592>	<http://www.w3.org/2000/01/rdf-schema#subClassOf>	<http://purl.obolibrary.org/obo/XAO_0004609>
<http://purl.obolibrary.org/obo/XAO_0003075>	<http://www.w3.org/2000/01/rdf-schema#subClassOf>	<http://purl.obolibrary.org/obo/XAO_0003160>
<http://purl.obolibrary.org/obo/XAO_0004056>	<http://www.w3.org/2000/01/rdf-schema#subClassOf>	<http://purl.obolibrary.org/obo/XAO_0003046>
<http://purl.obolibrary.org/obo/XAO_0005159>	<http://www.w3.org/2000/01/rdf-schema#subClassOf>	<http://purl.obolibrary.org/obo/XAO_0003037>
<http://purl.obolibrary.org/obo/XAO_0003001>	<http://www.w3.org/2000/01/rdf-schema#subClassOf>	<http://purl.obolibrary.org/obo/XAO_0003000>
<http://purl.obolibrary.org/obo/XAO_0005220>	<http://www.w3.org/2000/01/rdf-schema#subClassOf>	<http://purl.obolibrary.org/obo/XAO_0003186>
<http://purl.obolibrary.org/obo/XAO_0006020>	<http://www.w3.org/2000/01/rdf-schema#subClassOf>	<http://purl.obolibrary.org/obo/XAO_0004290>
<http://purl.obolibrary.org/obo/XAO_0003077>	<http://www.w3.org/2000/01/rdf-schema#subClassOf>	<http://purl.obolibrary.org/obo/XAO_0004019>
<http://purl.obolibrary.org/obo/XAO_0000116>	<http://www.w3.org/2000/01/rdf-schema#subClassOf>	<http://purl.obolibrary.org/obo/XAO_0001011>
<http://purl.obolibrary.org/obo/XAO_0003107>	<http://www.w3.org/2000/01/rdf-schema#subClassOf>	<http://purl.obolibrary.org/obo/XAO_0000315>
<http://purl.obolibrary.org/obo/XAO_0005232>	<http://www.w3.org/2000/01/rdf-schema#subClassOf>	<http://purl.obolibrary.org/obo/XAO_0004085>
<http://purl.obolibrary.org/obo/XAO_0000229>	<http://www.w3.org/2000/01/rdf-schema#subClassOf>	<http://purl.obolibrary.org/obo/XAO_0004005>
<http://purl.obolibrary.org/obo/XAO_0004549>	<http://www.w3.org/2000/01/rdf-schema#subClassOf>	<http://purl.obolibrary.org/obo/XAO_0005422>
<http://purl.obolibrary.org/obo/XAO_0001102>	<http://www.w3.org/2000/01/rdf-schema#subClassOf>	<http://purl.obolibrary.org/obo/XAO_0003037>
<http://purl.obolibrary.org/obo/XAO_0004059>	<http://www.w3.org/2000/01/rdf-schema#subClassOf>	<http://purl.obolibrary.org/obo/XAO_0003040>
<http://purl.obolibrary.org/obo/XAO_0006012>	<http://www.w3.org/2000/01/rdf-schema#subClassOf>	<http://purl.obolibrary.org/obo/XAO_0003012>
<http://purl.obolibrary.org/obo/XAO_0004261>	<http://www.w3.org/2000/01/rdf-schema#subClassOf>	<http://purl.obolibrary.org/obo/XAO_0003186>
<http://purl.obolibrary.org/obo/XAO_0004504>	<http://www.w3.org/2000/01/rdf-schema#subClassOf>	<http://purl.obolibrary.org/obo/XAO_0001017>
<http://purl.obolibrary.org/obo/XAO_0003043>	<http://www.w3.org/2000/01/rdf-schema#subClassOf>	<http://purl.obolibrary.org/obo/XAO_0003042>
<http://purl.obolibrary.org/obo/XAO_0003199>	<http://www.w3.org/2000/01/rdf-schema#subClassOf>	<http://purl.obolibrary.org/obo/XAO_0003002>
<http://purl.obolibrary.org/obo/XAO_0004006>	<http://www.w3.org/2000/01/rdf-schema#subClassOf>	<http://purl.obolibrary.org/obo/XAO_0003045>
<http://purl.obolibrary.org/obo/XAO_0000137>	<http://www.w3.org/2000/01/rdf-schema#subClassOf>	<http://purl.obolibrary.org/obo/XAO_0003037>
<http://purl.obolibrary.org/obo/XAO_0005116>	<http://www.w3.org/2000/01/rdf-schema#subClassOf>	<http://purl.obolibrary.org/obo/XAO_0003012>
<http://purl.obolibrary.org/obo/XAO_0000102>	<http://www.w3.org/2000/01/rdf-schema#subClassOf>	<http://purl.obolibrary.org/obo/XAO_0000282>
<http://purl.obolibrary.org/obo/XAO_0004250>	<http://www.w3.org/2000/01/rdf-schema#subClassOf>	<http://purl.obolibrary.org/obo/XAO_0000115>
<http://purl.obolibrary.org/obo/XAO_0004148>	<http://www.w3.org/2000/01/rdf-schema#subClassOf>	<http://purl.obolibrary.org/obo/XAO_0003012>
<http://purl.obolibrary.org/obo/XAO_0004452>	<http://www.w3.org/2000/01/rdf-schema#subClassOf>	<http://purl.obolibrary.org/obo/XAO_0004455>
<http://purl.obolibrary.org/obo/XAO_0005129>	<http://www.w3.org/2000/01/rdf-schema#subClassOf>	<http://purl.obolibrary.org/obo/XAO_0003037>
<http://purl.obolibrary.org/obo/XAO_0005315>	<http://www.w3.org/2000/01/rdf-schema#subClassOf>	<http://purl.obolibrary.org/obo/XAO_0000115>
<http://purl.obolibrary.org/obo/XAO_0003039>	<http://www.w3.org/2000/01/rdf-schema#subClassOf>	<http://purl.obolibrary.org/obo/XAO_0003037>
<http://purl.obolibrary.org/obo/XAO_0000390>	<http://www.w3.org/2000/01/rdf-schema#subClassOf>	<http://purl.obolibrary.org/obo/XAO_0000115>
<http://purl.obolibrary.org/obo/XAO_0004300>	<http://www.w3.org/2000/01/rdf-schema#subClassOf>	<http://purl.obolibrary.org/obo/XAO_0004265>
<http://purl.obolibrary.org/obo/XAO_0000245>	<http://www.w3.org/2000/01/rdf-schema#subClassOf>	<http://purl.obolibrary.org/obo/XAO_0004290>
<http://purl.obolibrary.org/obo/XAO_0005081>	<http://www.w3.org/2000/01/rdf-schema#subClassOf>	<http://purl.obolibrary.org/obo/XAO_0003162>
<http://purl.obolibrary.org/obo/XAO_0005196>	<http://www.w3.org/2000/01/rdf-schema#subClassOf>	<http://purl.obolibrary.org/obo/XAO_0003239>
<http://purl.obolibrary.org/obo/XAO_0000218>	<http://www.w3.org/2000/01/rdf-schema#subClassOf>	<http://purl.obolibrary.org/obo/XAO_0003013>
<http://purl.obolibrary.org/obo/XAO_0004402>	<http://www.w3.org/2000/01/rdf-schema#subClassOf>	<http://purl.obolibrary.org/obo/XAO_0004059>
<http://purl.obolibrary.org/obo/XAO_0005056>	<http://www.w3.org/2000/01/rdf-schema#subClassOf>	<http://purl.obolibrary.org/obo/XAO_0004609>
<http://purl.obolibrary.org/obo/XAO_0003120>	<http://www.w3.org/2000/01/rdf-schema#subClassOf>	<http://purl.obolibrary.org/obo/XAO_0000315>
<http://purl.obolibrary.org/obo/XAO_0005119>	<http://www.w3.org/2000/01/rdf-schema#subClassOf>	<http://purl.obolibrary.org/obo/XAO_0004290>
<http://purl.obolibrary.org/obo/XAO_0004337>	<http://www.w3.org/2000/01/rdf-schema#subClassOf>	<http://purl.obolibrary.org/obo/XAO_0004325>
<http://purl.obolibrary.org/obo/XAO_1000039>	<http://www.w3.org/2000/01/rdf-schema#subClassOf>	<http://purl.obolibrary.org/obo/XAO_1000094>
<http://purl.obolibrary.org/obo/XAO_0005067>	<http://www.w3.org/2000/01/rdf-schema#subClassOf>	<http://purl.obolibrary.org/obo/XAO_0003040>
<http://purl.obolibrary.org/obo/XAO_0005160>	<http://www.w3.org/2000/01/rdf-schema#subClassOf>	<http://purl.obolibrary.org/obo/XAO_0004013>
<http://purl.obolibrary.org/obo/XAO_0004087>	<http://www.w3.org/2000/01/rdf-schema#subClassOf>	<http://purl.obolibrary.org/obo/XAO_0003040>
<http://purl.obolibrary.org/obo/XAO_0005182>	<http://www.w3.org/2000/01/rdf-schema#subClassOf>	<http://purl.obolibrary.org/obo/XAO_0004267>
<http://purl.obolibrary.org/obo/XAO_0005143>	<http://www.w3.org/2000/01/rdf-schema#subClassOf>	<http://purl.obolibrary.org/obo/XAO_0004013>
<http://purl.obolibrary.org/obo/XAO_0000117>	<http://www.w3.org/2000/01/rdf-schema#subClassOf>	<http://purl.obolibrary.org/obo/XAO_0003002>
<http://purl.obolibrary.org/obo/XAO_0000098>	<http://www.w3.org/2000/01/rdf-schema#subClassOf>	<http://purl.obolibrary.org/obo/XAO_0000096>
<http://purl.obolibrary.org/obo/XAO_0004160>	<http://www.w3.org/2000/01/rdf-schema#subClassOf>	<http://purl.obolibrary.org/obo/XAO_0000115>
<http://purl.obolibrary.org/obo/XAO_1000050>	<http://www.w3.org/2000/01/rdf-schema#subClassOf>	<http://purl.obolibrary.org/obo/XAO_1000094>
<http://purl.obolibrary.org/obo/XAO_0000451>	<http://www.w3.org/2000/01/rdf-schema#subClassOf>	<http://purl.obolibrary.org/obo/XAO_0000099>
<http://purl.obolibrary.org/obo/XAO_0000162>	<http://www.w3.org/2000/01/rdf-schema#subClassOf>	<http://purl.obolibrary.org/obo/XAO_0003041>
<http://purl.obolibrary.org/obo/XAO_0000238>	<http://www.w3.org/2000/01/rdf-schema#subClassOf>	<http://purl.obolibrary.org/obo/XAO_0003037>
<http://purl.obolibrary.org/obo/XAO_0004134>	<http://www.w3.org/2000/01/rdf-schema#subClassOf>	<http://purl.obolibrary.org/obo/XAO_0003042>
<http://purl.obolibrary.org/obo/XAO_0000248>	<http://www.w3.org/2000/01/rdf-schema#subClassOf>	<http://purl.obolibrary.org/obo/XAO_0003040>
<http://purl.obolibrary.org/obo/XAO_0005133>	<http://www.w3.org/2000/01/rdf-schema#subClassOf>	<http://purl.obolibrary.org/obo/XAO_0004308>
<http://purl.obolibrary.org/obo/XAO_1000033>	<http://www.w3.org/2000/01/rdf-schema#subClassOf>	<http://purl.obolibrary.org/obo/XAO_1000094>
<http://purl.obolibrary.org/obo/XAO_0005241>	<http://www.w3.org/2000/01/rdf-schema#subClassOf>	<http://purl.obolibrary.org/obo/XAO_0003040>
<http://purl.obolibrary.org/obo/XAO_0003095>	<http://www.w3.org/2000/01/rdf-schema#subClassOf>	<http://purl.obolibrary.org/obo/XAO_0000429>
<http://purl.obolibrary.org/obo/XAO_0004417>	<http://www.w3.org/2000/01/rdf-schema#subClassOf>	<http://purl.obolibrary.org/obo/XAO_0003103>
<http://purl.obolibrary.org/obo/XAO_0004212>	<http://www.w3.org/2000/01/rdf-schema#subClassOf>	<http://purl.obolibrary.org/obo/XAO_0000284>
<http://purl.obolibrary.org/obo/XAO_0000294>	<http://www.w3.org/2000/01/rdf-schema#subClassOf>	<http://purl.obolibrary.org/obo/XAO_0003190>
<http://purl.obolibrary.org/obo/XAO_0003062>	<http://www.w3.org/2000/01/rdf-schema#subClassOf>	<http://purl.obolibrary.org/obo/XAO_0004289>
<http://purl.obolibrary.org/obo/XAO_0000340>	<http://www.w3.org/2000/01/rdf-schema#subClassOf>	<http://purl.obolibrary.org/obo/XAO_0000114>
<http://purl.obolibrary.org/obo/XAO_0005136>	<http://www.w3.org/2000/01/rdf-schema#subClassOf>	<http://purl.obolibrary.org/obo/XAO_0000068>
<http://purl.obolibrary.org/obo/XAO_0000199>	<http://www.w3.org/2000/01/rdf-schema#subClassOf>	<http://purl.obolibrary.org/obo/XAO_0003040>
<http://purl.obolibrary.org/obo/XAO_0003241>	<http://www.w3.org/2000/01/rdf-schema#subClassOf>	<http://purl.obolibrary.org/obo/XAO_0003012>
<http://purl.obolibrary.org/obo/XAO_0004596>	<http://www.w3.org/2000/01/rdf-schema#subClassOf>	<http://purl.obolibrary.org/obo/XAO_0004609>
<http://purl.obolibrary.org/obo/XAO_0000302>	<http://www.w3.org/2000/01/rdf-schema#subClassOf>	<http://purl.obolibrary.org/obo/XAO_0003185>
<http://purl.obolibrary.org/obo/XAO_0000338>	<http://www.w3.org/2000/01/rdf-schema#subClassOf>	<http://purl.obolibrary.org/obo/XAO_0003010>
<http://purl.obolibrary.org/obo/XAO_0005254>	<http://www.w3.org/2000/01/rdf-schema#subClassOf>	<http://purl.obolibrary.org/obo/XAO_0004290>
<http://purl.obolibrary.org/obo/XAO_0005322>	<http://www.w3.org/2000/01/rdf-schema#subClassOf>	<http://purl.obolibrary.org/obo/XAO_0003004>
<http://purl.obolibrary.org/obo/XAO_0005210>	<http://www.w3.org/2000/01/rdf-schema#subClassOf>	<http://purl.obolibrary.org/obo/XAO_0005205>
<http://purl.obolibrary.org/obo/XAO_0003002>	<http://www.w3.org/2000/01/rdf-schema#subClassOf>	<http://purl.obolibrary.org/obo/XAO_0003001>
<http://purl.obolibrary.org/obo/XAO_0000352>	<http://www.w3.org/2000/01/rdf-schema#subClassOf>	<http://purl.obolibrary.org/obo/XAO_0000341>
<http://purl.obolibrary.org/obo/XAO_0004022>	<http://www.w3.org/2000/01/rdf-schema#subClassOf>	<http://purl.obolibrary.org/obo/XAO_0004021>
<http://purl.obolibrary.org/obo/XAO_0000332>	<http://www.w3.org/2000/01/rdf-schema#subClassOf>	<http://purl.obolibrary.org/obo/XAO_0000148>
<http://purl.obolibrary.org/obo/XAO_0000058>	<http://www.w3.org/2000/01/rdf-schema#subClassOf>	<http://purl.obolibrary.org/obo/XAO_0003040>
<http://purl.obolibrary.org/obo/XAO_0000287>	<http://www.w3.org/2000/01/rdf-schema#subClassOf>	<http://purl.obolibrary.org/obo/XAO_0003040>
<http://purl.obolibrary.org/obo/XAO_0004076>	<http://www.w3.org/2000/01/rdf-schema#subClassOf>	<http://purl.obolibrary.org/obo/XAO_0000173>
<http://purl.obolibrary.org/obo/XAO_0003224>	<http://www.w3.org/2000/01/rdf-schema#subClassOf>	<http://purl.obolibrary.org/obo/XAO_0003040>
<http://purl.obolibrary.org/obo/XAO_0000138>	<http://www.w3.org/2000/01/rdf-schema#subClassOf>	<http://purl.obolibrary.org/obo/XAO_0003045>
<http://purl.obolibrary.org/obo/XAO_0005506>	<http://www.w3.org/2000/01/rdf-schema#subClassOf>	<http://purl.obolibrary.org/obo/XAO_0004001>
<http://purl.obolibrary.org/obo/XAO_0000205>	<http://www.w3.org/2000/01/rdf-schema#subClassOf>	<http://purl.obolibrary.org/obo/XAO_0003042>
<http://purl.obolibrary.org/obo/XAO_0000307>	<http://www.w3.org/2000/01/rdf-schema#subClassOf>	<http://purl.obolibrary.org/obo/XAO_0003042>
<http://purl.obolibrary.org/obo/XAO_0000182>	<http://www.w3.org/2000/01/rdf-schema#subClassOf>	<http://purl.obolibrary.org/obo/XAO_0003040>
<http://purl.obolibrary.org/obo/XAO_0004420>	<http://www.w3.org/2000/01/rdf-schema#subClassOf>	<http://purl.obolibrary.org/obo/XAO_0003103>
<http://purl.obolibrary.org/obo/XAO_0005202>	<http://www.w3.org/2000/01/rdf-schema#subClassOf>	<http://purl.obolibrary.org/obo/XAO_0005200>
<http://purl.obolibrary.org/obo/XAO_0005074>	<http://www.w3.org/2000/01/rdf-schema#subClassOf>	<http://purl.obolibrary.org/obo/XAO_0005071>
<http://purl.obolibrary.org/obo/XAO_0003165>	<http://www.w3.org/2000/01/rdf-schema#subClassOf>	<http://purl.obolibrary.org/obo/XAO_0003041>
<http://purl.obolibrary.org/obo/XAO_0003208>	<http://www.w3.org/2000/01/rdf-schema#subClassOf>	<http://purl.obolibrary.org/obo/XAO_0004276>
<http://purl.obolibrary.org/obo/XAO_0005123>	<http://www.w3.org/2000/01/rdf-schema#subClassOf>	<http://purl.obolibrary.org/obo/XAO_0004290>
<http://purl.obolibrary.org/obo/XAO_1000014>	<http://www.w3.org/2000/01/rdf-schema#subClassOf>	<http://purl.obolibrary.org/obo/XAO_1000094>
<http://purl.obolibrary.org/obo/XAO_0004055>	<http://www.w3.org/2000/01/rdf-schema#subClassOf>	<http://purl.obolibrary.org/obo/XAO_0000170>
<http://purl.obolibrary.org/obo/XAO_0004471>	<http://www.w3.org/2000/01/rdf-schema#subClassOf>	<http://purl.obolibrary.org/obo/XAO_0005422>
<http://purl.obolibrary.org/obo/XAO_0004012>	<http://www.w3.org/2000/01/rdf-schema#subClassOf>	<http://purl.obolibrary.org/obo/XAO_0003164>
<http://purl.obolibrary.org/obo/XAO_0004178>	<http://www.w3.org/2000/01/rdf-schema#subClassOf>	<http://purl.obolibrary.org/obo/XAO_0004177>
<http://purl.obolibrary.org/obo/XAO_0003203>	<http://www.w3.org/2000/01/rdf-schema#subClassOf>	<http://purl.obolibrary.org/obo/XAO_0003045>
<http://purl.obolibrary.org/obo/XAO_0005042>	<http://www.w3.org/2000/01/rdf-schema#subClassOf>	<http://purl.obolibrary.org/obo/XAO_0000198>
<http://purl.obolibrary.org/obo/XAO_0004322>	<http://www.w3.org/2000/01/rdf-schema#subClassOf>	<http://purl.obolibrary.org/obo/XAO_0000172>
<http://purl.obolibrary.org/obo/XAO_0005215>	<http://www.w3.org/2000/01/rdf-schema#subClassOf>	<http://purl.obolibrary.org/obo/XAO_0003186>
<http://purl.obolibrary.org/obo/XAO_1000012>	<http://www.w3.org/2000/01/rdf-schema#subClassOf>	<http://purl.obolibrary.org/obo/XAO_1000000>
<http://purl.obolibrary.org/obo/XAO_0004502>	<http://www.w3.org/2000/01/rdf-schema#subClassOf>	<http://purl.obolibrary.org/obo/XAO_0003012>
<http://purl.obolibrary.org/obo/XAO_0003011>	<http://www.w3.org/2000/01/rdf-schema#subClassOf>	<http://purl.obolibrary.org/obo/XAO_0003040>
<http://purl.obolibrary.org/obo/XAO_0003173>	<http://www.w3.org/2000/01/rdf-schema#subClassOf>	<http://purl.obolibrary.org/obo/XAO_0003160>
<http://purl.obolibrary.org/obo/XAO_0000357>	<http://www.w3.org/2000/01/rdf-schema#subClassOf>	<http://purl.obolibrary.org/obo/XAO_0003045>
<http://purl.obolibrary.org/obo/XAO_0000069>	<http://www.w3.org/2000/01/rdf-schema#subClassOf>	<http://purl.obolibrary.org/obo/XAO_0000068>
<http://purl.obolibrary.org/obo/XAO_0000404>	<http://www.w3.org/2000/01/rdf-schema#subClassOf>	<http://purl.obolibrary.org/obo/XAO_0000313>
<http://purl.obolibrary.org/obo/XAO_0000131>	<http://www.w3.org/2000/01/rdf-schema#subClassOf>	<http://purl.obolibrary.org/obo/XAO_0003037>
<http://purl.obolibrary.org/obo/XAO_0001021>	<http://www.w3.org/2000/01/rdf-schema#subClassOf>	<http://purl.obolibrary.org/obo/XAO_0003045>
<http://purl.obolibrary.org/obo/XAO_0004233>	<http://www.w3.org/2000/01/rdf-schema#subClassOf>	<http://purl.obolibrary.org/obo/XAO_0001011>
<http://purl.obolibrary.org/obo/XAO_0000257>	<http://www.w3.org/2000/01/rdf-schema#subClassOf>	<http://purl.obolibrary.org/obo/XAO_0003042>
<http://purl.obolibrary.org/obo/XAO_0004190>	<http://www.w3.org/2000/01/rdf-schema#subClassOf>	<http://purl.obolibrary.org/obo/XAO_0003040>
<http://purl.obolibrary.org/obo/XAO_1000044>	<http://www.w3.org/2000/01/rdf-schema#subClassOf>	<http://purl.obolibrary.org/obo/XAO_1000094>
<http://purl.obolibrary.org/obo/XAO_0004508>	<http://www.w3.org/2000/01/rdf-schema#subClassOf>	<http://purl.obolibrary.org/obo/XAO_0003046>
<http://purl.obolibrary.org/obo/XAO_0005128>	<http://www.w3.org/2000/01/rdf-schema#subClassOf>	<http://purl.obolibrary.org/obo/XAO_0003042>
<http://purl.obolibrary.org/obo/XAO_0000464>	<http://www.w3.org/2000/01/rdf-schema#subClassOf>	<http://purl.obolibrary.org/obo/XAO_0004002>
<http://purl.obolibrary.org/obo/XAO_0003206>	<http://www.w3.org/2000/01/rdf-schema#subClassOf>	<http://purl.obolibrary.org/obo/XAO_0003012>
<http://purl.obolibrary.org/obo/XAO_0004330>	<http://www.w3.org/2000/01/rdf-schema#subClassOf>	<http://purl.obolibrary.org/obo/XAO_0004323>
<http://purl.obolibrary.org/obo/XAO_0004334>	<http://www.w3.org/2000/01/rdf-schema#subClassOf>	<http://purl.obolibrary.org/obo/XAO_0004324>
<http://purl.obolibrary.org/obo/XAO_0003096>	<http://www.w3.org/2000/01/rdf-schema#subClassOf>	<http://purl.obolibrary.org/obo/XAO_0000429>
<http://purl.obolibrary.org/obo/XAO_0004473>	<http://www.w3.org/2000/01/rdf-schema#subClassOf>	<http://purl.obolibrary.org/obo/XAO_0003042>
<http://purl.obolibrary.org/obo/XAO_0000452>	<http://www.w3.org/2000/01/rdf-schema#subClassOf>	<http://purl.obolibrary.org/obo/XAO_0003040>
<http://purl.obolibrary.org/obo/XAO_0003050>	<http://www.w3.org/2000/01/rdf-schema#subClassOf>	<http://purl.obolibrary.org/obo/XAO_0003049>
<http://purl.obolibrary.org/obo/XAO_0004241>	<http://www.w3.org/2000/01/rdf-schema#subClassOf>	<http://purl.obolibrary.org/obo/XAO_0000115>
<http://purl.obolibrary.org/obo/XAO_0004245>	<http://www.w3.org/2000/01/rdf-schema#subClassOf>	<http://purl.obolibrary.org/obo/XAO_0000114>
<http://purl.obolibrary.org/obo/XAO_0003254>	<http://www.w3.org/2000/01/rdf-schema#subClassOf>	<http://purl.obolibrary.org/obo/XAO_0003012>
<http://purl.obolibrary.org/obo/XAO_0000170>	<http://www.w3.org/2000/01/rdf-schema#subClassOf>	<http://purl.obolibrary.org/obo/XAO_0004038>
<http://purl.obolibrary.org/obo/XAO_0000231>	<http://www.w3.org/2000/01/rdf-schema#subClassOf>	<http://purl.obolibrary.org/obo/XAO_0003040>
<http://purl.obolibrary.org/obo/XAO_0003187>	<http://www.w3.org/2000/01/rdf-schema#subClassOf>	<http://purl.obolibrary.org/obo/XAO_0003185>
<http://purl.obolibrary.org/obo/XAO_0000339>	<http://www.w3.org/2000/01/rdf-schema#subClassOf>	<http://purl.obolibrary.org/obo/XAO_0000114>
<http://purl.obolibrary.org/obo/XAO_0000271>	<http://www.w3.org/2000/01/rdf-schema#subClassOf>	<http://purl.obolibrary.org/obo/XAO_0003042>
<http://purl.obolibrary.org/obo/XAO_0005022>	<http://www.w3.org/2000/01/rdf-schema#subClassOf>	<http://purl.obolibrary.org/obo/XAO_0003249>
<http://purl.obolibrary.org/obo/XAO_0004111>	<http://www.w3.org/2000/01/rdf-schema#subClassOf>	<http://purl.obolibrary.org/obo/XAO_0004110>
<http://purl.obolibrary.org/obo/XAO_0003134>	<http://www.w3.org/2000/01/rdf-schema#subClassOf>	<http://purl.obolibrary.org/obo/XAO_0000315>
<http://purl.obolibrary.org/obo/XAO_0005049>	<http://www.w3.org/2000/01/rdf-schema#subClassOf>	<http://purl.obolibrary.org/obo/XAO_0003040>
<http://purl.obolibrary.org/obo/XAO_0000111>	<http://www.w3.org/2000/01/rdf-schema#subClassOf>	<http://purl.obolibrary.org/obo/XAO_0003012>
<http://purl.obolibrary.org/obo/XAO_0003025>	<http://www.w3.org/2000/01/rdf-schema#subClassOf>	<http://purl.obolibrary.org/obo/XAO_0003013>
<http://purl.obolibrary.org/obo/XAO_1000063>	<http://www.w3.org/2000/01/rdf-schema#subClassOf>	<http://purl.obolibrary.org/obo/XAO_1000094>
<http://purl.obolibrary.org/obo/XAO_0003102>	<http://www.w3.org/2000/01/rdf-schema#subClassOf>	<http://purl.obolibrary.org/obo/XAO_0004020>
<http://purl.obolibrary.org/obo/XAO_0000128>	<http://www.w3.org/2000/01/rdf-schema#subClassOf>	<http://purl.obolibrary.org/obo/XAO_0003165>
<http://purl.obolibrary.org/obo/XAO_0004357>	<http://www.w3.org/2000/01/rdf-schema#subClassOf>	<http://purl.obolibrary.org/obo/XAO_0004327>
<http://purl.obolibrary.org/obo/XAO_0003144>	<http://www.w3.org/2000/01/rdf-schema#subClassOf>	<http://purl.obolibrary.org/obo/XAO_0003040>
<http://purl.obolibrary.org/obo/XAO_0004272>	<http://www.w3.org/2000/01/rdf-schema#subClassOf>	<http://purl.obolibrary.org/obo/XAO_0003012>
<http://purl.obolibrary.org/obo/XAO_0000445>	<http://www.w3.org/2000/01/rdf-schema#subClassOf>	<http://purl.obolibrary.org/obo/XAO_0003040>
<http://purl.obolibrary.org/obo/XAO_0004045>	<http://www.w3.org/2000/01/rdf-schema#subClassOf>	<http://purl.obolibrary.org/obo/XAO_0004021>
<http://purl.obolibrary.org/obo/XAO_0005287>	<http://www.w3.org/2000/01/rdf-schema#subClassOf>	<http://purl.obolibrary.org/obo/XAO_0004455>
<http://purl.obolibrary.org/obo/XAO_0006029>	<http://www.w3.org/2000/01/rdf-schema#subClassOf>	<http://purl.obolibrary.org/obo/XAO_0003012>
<http://purl.obolibrary.org/obo/XAO_0004181>	<http://www.w3.org/2000/01/rdf-schema#subClassOf>	<http://purl.obolibrary.org/obo/XAO_0004475>
<http://purl.obolibrary.org/obo/XAO_0004431>	<http://www.w3.org/2000/01/rdf-schema#subClassOf>	<http://purl.obolibrary.org/obo/XAO_0004455>
<http://purl.obolibrary.org/obo/XAO_1000034>	<http://www.w3.org/2000/01/rdf-schema#subClassOf>	<http://purl.obolibrary.org/obo/XAO_1000094>
<http://purl.obolibrary.org/obo/XAO_0000380>	<http://www.w3.org/2000/01/rdf-schema#subClassOf>	<http://purl.obolibrary.org/obo/XAO_0000115>
<http://purl.obolibrary.org/obo/XAO_0000157>	<http://www.w3.org/2000/01/rdf-schema#subClassOf>	<http://purl.obolibrary.org/obo/XAO_0003146>
<http://purl.obolibrary.org/obo/XAO_0004440>	<http://www.w3.org/2000/01/rdf-schema#subClassOf>	<http://purl.obolibrary.org/obo/XAO_0004455>
<http://purl.obolibrary.org/obo/XAO_0001014>	<http://www.w3.org/2000/01/rdf-schema#subClassOf>	<http://purl.obolibrary.org/obo/XAO_0003014>
<http://purl.obolibrary.org/obo/XAO_0004513>	<http://www.w3.org/2000/01/rdf-schema#subClassOf>	<http://purl.obolibrary.org/obo/XAO_0003043>
<http://purl.obolibrary.org/obo/XAO_0004404>	<http://www.w3.org/2000/01/rdf-schema#subClassOf>	<http://purl.obolibrary.org/obo/XAO_0003252>
<http://purl.obolibrary.org/obo/XAO_0005139>	<http://www.w3.org/2000/01/rdf-schema#subClassOf>	<http://purl.obolibrary.org/obo/XAO_0005017>
<http://purl.obolibrary.org/obo/XAO_0004167>	<http://www.w3.org/2000/01/rdf-schema#subClassOf>	<http://purl.obolibrary.org/obo/XAO_0000114>
<http://purl.obolibrary.org/obo/XAO_0006052>	<http://www.w3.org/2000/01/rdf-schema#subClassOf>	<http://purl.obolibrary.org/obo/XAO_0003152>
<http://purl.obolibrary.org/obo/XAO_0004280>	<http://www.w3.org/2000/01/rdf-schema#subClassOf>	<http://purl.obolibrary.org/obo/XAO_0004282>
<http://purl.obolibrary.org/obo/XAO_0004448>	<http://www.w3.org/2000/01/rdf-schema#subClassOf>	<http://purl.obolibrary.org/obo/XAO_0003043>
<http://purl.obolibrary.org/obo/XAO_0005111>	<http://www.w3.org/2000/01/rdf-schema#subClassOf>	<http://purl.obolibrary.org/obo/XAO_0005114>
<http://purl.obolibrary.org/obo/XAO_0005178>	<http://www.w3.org/2000/01/rdf-schema#subClassOf>	<http://purl.obolibrary.org/obo/XAO_0000031>
<http://purl.obolibrary.org/obo/XAO_0000101>	<http://www.w3.org/2000/01/rdf-schema#subClassOf>	<http://purl.obolibrary.org/obo/XAO_0003042>
<http://purl.obolibrary.org/obo/XAO_0000426>	<http://www.w3.org/2000/01/rdf-schema#subClassOf>	<http://purl.obolibrary.org/obo/XAO_0000429>
<http://purl.obolibrary.org/obo/XAO_0003185>	<http://www.w3.org/2000/01/rdf-schema#subClassOf>	<http://purl.obolibrary.org/obo/XAO_0000000>
<http://purl.obolibrary.org/obo/XAO_0005079>	<http://www.w3.org/2000/01/rdf-schema#subClassOf>	<http://purl.obolibrary.org/obo/XAO_0003040>
<http://purl.obolibrary.org/obo/XAO_0000011>	<http://www.w3.org/2000/01/rdf-schema#subClassOf>	<http://purl.obolibrary.org/obo/XAO_0003037>
<http://purl.obolibrary.org/obo/XAO_0003161>	<http://www.w3.org/2000/01/rdf-schema#subClassOf>	<http://purl.obolibrary.org/obo/XAO_0003028>
<http://purl.obolibrary.org/obo/XAO_0004251>	<http://www.w3.org/2000/01/rdf-schema#subClassOf>	<http://purl.obolibrary.org/obo/XAO_0000115>
<http://purl.obolibrary.org/obo/XAO_0003022>	<http://www.w3.org/2000/01/rdf-schema#subClassOf>	<http://purl.obolibrary.org/obo/XAO_0003023>
<http://purl.obolibrary.org/obo/XAO_0000370>	<http://www.w3.org/2000/01/rdf-schema#subClassOf>	<http://purl.obolibrary.org/obo/XAO_0000114>
<http://purl.obolibrary.org/obo/XAO_0004133>	<http://www.w3.org/2000/01/rdf-schema#subClassOf>	<http://purl.obolibrary.org/obo/XAO_0004138>
<http://purl.obolibrary.org/obo/XAO_0004509>	<http://www.w3.org/2000/01/rdf-schema#subClassOf>	<http://purl.obolibrary.org/obo/XAO_0003042>
<http://purl.obolibrary.org/obo/XAO_1000029>	<http://www.w3.org/2000/01/rdf-schema#subClassOf>	<http://purl.obolibrary.org/obo/XAO_1000094>
<http://purl.obolibrary.org/obo/XAO_0000217>	<http://www.w3.org/2000/01/rdf-schema#subClassOf>	<http://purl.obolibrary.org/obo/XAO_0003037>
<http://purl.obolibrary.org/obo/XAO_1000084>	<http://www.w3.org/2000/01/rdf-schema#subClassOf>	<http://purl.obolibrary.org/obo/XAO_1000082>
<http://purl.obolibrary.org/obo/XAO_0000220>	<http://www.w3.org/2000/01/rdf-schema#subClassOf>	<http://purl.obolibrary.org/obo/XAO_0003040>
<http://purl.obolibrary.org/obo/XAO_0004398>	<http://www.w3.org/2000/01/rdf-schema#subClassOf>	<http://purl.obolibrary.org/obo/XAO_0004059>
<http://purl.obolibrary.org/obo/XAO_1000095>	<http://www.w3.org/2000/01/rdf-schema#subClassOf>	<http://purl.obolibrary.org/obo/XAO_1000000>
<http://purl.obolibrary.org/obo/XAO_0004182>	<http://www.w3.org/2000/01/rdf-schema#subClassOf>	<http://purl.obolibrary.org/obo/XAO_0000139>
<http://purl.obolibrary.org/obo/XAO_0003172>	<http://www.w3.org/2000/01/rdf-schema#subClassOf>	<http://purl.obolibrary.org/obo/XAO_0003160>
<http://purl.obolibrary.org/obo/XAO_0006024>	<http://www.w3.org/2000/01/rdf-schema#subClassOf>	<http://purl.obolibrary.org/obo/XAO_0003155>
<http://purl.obolibrary.org/obo/XAO_0000173>	<http://www.w3.org/2000/01/rdf-schema#subClassOf>	<http://purl.obolibrary.org/obo/XAO_0004030>
<http://purl.obolibrary.org/obo/XAO_0000283>	<http://www.w3.org/2000/01/rdf-schema#subClassOf>	<http://purl.obolibrary.org/obo/XAO_0003190>
<http://purl.obolibrary.org/obo/XAO_0004474>	<http://www.w3.org/2000/01/rdf-schema#subClassOf>	<http://purl.obolibrary.org/obo/XAO_0003186>
<http://purl.obolibrary.org/obo/XAO_0004191>	<http://www.w3.org/2000/01/rdf-schema#subClassOf>	<http://purl.obolibrary.org/obo/XAO_0005327>
<http://purl.obolibrary.org/obo/XAO_0003231>	<http://www.w3.org/2000/01/rdf-schema#subClassOf>	<http://purl.obolibrary.org/obo/XAO_0003012>
<http://purl.obolibrary.org/obo/XAO_0006040>	<http://www.w3.org/2000/01/rdf-schema#subClassOf>	<http://purl.obolibrary.org/obo/XAO_0003012>
<http://purl.obolibrary.org/obo/XAO_0003139>	<http://www.w3.org/2000/01/rdf-schema#subClassOf>	<http://purl.obolibrary.org/obo/XAO_0000397>
<http://purl.obolibrary.org/obo/XAO_0004093>	<http://www.w3.org/2000/01/rdf-schema#subClassOf>	<http://purl.obolibrary.org/obo/XAO_0004620>
<http://purl.obolibrary.org/obo/XAO_0004573>	<http://www.w3.org/2000/01/rdf-schema#subClassOf>	<http://purl.obolibrary.org/obo/XAO_0003023>
<http://purl.obolibrary.org/obo/XAO_0004419>	<http://www.w3.org/2000/01/rdf-schema#subClassOf>	<http://purl.obolibrary.org/obo/XAO_0003103>
<http://purl.obolibrary.org/obo/XAO_0003076>	<http://www.w3.org/2000/01/rdf-schema#subClassOf>	<http://purl.obolibrary.org/obo/XAO_0004019>
<http://purl.obolibrary.org/obo/XAO_0004495>	<http://www.w3.org/2000/01/rdf-schema#subClassOf>	<http://purl.obolibrary.org/obo/XAO_0003037>
<http://purl.obolibrary.org/obo/XAO_0004074>	<http://www.w3.org/2000/01/rdf-schema#subClassOf>	<http://purl.obolibrary.org/obo/XAO_0003186>
<http://purl.obolibrary.org/obo/XAO_0003106>	<http://www.w3.org/2000/01/rdf-schema#subClassOf>	<http://purl.obolibrary.org/obo/XAO_0000315>
<http://purl.obolibrary.org/obo/XAO_0004019>	<http://www.w3.org/2000/01/rdf-schema#subClassOf>	<http://purl.obolibrary.org/obo/XAO_0004018>
<http://purl.obolibrary.org/obo/XAO_0000355>	<http://www.w3.org/2000/01/rdf-schema#subClassOf>	<http://purl.obolibrary.org/obo/XAO_0000341>
<http://purl.obolibrary.org/obo/XAO_0003103>	<http://www.w3.org/2000/01/rdf-schema#subClassOf>	<http://purl.obolibrary.org/obo/XAO_0003162>
<http://purl.obolibrary.org/obo/XAO_0004001>	<http://www.w3.org/2000/01/rdf-schema#subClassOf>	<http://purl.obolibrary.org/obo/XAO_0000000>
<http://purl.obolibrary.org/obo/XAO_0000038>	<http://www.w3.org/2000/01/rdf-schema#subClassOf>	<http://purl.obolibrary.org/obo/XAO_0003040>
<http://purl.obolibrary.org/obo/XAO_0005221>	<http://www.w3.org/2000/01/rdf-schema#subClassOf>	<http://purl.obolibrary.org/obo/XAO_0003186>
<http://purl.obolibrary.org/obo/XAO_0005107>	<http://www.w3.org/2000/01/rdf-schema#subClassOf>	<http://purl.obolibrary.org/obo/XAO_0005115>
<http://purl.obolibrary.org/obo/XAO_0004194>	<http://www.w3.org/2000/01/rdf-schema#subClassOf>	<http://purl.obolibrary.org/obo/XAO_0004193>
<http://purl.obolibrary.org/obo/XAO_0005026>	<http://www.w3.org/2000/01/rdf-schema#subClassOf>	<http://purl.obolibrary.org/obo/XAO_0003042>
<http://purl.obolibrary.org/obo/XAO_0004503>	<http://www.w3.org/2000/01/rdf-schema#subClassOf>	<http://purl.obolibrary.org/obo/XAO_0001017>
<http://purl.obolibrary.org/obo/XAO_0004518>	<http://www.w3.org/2000/01/rdf-schema#subClassOf>	<http://purl.obolibrary.org/obo/XAO_0003040>
<http://purl.obolibrary.org/obo/XAO_0004496>	<http://www.w3.org/2000/01/rdf-schema#subClassOf>	<http://purl.obolibrary.org/obo/XAO_0004018>
<http://purl.obolibrary.org/obo/XAO_0004007>	<http://www.w3.org/2000/01/rdf-schema#subClassOf>	<http://purl.obolibrary.org/obo/XAO_0003045>
<http://purl.obolibrary.org/obo/XAO_0005243>	<http://www.w3.org/2000/01/rdf-schema#subClassOf>	<http://purl.obolibrary.org/obo/XAO_0003267>
<http://purl.obolibrary.org/obo/XAO_0004370>	<http://www.w3.org/2000/01/rdf-schema#subClassOf>	<http://purl.obolibrary.org/obo/XAO_0004013>
<http://purl.obolibrary.org/obo/XAO_0003184>	<http://www.w3.org/2000/01/rdf-schema#subClassOf>	<http://purl.obolibrary.org/obo/XAO_0003180>
<http://purl.obolibrary.org/obo/XAO_0005044>	<http://www.w3.org/2000/01/rdf-schema#subClassOf>	<http://purl.obolibrary.org/obo/XAO_0004308>
<http://purl.obolibrary.org/obo/XAO_0004555>	<http://www.w3.org/2000/01/rdf-schema#subClassOf>	<http://purl.obolibrary.org/obo/XAO_0003040>
<http://purl.obolibrary.org/obo/XAO_0004142>	<http://www.w3.org/2000/01/rdf-schema#subClassOf>	<http://purl.obolibrary.org/obo/XAO_0000209>
<http://purl.obolibrary.org/obo/XAO_0005072>	<http://www.w3.org/2000/01/rdf-schema#subClassOf>	<http://purl.obolibrary.org/obo/XAO_0005073>
<http://purl.obolibrary.org/obo/XAO_0000427>	<http://www.w3.org/2000/01/rdf-schema#subClassOf>	<http://purl.obolibrary.org/obo/XAO_0000209>
<http://purl.obolibrary.org/obo/XAO_0004372>	<http://www.w3.org/2000/01/rdf-schema#subClassOf>	<http://purl.obolibrary.org/obo/XAO_0004013>
<http://purl.obolibrary.org/obo/XAO_0004403>	<http://www.w3.org/2000/01/rdf-schema#subClassOf>	<http://purl.obolibrary.org/obo/XAO_0004059>
<http://purl.obolibrary.org/obo/XAO_0004020>	<http://www.w3.org/2000/01/rdf-schema#subClassOf>	<http://purl.obolibrary.org/obo/XAO_0003000>
<http://purl.obolibrary.org/obo/XAO_0004453>	<http://www.w3.org/2000/01/rdf-schema#subClassOf>	<http://purl.obolibrary.org/obo/XAO_0004455>
<http://purl.obolibrary.org/obo/XAO_0000470>	<http://www.w3.org/2000/01/rdf-schema#subClassOf>	<http://purl.obolibrary.org/obo/XAO_0003028>
<http://purl.obolibrary.org/obo/XAO_0005236>	<http://www.w3.org/2000/01/rdf-schema#subClassOf>	<http://purl.obolibrary.org/obo/XAO_0003054>
<http://purl.obolibrary.org/obo/XAO_0005161>	<http://www.w3.org/2000/01/rdf-schema#subClassOf>	<http://purl.obolibrary.org/obo/XAO_0004013>
<http://purl.obolibrary.org/obo/XAO_0005183>	<http://www.w3.org/2000/01/rdf-schema#subClassOf>	<http://purl.obolibrary.org/obo/XAO_0004267>
<http://purl.obolibrary.org/obo/XAO_0005125>	<http://www.w3.org/2000/01/rdf-schema#subClassOf>	<http://purl.obolibrary.org/obo/XAO_0003042>
<http://purl.obolibrary.org/obo/XAO_0000128>	<http://www.w3.org/2000/01/rdf-schema#subClassOf>	<http://purl.obolibrary.org/obo/XAO_0003034>
<http://purl.obolibrary.org/obo/XAO_0004225>	<http://www.w3.org/2000/01/rdf-schema#subClassOf>	<http://purl.obolibrary.org/obo/XAO_0003249>
<http://purl.obolibrary.org/obo/XAO_0003100>	<http://www.w3.org/2000/01/rdf-schema#subClassOf>	<http://purl.obolibrary.org/obo/XAO_0003037>
<http://purl.obolibrary.org/obo/XAO_0004275>	<http://www.w3.org/2000/01/rdf-schema#subClassOf>	<http://purl.obolibrary.org/obo/XAO_0004193>
<http://purl.obolibrary.org/obo/XAO_0000269>	<http://www.w3.org/2000/01/rdf-schema#subClassOf>	<http://purl.obolibrary.org/obo/XAO_0003037>
<http://purl.obolibrary.org/obo/XAO_0000284>	<http://www.w3.org/2000/01/rdf-schema#subClassOf>	<http://purl.obolibrary.org/obo/XAO_0004620>
<http://purl.obolibrary.org/obo/XAO_0000274>	<http://www.w3.org/2000/01/rdf-schema#subClassOf>	<http://purl.obolibrary.org/obo/XAO_0004290>
<http://purl.obolibrary.org/obo/XAO_0005164>	<http://www.w3.org/2000/01/rdf-schema#subClassOf>	<http://purl.obolibrary.org/obo/XAO_0005135>
<http://purl.obolibrary.org/obo/XAO_0004521>	<http://www.w3.org/2000/01/rdf-schema#subClassOf>	<http://purl.obolibrary.org/obo/XAO_0003190>
<http://purl.obolibrary.org/obo/XAO_1000049>	<http://www.w3.org/2000/01/rdf-schema#subClassOf>	<http://purl.obolibrary.org/obo/XAO_1000094>
<http://purl.obolibrary.org/obo/XAO_0004438>	<http://www.w3.org/2000/01/rdf-schema#subClassOf>	<http://purl.obolibrary.org/obo/XAO_0004455>
<http://purl.obolibrary.org/obo/XAO_0005144>	<http://www.w3.org/2000/01/rdf-schema#subClassOf>	<http://purl.obolibrary.org/obo/XAO_0004013>
<http://purl.obolibrary.org/obo/XAO_0003126>	<http://www.w3.org/2000/01/rdf-schema#subClassOf>	<http://purl.obolibrary.org/obo/XAO_0000397>
<http://purl.obolibrary.org/obo/XAO_0000099>	<http://www.w3.org/2000/01/rdf-schema#subClassOf>	<http://purl.obolibrary.org/obo/XAO_0000096>
<http://purl.obolibrary.org/obo/XAO_0000369>	<http://www.w3.org/2000/01/rdf-schema#subClassOf>	<http://purl.obolibrary.org/obo/XAO_0000114>
<http://purl.obolibrary.org/obo/XAO_0004565>	<http://www.w3.org/2000/01/rdf-schema#subClassOf>	<http://purl.obolibrary.org/obo/XAO_0004609>
<http://purl.obolibrary.org/obo/XAO_0004279>	<http://www.w3.org/2000/01/rdf-schema#subClassOf>	<http://purl.obolibrary.org/obo/XAO_0004289>
<http://purl.obolibrary.org/obo/XAO_0000239>	<http://www.w3.org/2000/01/rdf-schema#subClassOf>	<http://purl.obolibrary.org/obo/XAO_0004000>
<http://purl.obolibrary.org/obo/XAO_0005059>	<http://www.w3.org/2000/01/rdf-schema#subClassOf>	<http://purl.obolibrary.org/obo/XAO_0003040>
<http://purl.obolibrary.org/obo/XAO_0005264>	<http://www.w3.org/2000/01/rdf-schema#subClassOf>	<http://purl.obolibrary.org/obo/XAO_0003013>
<http://purl.obolibrary.org/obo/XAO_0005037>	<http://www.w3.org/2000/01/rdf-schema#subClassOf>	<http://purl.obolibrary.org/obo/XAO_0005025>
<http://purl.obolibrary.org/obo/XAO_0003142>	<http://www.w3.org/2000/01/rdf-schema#subClassOf>	<http://purl.obolibrary.org/obo/XAO_0000315>
<http://purl.obolibrary.org/obo/XAO_0004002>	<http://www.w3.org/2000/01/rdf-schema#subClassOf>	<http://purl.obolibrary.org/obo/XAO_0003040>
<http://purl.obolibrary.org/obo/XAO_0003236>	<http://www.w3.org/2000/01/rdf-schema#subClassOf>	<http://purl.obolibrary.org/obo/XAO_0003249>
<http://purl.obolibrary.org/obo/XAO_0004213>	<http://www.w3.org/2000/01/rdf-schema#subClassOf>	<http://purl.obolibrary.org/obo/XAO_0000284>
<http://purl.obolibrary.org/obo/XAO_0004088>	<http://www.w3.org/2000/01/rdf-schema#subClassOf>	<http://purl.obolibrary.org/obo/XAO_0003186>
<http://purl.obolibrary.org/obo/XAO_0003176>	<http://www.w3.org/2000/01/rdf-schema#subClassOf>	<http://purl.obolibrary.org/obo/XAO_0003075>
<http://purl.obolibrary.org/obo/XAO_0004266>	<http://www.w3.org/2000/01/rdf-schema#subClassOf>	<http://purl.obolibrary.org/obo/XAO_0004079>
<http://purl.obolibrary.org/obo/XAO_0004472>	<http://www.w3.org/2000/01/rdf-schema#subClassOf>	<http://purl.obolibrary.org/obo/XAO_0003037>
<http://purl.obolibrary.org/obo/XAO_0003200>	<http://www.w3.org/2000/01/rdf-schema#subClassOf>	<http://purl.obolibrary.org/obo/XAO_0003045>
<http://purl.obolibrary.org/obo/XAO_0000094>	<http://www.w3.org/2000/01/rdf-schema#subClassOf>	<http://purl.obolibrary.org/obo/XAO_0003040>
<http://purl.obolibrary.org/obo/XAO_0004349>	<http://www.w3.org/2000/01/rdf-schema#subClassOf>	<http://purl.obolibrary.org/obo/XAO_0004351>
<http://purl.obolibrary.org/obo/XAO_0000389>	<http://www.w3.org/2000/01/rdf-schema#subClassOf>	<http://purl.obolibrary.org/obo/XAO_0000115>
<http://purl.obolibrary.org/obo/XAO_0000262>	<http://www.w3.org/2000/01/rdf-schema#subClassOf>	<http://purl.obolibrary.org/obo/XAO_0003012>
<http://purl.obolibrary.org/obo/XAO_0000286>	<http://www.w3.org/2000/01/rdf-schema#subClassOf>	<http://purl.obolibrary.org/obo/XAO_0003040>
<http://purl.obolibrary.org/obo/XAO_0003237>	<http://www.w3.org/2000/01/rdf-schema#subClassOf>	<http://purl.obolibrary.org/obo/XAO_0003012>
<http://purl.obolibrary.org/obo/XAO_0004050>	<http://www.w3.org/2000/01/rdf-schema#subClassOf>	<http://purl.obolibrary.org/obo/XAO_0001017>
<http://purl.obolibrary.org/obo/XAO_0004421>	<http://www.w3.org/2000/01/rdf-schema#subClassOf>	<http://purl.obolibrary.org/obo/XAO_0003103>
<http://purl.obolibrary.org/obo/XAO_0000428>	<http://www.w3.org/2000/01/rdf-schema#subClassOf>	<http://purl.obolibrary.org/obo/XAO_0000209>
<http://purl.obolibrary.org/obo/XAO_0003188>	<http://www.w3.org/2000/01/rdf-schema#subClassOf>	<http://purl.obolibrary.org/obo/XAO_0003185>
<http://purl.obolibrary.org/obo/XAO_0006014>	<http://www.w3.org/2000/01/rdf-schema#subClassOf>	<http://purl.obolibrary.org/obo/XAO_0003028>
<http://purl.obolibrary.org/obo/XAO_0004017>	<http://www.w3.org/2000/01/rdf-schema#subClassOf>	<http://purl.obolibrary.org/obo/XAO_0004016>
<http://purl.obolibrary.org/obo/XAO_0000403>	<http://www.w3.org/2000/01/rdf-schema#subClassOf>	<http://purl.obolibrary.org/obo/XAO_0000313>
<http://purl.obolibrary.org/obo/XAO_0005199>	<http://www.w3.org/2000/01/rdf-schema#subClassOf>	<http://purl.obolibrary.org/obo/XAO_0000209>
<http://purl.obolibrary.org/obo/XAO_0004197>	<http://www.w3.org/2000/01/rdf-schema#subClassOf>	<http://purl.obolibrary.org/obo/XAO_0004044>
<http://purl.obolibrary.org/obo/XAO_0000448>	<http://www.w3.org/2000/01/rdf-schema#subClassOf>	<http://purl.obolibrary.org/obo/XAO_0003043>
<http://purl.obolibrary.org/obo/XAO_0000256>	<http://www.w3.org/2000/01/rdf-schema#subClassOf>	<http://purl.obolibrary.org/obo/XAO_0000111>
<http://purl.obolibrary.org/obo/XAO_0006003>	<http://www.w3.org/2000/01/rdf-schema#subClassOf>	<http://purl.obolibrary.org/obo/XAO_0004290>
<http://purl.obolibrary.org/obo/XAO_0005281>	<http://www.w3.org/2000/01/rdf-schema#subClassOf>	<http://purl.obolibrary.org/obo/XAO_0003186>
<http://purl.obolibrary.org/obo/XAO_0004239>	<http://www.w3.org/2000/01/rdf-schema#subClassOf>	<http://purl.obolibrary.org/obo/XAO_0003035>
<http://purl.obolibrary.org/obo/XAO_0004277>	<http://www.w3.org/2000/01/rdf-schema#subClassOf>	<http://purl.obolibrary.org/obo/XAO_0004282>
<http://purl.obolibrary.org/obo/XAO_0005203>	<http://www.w3.org/2000/01/rdf-schema#subClassOf>	<http://purl.obolibrary.org/obo/XAO_0005200>
<http://purl.obolibrary.org/obo/XAO_0004363>	<http://www.w3.org/2000/01/rdf-schema#subClassOf>	<http://purl.obolibrary.org/obo/XAO_0004013>
<http://purl.obolibrary.org/obo/XAO_0005091>	<http://www.w3.org/2000/01/rdf-schema#subClassOf>	<http://purl.obolibrary.org/obo/XAO_0005112>
<http://purl.obolibrary.org/obo/XAO_0003177>	<http://www.w3.org/2000/01/rdf-schema#subClassOf>	<http://purl.obolibrary.org/obo/XAO_0004289>
<http://purl.obolibrary.org/obo/XAO_0005080>	<http://www.w3.org/2000/01/rdf-schema#subClassOf>	<http://purl.obolibrary.org/obo/XAO_0004006>
<http://purl.obolibrary.org/obo/XAO_0000465>	<http://www.w3.org/2000/01/rdf-schema#subClassOf>	<http://purl.obolibrary.org/obo/XAO_0004002>
<http://purl.obolibrary.org/obo/XAO_0005096>	<http://www.w3.org/2000/01/rdf-schema#subClassOf>	<http://purl.obolibrary.org/obo/XAO_0005113>
<http://purl.obolibrary.org/obo/XAO_0003097>	<http://www.w3.org/2000/01/rdf-schema#subClassOf>	<http://purl.obolibrary.org/obo/XAO_0000429>
<http://purl.obolibrary.org/obo/XAO_0000331>	<http://www.w3.org/2000/01/rdf-schema#subClassOf>	<http://purl.obolibrary.org/obo/XAO_0000148>
<http://purl.obolibrary.org/obo/XAO_0000185>	<http://www.w3.org/2000/01/rdf-schema#subClassOf>	<http://purl.obolibrary.org/obo/XAO_0003037>
<http://purl.obolibrary.org/obo/XAO_0000328>	<http://www.w3.org/2000/01/rdf-schema#subClassOf>	<http://purl.obolibrary.org/obo/XAO_0003041>
<http://purl.obolibrary.org/obo/XAO_0005313>	<http://www.w3.org/2000/01/rdf-schema#subClassOf>	<http://purl.obolibrary.org/obo/XAO_0004290>
<http://purl.obolibrary.org/obo/XAO_0004240>	<http://www.w3.org/2000/01/rdf-schema#subClassOf>	<http://purl.obolibrary.org/obo/XAO_0000115>
<http://purl.obolibrary.org/obo/XAO_0004244>	<http://www.w3.org/2000/01/rdf-schema#subClassOf>	<http://purl.obolibrary.org/obo/XAO_0000114>
<http://purl.obolibrary.org/obo/XAO_0003255>	<http://www.w3.org/2000/01/rdf-schema#subClassOf>	<http://purl.obolibrary.org/obo/XAO_0003012>
<http://purl.obolibrary.org/obo/XAO_0004015>	<http://www.w3.org/2000/01/rdf-schema#subClassOf>	<http://purl.obolibrary.org/obo/XAO_0004014>
<http://purl.obolibrary.org/obo/XAO_0004297>	<http://www.w3.org/2000/01/rdf-schema#subClassOf>	<http://purl.obolibrary.org/obo/XAO_0004264>
<http://purl.obolibrary.org/obo/XAO_0000226>	<http://www.w3.org/2000/01/rdf-schema#subClassOf>	<http://purl.obolibrary.org/obo/XAO_0004290>
<http://purl.obolibrary.org/obo/XAO_0004609>	<http://www.w3.org/2000/01/rdf-schema#subClassOf>	<http://purl.obolibrary.org/obo/XAO_0003160>
<http://purl.obolibrary.org/obo/XAO_0005130>	<http://www.w3.org/2000/01/rdf-schema#subClassOf>	<http://purl.obolibrary.org/obo/XAO_0003037>
<http://purl.obolibrary.org/obo/XAO_0000471>	<http://www.w3.org/2000/01/rdf-schema#subClassOf>	<http://purl.obolibrary.org/obo/XAO_0003014>
<http://purl.obolibrary.org/obo/XAO_1000067>	<http://www.w3.org/2000/01/rdf-schema#subClassOf>	<http://purl.obolibrary.org/obo/XAO_1000094>
<http://purl.obolibrary.org/obo/XAO_0005263>	<http://www.w3.org/2000/01/rdf-schema#subClassOf>	<http://purl.obolibrary.org/obo/XAO_0003040>
<http://purl.obolibrary.org/obo/XAO_0003112>	<http://www.w3.org/2000/01/rdf-schema#subClassOf>	<http://purl.obolibrary.org/obo/XAO_0000397>
<http://purl.obolibrary.org/obo/XAO_0004068>	<http://www.w3.org/2000/01/rdf-schema#subClassOf>	<http://purl.obolibrary.org/obo/XAO_0003040>
<http://purl.obolibrary.org/obo/XAO_0004071>	<http://www.w3.org/2000/01/rdf-schema#subClassOf>	<http://purl.obolibrary.org/obo/XAO_0003037>
<http://purl.obolibrary.org/obo/XAO_0005298>	<http://www.w3.org/2000/01/rdf-schema#subClassOf>	<http://purl.obolibrary.org/obo/XAO_0003045>
<http://purl.obolibrary.org/obo/XAO_0004210>	<http://www.w3.org/2000/01/rdf-schema#subClassOf>	<http://purl.obolibrary.org/obo/XAO_0003037>
<http://purl.obolibrary.org/obo/XAO_0004138>	<http://www.w3.org/2000/01/rdf-schema#subClassOf>	<http://purl.obolibrary.org/obo/XAO_0003249>
<http://purl.obolibrary.org/obo/XAO_0000125>	<http://www.w3.org/2000/01/rdf-schema#subClassOf>	<http://purl.obolibrary.org/obo/XAO_0003002>
<http://purl.obolibrary.org/obo/XAO_0005100>	<http://www.w3.org/2000/01/rdf-schema#subClassOf>	<http://purl.obolibrary.org/obo/XAO_0005112>
<http://purl.obolibrary.org/obo/XAO_0000003>	<http://www.w3.org/2000/01/rdf-schema#subClassOf>	<http://purl.obolibrary.org/obo/XAO_0003040>
<http://purl.obolibrary.org/obo/XAO_0005189>	<http://www.w3.org/2000/01/rdf-schema#subClassOf>	<http://purl.obolibrary.org/obo/XAO_0003037>
<http://purl.obolibrary.org/obo/XAO_0004096>	<http://www.w3.org/2000/01/rdf-schema#subClassOf>	<http://purl.obolibrary.org/obo/XAO_0003040>
<http://purl.obolibrary.org/obo/XAO_0004231>	<http://www.w3.org/2000/01/rdf-schema#subClassOf>	<http://purl.obolibrary.org/obo/XAO_0003028>
<http://purl.obolibrary.org/obo/XAO_0004217>	<http://www.w3.org/2000/01/rdf-schema#subClassOf>	<http://purl.obolibrary.org/obo/XAO_0003023>
<http://purl.obolibrary.org/obo/XAO_1000064>	<http://www.w3.org/2000/01/rdf-schema#subClassOf>	<http://purl.obolibrary.org/obo/XAO_1000094>
<http://purl.obolibrary.org/obo/XAO_0004112>	<http://www.w3.org/2000/01/rdf-schema#subClassOf>	<http://purl.obolibrary.org/obo/XAO_0004110>
<http://purl.obolibrary.org/obo/XAO_0003017>	<http://www.w3.org/2000/01/rdf-schema#subClassOf>	<http://purl.obolibrary.org/obo/XAO_0003255>
<http://purl.obolibrary.org/obo/XAO_0003202>	<http://www.w3.org/2000/01/rdf-schema#subClassOf>	<http://purl.obolibrary.org/obo/XAO_0004007>
<http://purl.obolibrary.org/obo/XAO_0006026>	<http://www.w3.org/2000/01/rdf-schema#subClassOf>	<http://purl.obolibrary.org/obo/XAO_0003012>
<http://purl.obolibrary.org/obo/XAO_0000371>	<http://www.w3.org/2000/01/rdf-schema#subClassOf>	<http://purl.obolibrary.org/obo/XAO_0003165>
<http://purl.obolibrary.org/obo/XAO_1000073>	<http://www.w3.org/2000/01/rdf-schema#subClassOf>	<http://purl.obolibrary.org/obo/XAO_1000094>
<http://purl.obolibrary.org/obo/XAO_0005109>	<http://www.w3.org/2000/01/rdf-schema#subClassOf>	<http://purl.obolibrary.org/obo/XAO_0005114>
<http://purl.obolibrary.org/obo/XAO_0003181>	<http://www.w3.org/2000/01/rdf-schema#subClassOf>	<http://purl.obolibrary.org/obo/XAO_0003180>
<http://purl.obolibrary.org/obo/XAO_0004356>	<http://www.w3.org/2000/01/rdf-schema#subClassOf>	<http://purl.obolibrary.org/obo/XAO_0004327>
<http://purl.obolibrary.org/obo/XAO_0005290>	<http://www.w3.org/2000/01/rdf-schema#subClassOf>	<http://purl.obolibrary.org/obo/XAO_0004290>
<http://purl.obolibrary.org/obo/XAO_0000048>	<http://www.w3.org/2000/01/rdf-schema#subClassOf>	<http://purl.obolibrary.org/obo/XAO_0003040>
<http://purl.obolibrary.org/obo/XAO_0004510>	<http://www.w3.org/2000/01/rdf-schema#subClassOf>	<http://purl.obolibrary.org/obo/XAO_0003012>
<http://purl.obolibrary.org/obo/XAO_0003013>	<http://www.w3.org/2000/01/rdf-schema#subClassOf>	<http://purl.obolibrary.org/obo/XAO_0005002>
<http://purl.obolibrary.org/obo/XAO_0004005>	<http://www.w3.org/2000/01/rdf-schema#subClassOf>	<http://purl.obolibrary.org/obo/XAO_0003000>
<http://purl.obolibrary.org/obo/XAO_0000064>	<http://www.w3.org/2000/01/rdf-schema#subClassOf>	<http://purl.obolibrary.org/obo/XAO_0003034>
<http://purl.obolibrary.org/obo/XAO_0004176>	<http://www.w3.org/2000/01/rdf-schema#subClassOf>	<http://purl.obolibrary.org/obo/XAO_0004143>
<http://purl.obolibrary.org/obo/XAO_0000172>	<http://www.w3.org/2000/01/rdf-schema#subClassOf>	<http://purl.obolibrary.org/obo/XAO_0003040>
<http://purl.obolibrary.org/obo/XAO_0005150>	<http://www.w3.org/2000/01/rdf-schema#subClassOf>	<http://purl.obolibrary.org/obo/XAO_0004322>
<http://purl.obolibrary.org/obo/XAO_0000016>	<http://www.w3.org/2000/01/rdf-schema#subClassOf>	<http://purl.obolibrary.org/obo/XAO_0004003>
<http://purl.obolibrary.org/obo/XAO_0000401>	<http://www.w3.org/2000/01/rdf-schema#subClassOf>	<http://purl.obolibrary.org/obo/XAO_0003040>
<http://purl.obolibrary.org/obo/XAO_0004441>	<http://www.w3.org/2000/01/rdf-schema#subClassOf>	<http://purl.obolibrary.org/obo/XAO_0004455>
<http://purl.obolibrary.org/obo/XAO_0000233>	<http://www.w3.org/2000/01/rdf-schema#subClassOf>	<http://purl.obolibrary.org/obo/XAO_0004290>
<http://purl.obolibrary.org/obo/XAO_0005005>	<http://www.w3.org/2000/01/rdf-schema#subClassOf>	<http://purl.obolibrary.org/obo/XAO_0003185>
<http://purl.obolibrary.org/obo/XAO_0004046>	<http://www.w3.org/2000/01/rdf-schema#subClassOf>	<http://purl.obolibrary.org/obo/XAO_0004038>
<http://purl.obolibrary.org/obo/XAO_0005262>	<http://www.w3.org/2000/01/rdf-schema#subClassOf>	<http://purl.obolibrary.org/obo/XAO_0003040>
<http://purl.obolibrary.org/obo/XAO_0001010>	<http://www.w3.org/2000/01/rdf-schema#subClassOf>	<http://purl.obolibrary.org/obo/XAO_0003002>
<http://purl.obolibrary.org/obo/XAO_1000011>	<http://www.w3.org/2000/01/rdf-schema#subClassOf>	<http://purl.obolibrary.org/obo/XAO_1000094>
<http://purl.obolibrary.org/obo/XAO_0005076>	<http://www.w3.org/2000/01/rdf-schema#subClassOf>	<http://purl.obolibrary.org/obo/XAO_0003186>
<http://purl.obolibrary.org/obo/XAO_0000210>	<http://www.w3.org/2000/01/rdf-schema#subClassOf>	<http://purl.obolibrary.org/obo/XAO_0000209>
<http://purl.obolibrary.org/obo/XAO_0005088>	<http://www.w3.org/2000/01/rdf-schema#subClassOf>	<http://purl.obolibrary.org/obo/XAO_0005113>
<http://purl.obolibrary.org/obo/XAO_0005228>	<http://www.w3.org/2000/01/rdf-schema#subClassOf>	<http://purl.obolibrary.org/obo/XAO_0003023>
<http://purl.obolibrary.org/obo/XAO_0005078>	<http://www.w3.org/2000/01/rdf-schema#subClassOf>	<http://purl.obolibrary.org/obo/XAO_0003040>
<http://purl.obolibrary.org/obo/XAO_0005019>	<http://www.w3.org/2000/01/rdf-schema#subClassOf>	<http://purl.obolibrary.org/obo/XAO_0003010>
<http://purl.obolibrary.org/obo/XAO_0004580>	<http://www.w3.org/2000/01/rdf-schema#subClassOf>	<http://purl.obolibrary.org/obo/XAO_0003160>
<http://purl.obolibrary.org/obo/XAO_0003216>	<http://www.w3.org/2000/01/rdf-schema#subClassOf>	<http://purl.obolibrary.org/obo/XAO_0003037>
<http://purl.obolibrary.org/obo/XAO_0000446>	<http://www.w3.org/2000/01/rdf-schema#subClassOf>	<http://purl.obolibrary.org/obo/XAO_0003037>
<http://purl.obolibrary.org/obo/XAO_0004575>	<http://www.w3.org/2000/01/rdf-schema#subClassOf>	<http://purl.obolibrary.org/obo/XAO_0004609>
<http://purl.obolibrary.org/obo/XAO_0000144>	<http://www.w3.org/2000/01/rdf-schema#subClassOf>	<http://purl.obolibrary.org/obo/XAO_0003037>
<http://purl.obolibrary.org/obo/XAO_0003269>	<http://www.w3.org/2000/01/rdf-schema#subClassOf>	<http://purl.obolibrary.org/obo/XAO_0004322>
<http://purl.obolibrary.org/obo/XAO_0000153>	<http://www.w3.org/2000/01/rdf-schema#subClassOf>	<http://purl.obolibrary.org/obo/XAO_0003037>
<http://purl.obolibrary.org/obo/XAO_1000007>	<http://www.w3.org/2000/01/rdf-schema#subClassOf>	<http://purl.obolibrary.org/obo/XAO_1000012>
<http://purl.obolibrary.org/obo/XAO_0000090>	<http://www.w3.org/2000/01/rdf-schema#subClassOf>	<http://purl.obolibrary.org/obo/XAO_0003011>
<http://purl.obolibrary.org/obo/XAO_0000142>	<http://www.w3.org/2000/01/rdf-schema#subClassOf>	<http://purl.obolibrary.org/obo/XAO_0003002>
<http://purl.obolibrary.org/obo/XAO_0003186>	<http://www.w3.org/2000/01/rdf-schema#subClassOf>	<http://purl.obolibrary.org/obo/XAO_0000000>
<http://purl.obolibrary.org/obo/XAO_0003053>	<http://www.w3.org/2000/01/rdf-schema#subClassOf>	<http://purl.obolibrary.org/obo/XAO_0003007>
<http://purl.obolibrary.org/obo/XAO_0003105>	<http://www.w3.org/2000/01/rdf-schema#subClassOf>	<http://purl.obolibrary.org/obo/XAO_0000315>
<http://purl.obolibrary.org/obo/XAO_0000341>	<http://www.w3.org/2000/01/rdf-schema#subClassOf>	<http://purl.obolibrary.org/obo/XAO_0000114>
<http://purl.obolibrary.org/obo/XAO_0004204>	<http://www.w3.org/2000/01/rdf-schema#subClassOf>	<http://purl.obolibrary.org/obo/XAO_0004193>
<http://purl.obolibrary.org/obo/XAO_0005030>	<http://www.w3.org/2000/01/rdf-schema#subClassOf>	<http://purl.obolibrary.org/obo/XAO_0003040>
<http://purl.obolibrary.org/obo/XAO_0004428>	<http://www.w3.org/2000/01/rdf-schema#subClassOf>	<http://purl.obolibrary.org/obo/XAO_0004455>
<http://purl.obolibrary.org/obo/XAO_0004288>	<http://www.w3.org/2000/01/rdf-schema#subClassOf>	<http://purl.obolibrary.org/obo/XAO_0004012>
<http://purl.obolibrary.org/obo/XAO_0001013>	<http://www.w3.org/2000/01/rdf-schema#subClassOf>	<http://purl.obolibrary.org/obo/XAO_0000172>
<http://purl.obolibrary.org/obo/XAO_0003183>	<http://www.w3.org/2000/01/rdf-schema#subClassOf>	<http://purl.obolibrary.org/obo/XAO_0003180>
<http://purl.obolibrary.org/obo/XAO_0004468>	<http://www.w3.org/2000/01/rdf-schema#subClassOf>	<http://purl.obolibrary.org/obo/XAO_0003037>
<http://purl.obolibrary.org/obo/XAO_0004450>	<http://www.w3.org/2000/01/rdf-schema#subClassOf>	<http://purl.obolibrary.org/obo/XAO_0004455>
<http://purl.obolibrary.org/obo/XAO_0004317>	<http://www.w3.org/2000/01/rdf-schema#subClassOf>	<http://purl.obolibrary.org/obo/XAO_0003040>
<http://purl.obolibrary.org/obo/XAO_0004534>	<http://www.w3.org/2000/01/rdf-schema#subClassOf>	<http://purl.obolibrary.org/obo/XAO_0004609>
<http://purl.obolibrary.org/obo/XAO_0004027>	<http://www.w3.org/2000/01/rdf-schema#subClassOf>	<http://purl.obolibrary.org/obo/XAO_0003162>
<http://purl.obolibrary.org/obo/XAO_0000306>	<http://www.w3.org/2000/01/rdf-schema#subClassOf>	<http://purl.obolibrary.org/obo/XAO_0003037>
<http://purl.obolibrary.org/obo/XAO_0006037>	<http://www.w3.org/2000/01/rdf-schema#subClassOf>	<http://purl.obolibrary.org/obo/XAO_0005044>
<http://purl.obolibrary.org/obo/XAO_0000379>	<http://www.w3.org/2000/01/rdf-schema#subClassOf>	<http://purl.obolibrary.org/obo/XAO_0000115>
<http://purl.obolibrary.org/obo/XAO_0004371>	<http://www.w3.org/2000/01/rdf-schema#subClassOf>	<http://purl.obolibrary.org/obo/XAO_0004013>
<http://purl.obolibrary.org/obo/XAO_0005016>	<http://www.w3.org/2000/01/rdf-schema#subClassOf>	<http://purl.obolibrary.org/obo/XAO_0005317>
<http://purl.obolibrary.org/obo/XAO_1000001>	<http://www.w3.org/2000/01/rdf-schema#subClassOf>	<http://purl.obolibrary.org/obo/XAO_1000094>
<http://purl.obolibrary.org/obo/XAO_0003156>	<http://www.w3.org/2000/01/rdf-schema#subClassOf>	<http://purl.obolibrary.org/obo/XAO_0003157>
<http://purl.obolibrary.org/obo/XAO_0004164>	<http://www.w3.org/2000/01/rdf-schema#subClassOf>	<http://purl.obolibrary.org/obo/XAO_0004075>
<http://purl.obolibrary.org/obo/XAO_0005084>	<http://www.w3.org/2000/01/rdf-schema#subClassOf>	<http://purl.obolibrary.org/obo/XAO_0003016>
<http://purl.obolibrary.org/obo/XAO_0003006>	<http://www.w3.org/2000/01/rdf-schema#subClassOf>	<http://purl.obolibrary.org/obo/XAO_0003004>
<http://purl.obolibrary.org/obo/XAO_0004293>	<http://www.w3.org/2000/01/rdf-schema#subClassOf>	<http://purl.obolibrary.org/obo/XAO_0004290>
<http://purl.obolibrary.org/obo/XAO_0000318>	<http://www.w3.org/2000/01/rdf-schema#subClassOf>	<http://purl.obolibrary.org/obo/XAO_0003037>
<http://purl.obolibrary.org/obo/XAO_0005251>	<http://www.w3.org/2000/01/rdf-schema#subClassOf>	<http://purl.obolibrary.org/obo/XAO_0003040>
<http://purl.obolibrary.org/obo/XAO_0004021>	<http://www.w3.org/2000/01/rdf-schema#subClassOf>	<http://purl.obolibrary.org/obo/XAO_0003000>
<http://purl.obolibrary.org/obo/XAO_0005131>	<http://www.w3.org/2000/01/rdf-schema#subClassOf>	<http://purl.obolibrary.org/obo/XAO_0004308>
<http://purl.obolibrary.org/obo/XAO_0004036>	<http://www.w3.org/2000/01/rdf-schema#subClassOf>	<http://purl.obolibrary.org/obo/XAO_0004034>
<http://purl.obolibrary.org/obo/XAO_0004485>	<http://www.w3.org/2000/01/rdf-schema#subClassOf>	<http://purl.obolibrary.org/obo/XAO_0003247>
<http://purl.obolibrary.org/obo/XAO_0004058>	<http://www.w3.org/2000/01/rdf-schema#subClassOf>	<http://purl.obolibrary.org/obo/XAO_0003047>
<http://purl.obolibrary.org/obo/XAO_1000031>	<http://www.w3.org/2000/01/rdf-schema#subClassOf>	<http://purl.obolibrary.org/obo/XAO_1000094>
<http://purl.obolibrary.org/obo/XAO_1000094>	<http://www.w3.org/2000/01/rdf-schema#subClassOf>	<http://purl.obolibrary.org/obo/XAO_1000000>
<http://purl.obolibrary.org/obo/XAO_0005193>	<http://www.w3.org/2000/01/rdf-schema#subClassOf>	<http://purl.obolibrary.org/obo/XAO_0003042>
<http://purl.obolibrary.org/obo/XAO_0003152>	<http://www.w3.org/2000/01/rdf-schema#subClassOf>	<http://purl.obolibrary.org/obo/XAO_0003002>
<http://purl.obolibrary.org/obo/XAO_0004263>	<http://www.w3.org/2000/01/rdf-schema#subClassOf>	<http://purl.obolibrary.org/obo/XAO_0004294>
<http://purl.obolibrary.org/obo/XAO_0000467>	<http://www.w3.org/2000/01/rdf-schema#subClassOf>	<http://purl.obolibrary.org/obo/XAO_0003043>
<http://purl.obolibrary.org/obo/XAO_0003151>	<http://www.w3.org/2000/01/rdf-schema#subClassOf>	<http://purl.obolibrary.org/obo/XAO_0000111>
<http://purl.obolibrary.org/obo/XAO_0000289>	<http://www.w3.org/2000/01/rdf-schema#subClassOf>	<http://purl.obolibrary.org/obo/XAO_0003040>
<http://purl.obolibrary.org/obo/XAO_0004482>	<http://www.w3.org/2000/01/rdf-schema#subClassOf>	<http://purl.obolibrary.org/obo/XAO_0003012>
<http://purl.obolibrary.org/obo/XAO_0000002>	<http://www.w3.org/2000/01/rdf-schema#subClassOf>	<http://purl.obolibrary.org/obo/XAO_0003028>
<http://purl.obolibrary.org/obo/XAO_0005126>	<http://www.w3.org/2000/01/rdf-schema#subClassOf>	<http://purl.obolibrary.org/obo/XAO_0003042>
<http://purl.obolibrary.org/obo/XAO_0004040>	<http://www.w3.org/2000/01/rdf-schema#subClassOf>	<http://purl.obolibrary.org/obo/XAO_0004039>
<http://purl.obolibrary.org/obo/XAO_0004566>	<http://www.w3.org/2000/01/rdf-schema#subClassOf>	<http://purl.obolibrary.org/obo/XAO_0004609>
<http://purl.obolibrary.org/obo/XAO_0005058>	<http://www.w3.org/2000/01/rdf-schema#subClassOf>	<http://purl.obolibrary.org/obo/XAO_0003040>
<http://purl.obolibrary.org/obo/XAO_0004159>	<http://www.w3.org/2000/01/rdf-schema#subClassOf>	<http://purl.obolibrary.org/obo/XAO_0004160>
<http://purl.obolibrary.org/obo/XAO_0005291>	<http://www.w3.org/2000/01/rdf-schema#subClassOf>	<http://purl.obolibrary.org/obo/XAO_0003042>
<http://purl.obolibrary.org/obo/XAO_0005303>	<http://www.w3.org/2000/01/rdf-schema#subClassOf>	<http://purl.obolibrary.org/obo/XAO_0003186>
<http://purl.obolibrary.org/obo/XAO_0000242>	<http://www.w3.org/2000/01/rdf-schema#subClassOf>	<http://purl.obolibrary.org/obo/XAO_0004000>
<http://purl.obolibrary.org/obo/XAO_0004439>	<http://www.w3.org/2000/01/rdf-schema#subClassOf>	<http://purl.obolibrary.org/obo/XAO_0004455>
<http://purl.obolibrary.org/obo/XAO_0000282>	<http://www.w3.org/2000/01/rdf-schema#subClassOf>	<http://purl.obolibrary.org/obo/XAO_0003042>
<http://purl.obolibrary.org/obo/XAO_0000388>	<http://www.w3.org/2000/01/rdf-schema#subClassOf>	<http://purl.obolibrary.org/obo/XAO_0000115>
<http://purl.obolibrary.org/obo/XAO_0004469>	<http://www.w3.org/2000/01/rdf-schema#subClassOf>	<http://purl.obolibrary.org/obo/XAO_0003040>
<http://purl.obolibrary.org/obo/XAO_1000057>	<http://www.w3.org/2000/01/rdf-schema#subClassOf>	<http://purl.obolibrary.org/obo/XAO_1000094>
<http://purl.obolibrary.org/obo/XAO_0003260>	<http://www.w3.org/2000/01/rdf-schema#subClassOf>	<http://purl.obolibrary.org/obo/XAO_0004150>
<http://purl.obolibrary.org/obo/XAO_0004089>	<http://www.w3.org/2000/01/rdf-schema#subClassOf>	<http://purl.obolibrary.org/obo/XAO_0003186>
<http://purl.obolibrary.org/obo/XAO_0004098>	<http://www.w3.org/2000/01/rdf-schema#subClassOf>	<http://purl.obolibrary.org/obo/XAO_0004267>
<http://purl.obolibrary.org/obo/XAO_0004303>	<http://www.w3.org/2000/01/rdf-schema#subClassOf>	<http://purl.obolibrary.org/obo/XAO_0003037>
<http://purl.obolibrary.org/obo/XAO_0005265>	<http://www.w3.org/2000/01/rdf-schema#subClassOf>	<http://purl.obolibrary.org/obo/XAO_0003013>
<http://purl.obolibrary.org/obo/XAO_0003123>	<http://www.w3.org/2000/01/rdf-schema#subClassOf>	<http://purl.obolibrary.org/obo/XAO_0000397>
<http://purl.obolibrary.org/obo/XAO_0000454>	<http://www.w3.org/2000/01/rdf-schema#subClassOf>	<http://purl.obolibrary.org/obo/XAO_0003040>
<http://purl.obolibrary.org/obo/XAO_0003150>	<http://www.w3.org/2000/01/rdf-schema#subClassOf>	<http://purl.obolibrary.org/obo/XAO_0000111>
<http://purl.obolibrary.org/obo/XAO_0000236>	<http://www.w3.org/2000/01/rdf-schema#subClassOf>	<http://purl.obolibrary.org/obo/XAO_0003037>
<http://purl.obolibrary.org/obo/XAO_0004132>	<http://www.w3.org/2000/01/rdf-schema#subClassOf>	<http://purl.obolibrary.org/obo/XAO_0003042>
<http://purl.obolibrary.org/obo/XAO_0005034>	<http://www.w3.org/2000/01/rdf-schema#subClassOf>	<http://purl.obolibrary.org/obo/XAO_0005033>
<http://purl.obolibrary.org/obo/XAO_0003219>	<http://www.w3.org/2000/01/rdf-schema#subClassOf>	<http://purl.obolibrary.org/obo/XAO_0003040>
<http://purl.obolibrary.org/obo/XAO_0000449>	<http://www.w3.org/2000/01/rdf-schema#subClassOf>	<http://purl.obolibrary.org/obo/XAO_0000099>
<http://purl.obolibrary.org/obo/XAO_0004544>	<http://www.w3.org/2000/01/rdf-schema#subClassOf>	<http://purl.obolibrary.org/obo/XAO_0004609>
<http://purl.obolibrary.org/obo/XAO_0003201>	<http://www.w3.org/2000/01/rdf-schema#subClassOf>	<http://purl.obolibrary.org/obo/XAO_0003045>
<http://purl.obolibrary.org/obo/XAO_0005213>	<http://www.w3.org/2000/01/rdf-schema#subClassOf>	<http://purl.obolibrary.org/obo/XAO_0003186>
<http://purl.obolibrary.org/obo/XAO_0005181>	<http://www.w3.org/2000/01/rdf-schema#subClassOf>	<http://purl.obolibrary.org/obo/XAO_0004267>
<http://purl.obolibrary.org/obo/XAO_0004053>	<http://www.w3.org/2000/01/rdf-schema#subClassOf>	<http://purl.obolibrary.org/obo/XAO_0003160>
<http://purl.obolibrary.org/obo/XAO_0004044>	<http://www.w3.org/2000/01/rdf-schema#subClassOf>	<http://purl.obolibrary.org/obo/XAO_0004029>
<http://purl.obolibrary.org/obo/XAO_0005046>	<http://www.w3.org/2000/01/rdf-schema#subClassOf>	<http://purl.obolibrary.org/obo/XAO_0003037>
<http://purl.obolibrary.org/obo/XAO_0005132>	<http://www.w3.org/2000/01/rdf-schema#subClassOf>	<http://purl.obolibrary.org/obo/XAO_0004290>
<http://purl.obolibrary.org/obo/XAO_0000462>	<http://www.w3.org/2000/01/rdf-schema#subClassOf>	<http://purl.obolibrary.org/obo/XAO_0004002>
<http://purl.obolibrary.org/obo/XAO_0004364>	<http://www.w3.org/2000/01/rdf-schema#subClassOf>	<http://purl.obolibrary.org/obo/XAO_0004013>
<http://purl.obolibrary.org/obo/XAO_0003119>	<http://www.w3.org/2000/01/rdf-schema#subClassOf>	<http://purl.obolibrary.org/obo/XAO_0000315>
<http://purl.obolibrary.org/obo/XAO_0000372>	<http://www.w3.org/2000/01/rdf-schema#subClassOf>	<http://purl.obolibrary.org/obo/XAO_0003165>
<http://purl.obolibrary.org/obo/XAO_0000278>	<http://www.w3.org/2000/01/rdf-schema#subClassOf>	<http://purl.obolibrary.org/obo/XAO_0003040>
<http://purl.obolibrary.org/obo/XAO_0005502>	<http://www.w3.org/2000/01/rdf-schema#subClassOf>	<http://purl.obolibrary.org/obo/XAO_0003013>
<http://purl.obolibrary.org/obo/XAO_0003252>	<http://www.w3.org/2000/01/rdf-schema#subClassOf>	<http://purl.obolibrary.org/obo/XAO_0003012>
<http://purl.obolibrary.org/obo/XAO_0006030>	<http://www.w3.org/2000/01/rdf-schema#subClassOf>	<http://purl.obolibrary.org/obo/XAO_0003012>
<http://purl.obolibrary.org/obo/XAO_0004186>	<http://www.w3.org/2000/01/rdf-schema#subClassOf>	<http://purl.obolibrary.org/obo/XAO_0003040>
<http://purl.obolibrary.org/obo/XAO_0004258>	<http://www.w3.org/2000/01/rdf-schema#subClassOf>	<http://purl.obolibrary.org/obo/XAO_0003037>
<http://purl.obolibrary.org/obo/XAO_0000189>	<http://www.w3.org/2000/01/rdf-schema#subClassOf>	<http://purl.obolibrary.org/obo/XAO_0003165>
<http://purl.obolibrary.org/obo/XAO_0003146>	<http://www.w3.org/2000/01/rdf-schema#subClassOf>	<http://purl.obolibrary.org/obo/XAO_0003165>
<http://purl.obolibrary.org/obo/XAO_0003098>	<http://www.w3.org/2000/01/rdf-schema#subClassOf>	<http://purl.obolibrary.org/obo/XAO_0003037>
<http://purl.obolibrary.org/obo/XAO_0004283>	<http://www.w3.org/2000/01/rdf-schema#subClassOf>	<http://purl.obolibrary.org/obo/XAO_0000218>
<http://purl.obolibrary.org/obo/XAO_0003056>	<http://www.w3.org/2000/01/rdf-schema#subClassOf>	<http://purl.obolibrary.org/obo/XAO_0003185>
<http://purl.obolibrary.org/obo/XAO_0001015>	<http://www.w3.org/2000/01/rdf-schema#subClassOf>	<http://purl.obolibrary.org/obo/XAO_0003037>
<http://purl.obolibrary.org/obo/XAO_0000113>	<http://www.w3.org/2000/01/rdf-schema#subClassOf>	<http://purl.obolibrary.org/obo/XAO_0000000>
<http://purl.obolibrary.org/obo/XAO_0000329>	<http://www.w3.org/2000/01/rdf-schema#subClassOf>	<http://purl.obolibrary.org/obo/XAO_0003045>
<http://purl.obolibrary.org/obo/XAO_0005269>	<http://www.w3.org/2000/01/rdf-schema#subClassOf>	<http://purl.obolibrary.org/obo/XAO_0004059>
<http://purl.obolibrary.org/obo/XAO_0004547>	<http://www.w3.org/2000/01/rdf-schema#subClassOf>	<http://purl.obolibrary.org/obo/XAO_0003160>
<http://purl.obolibrary.org/obo/XAO_1000068>	<http://www.w3.org/2000/01/rdf-schema#subClassOf>	<http://purl.obolibrary.org/obo/XAO_1000094>
<http://purl.obolibrary.org/obo/XAO_0004207>	<http://www.w3.org/2000/01/rdf-schema#subClassOf>	<http://purl.obolibrary.org/obo/XAO_0003040>
<http://purl.obolibrary.org/obo/XAO_0004003>	<http://www.w3.org/2000/01/rdf-schema#subClassOf>	<http://purl.obolibrary.org/obo/XAO_0000000>
<http://purl.obolibrary.org/obo/XAO_0005169>	<http://www.w3.org/2000/01/rdf-schema#subClassOf>	<http://purl.obolibrary.org/obo/XAO_0003043>
<http://purl.obolibrary.org/obo/XAO_0004355>	<http://www.w3.org/2000/01/rdf-schema#subClassOf>	<http://purl.obolibrary.org/obo/XAO_0004327>
<http://purl.obolibrary.org/obo/XAO_0004102>	<http://www.w3.org/2000/01/rdf-schema#subClassOf>	<http://purl.obolibrary.org/obo/XAO_0003040>
<http://purl.obolibrary.org/obo/XAO_0004226>	<http://www.w3.org/2000/01/rdf-schema#subClassOf>	<http://purl.obolibrary.org/obo/XAO_0003037>
<http://purl.obolibrary.org/obo/XAO_0004237>	<http://www.w3.org/2000/01/rdf-schema#subClassOf>	<http://purl.obolibrary.org/obo/XAO_0003040>
<http://purl.obolibrary.org/obo/XAO_0005308>	<http://www.w3.org/2000/01/rdf-schema#subClassOf>	<http://purl.obolibrary.org/obo/XAO_0003040>
<http://purl.obolibrary.org/obo/XAO_0005299>	<http://www.w3.org/2000/01/rdf-schema#subClassOf>	<http://purl.obolibrary.org/obo/XAO_0003045>
<http://purl.obolibrary.org/obo/XAO_0000439>	<http://www.w3.org/2000/01/rdf-schema#subClassOf>	<http://purl.obolibrary.org/obo/XAO_0003190>
<http://purl.obolibrary.org/obo/XAO_0000177>	<http://www.w3.org/2000/01/rdf-schema#subClassOf>	<http://purl.obolibrary.org/obo/XAO_0003002>
<http://purl.obolibrary.org/obo/XAO_0004095>	<http://www.w3.org/2000/01/rdf-schema#subClassOf>	<http://purl.obolibrary.org/obo/XAO_0003040>
<http://purl.obolibrary.org/obo/XAO_0000309>	<http://www.w3.org/2000/01/rdf-schema#subClassOf>	<http://purl.obolibrary.org/obo/XAO_0003186>
<http://purl.obolibrary.org/obo/XAO_0005140>	<http://www.w3.org/2000/01/rdf-schema#subClassOf>	<http://purl.obolibrary.org/obo/XAO_0003037>
<http://purl.obolibrary.org/obo/XAO_0006027>	<http://www.w3.org/2000/01/rdf-schema#subClassOf>	<http://purl.obolibrary.org/obo/XAO_0003012>
<http://purl.obolibrary.org/obo/XAO_0000323>	<http://www.w3.org/2000/01/rdf-schema#subClassOf>	<http://purl.obolibrary.org/obo/XAO_0000209>
<http://purl.obolibrary.org/obo/XAO_0004391>	<http://www.w3.org/2000/01/rdf-schema#subClassOf>	<http://purl.obolibrary.org/obo/XAO_0003040>
<http://purl.obolibrary.org/obo/XAO_0004476>	<http://www.w3.org/2000/01/rdf-schema#subClassOf>	<http://purl.obolibrary.org/obo/XAO_0004475>
<http://purl.obolibrary.org/obo/XAO_0003087>	<http://www.w3.org/2000/01/rdf-schema#subClassOf>	<http://purl.obolibrary.org/obo/XAO_0003160>
<http://purl.obolibrary.org/obo/XAO_0004410>	<http://www.w3.org/2000/01/rdf-schema#subClassOf>	<http://purl.obolibrary.org/obo/XAO_0003046>
<http://purl.obolibrary.org/obo/XAO_0000078>	<http://www.w3.org/2000/01/rdf-schema#subClassOf>	<http://purl.obolibrary.org/obo/XAO_0003042>
<http://purl.obolibrary.org/obo/XAO_0000041>	<http://www.w3.org/2000/01/rdf-schema#subClassOf>	<http://purl.obolibrary.org/obo/XAO_0003040>
<http://purl.obolibrary.org/obo/XAO_0004166>	<http://www.w3.org/2000/01/rdf-schema#subClassOf>	<http://purl.obolibrary.org/obo/XAO_0000376>
<http://purl.obolibrary.org/obo/XAO_0000475>	<http://www.w3.org/2000/01/rdf-schema#subClassOf>	<http://purl.obolibrary.org/obo/XAO_0003040>
<http://purl.obolibrary.org/obo/XAO_0000385>	<http://www.w3.org/2000/01/rdf-schema#subClassOf>	<http://purl.obolibrary.org/obo/XAO_0003190>
<http://purl.obolibrary.org/obo/XAO_0004169>	<http://www.w3.org/2000/01/rdf-schema#subClassOf>	<http://purl.obolibrary.org/obo/XAO_0000115>
<http://purl.obolibrary.org/obo/XAO_1000074>	<http://www.w3.org/2000/01/rdf-schema#subClassOf>	<http://purl.obolibrary.org/obo/XAO_1000094>
<http://purl.obolibrary.org/obo/XAO_0003003>	<http://www.w3.org/2000/01/rdf-schema#subClassOf>	<http://purl.obolibrary.org/obo/XAO_0000000>
<http://purl.obolibrary.org/obo/XAO_0004586>	<http://www.w3.org/2000/01/rdf-schema#subClassOf>	<http://purl.obolibrary.org/obo/XAO_0003160>
<http://purl.obolibrary.org/obo/XAO_0005162>	<http://www.w3.org/2000/01/rdf-schema#subClassOf>	<http://purl.obolibrary.org/obo/XAO_0004289>
<http://purl.obolibrary.org/obo/XAO_0000074>	<http://www.w3.org/2000/01/rdf-schema#subClassOf>	<http://purl.obolibrary.org/obo/XAO_0000068>
<http://purl.obolibrary.org/obo/XAO_0000261>	<http://www.w3.org/2000/01/rdf-schema#subClassOf>	<http://purl.obolibrary.org/obo/XAO_0003040>
<http://purl.obolibrary.org/obo/XAO_0000273>	<http://www.w3.org/2000/01/rdf-schema#subClassOf>	<http://purl.obolibrary.org/obo/XAO_0003165>
<http://purl.obolibrary.org/obo/XAO_0004408>	<http://www.w3.org/2000/01/rdf-schema#subClassOf>	<http://purl.obolibrary.org/obo/XAO_0003046>
<http://purl.obolibrary.org/obo/XAO_0000424>	<http://www.w3.org/2000/01/rdf-schema#subClassOf>	<http://purl.obolibrary.org/obo/XAO_0003143>
<http://purl.obolibrary.org/obo/XAO_0005043>	<http://www.w3.org/2000/01/rdf-schema#subClassOf>	<http://purl.obolibrary.org/obo/XAO_0003012>
<http://purl.obolibrary.org/obo/XAO_0003132>	<http://www.w3.org/2000/01/rdf-schema#subClassOf>	<http://purl.obolibrary.org/obo/XAO_0000315>
<http://purl.obolibrary.org/obo/XAO_0005316>	<http://www.w3.org/2000/01/rdf-schema#subClassOf>	<http://purl.obolibrary.org/obo/XAO_0004307>
<http://purl.obolibrary.org/obo/XAO_0004131>	<http://www.w3.org/2000/01/rdf-schema#subClassOf>	<http://purl.obolibrary.org/obo/XAO_0004138>
<http://purl.obolibrary.org/obo/XAO_0005261>	<http://www.w3.org/2000/01/rdf-schema#subClassOf>	<http://purl.obolibrary.org/obo/XAO_0003040>
<http://purl.obolibrary.org/obo/XAO_0005151>	<http://www.w3.org/2000/01/rdf-schema#subClassOf>	<http://purl.obolibrary.org/obo/XAO_0004322>
<http://purl.obolibrary.org/obo/XAO_1000027>	<http://www.w3.org/2000/01/rdf-schema#subClassOf>	<http://purl.obolibrary.org/obo/XAO_1000094>
<http://purl.obolibrary.org/obo/XAO_0005304>	<http://www.w3.org/2000/01/rdf-schema#subClassOf>	<http://purl.obolibrary.org/obo/XAO_0003186>
<http://purl.obolibrary.org/obo/XAO_0000110>	<http://www.w3.org/2000/01/rdf-schema#subClassOf>	<http://purl.obolibrary.org/obo/XAO_0003042>
<http://purl.obolibrary.org/obo/XAO_0005282>	<http://www.w3.org/2000/01/rdf-schema#subClassOf>	<http://purl.obolibrary.org/obo/XAO_0004290>
<http://purl.obolibrary.org/obo/XAO_0000310>	<http://www.w3.org/2000/01/rdf-schema#subClassOf>	<http://purl.obolibrary.org/obo/XAO_0003040>
<http://purl.obolibrary.org/obo/XAO_0004523>	<http://www.w3.org/2000/01/rdf-schema#subClassOf>	<http://purl.obolibrary.org/obo/XAO_0003023>
<http://purl.obolibrary.org/obo/XAO_0003084>	<http://www.w3.org/2000/01/rdf-schema#subClassOf>	<http://purl.obolibrary.org/obo/XAO_0003160>
<http://purl.obolibrary.org/obo/XAO_0004086>	<http://www.w3.org/2000/01/rdf-schema#subClassOf>	<http://purl.obolibrary.org/obo/XAO_0003042>
<http://purl.obolibrary.org/obo/XAO_0000228>	<http://www.w3.org/2000/01/rdf-schema#subClassOf>	<http://purl.obolibrary.org/obo/XAO_0003042>
<http://purl.obolibrary.org/obo/XAO_0006022>	<http://www.w3.org/2000/01/rdf-schema#subClassOf>	<http://purl.obolibrary.org/obo/XAO_0003155>
<http://purl.obolibrary.org/obo/XAO_0003226>	<http://www.w3.org/2000/01/rdf-schema#subClassOf>	<http://purl.obolibrary.org/obo/XAO_0003037>
<http://purl.obolibrary.org/obo/XAO_0003244>	<http://www.w3.org/2000/01/rdf-schema#subClassOf>	<http://purl.obolibrary.org/obo/XAO_0003241>
<http://purl.obolibrary.org/obo/XAO_0005089>	<http://www.w3.org/2000/01/rdf-schema#subClassOf>	<http://purl.obolibrary.org/obo/XAO_0005113>
<http://purl.obolibrary.org/obo/XAO_1000021>	<http://www.w3.org/2000/01/rdf-schema#subClassOf>	<http://purl.obolibrary.org/obo/XAO_1000094>
<http://purl.obolibrary.org/obo/XAO_0005229>	<http://www.w3.org/2000/01/rdf-schema#subClassOf>	<http://purl.obolibrary.org/obo/XAO_0003023>
<http://purl.obolibrary.org/obo/XAO_0000235>	<http://www.w3.org/2000/01/rdf-schema#subClassOf>	<http://purl.obolibrary.org/obo/XAO_0003042>
<http://purl.obolibrary.org/obo/XAO_0003137>	<http://www.w3.org/2000/01/rdf-schema#subClassOf>	<http://purl.obolibrary.org/obo/XAO_0000397>
<http://purl.obolibrary.org/obo/XAO_0000008>	<http://www.w3.org/2000/01/rdf-schema#subClassOf>	<http://purl.obolibrary.org/obo/XAO_0003037>
<http://purl.obolibrary.org/obo/XAO_0004282>	<http://www.w3.org/2000/01/rdf-schema#subClassOf>	<http://purl.obolibrary.org/obo/XAO_0004289>
<http://purl.obolibrary.org/obo/XAO_0005196>	<http://www.w3.org/2000/01/rdf-schema#subClassOf>	<http://purl.obolibrary.org/obo/XAO_0006044>
<http://purl.obolibrary.org/obo/XAO_0004576>	<http://www.w3.org/2000/01/rdf-schema#subClassOf>	<http://purl.obolibrary.org/obo/XAO_0004609>
<http://purl.obolibrary.org/obo/XAO_0005296>	<http://www.w3.org/2000/01/rdf-schema#subClassOf>	<http://purl.obolibrary.org/obo/XAO_0004290>
<http://purl.obolibrary.org/obo/XAO_0003104>	<http://www.w3.org/2000/01/rdf-schema#subClassOf>	<http://purl.obolibrary.org/obo/XAO_0000315>
<http://purl.obolibrary.org/obo/XAO_0004295>	<http://www.w3.org/2000/01/rdf-schema#subClassOf>	<http://purl.obolibrary.org/obo/XAO_0004263>
<http://purl.obolibrary.org/obo/XAO_0000412>	<http://www.w3.org/2000/01/rdf-schema#subClassOf>	<http://purl.obolibrary.org/obo/XAO_0000314>
<http://purl.obolibrary.org/obo/XAO_0005082>	<http://www.w3.org/2000/01/rdf-schema#subClassOf>	<http://purl.obolibrary.org/obo/XAO_0004290>
<http://purl.obolibrary.org/obo/XAO_0004429>	<http://www.w3.org/2000/01/rdf-schema#subClassOf>	<http://purl.obolibrary.org/obo/XAO_0004455>
<http://purl.obolibrary.org/obo/XAO_0001016>	<http://www.w3.org/2000/01/rdf-schema#subClassOf>	<http://purl.obolibrary.org/obo/XAO_0003015>
<http://purl.obolibrary.org/obo/XAO_0004589>	<http://www.w3.org/2000/01/rdf-schema#subClassOf>	<http://purl.obolibrary.org/obo/XAO_0004609>
<http://purl.obolibrary.org/obo/XAO_0005170>	<http://www.w3.org/2000/01/rdf-schema#subClassOf>	<http://purl.obolibrary.org/obo/XAO_0003186>
<http://purl.obolibrary.org/obo/XAO_0004141>	<http://www.w3.org/2000/01/rdf-schema#subClassOf>	<http://purl.obolibrary.org/obo/XAO_0005422>
<http://purl.obolibrary.org/obo/XAO_0003182>	<http://www.w3.org/2000/01/rdf-schema#subClassOf>	<http://purl.obolibrary.org/obo/XAO_0003180>
<http://purl.obolibrary.org/obo/XAO_0004041>	<http://www.w3.org/2000/01/rdf-schema#subClassOf>	<http://purl.obolibrary.org/obo/XAO_0004039>
<http://purl.obolibrary.org/obo/XAO_0004140>	<http://www.w3.org/2000/01/rdf-schema#subClassOf>	<http://purl.obolibrary.org/obo/XAO_0003037>
<http://purl.obolibrary.org/obo/XAO_0005015>	<http://www.w3.org/2000/01/rdf-schema#subClassOf>	<http://purl.obolibrary.org/obo/XAO_0005317>
<http://purl.obolibrary.org/obo/XAO_0000440>	<http://www.w3.org/2000/01/rdf-schema#subClassOf>	<http://purl.obolibrary.org/obo/XAO_0004620>
<http://purl.obolibrary.org/obo/XAO_0000285>	<http://www.w3.org/2000/01/rdf-schema#subClassOf>	<http://purl.obolibrary.org/obo/XAO_0003037>
<http://purl.obolibrary.org/obo/XAO_0000378>	<http://www.w3.org/2000/01/rdf-schema#subClassOf>	<http://purl.obolibrary.org/obo/XAO_0000115>
<http://purl.obolibrary.org/obo/XAO_0004451>	<http://www.w3.org/2000/01/rdf-schema#subClassOf>	<http://purl.obolibrary.org/obo/XAO_0004455>
<http://purl.obolibrary.org/obo/XAO_0000192>	<http://www.w3.org/2000/01/rdf-schema#subClassOf>	<http://purl.obolibrary.org/obo/XAO_0003160>
<http://purl.obolibrary.org/obo/XAO_0004043>	<http://www.w3.org/2000/01/rdf-schema#subClassOf>	<http://purl.obolibrary.org/obo/XAO_0000170>
<http://purl.obolibrary.org/obo/XAO_0004121>	<http://www.w3.org/2000/01/rdf-schema#subClassOf>	<http://purl.obolibrary.org/obo/XAO_0004122>
<http://purl.obolibrary.org/obo/XAO_0005093>	<http://www.w3.org/2000/01/rdf-schema#subClassOf>	<http://purl.obolibrary.org/obo/XAO_0005115>
<http://purl.obolibrary.org/obo/XAO_0000305>	<http://www.w3.org/2000/01/rdf-schema#subClassOf>	<http://purl.obolibrary.org/obo/XAO_0003042>
<http://purl.obolibrary.org/obo/XAO_0005218>	<http://www.w3.org/2000/01/rdf-schema#subClassOf>	<http://purl.obolibrary.org/obo/XAO_0003186>
<http://purl.obolibrary.org/obo/XAO_0000375>	<http://www.w3.org/2000/01/rdf-schema#subClassOf>	<http://purl.obolibrary.org/obo/XAO_0003037>
<http://purl.obolibrary.org/obo/XAO_0003141>	<http://www.w3.org/2000/01/rdf-schema#subClassOf>	<http://purl.obolibrary.org/obo/XAO_0000397>
<http://purl.obolibrary.org/obo/XAO_0000277>	<http://www.w3.org/2000/01/rdf-schema#subClassOf>	<http://purl.obolibrary.org/obo/XAO_0003190>
<http://purl.obolibrary.org/obo/XAO_0000206>	<http://www.w3.org/2000/01/rdf-schema#subClassOf>	<http://purl.obolibrary.org/obo/XAO_0003043>
<http://purl.obolibrary.org/obo/XAO_0004152>	<http://www.w3.org/2000/01/rdf-schema#subClassOf>	<http://purl.obolibrary.org/obo/XAO_0003037>
<http://purl.obolibrary.org/obo/XAO_0004271>	<http://www.w3.org/2000/01/rdf-schema#subClassOf>	<http://purl.obolibrary.org/obo/XAO_0003037>
<http://purl.obolibrary.org/obo/XAO_0003036>	<http://www.w3.org/2000/01/rdf-schema#subClassOf>	<http://purl.obolibrary.org/obo/XAO_0003032>
<http://purl.obolibrary.org/obo/XAO_1000047>	<http://www.w3.org/2000/01/rdf-schema#subClassOf>	<http://purl.obolibrary.org/obo/XAO_1000094>
<http://purl.obolibrary.org/obo/XAO_0000097>	<http://www.w3.org/2000/01/rdf-schema#subClassOf>	<http://purl.obolibrary.org/obo/XAO_0000096>
<http://purl.obolibrary.org/obo/XAO_0004560>	<http://www.w3.org/2000/01/rdf-schema#subClassOf>	<http://purl.obolibrary.org/obo/XAO_0003160>
<http://purl.obolibrary.org/obo/XAO_0003147>	<http://www.w3.org/2000/01/rdf-schema#subClassOf>	<http://purl.obolibrary.org/obo/XAO_0003150>
<http://purl.obolibrary.org/obo/XAO_0003246>	<http://www.w3.org/2000/01/rdf-schema#subClassOf>	<http://purl.obolibrary.org/obo/XAO_0003012>
<http://purl.obolibrary.org/obo/XAO_0003180>	<http://www.w3.org/2000/01/rdf-schema#subClassOf>	<http://purl.obolibrary.org/obo/XAO_0004289>
<http://purl.obolibrary.org/obo/XAO_0000237>	<http://www.w3.org/2000/01/rdf-schema#subClassOf>	<http://purl.obolibrary.org/obo/XAO_0003037>
<http://purl.obolibrary.org/obo/XAO_0000288>	<http://www.w3.org/2000/01/rdf-schema#subClassOf>	<http://purl.obolibrary.org/obo/XAO_0003040>
<http://purl.obolibrary.org/obo/XAO_0000291>	<http://www.w3.org/2000/01/rdf-schema#subClassOf>	<http://purl.obolibrary.org/obo/XAO_0003046>
<http://purl.obolibrary.org/obo/XAO_0005266>	<http://www.w3.org/2000/01/rdf-schema#subClassOf>	<http://purl.obolibrary.org/obo/XAO_0003012>
<http://purl.obolibrary.org/obo/XAO_0000180>	<http://www.w3.org/2000/01/rdf-schema#subClassOf>	<http://purl.obolibrary.org/obo/XAO_0003028>
<http://purl.obolibrary.org/obo/XAO_0003140>	<http://www.w3.org/2000/01/rdf-schema#subClassOf>	<http://purl.obolibrary.org/obo/XAO_0000315>
<http://purl.obolibrary.org/obo/XAO_1000032>	<http://www.w3.org/2000/01/rdf-schema#subClassOf>	<http://purl.obolibrary.org/obo/XAO_1000094>
<http://purl.obolibrary.org/obo/XAO_0005180>	<http://www.w3.org/2000/01/rdf-schema#subClassOf>	<http://purl.obolibrary.org/obo/XAO_0003012>
<http://purl.obolibrary.org/obo/XAO_0004106>	<http://www.w3.org/2000/01/rdf-schema#subClassOf>	<http://purl.obolibrary.org/obo/XAO_0004311>
<http://purl.obolibrary.org/obo/XAO_0004199>	<http://www.w3.org/2000/01/rdf-schema#subClassOf>	<http://purl.obolibrary.org/obo/XAO_0004046>
<http://purl.obolibrary.org/obo/XAO_0003074>	<http://www.w3.org/2000/01/rdf-schema#subClassOf>	<http://purl.obolibrary.org/obo/XAO_0004289>
<http://purl.obolibrary.org/obo/XAO_0005242>	<http://www.w3.org/2000/01/rdf-schema#subClassOf>	<http://purl.obolibrary.org/obo/XAO_0003040>
<http://purl.obolibrary.org/obo/XAO_0004307>	<http://www.w3.org/2000/01/rdf-schema#subClassOf>	<http://purl.obolibrary.org/obo/XAO_0003046>
<http://purl.obolibrary.org/obo/XAO_0000063>	<http://www.w3.org/2000/01/rdf-schema#subClassOf>	<http://purl.obolibrary.org/obo/XAO_0004000>
<http://purl.obolibrary.org/obo/XAO_1000053>	<http://www.w3.org/2000/01/rdf-schema#subClassOf>	<http://purl.obolibrary.org/obo/XAO_1000094>
<http://purl.obolibrary.org/obo/XAO_0004511>	<http://www.w3.org/2000/01/rdf-schema#subClassOf>	<http://purl.obolibrary.org/obo/XAO_0003043>
<http://purl.obolibrary.org/obo/XAO_0005240>	<http://www.w3.org/2000/01/rdf-schema#subClassOf>	<http://purl.obolibrary.org/obo/XAO_0004059>
<http://purl.obolibrary.org/obo/XAO_0000234>	<http://www.w3.org/2000/01/rdf-schema#subClassOf>	<http://purl.obolibrary.org/obo/XAO_0005038>
<http://purl.obolibrary.org/obo/XAO_0004211>	<http://www.w3.org/2000/01/rdf-schema#subClassOf>	<http://purl.obolibrary.org/obo/XAO_0000284>
<http://purl.obolibrary.org/obo/XAO_0000028>	<http://www.w3.org/2000/01/rdf-schema#subClassOf>	<http://purl.obolibrary.org/obo/XAO_0003037>
<http://purl.obolibrary.org/obo/XAO_0000276>	<http://www.w3.org/2000/01/rdf-schema#subClassOf>	<http://purl.obolibrary.org/obo/XAO_0003042>
<http://purl.obolibrary.org/obo/XAO_0004458>	<http://www.w3.org/2000/01/rdf-schema#subClassOf>	<http://purl.obolibrary.org/obo/XAO_0003186>
<http://purl.obolibrary.org/obo/XAO_0000053>	<http://www.w3.org/2000/01/rdf-schema#subClassOf>	<http://purl.obolibrary.org/obo/XAO_0003040>
<http://purl.obolibrary.org/obo/XAO_0005047>	<http://www.w3.org/2000/01/rdf-schema#subClassOf>	<http://purl.obolibrary.org/obo/XAO_0003037>
<http://purl.obolibrary.org/obo/XAO_0006005>	<http://www.w3.org/2000/01/rdf-schema#subClassOf>	<http://purl.obolibrary.org/obo/XAO_0004290>
<http://purl.obolibrary.org/obo/XAO_0000387>	<http://www.w3.org/2000/01/rdf-schema#subClassOf>	<http://purl.obolibrary.org/obo/XAO_0000115>
<http://purl.obolibrary.org/obo/XAO_0004449>	<http://www.w3.org/2000/01/rdf-schema#subClassOf>	<http://purl.obolibrary.org/obo/XAO_0004455>
<http://purl.obolibrary.org/obo/XAO_0006004>	<http://www.w3.org/2000/01/rdf-schema#subClassOf>	<http://purl.obolibrary.org/obo/XAO_0006003>
<http://purl.obolibrary.org/obo/XAO_0004066>	<http://www.w3.org/2000/01/rdf-schema#subClassOf>	<http://purl.obolibrary.org/obo/XAO_0003042>
<http://purl.obolibrary.org/obo/XAO_0004304>	<http://www.w3.org/2000/01/rdf-schema#subClassOf>	<http://purl.obolibrary.org/obo/XAO_0003037>
<http://purl.obolibrary.org/obo/XAO_0001017>	<http://www.w3.org/2000/01/rdf-schema#subClassOf>	<http://purl.obolibrary.org/obo/XAO_0003040>
<http://purl.obolibrary.org/obo/XAO_0004135>	<http://www.w3.org/2000/01/rdf-schema#subClassOf>	<http://purl.obolibrary.org/obo/XAO_0003043>
<http://purl.obolibrary.org/obo/XAO_0000081>	<http://www.w3.org/2000/01/rdf-schema#subClassOf>	<http://purl.obolibrary.org/obo/XAO_0003186>
<http://purl.obolibrary.org/obo/XAO_0005325>	<http://www.w3.org/2000/01/rdf-schema#subClassOf>	<http://purl.obolibrary.org/obo/XAO_0003040>
<http://purl.obolibrary.org/obo/XAO_0004267>	<http://www.w3.org/2000/01/rdf-schema#subClassOf>	<http://purl.obolibrary.org/obo/XAO_0003023>
<http://purl.obolibrary.org/obo/XAO_0003051>	<http://www.w3.org/2000/01/rdf-schema#subClassOf>	<http://purl.obolibrary.org/obo/XAO_0003042>
<http://purl.obolibrary.org/obo/XAO_1000058>	<http://www.w3.org/2000/01/rdf-schema#subClassOf>	<http://purl.obolibrary.org/obo/XAO_1000094>
<http://purl.obolibrary.org/obo/XAO_0000109>	<http://www.w3.org/2000/01/rdf-schema#subClassOf>	<http://purl.obolibrary.org/obo/XAO_0003040>
<http://purl.obolibrary.org/obo/XAO_0004099>	<http://www.w3.org/2000/01/rdf-schema#subClassOf>	<http://purl.obolibrary.org/obo/XAO_0004267>
<http://purl.obolibrary.org/obo/XAO_0003218>	<http://www.w3.org/2000/01/rdf-schema#subClassOf>	<http://purl.obolibrary.org/obo/XAO_0003040>
<http://purl.obolibrary.org/obo/XAO_0000267>	<http://www.w3.org/2000/01/rdf-schema#subClassOf>	<http://purl.obolibrary.org/obo/XAO_0003043>
<http://purl.obolibrary.org/obo/XAO_0004390>	<http://www.w3.org/2000/01/rdf-schema#subClassOf>	<http://purl.obolibrary.org/obo/XAO_0003037>
<http://purl.obolibrary.org/obo/XAO_0004406>	<http://www.w3.org/2000/01/rdf-schema#subClassOf>	<http://purl.obolibrary.org/obo/XAO_0003042>
<http://purl.obolibrary.org/obo/XAO_0003124>	<http://www.w3.org/2000/01/rdf-schema#subClassOf>	<http://purl.obolibrary.org/obo/XAO_0000397>
<http://purl.obolibrary.org/obo/XAO_0003052>	<http://www.w3.org/2000/01/rdf-schema#subClassOf>	<http://purl.obolibrary.org/obo/XAO_0004000>
<http://purl.obolibrary.org/obo/XAO_0004119>	<http://www.w3.org/2000/01/rdf-schema#subClassOf>	<http://purl.obolibrary.org/obo/XAO_0000256>
<http://purl.obolibrary.org/obo/XAO_0005201>	<http://www.w3.org/2000/01/rdf-schema#subClassOf>	<http://purl.obolibrary.org/obo/XAO_0005200>
<http://purl.obolibrary.org/obo/XAO_0000298>	<http://www.w3.org/2000/01/rdf-schema#subClassOf>	<http://purl.obolibrary.org/obo/XAO_0003185>
<http://purl.obolibrary.org/obo/XAO_0004361>	<http://www.w3.org/2000/01/rdf-schema#subClassOf>	<http://purl.obolibrary.org/obo/XAO_0004013>
<http://purl.obolibrary.org/obo/XAO_0004583>	<http://www.w3.org/2000/01/rdf-schema#subClassOf>	<http://purl.obolibrary.org/obo/XAO_0003037>
<http://purl.obolibrary.org/obo/XAO_0003164>	<http://www.w3.org/2000/01/rdf-schema#subClassOf>	<http://purl.obolibrary.org/obo/XAO_0003041>
<http://purl.obolibrary.org/obo/XAO_0006017>	<http://www.w3.org/2000/01/rdf-schema#subClassOf>	<http://purl.obolibrary.org/obo/XAO_0003012>
<http://purl.obolibrary.org/obo/XAO_0000353>	<http://www.w3.org/2000/01/rdf-schema#subClassOf>	<http://purl.obolibrary.org/obo/XAO_0000341>
<http://purl.obolibrary.org/obo/XAO_0000374>	<http://www.w3.org/2000/01/rdf-schema#subClassOf>	<http://purl.obolibrary.org/obo/XAO_0003190>
<http://purl.obolibrary.org/obo/XAO_0006019>	<http://www.w3.org/2000/01/rdf-schema#subClassOf>	<http://purl.obolibrary.org/obo/XAO_0004290>
<http://purl.obolibrary.org/obo/XAO_0004607>	<http://www.w3.org/2000/01/rdf-schema#subClassOf>	<http://purl.obolibrary.org/obo/XAO_0004602>
<http://purl.obolibrary.org/obo/XAO_0005105>	<http://www.w3.org/2000/01/rdf-schema#subClassOf>	<http://purl.obolibrary.org/obo/XAO_0005115>
<http://purl.obolibrary.org/obo/XAO_0000463>	<http://www.w3.org/2000/01/rdf-schema#subClassOf>	<http://purl.obolibrary.org/obo/XAO_0004002>
<http://purl.obolibrary.org/obo/XAO_0004024>	<http://www.w3.org/2000/01/rdf-schema#subClassOf>	<http://purl.obolibrary.org/obo/XAO_0003160>
<http://purl.obolibrary.org/obo/XAO_0003020>	<http://www.w3.org/2000/01/rdf-schema#subClassOf>	<http://purl.obolibrary.org/obo/XAO_0000111>
<http://purl.obolibrary.org/obo/XAO_0005225>	<http://www.w3.org/2000/01/rdf-schema#subClassOf>	<http://purl.obolibrary.org/obo/XAO_0004017>
<http://purl.obolibrary.org/obo/XAO_0005033>	<http://www.w3.org/2000/01/rdf-schema#subClassOf>	<http://purl.obolibrary.org/obo/XAO_0003012>
<http://purl.obolibrary.org/obo/XAO_0000191>	<http://www.w3.org/2000/01/rdf-schema#subClassOf>	<http://purl.obolibrary.org/obo/XAO_0003160>
<http://purl.obolibrary.org/obo/XAO_1000017>	<http://www.w3.org/2000/01/rdf-schema#subClassOf>	<http://purl.obolibrary.org/obo/XAO_1000094>
<http://purl.obolibrary.org/obo/XAO_0000031>	<http://www.w3.org/2000/01/rdf-schema#subClassOf>	<http://purl.obolibrary.org/obo/XAO_0004621>
<http://purl.obolibrary.org/obo/XAO_0003253>	<http://www.w3.org/2000/01/rdf-schema#subClassOf>	<http://purl.obolibrary.org/obo/XAO_0003012>
<http://purl.obolibrary.org/obo/XAO_0005323>	<http://www.w3.org/2000/01/rdf-schema#subClassOf>	<http://purl.obolibrary.org/obo/XAO_0003055>
<http://purl.obolibrary.org/obo/XAO_0004185>	<http://www.w3.org/2000/01/rdf-schema#subClassOf>	<http://purl.obolibrary.org/obo/XAO_0003040>
<http://purl.obolibrary.org/obo/XAO_0006025>	<http://www.w3.org/2000/01/rdf-schema#subClassOf>	<http://purl.obolibrary.org/obo/XAO_0006024>
<http://purl.obolibrary.org/obo/XAO_0005149>	<http://www.w3.org/2000/01/rdf-schema#subClassOf>	<http://purl.obolibrary.org/obo/XAO_0004322>
<http://purl.obolibrary.org/obo/XAO_0000232>	<http://www.w3.org/2000/01/rdf-schema#subClassOf>	<http://purl.obolibrary.org/obo/XAO_0003042>
<http://purl.obolibrary.org/obo/XAO_0005320>	<http://www.w3.org/2000/01/rdf-schema#subClassOf>	<http://purl.obolibrary.org/obo/XAO_0003037>
<http://purl.obolibrary.org/obo/XAO_0003205>	<http://www.w3.org/2000/01/rdf-schema#subClassOf>	<http://purl.obolibrary.org/obo/XAO_0003012>
<http://purl.obolibrary.org/obo/XAO_0004228>	<http://www.w3.org/2000/01/rdf-schema#subClassOf>	<http://purl.obolibrary.org/obo/XAO_0000115>
<http://purl.obolibrary.org/obo/XAO_0000095>	<http://www.w3.org/2000/01/rdf-schema#subClassOf>	<http://purl.obolibrary.org/obo/XAO_0003194>
<http://purl.obolibrary.org/obo/XAO_0004548>	<http://www.w3.org/2000/01/rdf-schema#subClassOf>	<http://purl.obolibrary.org/obo/XAO_0003037>
<http://purl.obolibrary.org/obo/XAO_0003057>	<http://www.w3.org/2000/01/rdf-schema#subClassOf>	<http://purl.obolibrary.org/obo/XAO_0003185>
<http://purl.obolibrary.org/obo/XAO_0005032>	<http://www.w3.org/2000/01/rdf-schema#subClassOf>	<http://purl.obolibrary.org/obo/XAO_0003054>
<http://purl.obolibrary.org/obo/XAO_0004578>	<http://www.w3.org/2000/01/rdf-schema#subClassOf>	<http://purl.obolibrary.org/obo/XAO_0003160>
<http://purl.obolibrary.org/obo/XAO_0005187>	<http://www.w3.org/2000/01/rdf-schema#subClassOf>	<http://purl.obolibrary.org/obo/XAO_0003037>
<http://purl.obolibrary.org/obo/XAO_1000089>	<http://www.w3.org/2000/01/rdf-schema#subClassOf>	<http://purl.obolibrary.org/obo/XAO_1000008>
<http://purl.obolibrary.org/obo/XAO_0003190>	<http://www.w3.org/2000/01/rdf-schema#subClassOf>	<http://purl.obolibrary.org/obo/XAO_0000000>
<http://purl.obolibrary.org/obo/XAO_0004540>	<http://www.w3.org/2000/01/rdf-schema#subClassOf>	<http://purl.obolibrary.org/obo/XAO_0003160>
<http://purl.obolibrary.org/obo/XAO_0004206>	<http://www.w3.org/2000/01/rdf-schema#subClassOf>	<http://purl.obolibrary.org/obo/XAO_0003040>
<http://purl.obolibrary.org/obo/XAO_0004063>	<http://www.w3.org/2000/01/rdf-schema#subClassOf>	<http://purl.obolibrary.org/obo/XAO_0000002>
<http://purl.obolibrary.org/obo/XAO_0004289>	<http://www.w3.org/2000/01/rdf-schema#subClassOf>	<http://purl.obolibrary.org/obo/XAO_0003160>
<http://purl.obolibrary.org/obo/XAO_1000071>	<http://www.w3.org/2000/01/rdf-schema#subClassOf>	<http://purl.obolibrary.org/obo/XAO_1000094>
<http://purl.obolibrary.org/obo/XAO_0000178>	<http://www.w3.org/2000/01/rdf-schema#subClassOf>	<http://purl.obolibrary.org/obo/XAO_0000177>
<http://purl.obolibrary.org/obo/XAO_0003000>	<http://www.w3.org/2000/01/rdf-schema#subClassOf>	<http://purl.obolibrary.org/obo/XAO_0000000>
<http://purl.obolibrary.org/obo/XAO_0004354>	<http://www.w3.org/2000/01/rdf-schema#subClassOf>	<http://purl.obolibrary.org/obo/XAO_0004327>
<http://purl.obolibrary.org/obo/XAO_0003086>	<http://www.w3.org/2000/01/rdf-schema#subClassOf>	<http://purl.obolibrary.org/obo/XAO_0003160>
<http://purl.obolibrary.org/obo/XAO_0004227>	<http://www.w3.org/2000/01/rdf-schema#subClassOf>	<http://purl.obolibrary.org/obo/XAO_0003037>
<http://purl.obolibrary.org/obo/XAO_0000254>	<http://www.w3.org/2000/01/rdf-schema#subClassOf>	<http://purl.obolibrary.org/obo/XAO_0000282>
<http://purl.obolibrary.org/obo/XAO_0005157>	<http://www.w3.org/2000/01/rdf-schema#subClassOf>	<http://purl.obolibrary.org/obo/XAO_0003037>
<http://purl.obolibrary.org/obo/XAO_0004539>	<http://www.w3.org/2000/01/rdf-schema#subClassOf>	<http://purl.obolibrary.org/obo/XAO_0003037>
<http://purl.obolibrary.org/obo/XAO_0003118>	<http://www.w3.org/2000/01/rdf-schema#subClassOf>	<http://purl.obolibrary.org/obo/XAO_0000315>
<http://purl.obolibrary.org/obo/XAO_0004168>	<http://www.w3.org/2000/01/rdf-schema#subClassOf>	<http://purl.obolibrary.org/obo/XAO_0000115>
<http://purl.obolibrary.org/obo/XAO_0004064>	<http://www.w3.org/2000/01/rdf-schema#subClassOf>	<http://purl.obolibrary.org/obo/XAO_0000002>
<http://purl.obolibrary.org/obo/XAO_0005086>	<http://www.w3.org/2000/01/rdf-schema#subClassOf>	<http://purl.obolibrary.org/obo/XAO_0003016>
<http://purl.obolibrary.org/obo/XAO_0004184>	<http://www.w3.org/2000/01/rdf-schema#subClassOf>	<http://purl.obolibrary.org/obo/XAO_0003040>
<http://purl.obolibrary.org/obo/XAO_0000082>	<http://www.w3.org/2000/01/rdf-schema#subClassOf>	<http://purl.obolibrary.org/obo/XAO_0003042>
<http://purl.obolibrary.org/obo/XAO_0004545>	<http://www.w3.org/2000/01/rdf-schema#subClassOf>	<http://purl.obolibrary.org/obo/XAO_0004609>
<http://purl.obolibrary.org/obo/XAO_0004484>	<http://www.w3.org/2000/01/rdf-schema#subClassOf>	<http://purl.obolibrary.org/obo/XAO_0005033>
<http://purl.obolibrary.org/obo/XAO_0003145>	<http://www.w3.org/2000/01/rdf-schema#subClassOf>	<http://purl.obolibrary.org/obo/XAO_0003040>
<http://purl.obolibrary.org/obo/XAO_0000320>	<http://www.w3.org/2000/01/rdf-schema#subClassOf>	<http://purl.obolibrary.org/obo/XAO_0003040>
<http://purl.obolibrary.org/obo/XAO_0004158>	<http://www.w3.org/2000/01/rdf-schema#subClassOf>	<http://purl.obolibrary.org/obo/XAO_0004160>
<http://purl.obolibrary.org/obo/XAO_0004619>	<http://www.w3.org/2000/01/rdf-schema#subClassOf>	<http://purl.obolibrary.org/obo/XAO_0003040>
<http://purl.obolibrary.org/obo/XAO_0004467>	<http://www.w3.org/2000/01/rdf-schema#subClassOf>	<http://purl.obolibrary.org/obo/XAO_0004290>
<http://purl.obolibrary.org/obo/XAO_0000183>	<http://www.w3.org/2000/01/rdf-schema#subClassOf>	<http://purl.obolibrary.org/obo/XAO_0003037>
<http://purl.obolibrary.org/obo/XAO_0004004>	<http://www.w3.org/2000/01/rdf-schema#subClassOf>	<http://purl.obolibrary.org/obo/XAO_0003045>
<http://purl.obolibrary.org/obo/XAO_0005087>	<http://www.w3.org/2000/01/rdf-schema#subClassOf>	<http://purl.obolibrary.org/obo/XAO_0003016>
<http://purl.obolibrary.org/obo/XAO_1000087>	<http://www.w3.org/2000/01/rdf-schema#subClassOf>	<http://purl.obolibrary.org/obo/XAO_1000082>
<http://purl.obolibrary.org/obo/XAO_0004175>	<http://www.w3.org/2000/01/rdf-schema#subClassOf>	<http://purl.obolibrary.org/obo/XAO_0000114>
<http://purl.obolibrary.org/obo/XAO_0004477>	<http://www.w3.org/2000/01/rdf-schema#subClassOf>	<http://purl.obolibrary.org/obo/XAO_0004475>
<http://purl.obolibrary.org/obo/XAO_0004083>	<http://www.w3.org/2000/01/rdf-schema#subClassOf>	<http://purl.obolibrary.org/obo/XAO_0004079>
<http://purl.obolibrary.org/obo/XAO_1000081>	<http://www.w3.org/2000/01/rdf-schema#subClassOf>	<http://purl.obolibrary.org/obo/XAO_1000000>
<http://purl.obolibrary.org/obo/XAO_0004512>	<http://www.w3.org/2000/01/rdf-schema#subClassOf>	<http://purl.obolibrary.org/obo/XAO_0003043>
<http://purl.obolibrary.org/obo/XAO_0004409>	<http://www.w3.org/2000/01/rdf-schema#subClassOf>	<http://purl.obolibrary.org/obo/XAO_0003046>
<http://purl.obolibrary.org/obo/XAO_0000425>	<http://www.w3.org/2000/01/rdf-schema#subClassOf>	<http://purl.obolibrary.org/obo/XAO_0003143>
<http://purl.obolibrary.org/obo/XAO_1000028>	<http://www.w3.org/2000/01/rdf-schema#subClassOf>	<http://purl.obolibrary.org/obo/XAO_1000094>
<http://purl.obolibrary.org/obo/XAO_0004416>	<http://www.w3.org/2000/01/rdf-schema#subClassOf>	<http://purl.obolibrary.org/obo/XAO_0003040>
<http://purl.obolibrary.org/obo/XAO_1000037>	<http://www.w3.org/2000/01/rdf-schema#subClassOf>	<http://purl.obolibrary.org/obo/XAO_1000094>
<http://purl.obolibrary.org/obo/XAO_0003204>	<http://www.w3.org/2000/01/rdf-schema#subClassOf>	<http://purl.obolibrary.org/obo/XAO_0003042>
<http://purl.obolibrary.org/obo/XAO_0000027>	<http://www.w3.org/2000/01/rdf-schema#subClassOf>	<http://purl.obolibrary.org/obo/XAO_0000209>
<http://purl.obolibrary.org/obo/XAO_0005209>	<http://www.w3.org/2000/01/rdf-schema#subClassOf>	<http://purl.obolibrary.org/obo/XAO_0005205>
<http://purl.obolibrary.org/obo/XAO_0000474>	<http://www.w3.org/2000/01/rdf-schema#subClassOf>	<http://purl.obolibrary.org/obo/XAO_0003042>
<http://purl.obolibrary.org/obo/XAO_0004222>	<http://www.w3.org/2000/01/rdf-schema#subClassOf>	<http://purl.obolibrary.org/obo/XAO_0000440>
<http://purl.obolibrary.org/obo/XAO_1000022>	<http://www.w3.org/2000/01/rdf-schema#subClassOf>	<http://purl.obolibrary.org/obo/XAO_1000094>
<http://purl.obolibrary.org/obo/XAO_0005121>	<http://www.w3.org/2000/01/rdf-schema#subClassOf>	<http://purl.obolibrary.org/obo/XAO_0003186>
<http://purl.obolibrary.org/obo/XAO_0004618>	<http://www.w3.org/2000/01/rdf-schema#subClassOf>	<http://purl.obolibrary.org/obo/XAO_0003040>
<http://purl.obolibrary.org/obo/XAO_1000092>	<http://www.w3.org/2000/01/rdf-schema#subClassOf>	<http://purl.obolibrary.org/obo/XAO_1000082>
<http://purl.obolibrary.org/obo/XAO_0004426>	<http://www.w3.org/2000/01/rdf-schema#subClassOf>	<http://purl.obolibrary.org/obo/XAO_0004455>
<http://purl.obolibrary.org/obo/XAO_0003073>	<http://www.w3.org/2000/01/rdf-schema#subClassOf>	<http://purl.obolibrary.org/obo/XAO_0004289>
<http://purl.obolibrary.org/obo/XAO_0000009>	<http://www.w3.org/2000/01/rdf-schema#subClassOf>	<http://purl.obolibrary.org/obo/XAO_0003037>
<http://purl.obolibrary.org/obo/XAO_0000442>	<http://www.w3.org/2000/01/rdf-schema#subClassOf>	<http://purl.obolibrary.org/obo/XAO_0004002>
<http://purl.obolibrary.org/obo/XAO_0004320>	<http://www.w3.org/2000/01/rdf-schema#subClassOf>	<http://purl.obolibrary.org/obo/XAO_0003054>
<http://purl.obolibrary.org/obo/XAO_0004368>	<http://www.w3.org/2000/01/rdf-schema#subClassOf>	<http://purl.obolibrary.org/obo/XAO_0004013>
<http://purl.obolibrary.org/obo/XAO_0004028>	<http://www.w3.org/2000/01/rdf-schema#subClassOf>	<http://purl.obolibrary.org/obo/XAO_0000170>
<http://purl.obolibrary.org/obo/XAO_0000368>	<http://www.w3.org/2000/01/rdf-schema#subClassOf>	<http://purl.obolibrary.org/obo/XAO_0000114>
<http://purl.obolibrary.org/obo/XAO_0003227>	<http://www.w3.org/2000/01/rdf-schema#subClassOf>	<http://purl.obolibrary.org/obo/XAO_0003037>
<http://purl.obolibrary.org/obo/XAO_0000457>	<http://www.w3.org/2000/01/rdf-schema#subClassOf>	<http://purl.obolibrary.org/obo/XAO_0003037>
<http://purl.obolibrary.org/obo/XAO_0000411>	<http://www.w3.org/2000/01/rdf-schema#subClassOf>	<http://purl.obolibrary.org/obo/XAO_0000314>
<http://purl.obolibrary.org/obo/XAO_0004202>	<http://www.w3.org/2000/01/rdf-schema#subClassOf>	<http://purl.obolibrary.org/obo/XAO_0004046>
<http://purl.obolibrary.org/obo/XAO_0000114>	<http://www.w3.org/2000/01/rdf-schema#subClassOf>	<http://purl.obolibrary.org/obo/XAO_0001011>
<http://purl.obolibrary.org/obo/XAO_0004230>	<http://www.w3.org/2000/01/rdf-schema#subClassOf>	<http://purl.obolibrary.org/obo/XAO_0003037>
<http://purl.obolibrary.org/obo/XAO_0000409>	<http://www.w3.org/2000/01/rdf-schema#subClassOf>	<http://purl.obolibrary.org/obo/XAO_0000314>
<http://purl.obolibrary.org/obo/XAO_0000054>	<http://www.w3.org/2000/01/rdf-schema#subClassOf>	<http://purl.obolibrary.org/obo/XAO_0003186>
<http://purl.obolibrary.org/obo/XAO_0000265>	<http://www.w3.org/2000/01/rdf-schema#subClassOf>	<http://purl.obolibrary.org/obo/XAO_0000282>
<http://purl.obolibrary.org/obo/XAO_0003028>	<http://www.w3.org/2000/01/rdf-schema#subClassOf>	<http://purl.obolibrary.org/obo/XAO_0003013>
<http://purl.obolibrary.org/obo/XAO_0000120>	<http://www.w3.org/2000/01/rdf-schema#subClassOf>	<http://purl.obolibrary.org/obo/XAO_0003028>
<http://purl.obolibrary.org/obo/XAO_0003143>	<http://www.w3.org/2000/01/rdf-schema#subClassOf>	<http://purl.obolibrary.org/obo/XAO_0000058>
<http://purl.obolibrary.org/obo/XAO_0005178>	<http://www.w3.org/2000/01/rdf-schema#subClassOf>	<http://purl.obolibrary.org/obo/XAO_0005137>
<http://purl.obolibrary.org/obo/XAO_0003162>	<http://www.w3.org/2000/01/rdf-schema#subClassOf>	<http://purl.obolibrary.org/obo/XAO_0003000>
<http://purl.obolibrary.org/obo/XAO_0000376>	<http://www.w3.org/2000/01/rdf-schema#subClassOf>	<http://purl.obolibrary.org/obo/XAO_0000115>
<http://purl.obolibrary.org/obo/XAO_0000175>	<http://www.w3.org/2000/01/rdf-schema#subClassOf>	<http://purl.obolibrary.org/obo/XAO_0000172>
<http://purl.obolibrary.org/obo/XAO_0003111>	<http://www.w3.org/2000/01/rdf-schema#subClassOf>	<http://purl.obolibrary.org/obo/XAO_0000315>
<http://purl.obolibrary.org/obo/XAO_0005207>	<http://www.w3.org/2000/01/rdf-schema#subClassOf>	<http://purl.obolibrary.org/obo/XAO_0005205>
<http://purl.obolibrary.org/obo/XAO_0005106>	<http://www.w3.org/2000/01/rdf-schema#subClassOf>	<http://purl.obolibrary.org/obo/XAO_0005115>
<http://purl.obolibrary.org/obo/XAO_0004622>	<http://www.w3.org/2000/01/rdf-schema#subClassOf>	<http://purl.obolibrary.org/obo/XAO_0000315>
<http://purl.obolibrary.org/obo/XAO_0000079>	<http://www.w3.org/2000/01/rdf-schema#subClassOf>	<http://purl.obolibrary.org/obo/XAO_0003042>
<http://purl.obolibrary.org/obo/XAO_0004018>	<http://www.w3.org/2000/01/rdf-schema#subClassOf>	<http://purl.obolibrary.org/obo/XAO_0004017>
<http://purl.obolibrary.org/obo/XAO_0000311>	<http://www.w3.org/2000/01/rdf-schema#subClassOf>	<http://purl.obolibrary.org/obo/XAO_0003042>
<http://purl.obolibrary.org/obo/XAO_0004519>	<http://www.w3.org/2000/01/rdf-schema#subClassOf>	<http://purl.obolibrary.org/obo/XAO_0003040>
<http://purl.obolibrary.org/obo/XAO_0004616>	<http://www.w3.org/2000/01/rdf-schema#subClassOf>	<http://purl.obolibrary.org/obo/XAO_0003042>
<http://purl.obolibrary.org/obo/XAO_0004613>	<http://www.w3.org/2000/01/rdf-schema#subClassOf>	<http://purl.obolibrary.org/obo/XAO_0004621>
<http://purl.obolibrary.org/obo/XAO_0004039>	<http://www.w3.org/2000/01/rdf-schema#subClassOf>	<http://purl.obolibrary.org/obo/XAO_0004038>
<http://purl.obolibrary.org/obo/XAO_0004499>	<http://www.w3.org/2000/01/rdf-schema#subClassOf>	<http://purl.obolibrary.org/obo/XAO_0004019>
<http://purl.obolibrary.org/obo/XAO_0005011>	<http://www.w3.org/2000/01/rdf-schema#subClassOf>	<http://purl.obolibrary.org/obo/XAO_0004290>
<http://purl.obolibrary.org/obo/XAO_0004124>	<http://www.w3.org/2000/01/rdf-schema#subClassOf>	<http://purl.obolibrary.org/obo/XAO_0000066>
<http://purl.obolibrary.org/obo/XAO_0004536>	<http://www.w3.org/2000/01/rdf-schema#subClassOf>	<http://purl.obolibrary.org/obo/XAO_0004609>
<http://purl.obolibrary.org/obo/XAO_0004414>	<http://www.w3.org/2000/01/rdf-schema#subClassOf>	<http://purl.obolibrary.org/obo/XAO_0003035>
<http://purl.obolibrary.org/obo/XAO_0005219>	<http://www.w3.org/2000/01/rdf-schema#subClassOf>	<http://purl.obolibrary.org/obo/XAO_0003186>
<http://purl.obolibrary.org/obo/XAO_0000140>	<http://www.w3.org/2000/01/rdf-schema#subClassOf>	<http://purl.obolibrary.org/obo/XAO_0003002>
<http://purl.obolibrary.org/obo/XAO_0005224>	<http://www.w3.org/2000/01/rdf-schema#subClassOf>	<http://purl.obolibrary.org/obo/XAO_0003186>
<http://purl.obolibrary.org/obo/XAO_0004530>	<http://www.w3.org/2000/01/rdf-schema#subClassOf>	<http://purl.obolibrary.org/obo/XAO_0003037>
<http://purl.obolibrary.org/obo/XAO_0005500>	<http://www.w3.org/2000/01/rdf-schema#subClassOf>	<http://purl.obolibrary.org/obo/XAO_0004290>
<http://purl.obolibrary.org/obo/XAO_0005245>	<http://www.w3.org/2000/01/rdf-schema#subClassOf>	<http://purl.obolibrary.org/obo/XAO_0003040>
<http://purl.obolibrary.org/obo/XAO_0004593>	<http://www.w3.org/2000/01/rdf-schema#subClassOf>	<http://purl.obolibrary.org/obo/XAO_0003160>
<http://purl.obolibrary.org/obo/XAO_0004236>	<http://www.w3.org/2000/01/rdf-schema#subClassOf>	<http://purl.obolibrary.org/obo/XAO_0003037>
<http://purl.obolibrary.org/obo/XAO_1000048>	<http://www.w3.org/2000/01/rdf-schema#subClassOf>	<http://purl.obolibrary.org/obo/XAO_1000094>
<http://purl.obolibrary.org/obo/XAO_0005423>	<http://www.w3.org/2000/01/rdf-schema#subClassOf>	<http://purl.obolibrary.org/obo/XAO_0003040>
<http://purl.obolibrary.org/obo/XAO_0005040>	<http://www.w3.org/2000/01/rdf-schema#subClassOf>	<http://purl.obolibrary.org/obo/XAO_0000198>
<http://purl.obolibrary.org/obo/XAO_0004200>	<http://www.w3.org/2000/01/rdf-schema#subClassOf>	<http://purl.obolibrary.org/obo/XAO_0004038>
<http://purl.obolibrary.org/obo/XAO_0004375>	<http://www.w3.org/2000/01/rdf-schema#subClassOf>	<http://purl.obolibrary.org/obo/XAO_0004013>
<http://purl.obolibrary.org/obo/XAO_0004486>	<http://www.w3.org/2000/01/rdf-schema#subClassOf>	<http://purl.obolibrary.org/obo/XAO_0003000>
<http://purl.obolibrary.org/obo/XAO_0003214>	<http://www.w3.org/2000/01/rdf-schema#subClassOf>	<http://purl.obolibrary.org/obo/XAO_0004018>
<http://purl.obolibrary.org/obo/XAO_0004466>	<http://www.w3.org/2000/01/rdf-schema#subClassOf>	<http://purl.obolibrary.org/obo/XAO_0003037>
<http://purl.obolibrary.org/obo/XAO_0006016>	<http://www.w3.org/2000/01/rdf-schema#subClassOf>	<http://purl.obolibrary.org/obo/XAO_0003040>
<http://purl.obolibrary.org/obo/XAO_0004249>	<http://www.w3.org/2000/01/rdf-schema#subClassOf>	<http://purl.obolibrary.org/obo/XAO_0000114>
<http://purl.obolibrary.org/obo/XAO_0005301>	<http://www.w3.org/2000/01/rdf-schema#subClassOf>	<http://purl.obolibrary.org/obo/XAO_0003186>
<http://purl.obolibrary.org/obo/XAO_0004078>	<http://www.w3.org/2000/01/rdf-schema#subClassOf>	<http://purl.obolibrary.org/obo/XAO_0003023>
<http://purl.obolibrary.org/obo/XAO_0004232>	<http://www.w3.org/2000/01/rdf-schema#subClassOf>	<http://purl.obolibrary.org/obo/XAO_0003028>
<http://purl.obolibrary.org/obo/XAO_0000255>	<http://www.w3.org/2000/01/rdf-schema#subClassOf>	<http://purl.obolibrary.org/obo/XAO_0000282>
<http://purl.obolibrary.org/obo/XAO_0004531>	<http://www.w3.org/2000/01/rdf-schema#subClassOf>	<http://purl.obolibrary.org/obo/XAO_0003160>
<http://purl.obolibrary.org/obo/XAO_0004597>	<http://www.w3.org/2000/01/rdf-schema#subClassOf>	<http://purl.obolibrary.org/obo/XAO_0003013>
<http://purl.obolibrary.org/obo/XAO_0004265>	<http://www.w3.org/2000/01/rdf-schema#subClassOf>	<http://purl.obolibrary.org/obo/XAO_0004294>
<http://purl.obolibrary.org/obo/XAO_0003247>	<http://www.w3.org/2000/01/rdf-schema#subClassOf>	<http://purl.obolibrary.org/obo/XAO_0003012>
<http://purl.obolibrary.org/obo/XAO_0004446>	<http://www.w3.org/2000/01/rdf-schema#subClassOf>	<http://purl.obolibrary.org/obo/XAO_0004455>
<http://purl.obolibrary.org/obo/XAO_0004080>	<http://www.w3.org/2000/01/rdf-schema#subClassOf>	<http://purl.obolibrary.org/obo/XAO_0004079>
<http://purl.obolibrary.org/obo/XAO_0004216>	<http://www.w3.org/2000/01/rdf-schema#subClassOf>	<http://purl.obolibrary.org/obo/XAO_0003040>
<http://purl.obolibrary.org/obo/XAO_0000241>	<http://www.w3.org/2000/01/rdf-schema#subClassOf>	<http://purl.obolibrary.org/obo/XAO_0000115>
<http://purl.obolibrary.org/obo/XAO_0000186>	<http://www.w3.org/2000/01/rdf-schema#subClassOf>	<http://purl.obolibrary.org/obo/XAO_0003040>
<http://purl.obolibrary.org/obo/XAO_0004507>	<http://www.w3.org/2000/01/rdf-schema#subClassOf>	<http://purl.obolibrary.org/obo/XAO_0003012>
<http://purl.obolibrary.org/obo/XAO_0005147>	<http://www.w3.org/2000/01/rdf-schema#subClassOf>	<http://purl.obolibrary.org/obo/XAO_0004013>
<http://purl.obolibrary.org/obo/XAO_0005297>	<http://www.w3.org/2000/01/rdf-schema#subClassOf>	<http://purl.obolibrary.org/obo/XAO_0003200>
<http://purl.obolibrary.org/obo/XAO_1000054>	<http://www.w3.org/2000/01/rdf-schema#subClassOf>	<http://purl.obolibrary.org/obo/XAO_1000094>
<http://purl.obolibrary.org/obo/XAO_0004359>	<http://www.w3.org/2000/01/rdf-schema#subClassOf>	<http://purl.obolibrary.org/obo/XAO_0004013>
<http://purl.obolibrary.org/obo/XAO_0003175>	<http://www.w3.org/2000/01/rdf-schema#subClassOf>	<http://purl.obolibrary.org/obo/XAO_0003160>
<http://purl.obolibrary.org/obo/XAO_0000447>	<http://www.w3.org/2000/01/rdf-schema#subClassOf>	<http://purl.obolibrary.org/obo/XAO_0000099>
<http://purl.obolibrary.org/obo/XAO_0004400>	<http://www.w3.org/2000/01/rdf-schema#subClassOf>	<http://purl.obolibrary.org/obo/XAO_0004059>
<http://purl.obolibrary.org/obo/XAO_0005004>	<http://www.w3.org/2000/01/rdf-schema#subClassOf>	<http://purl.obolibrary.org/obo/XAO_0004008>
<http://purl.obolibrary.org/obo/XAO_0000326>	<http://www.w3.org/2000/01/rdf-schema#subClassOf>	<http://purl.obolibrary.org/obo/XAO_0003037>
<http://purl.obolibrary.org/obo/XAO_0004457>	<http://www.w3.org/2000/01/rdf-schema#subClassOf>	<http://purl.obolibrary.org/obo/XAO_0000027>
<http://purl.obolibrary.org/obo/XAO_0000135>	<http://www.w3.org/2000/01/rdf-schema#subClassOf>	<http://purl.obolibrary.org/obo/XAO_0003034>
<http://purl.obolibrary.org/obo/XAO_0004494>	<http://www.w3.org/2000/01/rdf-schema#subClassOf>	<http://purl.obolibrary.org/obo/XAO_0004020>
<http://purl.obolibrary.org/obo/XAO_0005095>	<http://www.w3.org/2000/01/rdf-schema#subClassOf>	<http://purl.obolibrary.org/obo/XAO_0005114>
<http://purl.obolibrary.org/obo/XAO_0004360>	<http://www.w3.org/2000/01/rdf-schema#subClassOf>	<http://purl.obolibrary.org/obo/XAO_0004013>
<http://purl.obolibrary.org/obo/XAO_0004077>	<http://www.w3.org/2000/01/rdf-schema#subClassOf>	<http://purl.obolibrary.org/obo/XAO_0003045>
<http://purl.obolibrary.org/obo/XAO_0003045>	<http://www.w3.org/2000/01/rdf-schema#subClassOf>	<http://purl.obolibrary.org/obo/XAO_0003040>
<http://purl.obolibrary.org/obo/XAO_0004229>	<http://www.w3.org/2000/01/rdf-schema#subClassOf>	<http://purl.obolibrary.org/obo/XAO_0003028>
<http://purl.obolibrary.org/obo/XAO_0000225>	<http://www.w3.org/2000/01/rdf-schema#subClassOf>	<http://purl.obolibrary.org/obo/XAO_0004620>
<http://purl.obolibrary.org/obo/XAO_1000061>	<http://www.w3.org/2000/01/rdf-schema#subClassOf>	<http://purl.obolibrary.org/obo/XAO_1000094>
<http://purl.obolibrary.org/obo/XAO_0003031>	<http://www.w3.org/2000/01/rdf-schema#subClassOf>	<http://purl.obolibrary.org/obo/XAO_0003027>
<http://purl.obolibrary.org/obo/XAO_0000336>	<http://www.w3.org/2000/01/rdf-schema#subClassOf>	<http://purl.obolibrary.org/obo/XAO_0003043>
<http://purl.obolibrary.org/obo/XAO_0000052>	<http://www.w3.org/2000/01/rdf-schema#subClassOf>	<http://purl.obolibrary.org/obo/XAO_0000115>
<http://purl.obolibrary.org/obo/XAO_0000010>	<http://www.w3.org/2000/01/rdf-schema#subClassOf>	<http://purl.obolibrary.org/obo/XAO_0003165>
<http://purl.obolibrary.org/obo/XAO_0005280>	<http://www.w3.org/2000/01/rdf-schema#subClassOf>	<http://purl.obolibrary.org/obo/XAO_0003186>
<http://purl.obolibrary.org/obo/XAO_0004118>	<http://www.w3.org/2000/01/rdf-schema#subClassOf>	<http://purl.obolibrary.org/obo/XAO_0000256>
<http://purl.obolibrary.org/obo/XAO_0004362>	<http://www.w3.org/2000/01/rdf-schema#subClassOf>	<http://purl.obolibrary.org/obo/XAO_0004013>
<http://purl.obolibrary.org/obo/XAO_0004584>	<http://www.w3.org/2000/01/rdf-schema#subClassOf>	<http://purl.obolibrary.org/obo/XAO_0003037>
<http://purl.obolibrary.org/obo/XAO_0004097>	<http://www.w3.org/2000/01/rdf-schema#subClassOf>	<http://purl.obolibrary.org/obo/XAO_0003023>
<http://purl.obolibrary.org/obo/XAO_0004209>	<http://www.w3.org/2000/01/rdf-schema#subClassOf>	<http://purl.obolibrary.org/obo/XAO_0003040>
<http://purl.obolibrary.org/obo/XAO_0005318>	<http://www.w3.org/2000/01/rdf-schema#subClassOf>	<http://purl.obolibrary.org/obo/XAO_0004290>
<http://purl.obolibrary.org/obo/XAO_0001002>	<http://www.w3.org/2000/01/rdf-schema#subClassOf>	<http://purl.obolibrary.org/obo/XAO_0003037>
<http://purl.obolibrary.org/obo/XAO_0005050>	<http://www.w3.org/2000/01/rdf-schema#subClassOf>	<http://purl.obolibrary.org/obo/XAO_0004609>
<http://purl.obolibrary.org/obo/XAO_0000171>	<http://www.w3.org/2000/01/rdf-schema#subClassOf>	<http://purl.obolibrary.org/obo/XAO_0003160>
<http://purl.obolibrary.org/obo/XAO_0000200>	<http://www.w3.org/2000/01/rdf-schema#subClassOf>	<http://purl.obolibrary.org/obo/XAO_0003016>
<http://purl.obolibrary.org/obo/XAO_0003014>	<http://www.w3.org/2000/01/rdf-schema#subClassOf>	<http://purl.obolibrary.org/obo/XAO_0003012>
<http://purl.obolibrary.org/obo/XAO_0005504>	<http://www.w3.org/2000/01/rdf-schema#subClassOf>	<http://purl.obolibrary.org/obo/XAO_0003037>
<http://purl.obolibrary.org/obo/XAO_0000386>	<http://www.w3.org/2000/01/rdf-schema#subClassOf>	<http://purl.obolibrary.org/obo/XAO_0000115>
<http://purl.obolibrary.org/obo/XAO_0005090>	<http://www.w3.org/2000/01/rdf-schema#subClassOf>	<http://purl.obolibrary.org/obo/XAO_0005112>
<http://purl.obolibrary.org/obo/XAO_0005002>	<http://www.w3.org/2000/01/rdf-schema#subClassOf>	<http://purl.obolibrary.org/obo/XAO_0003000>
<http://purl.obolibrary.org/obo/XAO_0004301>	<http://www.w3.org/2000/01/rdf-schema#subClassOf>	<http://purl.obolibrary.org/obo/XAO_0003037>
<http://purl.obolibrary.org/obo/XAO_0000270>	<http://www.w3.org/2000/01/rdf-schema#subClassOf>	<http://purl.obolibrary.org/obo/XAO_0003040>
<http://purl.obolibrary.org/obo/XAO_0004049>	<http://www.w3.org/2000/01/rdf-schema#subClassOf>	<http://purl.obolibrary.org/obo/XAO_0001017>
<http://purl.obolibrary.org/obo/XAO_0004079>	<http://www.w3.org/2000/01/rdf-schema#subClassOf>	<http://purl.obolibrary.org/obo/XAO_0004597>
<http://purl.obolibrary.org/obo/XAO_0003088>	<http://www.w3.org/2000/01/rdf-schema#subClassOf>	<http://purl.obolibrary.org/obo/XAO_0003040>
<http://purl.obolibrary.org/obo/XAO_0000141>	<http://www.w3.org/2000/01/rdf-schema#subClassOf>	<http://purl.obolibrary.org/obo/XAO_0005244>
<http://purl.obolibrary.org/obo/XAO_0004161>	<http://www.w3.org/2000/01/rdf-schema#subClassOf>	<http://purl.obolibrary.org/obo/XAO_0004160>
<http://purl.obolibrary.org/obo/XAO_0003121>	<http://www.w3.org/2000/01/rdf-schema#subClassOf>	<http://purl.obolibrary.org/obo/XAO_0000397>
<http://purl.obolibrary.org/obo/XAO_0004490>	<http://www.w3.org/2000/01/rdf-schema#subClassOf>	<http://purl.obolibrary.org/obo/XAO_0003040>
<http://purl.obolibrary.org/obo/XAO_0005194>	<http://www.w3.org/2000/01/rdf-schema#subClassOf>	<http://purl.obolibrary.org/obo/XAO_0003042>
<http://purl.obolibrary.org/obo/XAO_0000208>	<http://www.w3.org/2000/01/rdf-schema#subClassOf>	<http://purl.obolibrary.org/obo/XAO_0003042>
<http://purl.obolibrary.org/obo/XAO_0004153>	<http://www.w3.org/2000/01/rdf-schema#subClassOf>	<http://purl.obolibrary.org/obo/XAO_0001011>
<http://purl.obolibrary.org/obo/XAO_0000043>	<http://www.w3.org/2000/01/rdf-schema#subClassOf>	<http://purl.obolibrary.org/obo/XAO_0003040>
<http://purl.obolibrary.org/obo/XAO_0000252>	<http://www.w3.org/2000/01/rdf-schema#subClassOf>	<http://purl.obolibrary.org/obo/XAO_0003190>
<http://purl.obolibrary.org/obo/XAO_0004291>	<http://www.w3.org/2000/01/rdf-schema#subClassOf>	<http://purl.obolibrary.org/obo/XAO_0003007>
<http://purl.obolibrary.org/obo/XAO_1000018>	<http://www.w3.org/2000/01/rdf-schema#subClassOf>	<http://purl.obolibrary.org/obo/XAO_1000094>
<http://purl.obolibrary.org/obo/XAO_0004188>	<http://www.w3.org/2000/01/rdf-schema#subClassOf>	<http://purl.obolibrary.org/obo/XAO_0003040>
<http://purl.obolibrary.org/obo/XAO_0004257>	<http://www.w3.org/2000/01/rdf-schema#subClassOf>	<http://purl.obolibrary.org/obo/XAO_0000115>
<http://purl.obolibrary.org/obo/XAO_0004353>	<http://www.w3.org/2000/01/rdf-schema#subClassOf>	<http://purl.obolibrary.org/obo/XAO_0004327>
<http://purl.obolibrary.org/obo/XAO_0004626>	<http://www.w3.org/2000/01/rdf-schema#subClassOf>	<http://purl.obolibrary.org/obo/XAO_0001011>
<http://purl.obolibrary.org/obo/XAO_0005227>	<http://www.w3.org/2000/01/rdf-schema#subClassOf>	<http://purl.obolibrary.org/obo/XAO_0003040>
<http://purl.obolibrary.org/obo/XAO_0004393>	<http://www.w3.org/2000/01/rdf-schema#subClassOf>	<http://purl.obolibrary.org/obo/XAO_0003045>
<http://purl.obolibrary.org/obo/XAO_1000006>	<http://www.w3.org/2000/01/rdf-schema#subClassOf>	<http://purl.obolibrary.org/obo/XAO_1000012>
<http://purl.obolibrary.org/obo/XAO_0003007>	<http://www.w3.org/2000/01/rdf-schema#subClassOf>	<http://purl.obolibrary.org/obo/XAO_0000000>
<http://purl.obolibrary.org/obo/XAO_0004396>	<http://www.w3.org/2000/01/rdf-schema#subClassOf>	<http://purl.obolibrary.org/obo/XAO_0004059>
<http://purl.obolibrary.org/obo/XAO_0005231>	<http://www.w3.org/2000/01/rdf-schema#subClassOf>	<http://purl.obolibrary.org/obo/XAO_0003037>
<http://purl.obolibrary.org/obo/XAO_0004062>	<http://www.w3.org/2000/01/rdf-schema#subClassOf>	<http://purl.obolibrary.org/obo/XAO_0000002>
<http://purl.obolibrary.org/obo/XAO_0004462>	<http://www.w3.org/2000/01/rdf-schema#subClassOf>	<http://purl.obolibrary.org/obo/XAO_0003042>
<http://purl.obolibrary.org/obo/XAO_0006018>	<http://www.w3.org/2000/01/rdf-schema#subClassOf>	<http://purl.obolibrary.org/obo/XAO_0004290>
<http://purl.obolibrary.org/obo/XAO_0006010>	<http://www.w3.org/2000/01/rdf-schema#subClassOf>	<http://purl.obolibrary.org/obo/XAO_0004290>
<http://purl.obolibrary.org/obo/XAO_0004602>	<http://www.w3.org/2000/01/rdf-schema#subClassOf>	<http://purl.obolibrary.org/obo/XAO_0003190>
<http://purl.obolibrary.org/obo/XAO_0000021>	<http://www.w3.org/2000/01/rdf-schema#subClassOf>	<http://purl.obolibrary.org/obo/XAO_0003186>
<http://purl.obolibrary.org/obo/XAO_0005188>	<http://www.w3.org/2000/01/rdf-schema#subClassOf>	<http://purl.obolibrary.org/obo/XAO_0003037>
<http://purl.obolibrary.org/obo/XAO_0005505>	<http://www.w3.org/2000/01/rdf-schema#subClassOf>	<http://purl.obolibrary.org/obo/XAO_0000040>
<http://purl.obolibrary.org/obo/XAO_0000168>	<http://www.w3.org/2000/01/rdf-schema#subClassOf>	<http://purl.obolibrary.org/obo/XAO_0003002>
<http://purl.obolibrary.org/obo/XAO_0003044>	<http://www.w3.org/2000/01/rdf-schema#subClassOf>	<http://purl.obolibrary.org/obo/XAO_0003011>
<http://purl.obolibrary.org/obo/XAO_0005158>	<http://www.w3.org/2000/01/rdf-schema#subClassOf>	<http://purl.obolibrary.org/obo/XAO_0003037>
<http://purl.obolibrary.org/obo/XAO_0005425>	<http://www.w3.org/2000/01/rdf-schema#subClassOf>	<http://purl.obolibrary.org/obo/XAO_0005422>
<http://purl.obolibrary.org/obo/XAO_0000202>	<http://www.w3.org/2000/01/rdf-schema#subClassOf>	<http://purl.obolibrary.org/obo/XAO_0003186>
<http://purl.obolibrary.org/obo/XAO_0000343>	<http://www.w3.org/2000/01/rdf-schema#subClassOf>	<http://purl.obolibrary.org/obo/XAO_0000341>
<http://purl.obolibrary.org/obo/XAO_0003117>	<http://www.w3.org/2000/01/rdf-schema#subClassOf>	<http://purl.obolibrary.org/obo/XAO_0000315>
<http://purl.obolibrary.org/obo/XAO_0000280>	<http://www.w3.org/2000/01/rdf-schema#subClassOf>	<http://purl.obolibrary.org/obo/XAO_0003186>
<http://purl.obolibrary.org/obo/XAO_1000072>	<http://www.w3.org/2000/01/rdf-schema#subClassOf>	<http://purl.obolibrary.org/obo/XAO_1000094>
<http://purl.obolibrary.org/obo/XAO_0005108>	<http://www.w3.org/2000/01/rdf-schema#subClassOf>	<http://purl.obolibrary.org/obo/XAO_0005114>
<http://purl.obolibrary.org/obo/XAO_0004493>	<http://www.w3.org/2000/01/rdf-schema#subClassOf>	<http://purl.obolibrary.org/obo/XAO_0003037>
<http://purl.obolibrary.org/obo/XAO_0005085>	<http://www.w3.org/2000/01/rdf-schema#subClassOf>	<http://purl.obolibrary.org/obo/XAO_0003016>
<http://purl.obolibrary.org/obo/XAO_0004546>	<http://www.w3.org/2000/01/rdf-schema#subClassOf>	<http://purl.obolibrary.org/obo/XAO_0004609>
<http://purl.obolibrary.org/obo/XAO_0004104>	<http://www.w3.org/2000/01/rdf-schema#subClassOf>	<http://purl.obolibrary.org/obo/XAO_0003040>
<http://purl.obolibrary.org/obo/XAO_0004620>	<http://www.w3.org/2000/01/rdf-schema#subClassOf>	<http://purl.obolibrary.org/obo/XAO_0000305>
<http://purl.obolibrary.org/obo/XAO_0000072>	<http://www.w3.org/2000/01/rdf-schema#subClassOf>	<http://purl.obolibrary.org/obo/XAO_0000068>
<http://purl.obolibrary.org/obo/XAO_0000004>	<http://www.w3.org/2000/01/rdf-schema#subClassOf>	<http://purl.obolibrary.org/obo/XAO_0003040>
<http://purl.obolibrary.org/obo/XAO_0000395>	<http://www.w3.org/2000/01/rdf-schema#subClassOf>	<http://purl.obolibrary.org/obo/XAO_0000115>
<http://purl.obolibrary.org/obo/XAO_0000299>	<http://www.w3.org/2000/01/rdf-schema#subClassOf>	<http://purl.obolibrary.org/obo/XAO_0003185>
<http://purl.obolibrary.org/obo/XAO_1000055>	<http://www.w3.org/2000/01/rdf-schema#subClassOf>	<http://purl.obolibrary.org/obo/XAO_1000094>
<http://purl.obolibrary.org/obo/XAO_0004529>	<http://www.w3.org/2000/01/rdf-schema#subClassOf>	<http://purl.obolibrary.org/obo/XAO_0003040>
<http://purl.obolibrary.org/obo/XAO_0004294>	<http://www.w3.org/2000/01/rdf-schema#subClassOf>	<http://purl.obolibrary.org/obo/XAO_0003013>
<http://purl.obolibrary.org/obo/XAO_0000029>	<http://www.w3.org/2000/01/rdf-schema#subClassOf>	<http://purl.obolibrary.org/obo/XAO_0003045>
<http://purl.obolibrary.org/obo/XAO_0003029>	<http://www.w3.org/2000/01/rdf-schema#subClassOf>	<http://purl.obolibrary.org/obo/XAO_0003190>
<http://purl.obolibrary.org/obo/XAO_1000088>	<http://www.w3.org/2000/01/rdf-schema#subClassOf>	<http://purl.obolibrary.org/obo/XAO_1000082>
<http://purl.obolibrary.org/obo/XAO_0004346>	<http://www.w3.org/2000/01/rdf-schema#subClassOf>	<http://purl.obolibrary.org/obo/XAO_0004325>
<http://purl.obolibrary.org/obo/XAO_0003125>	<http://www.w3.org/2000/01/rdf-schema#subClassOf>	<http://purl.obolibrary.org/obo/XAO_0000315>
<http://purl.obolibrary.org/obo/XAO_0000193>	<http://www.w3.org/2000/01/rdf-schema#subClassOf>	<http://purl.obolibrary.org/obo/XAO_0003037>
<http://purl.obolibrary.org/obo/XAO_0000224>	<http://www.w3.org/2000/01/rdf-schema#subClassOf>	<http://purl.obolibrary.org/obo/XAO_0003040>
<http://purl.obolibrary.org/obo/XAO_1000082>	<http://www.w3.org/2000/01/rdf-schema#subClassOf>	<http://purl.obolibrary.org/obo/XAO_1000000>
<http://purl.obolibrary.org/obo/XAO_0005048>	<http://www.w3.org/2000/01/rdf-schema#subClassOf>	<http://purl.obolibrary.org/obo/XAO_0004609>
<http://purl.obolibrary.org/obo/XAO_0000399>	<http://www.w3.org/2000/01/rdf-schema#subClassOf>	<http://purl.obolibrary.org/obo/XAO_0003017>
<http://purl.obolibrary.org/obo/XAO_0005208>	<http://www.w3.org/2000/01/rdf-schema#subClassOf>	<http://purl.obolibrary.org/obo/XAO_0005205>
<http://purl.obolibrary.org/obo/XAO_0004517>	<http://www.w3.org/2000/01/rdf-schema#subClassOf>	<http://purl.obolibrary.org/obo/XAO_0005017>
<http://purl.obolibrary.org/obo/XAO_0003004>	<http://www.w3.org/2000/01/rdf-schema#subClassOf>	<http://purl.obolibrary.org/obo/XAO_0003000>
<http://purl.obolibrary.org/obo/XAO_0003178>	<http://www.w3.org/2000/01/rdf-schema#subClassOf>	<http://purl.obolibrary.org/obo/XAO_0003040>
<http://purl.obolibrary.org/obo/XAO_0004047>	<http://www.w3.org/2000/01/rdf-schema#subClassOf>	<http://purl.obolibrary.org/obo/XAO_0004045>
<http://purl.obolibrary.org/obo/XAO_0004084>	<http://www.w3.org/2000/01/rdf-schema#subClassOf>	<http://purl.obolibrary.org/obo/XAO_0004079>
<http://purl.obolibrary.org/obo/XAO_0004579>	<http://www.w3.org/2000/01/rdf-schema#subClassOf>	<http://purl.obolibrary.org/obo/XAO_0003160>
<http://purl.obolibrary.org/obo/XAO_0000279>	<http://www.w3.org/2000/01/rdf-schema#subClassOf>	<http://purl.obolibrary.org/obo/XAO_0003016>
<http://purl.obolibrary.org/obo/XAO_0004365>	<http://www.w3.org/2000/01/rdf-schema#subClassOf>	<http://purl.obolibrary.org/obo/XAO_0003190>
<http://purl.obolibrary.org/obo/XAO_0004070>	<http://www.w3.org/2000/01/rdf-schema#subClassOf>	<http://purl.obolibrary.org/obo/XAO_0003037>
<http://purl.obolibrary.org/obo/XAO_0004260>	<http://www.w3.org/2000/01/rdf-schema#subClassOf>	<http://purl.obolibrary.org/obo/XAO_0003037>
<http://purl.obolibrary.org/obo/XAO_0005071>	<http://www.w3.org/2000/01/rdf-schema#subClassOf>	<http://purl.obolibrary.org/obo/XAO_0003028>
<http://purl.obolibrary.org/obo/XAO_0003194>	<http://www.w3.org/2000/01/rdf-schema#subClassOf>	<http://purl.obolibrary.org/obo/XAO_0003002>
<http://purl.obolibrary.org/obo/XAO_0004219>	<http://www.w3.org/2000/01/rdf-schema#subClassOf>	<http://purl.obolibrary.org/obo/XAO_0004013>
<http://purl.obolibrary.org/obo/XAO_0003213>	<http://www.w3.org/2000/01/rdf-schema#subClassOf>	<http://purl.obolibrary.org/obo/XAO_0004018>
<http://purl.obolibrary.org/obo/XAO_0000410>	<http://www.w3.org/2000/01/rdf-schema#subClassOf>	<http://purl.obolibrary.org/obo/XAO_0000314>
<http://purl.obolibrary.org/obo/XAO_0003228>	<http://www.w3.org/2000/01/rdf-schema#subClassOf>	<http://purl.obolibrary.org/obo/XAO_0000174>
<http://purl.obolibrary.org/obo/XAO_0000272>	<http://www.w3.org/2000/01/rdf-schema#subClassOf>	<http://purl.obolibrary.org/obo/XAO_0003037>
<http://purl.obolibrary.org/obo/XAO_0005284>	<http://www.w3.org/2000/01/rdf-schema#subClassOf>	<http://purl.obolibrary.org/obo/XAO_0004290>
<http://purl.obolibrary.org/obo/XAO_1000038>	<http://www.w3.org/2000/01/rdf-schema#subClassOf>	<http://purl.obolibrary.org/obo/XAO_1000094>
<http://purl.obolibrary.org/obo/XAO_0004223>	<http://www.w3.org/2000/01/rdf-schema#subClassOf>	<http://purl.obolibrary.org/obo/XAO_0000440>
<http://purl.obolibrary.org/obo/XAO_0004444>	<http://www.w3.org/2000/01/rdf-schema#subClassOf>	<http://purl.obolibrary.org/obo/XAO_0004455>
<http://purl.obolibrary.org/obo/XAO_0004427>	<http://www.w3.org/2000/01/rdf-schema#subClassOf>	<http://purl.obolibrary.org/obo/XAO_0004455>
<http://purl.obolibrary.org/obo/XAO_0000443>	<http://www.w3.org/2000/01/rdf-schema#subClassOf>	<http://purl.obolibrary.org/obo/XAO_0004002>
<http://purl.obolibrary.org/obo/XAO_0004436>	<http://www.w3.org/2000/01/rdf-schema#subClassOf>	<http://purl.obolibrary.org/obo/XAO_0004455>
<http://purl.obolibrary.org/obo/XAO_0004029>	<http://www.w3.org/2000/01/rdf-schema#subClassOf>	<http://purl.obolibrary.org/obo/XAO_0000170>
<http://purl.obolibrary.org/obo/XAO_0000166>	<http://www.w3.org/2000/01/rdf-schema#subClassOf>	<http://purl.obolibrary.org/obo/XAO_0003040>
<http://purl.obolibrary.org/obo/XAO_0000367>	<http://www.w3.org/2000/01/rdf-schema#subClassOf>	<http://purl.obolibrary.org/obo/XAO_0000114>
<http://purl.obolibrary.org/obo/XAO_0004109>	<http://www.w3.org/2000/01/rdf-schema#subClassOf>	<http://purl.obolibrary.org/obo/XAO_0004059>
<http://purl.obolibrary.org/obo/XAO_0004203>	<http://www.w3.org/2000/01/rdf-schema#subClassOf>	<http://purl.obolibrary.org/obo/XAO_0004046>
<http://purl.obolibrary.org/obo/XAO_0006036>	<http://www.w3.org/2000/01/rdf-schema#subClassOf>	<http://purl.obolibrary.org/obo/XAO_0004308>
<http://purl.obolibrary.org/obo/XAO_0004051>	<http://www.w3.org/2000/01/rdf-schema#subClassOf>	<http://purl.obolibrary.org/obo/XAO_0004046>
<http://purl.obolibrary.org/obo/XAO_0003159>	<http://www.w3.org/2000/01/rdf-schema#subClassOf>	<http://purl.obolibrary.org/obo/XAO_0003155>
<http://purl.obolibrary.org/obo/XAO_0005206>	<http://www.w3.org/2000/01/rdf-schema#subClassOf>	<http://purl.obolibrary.org/obo/XAO_0005205>
<http://purl.obolibrary.org/obo/XAO_0000408>	<http://www.w3.org/2000/01/rdf-schema#subClassOf>	<http://purl.obolibrary.org/obo/XAO_0000314>
<http://purl.obolibrary.org/obo/XAO_0000040>	<http://www.w3.org/2000/01/rdf-schema#subClassOf>	<http://purl.obolibrary.org/obo/XAO_0003186>
<http://purl.obolibrary.org/obo/XAO_0000422>	<http://www.w3.org/2000/01/rdf-schema#subClassOf>	<http://purl.obolibrary.org/obo/XAO_0003143>
<http://purl.obolibrary.org/obo/XAO_0004042>	<http://www.w3.org/2000/01/rdf-schema#subClassOf>	<http://purl.obolibrary.org/obo/XAO_0003002>
<http://purl.obolibrary.org/obo/XAO_0005155>	<http://www.w3.org/2000/01/rdf-schema#subClassOf>	<http://purl.obolibrary.org/obo/XAO_0004003>
<http://purl.obolibrary.org/obo/XAO_0004137>	<http://www.w3.org/2000/01/rdf-schema#subClassOf>	<http://purl.obolibrary.org/obo/XAO_0004138>
<http://purl.obolibrary.org/obo/XAO_0005216>	<http://www.w3.org/2000/01/rdf-schema#subClassOf>	<http://purl.obolibrary.org/obo/XAO_0003186>
<http://purl.obolibrary.org/obo/XAO_0005006>	<http://www.w3.org/2000/01/rdf-schema#subClassOf>	<http://purl.obolibrary.org/obo/XAO_0003185>
<http://purl.obolibrary.org/obo/XAO_0004163>	<http://www.w3.org/2000/01/rdf-schema#subClassOf>	<http://purl.obolibrary.org/obo/XAO_0003012>
<http://purl.obolibrary.org/obo/XAO_0000025>	<http://www.w3.org/2000/01/rdf-schema#subClassOf>	<http://purl.obolibrary.org/obo/XAO_0003040>
<http://purl.obolibrary.org/obo/XAO_0000033>	<http://www.w3.org/2000/01/rdf-schema#subClassOf>	<http://purl.obolibrary.org/obo/XAO_0003028>
<http://purl.obolibrary.org/obo/XAO_0000314>	<http://www.w3.org/2000/01/rdf-schema#subClassOf>	<http://purl.obolibrary.org/obo/XAO_0000058>
<http://purl.obolibrary.org/obo/XAO_0004488>	<http://www.w3.org/2000/01/rdf-schema#subClassOf>	<http://purl.obolibrary.org/obo/XAO_0004486>
<http://purl.obolibrary.org/obo/XAO_0000167>	<http://www.w3.org/2000/01/rdf-schema#subClassOf>	<http://purl.obolibrary.org/obo/XAO_0003037>
<http://purl.obolibrary.org/obo/XAO_0005010>	<http://www.w3.org/2000/01/rdf-schema#subClassOf>	<http://purl.obolibrary.org/obo/XAO_0004290>
<http://purl.obolibrary.org/obo/XAO_0004537>	<http://www.w3.org/2000/01/rdf-schema#subClassOf>	<http://purl.obolibrary.org/obo/XAO_0004609>
<http://purl.obolibrary.org/obo/XAO_0005422>	<http://www.w3.org/2000/01/rdf-schema#subClassOf>	<http://purl.obolibrary.org/obo/XAO_0003040>
<http://purl.obolibrary.org/obo/XAO_0003221>	<http://www.w3.org/2000/01/rdf-schema#subClassOf>	<http://purl.obolibrary.org/obo/XAO_0003040>
<http://purl.obolibrary.org/obo/XAO_0003135>	<http://www.w3.org/2000/01/rdf-schema#subClassOf>	<http://purl.obolibrary.org/obo/XAO_0000397>
<http://purl.obolibrary.org/obo/XAO_0004617>	<http://www.w3.org/2000/01/rdf-schema#subClassOf>	<http://purl.obolibrary.org/obo/XAO_0003042>
<http://purl.obolibrary.org/obo/XAO_0004238>	<http://www.w3.org/2000/01/rdf-schema#subClassOf>	<http://purl.obolibrary.org/obo/XAO_0004013>
<http://purl.obolibrary.org/obo/XAO_0004193>	<http://www.w3.org/2000/01/rdf-schema#subClassOf>	<http://purl.obolibrary.org/obo/XAO_0004012>
<http://purl.obolibrary.org/obo/XAO_0003090>	<http://www.w3.org/2000/01/rdf-schema#subClassOf>	<http://purl.obolibrary.org/obo/XAO_0000429>
<http://purl.obolibrary.org/obo/XAO_0004611>	<http://www.w3.org/2000/01/rdf-schema#subClassOf>	<http://purl.obolibrary.org/obo/XAO_0004607>
<http://purl.obolibrary.org/obo/XAO_0004147>	<http://www.w3.org/2000/01/rdf-schema#subClassOf>	<http://purl.obolibrary.org/obo/XAO_0000115>
<http://purl.obolibrary.org/obo/XAO_0000062>	<http://www.w3.org/2000/01/rdf-schema#subClassOf>	<http://purl.obolibrary.org/obo/XAO_0003040>
<http://purl.obolibrary.org/obo/XAO_0005066>	<http://www.w3.org/2000/01/rdf-schema#subClassOf>	<http://purl.obolibrary.org/obo/XAO_0003186>
<http://purl.obolibrary.org/obo/XAO_0006002>	<http://www.w3.org/2000/01/rdf-schema#subClassOf>	<http://purl.obolibrary.org/obo/XAO_0003042>
<http://purl.obolibrary.org/obo/XAO_0004415>	<http://www.w3.org/2000/01/rdf-schema#subClassOf>	<http://purl.obolibrary.org/obo/XAO_0003035>
<http://purl.obolibrary.org/obo/XAO_0005120>	<http://www.w3.org/2000/01/rdf-schema#subClassOf>	<http://purl.obolibrary.org/obo/XAO_0004290>
<http://purl.obolibrary.org/obo/XAO_0004459>	<http://www.w3.org/2000/01/rdf-schema#subClassOf>	<http://purl.obolibrary.org/obo/XAO_0004013>
<http://purl.obolibrary.org/obo/XAO_0005327>	<http://www.w3.org/2000/01/rdf-schema#subClassOf>	<http://purl.obolibrary.org/obo/XAO_0003040>
<http://purl.obolibrary.org/obo/XAO_0000190>	<http://www.w3.org/2000/01/rdf-schema#subClassOf>	<http://purl.obolibrary.org/obo/XAO_0004013>
<http://purl.obolibrary.org/obo/XAO_1000051>	<http://www.w3.org/2000/01/rdf-schema#subClassOf>	<http://purl.obolibrary.org/obo/XAO_1000094>
<http://purl.obolibrary.org/obo/XAO_0004287>	<http://www.w3.org/2000/01/rdf-schema#subClassOf>	<http://purl.obolibrary.org/obo/XAO_0004012>
<http://purl.obolibrary.org/obo/XAO_0005184>	<http://www.w3.org/2000/01/rdf-schema#subClassOf>	<http://purl.obolibrary.org/obo/XAO_0003023>
<http://purl.obolibrary.org/obo/XAO_0000246>	<http://www.w3.org/2000/01/rdf-schema#subClassOf>	<http://purl.obolibrary.org/obo/XAO_0003190>
<http://purl.obolibrary.org/obo/XAO_0003037>	<http://www.w3.org/2000/01/rdf-schema#subClassOf>	<http://purl.obolibrary.org/obo/XAO_0005002>
<http://purl.obolibrary.org/obo/XAO_0004248>	<http://www.w3.org/2000/01/rdf-schema#subClassOf>	<http://purl.obolibrary.org/obo/XAO_0000114>
<http://purl.obolibrary.org/obo/XAO_0003110>	<http://www.w3.org/2000/01/rdf-schema#subClassOf>	<http://purl.obolibrary.org/obo/XAO_0000315>
<http://purl.obolibrary.org/obo/XAO_0005001>	<http://www.w3.org/2000/01/rdf-schema#subClassOf>	<http://purl.obolibrary.org/obo/XAO_0004040>
<http://purl.obolibrary.org/obo/XAO_0004113>	<http://www.w3.org/2000/01/rdf-schema#subClassOf>	<http://purl.obolibrary.org/obo/XAO_0003186>
<http://purl.obolibrary.org/obo/XAO_0003065>	<http://www.w3.org/2000/01/rdf-schema#subClassOf>	<http://purl.obolibrary.org/obo/XAO_0003161>
<http://purl.obolibrary.org/obo/XAO_0000292>	<http://www.w3.org/2000/01/rdf-schema#subClassOf>	<http://purl.obolibrary.org/obo/XAO_0003037>
<http://purl.obolibrary.org/obo/XAO_0000281>	<http://www.w3.org/2000/01/rdf-schema#subClassOf>	<http://purl.obolibrary.org/obo/XAO_0003042>
<http://purl.obolibrary.org/obo/XAO_0004264>	<http://www.w3.org/2000/01/rdf-schema#subClassOf>	<http://purl.obolibrary.org/obo/XAO_0004294>
<http://purl.obolibrary.org/obo/XAO_0000174>	<http://www.w3.org/2000/01/rdf-schema#subClassOf>	<http://purl.obolibrary.org/obo/XAO_0000172>
<http://purl.obolibrary.org/obo/XAO_0000107>	<http://www.w3.org/2000/01/rdf-schema#subClassOf>	<http://purl.obolibrary.org/obo/XAO_0003037>
<http://purl.obolibrary.org/obo/XAO_0004447>	<http://www.w3.org/2000/01/rdf-schema#subClassOf>	<http://purl.obolibrary.org/obo/XAO_0004455>
<http://purl.obolibrary.org/obo/XAO_0004376>	<http://www.w3.org/2000/01/rdf-schema#subClassOf>	<http://purl.obolibrary.org/obo/XAO_0004013>
<http://purl.obolibrary.org/obo/XAO_0004598>	<http://www.w3.org/2000/01/rdf-schema#subClassOf>	<http://purl.obolibrary.org/obo/XAO_0004597>
<http://purl.obolibrary.org/obo/XAO_0000163>	<http://www.w3.org/2000/01/rdf-schema#subClassOf>	<http://purl.obolibrary.org/obo/XAO_0003041>
<http://purl.obolibrary.org/obo/XAO_0005302>	<http://www.w3.org/2000/01/rdf-schema#subClassOf>	<http://purl.obolibrary.org/obo/XAO_0003186>
<http://purl.obolibrary.org/obo/XAO_0004129>	<http://www.w3.org/2000/01/rdf-schema#subClassOf>	<http://purl.obolibrary.org/obo/XAO_0004326>
<http://purl.obolibrary.org/obo/XAO_0006038>	<http://www.w3.org/2000/01/rdf-schema#subClassOf>	<http://purl.obolibrary.org/obo/XAO_0005044>
<http://purl.obolibrary.org/obo/XAO_0005023>	<http://www.w3.org/2000/01/rdf-schema#subClassOf>	<http://purl.obolibrary.org/obo/XAO_0005071>
<http://purl.obolibrary.org/obo/XAO_0000130>	<http://www.w3.org/2000/01/rdf-schema#subClassOf>	<http://purl.obolibrary.org/obo/XAO_0003037>
<http://purl.obolibrary.org/obo/XAO_0004242>	<http://www.w3.org/2000/01/rdf-schema#subClassOf>	<http://purl.obolibrary.org/obo/XAO_0000114>
<http://purl.obolibrary.org/obo/XAO_0004559>	<http://www.w3.org/2000/01/rdf-schema#subClassOf>	<http://purl.obolibrary.org/obo/XAO_0003160>
<http://purl.obolibrary.org/obo/XAO_0000151>	<http://www.w3.org/2000/01/rdf-schema#subClassOf>	<http://purl.obolibrary.org/obo/XAO_0004000>
<http://purl.obolibrary.org/obo/XAO_0004299>	<http://www.w3.org/2000/01/rdf-schema#subClassOf>	<http://purl.obolibrary.org/obo/XAO_0004265>
<http://purl.obolibrary.org/obo/XAO_1000093>	<http://www.w3.org/2000/01/rdf-schema#subClassOf>	<http://purl.obolibrary.org/obo/XAO_1000095>
<http://purl.obolibrary.org/obo/XAO_1000056>	<http://www.w3.org/2000/01/rdf-schema#subClassOf>	<http://purl.obolibrary.org/obo/XAO_1000094>
<http://purl.obolibrary.org/obo/XAO_0003262>	<http://www.w3.org/2000/01/rdf-schema#subClassOf>	<http://purl.obolibrary.org/obo/XAO_0003012>
<http://purl.obolibrary.org/obo/XAO_0000135>	<http://www.w3.org/2000/01/rdf-schema#subClassOf>	<http://purl.obolibrary.org/obo/XAO_0003041>
<http://purl.obolibrary.org/obo/XAO_0004031>	<http://www.w3.org/2000/01/rdf-schema#subClassOf>	<http://purl.obolibrary.org/obo/XAO_0004030>
<http://purl.obolibrary.org/obo/XAO_0003101>	<http://www.w3.org/2000/01/rdf-schema#subClassOf>	<http://purl.obolibrary.org/obo/XAO_0003047>
<http://purl.obolibrary.org/obo/XAO_0004460>	<http://www.w3.org/2000/01/rdf-schema#subClassOf>	<http://purl.obolibrary.org/obo/XAO_0003040>
<http://purl.obolibrary.org/obo/XAO_0000055>	<http://www.w3.org/2000/01/rdf-schema#subClassOf>	<http://purl.obolibrary.org/obo/XAO_0003040>
<http://purl.obolibrary.org/obo/XAO_0004026>	<http://www.w3.org/2000/01/rdf-schema#subClassOf>	<http://purl.obolibrary.org/obo/XAO_0004289>
<http://purl.obolibrary.org/obo/XAO_0004401>	<http://www.w3.org/2000/01/rdf-schema#subClassOf>	<http://purl.obolibrary.org/obo/XAO_0004059>
<http://purl.obolibrary.org/obo/XAO_0004309>	<http://www.w3.org/2000/01/rdf-schema#subClassOf>	<http://purl.obolibrary.org/obo/XAO_0003012>
<http://purl.obolibrary.org/obo/XAO_0005003>	<http://www.w3.org/2000/01/rdf-schema#subClassOf>	<http://purl.obolibrary.org/obo/XAO_0004008>
<http://purl.obolibrary.org/obo/XAO_0006007>	<http://www.w3.org/2000/01/rdf-schema#subClassOf>	<http://purl.obolibrary.org/obo/XAO_0004290>
<http://purl.obolibrary.org/obo/XAO_0003122>	<http://www.w3.org/2000/01/rdf-schema#subClassOf>	<http://purl.obolibrary.org/obo/XAO_0000397>
<http://purl.obolibrary.org/obo/XAO_0005234>	<http://www.w3.org/2000/01/rdf-schema#subClassOf>	<http://purl.obolibrary.org/obo/XAO_0003012>
<http://purl.obolibrary.org/obo/XAO_0003040>	<http://www.w3.org/2000/01/rdf-schema#subClassOf>	<http://purl.obolibrary.org/obo/XAO_0005002>
<http://purl.obolibrary.org/obo/XAO_0004117>	<http://www.w3.org/2000/01/rdf-schema#subClassOf>	<http://purl.obolibrary.org/obo/XAO_0000256>
<http://purl.obolibrary.org/obo/XAO_0000296>	<http://www.w3.org/2000/01/rdf-schema#subClassOf>	<http://purl.obolibrary.org/obo/XAO_0003185>
<http://purl.obolibrary.org/obo/XAO_0004384>	<http://www.w3.org/2000/01/rdf-schema#subClassOf>	<http://purl.obolibrary.org/obo/XAO_0003042>
<http://purl.obolibrary.org/obo/XAO_0004333>	<http://www.w3.org/2000/01/rdf-schema#subClassOf>	<http://purl.obolibrary.org/obo/XAO_0004323>
<http://purl.obolibrary.org/obo/XAO_0005018>	<http://www.w3.org/2000/01/rdf-schema#subClassOf>	<http://purl.obolibrary.org/obo/XAO_0003023>
<http://purl.obolibrary.org/obo/XAO_1000062>	<http://www.w3.org/2000/01/rdf-schema#subClassOf>	<http://purl.obolibrary.org/obo/XAO_1000094>
<http://purl.obolibrary.org/obo/XAO_0004564>	<http://www.w3.org/2000/01/rdf-schema#subClassOf>	<http://purl.obolibrary.org/obo/XAO_0005422>
<http://purl.obolibrary.org/obo/XAO_0000005>	<http://www.w3.org/2000/01/rdf-schema#subClassOf>	<http://purl.obolibrary.org/obo/XAO_0004620>
<http://purl.obolibrary.org/obo/XAO_0003030>	<http://www.w3.org/2000/01/rdf-schema#subClassOf>	<http://purl.obolibrary.org/obo/XAO_0003027>
<http://purl.obolibrary.org/obo/XAO_0000204>	<http://www.w3.org/2000/01/rdf-schema#subClassOf>	<http://purl.obolibrary.org/obo/XAO_0003047>
<http://purl.obolibrary.org/obo/XAO_0000244>	<http://www.w3.org/2000/01/rdf-schema#subClassOf>	<http://purl.obolibrary.org/obo/XAO_0003037>
<http://purl.obolibrary.org/obo/XAO_0006046>	<http://www.w3.org/2000/01/rdf-schema#subClassOf>	<http://purl.obolibrary.org/obo/XAO_0006044>
<http://purl.obolibrary.org/obo/XAO_0000049>	<http://www.w3.org/2000/01/rdf-schema#subClassOf>	<http://purl.obolibrary.org/obo/XAO_0003043>
<http://purl.obolibrary.org/obo/XAO_0005115>	<http://www.w3.org/2000/01/rdf-schema#subClassOf>	<http://purl.obolibrary.org/obo/XAO_0000200>
<http://purl.obolibrary.org/obo/XAO_0000136>	<http://www.w3.org/2000/01/rdf-schema#subClassOf>	<http://purl.obolibrary.org/obo/XAO_0003034>
<http://purl.obolibrary.org/obo/XAO_0005163>	<http://www.w3.org/2000/01/rdf-schema#subClassOf>	<http://purl.obolibrary.org/obo/XAO_0003186>
<http://purl.obolibrary.org/obo/XAO_0000154>	<http://www.w3.org/2000/01/rdf-schema#subClassOf>	<http://purl.obolibrary.org/obo/XAO_0003165>
<http://purl.obolibrary.org/obo/XAO_0000158>	<http://www.w3.org/2000/01/rdf-schema#subClassOf>	<http://purl.obolibrary.org/obo/XAO_0003002>
<http://purl.obolibrary.org/obo/XAO_0000148>	<http://www.w3.org/2000/01/rdf-schema#subClassOf>	<http://purl.obolibrary.org/obo/XAO_0003040>
<http://purl.obolibrary.org/obo/XAO_0000230>	<http://www.w3.org/2000/01/rdf-schema#subClassOf>	<http://purl.obolibrary.org/obo/XAO_0003012>
<http://purl.obolibrary.org/obo/XAO_0005286>	<http://www.w3.org/2000/01/rdf-schema#subClassOf>	<http://purl.obolibrary.org/obo/XAO_0005285>
<http://purl.obolibrary.org/obo/XAO_0005146>	<http://www.w3.org/2000/01/rdf-schema#subClassOf>	<http://purl.obolibrary.org/obo/XAO_0003190>
<http://purl.obolibrary.org/obo/XAO_1000015>	<http://www.w3.org/2000/01/rdf-schema#subClassOf>	<http://purl.obolibrary.org/obo/XAO_1000094>
<http://purl.obolibrary.org/obo/XAO_0005317>	<http://www.w3.org/2000/01/rdf-schema#subClassOf>	<http://purl.obolibrary.org/obo/XAO_0004290>
<http://purl.obolibrary.org/obo/XAO_0004316>	<http://www.w3.org/2000/01/rdf-schema#subClassOf>	<http://purl.obolibrary.org/obo/XAO_0003186>
<http://purl.obolibrary.org/obo/XAO_0000083>	<http://www.w3.org/2000/01/rdf-schema#subClassOf>	<http://purl.obolibrary.org/obo/XAO_0003040>
<http://purl.obolibrary.org/obo/XAO_0006055>	<http://www.w3.org/2000/01/rdf-schema#subClassOf>	<http://purl.obolibrary.org/obo/XAO_0003160>
<http://purl.obolibrary.org/obo/XAO_0003015>	<http://www.w3.org/2000/01/rdf-schema#subClassOf>	<http://purl.obolibrary.org/obo/XAO_0003012>
<http://purl.obolibrary.org/obo/XAO_0000253>	<http://www.w3.org/2000/01/rdf-schema#subClassOf>	<http://purl.obolibrary.org/obo/XAO_0000068>
<http://purl.obolibrary.org/obo/XAO_0006011>	<http://www.w3.org/2000/01/rdf-schema#subClassOf>	<http://purl.obolibrary.org/obo/XAO_0004290>
<http://purl.obolibrary.org/obo/XAO_0004594>	<http://www.w3.org/2000/01/rdf-schema#subClassOf>	<http://purl.obolibrary.org/obo/XAO_0003037>
<http://purl.obolibrary.org/obo/XAO_0004302>	<http://www.w3.org/2000/01/rdf-schema#subClassOf>	<http://purl.obolibrary.org/obo/XAO_0003037>
<http://purl.obolibrary.org/obo/XAO_0004256>	<http://www.w3.org/2000/01/rdf-schema#subClassOf>	<http://purl.obolibrary.org/obo/XAO_0000115>
<http://purl.obolibrary.org/obo/XAO_0005321>	<http://www.w3.org/2000/01/rdf-schema#subClassOf>	<http://purl.obolibrary.org/obo/XAO_0003186>
<http://purl.obolibrary.org/obo/XAO_0006034>	<http://www.w3.org/2000/01/rdf-schema#subClassOf>	<http://purl.obolibrary.org/obo/XAO_0004148>
<http://purl.obolibrary.org/obo/XAO_0003230>	<http://www.w3.org/2000/01/rdf-schema#subClassOf>	<http://purl.obolibrary.org/obo/XAO_0003160>
<http://purl.obolibrary.org/obo/XAO_0001012>	<http://www.w3.org/2000/01/rdf-schema#subClassOf>	<http://purl.obolibrary.org/obo/XAO_0003037>
<http://purl.obolibrary.org/obo/XAO_0005110>	<http://www.w3.org/2000/01/rdf-schema#subClassOf>	<http://purl.obolibrary.org/obo/XAO_0005114>
<http://purl.obolibrary.org/obo/XAO_0004146>	<http://www.w3.org/2000/01/rdf-schema#subClassOf>	<http://purl.obolibrary.org/obo/XAO_0003012>
<http://purl.obolibrary.org/obo/XAO_0000042>	<http://www.w3.org/2000/01/rdf-schema#subClassOf>	<http://purl.obolibrary.org/obo/XAO_0003040>
<http://purl.obolibrary.org/obo/XAO_0005295>	<http://www.w3.org/2000/01/rdf-schema#subClassOf>	<http://purl.obolibrary.org/obo/XAO_0005309>
<http://purl.obolibrary.org/obo/XAO_0000345>	<http://www.w3.org/2000/01/rdf-schema#subClassOf>	<http://purl.obolibrary.org/obo/XAO_0000114>
<http://purl.obolibrary.org/obo/XAO_0004541>	<http://www.w3.org/2000/01/rdf-schema#subClassOf>	<http://purl.obolibrary.org/obo/XAO_0004609>
<http://purl.obolibrary.org/obo/XAO_0000127>	<http://www.w3.org/2000/01/rdf-schema#subClassOf>	<http://purl.obolibrary.org/obo/XAO_0003037>
<http://purl.obolibrary.org/obo/XAO_0004187>	<http://www.w3.org/2000/01/rdf-schema#subClassOf>	<http://purl.obolibrary.org/obo/XAO_0003040>
<http://purl.obolibrary.org/obo/XAO_0004456>	<http://www.w3.org/2000/01/rdf-schema#subClassOf>	<http://purl.obolibrary.org/obo/XAO_0003042>
<http://purl.obolibrary.org/obo/XAO_0004130>	<http://www.w3.org/2000/01/rdf-schema#subClassOf>	<http://purl.obolibrary.org/obo/XAO_0004138>
<http://purl.obolibrary.org/obo/XAO_0004032>	<http://www.w3.org/2000/01/rdf-schema#subClassOf>	<http://purl.obolibrary.org/obo/XAO_0004027>
<http://purl.obolibrary.org/obo/XAO_0005300>	<http://www.w3.org/2000/01/rdf-schema#subClassOf>	<http://purl.obolibrary.org/obo/XAO_0003200>
<http://purl.obolibrary.org/obo/XAO_0004627>	<http://www.w3.org/2000/01/rdf-schema#subClassOf>	<http://purl.obolibrary.org/obo/XAO_0001011>
<http://purl.obolibrary.org/obo/XAO_0000132>	<http://www.w3.org/2000/01/rdf-schema#subClassOf>	<http://purl.obolibrary.org/obo/XAO_0003002>
<http://purl.obolibrary.org/obo/XAO_0000214>	<http://www.w3.org/2000/01/rdf-schema#subClassOf>	<http://purl.obolibrary.org/obo/XAO_0004276>
<http://purl.obolibrary.org/obo/XAO_1000005>	<http://www.w3.org/2000/01/rdf-schema#subClassOf>	<http://purl.obolibrary.org/obo/XAO_1000012>
<http://purl.obolibrary.org/obo/XAO_0000431>	<http://www.w3.org/2000/01/rdf-schema#subClassOf>	<http://purl.obolibrary.org/obo/XAO_0004012>
<http://purl.obolibrary.org/obo/XAO_0004154>	<http://www.w3.org/2000/01/rdf-schema#subClassOf>	<http://purl.obolibrary.org/obo/XAO_0001011>
<http://purl.obolibrary.org/obo/XAO_0004379>	<http://www.w3.org/2000/01/rdf-schema#subClassOf>	<http://purl.obolibrary.org/obo/XAO_0004013>
<http://purl.obolibrary.org/obo/XAO_0004311>	<http://www.w3.org/2000/01/rdf-schema#subClassOf>	<http://purl.obolibrary.org/obo/XAO_0004059>
<http://purl.obolibrary.org/obo/XAO_0000092>	<http://www.w3.org/2000/01/rdf-schema#subClassOf>	<http://purl.obolibrary.org/obo/XAO_0003190>
<http://purl.obolibrary.org/obo/XAO_0000268>	<http://www.w3.org/2000/01/rdf-schema#subClassOf>	<http://purl.obolibrary.org/obo/XAO_0000111>
<http://purl.obolibrary.org/obo/XAO_0000070>	<http://www.w3.org/2000/01/rdf-schema#subClassOf>	<http://purl.obolibrary.org/obo/XAO_0000068>
<http://purl.obolibrary.org/obo/XAO_0003026>	<http://www.w3.org/2000/01/rdf-schema#subClassOf>	<http://purl.obolibrary.org/obo/XAO_0003013>
<http://purl.obolibrary.org/obo/XAO_0004528>	<http://www.w3.org/2000/01/rdf-schema#subClassOf>	<http://purl.obolibrary.org/obo/XAO_0003143>
<http://purl.obolibrary.org/obo/XAO_0000176>	<http://www.w3.org/2000/01/rdf-schema#subClassOf>	<http://purl.obolibrary.org/obo/XAO_0003002>
<http://purl.obolibrary.org/obo/XAO_0004281>	<http://www.w3.org/2000/01/rdf-schema#subClassOf>	<http://purl.obolibrary.org/obo/XAO_0000002>
<http://purl.obolibrary.org/obo/XAO_0004380>	<http://www.w3.org/2000/01/rdf-schema#subClassOf>	<http://purl.obolibrary.org/obo/XAO_0004013>
<http://purl.obolibrary.org/obo/XAO_0000344>	<http://www.w3.org/2000/01/rdf-schema#subClassOf>	<http://purl.obolibrary.org/obo/XAO_0000341>
<http://purl.obolibrary.org/obo/XAO_0000001>	<http://www.w3.org/2000/01/rdf-schema#subClassOf>	<http://purl.obolibrary.org/obo/XAO_0003011>
<http://purl.obolibrary.org/obo/XAO_0000133>	<http://www.w3.org/2000/01/rdf-schema#subClassOf>	<http://purl.obolibrary.org/obo/XAO_0003164>
<http://purl.obolibrary.org/obo/XAO_0000364>	<http://www.w3.org/2000/01/rdf-schema#subClassOf>	<http://purl.obolibrary.org/obo/XAO_0000114>
