?cls	?pred	?val	?synType
<http://purl.obolibrary.org/obo/XAO_0004597>	<http://www.w3.org/2000/01/rdf-schema#label>	"neuromere"	
<http://purl.obolibrary.org/obo/XAO_0003088>	<http://www.w3.org/2000/01/rdf-schema#label>	"seminiferous tubule"	
<http://purl.obolibrary.org/obo/XAO_0003097>	<http://www.w3.org/2000/01/rdf-schema#label>	"vagus nerve"	
<http://purl.obolibrary.org/obo/XAO_0004425>	<http://www.w3.org/2000/01/rdf-schema#label>	"m. levator mandibulae longus internus primordium"	
<http://purl.obolibrary.org/obo/XAO_1000076>	<http://www.w3.org/2000/01/rdf-schema#label>	"NF stage 64"	
<http://purl.obolibrary.org/obo/XAO_0005285>	<http://www.w3.org/2000/01/rdf-schema#label>	"spindle microtubule"	
<http://purl.obolibrary.org/obo/XAO_0003197>	<http://www.w3.org/2000/01/rdf-schema#label>	"gustatory system"	
<http://purl.obolibrary.org/obo/XAO_0005226>	<http://www.w3.org/2000/01/rdf-schema#label>	"migrating myoblast"	
<http://purl.obolibrary.org/obo/XAO_0000376>	<http://www.w3.org/2000/01/rdf-schema#label>	"omphalomesenteric vein"	
<http://purl.obolibrary.org/obo/XAO_0000378>	<http://www.w3.org/2000/01/rdf-schema#label>	"musculoabdominal vein"	
<http://purl.obolibrary.org/obo/XAO_0004534>	<http://www.w3.org/2000/01/rdf-schema#label>	"anterior entopeduncular nucleus"	
<http://purl.obolibrary.org/obo/XAO_0000267>	<http://www.w3.org/2000/01/rdf-schema#label>	"hypophyseal primordium"	
<http://purl.obolibrary.org/obo/XAO_0003025>	<http://www.w3.org/2000/01/rdf-schema#label>	"trunk"	
<http://purl.obolibrary.org/obo/XAO_0003256>	<http://www.w3.org/2000/01/rdf-schema#label>	"mucus secreting cell"	
<http://purl.obolibrary.org/obo/XAO_0005235>	<http://www.w3.org/2000/01/rdf-schema#label>	"dorsal telencephalon"	
<http://purl.obolibrary.org/obo/XAO_0000011>	<http://www.w3.org/2000/01/rdf-schema#label>	"forebrain"	
<http://purl.obolibrary.org/obo/XAO_0003147>	<http://www.w3.org/2000/01/rdf-schema#label>	"spermatozoon"	
<http://purl.obolibrary.org/obo/XAO_0003060>	<http://www.w3.org/2000/01/rdf-schema#label>	"skeletal system"	
<http://purl.obolibrary.org/obo/XAO_0000260>	<http://www.w3.org/2000/01/rdf-schema#label>	"perivitelline space"	
<http://purl.obolibrary.org/obo/XAO_0006043>	<http://www.w3.org/2000/01/rdf-schema#label>	"common myeloid progenitor"	
<http://purl.obolibrary.org/obo/XAO_0003068>	<http://www.w3.org/2000/01/rdf-schema#label>	"obsolete fore mesopodium"	
<http://purl.obolibrary.org/obo/XAO_0005087>	<http://www.w3.org/2000/01/rdf-schema#label>	"blastomere V2"	
<http://purl.obolibrary.org/obo/XAO_0000227>	<http://www.w3.org/2000/01/rdf-schema#label>	"eye primordium"	
<http://purl.obolibrary.org/obo/XAO_0000349>	<http://www.w3.org/2000/01/rdf-schema#label>	"larval aorta"	
<http://purl.obolibrary.org/obo/XAO_1000062>	<http://www.w3.org/2000/01/rdf-schema#label>	"NF stage 50"	
<http://purl.obolibrary.org/obo/XAO_0004121>	<http://www.w3.org/2000/01/rdf-schema#label>	"apical ectodermal ridge"	
<http://purl.obolibrary.org/obo/XAO_0005206>	<http://www.w3.org/2000/01/rdf-schema#label>	"anterior side"	
<http://purl.obolibrary.org/obo/XAO_0000220>	<http://www.w3.org/2000/01/rdf-schema#label>	"dermatome"	
<http://purl.obolibrary.org/obo/XAO_0003227>	<http://www.w3.org/2000/01/rdf-schema#label>	"pharynx"	
<http://purl.obolibrary.org/obo/XAO_0005037>	<http://www.w3.org/2000/01/rdf-schema#label>	"migrating macrophage"	
<http://purl.obolibrary.org/obo/XAO_0000362>	<http://www.w3.org/2000/01/rdf-schema#label>	"coeliaco-mesenteric artery"	
<http://purl.obolibrary.org/obo/XAO_0003118>	<http://www.w3.org/2000/01/rdf-schema#label>	"myotome of trunk somite 6"	
<http://purl.obolibrary.org/obo/XAO_0004520>	<http://www.w3.org/2000/01/rdf-schema#label>	"proximal tubule branch"	
<http://purl.obolibrary.org/obo/XAO_0003011>	<http://www.w3.org/2000/01/rdf-schema#label>	"primary germ layer"	
<http://purl.obolibrary.org/obo/XAO_0004155>	<http://www.w3.org/2000/01/rdf-schema#label>	"hyaloid artery"	
<http://purl.obolibrary.org/obo/XAO_0005194>	<http://www.w3.org/2000/01/rdf-schema#label>	"medial nasal prominence"	
<http://purl.obolibrary.org/obo/XAO_0005321>	<http://www.w3.org/2000/01/rdf-schema#label>	"intercanthal region"	
<http://purl.obolibrary.org/obo/XAO_0000471>	<http://www.w3.org/2000/01/rdf-schema#label>	"xanthophore"	
<http://purl.obolibrary.org/obo/XAO_0004037>	<http://www.w3.org/2000/01/rdf-schema#label>	"non-mineralized avascular GAG-rich matrix"	
<http://purl.obolibrary.org/obo/XAO_0004063>	<http://www.w3.org/2000/01/rdf-schema#label>	"dorsal fin"	
<http://purl.obolibrary.org/obo/XAO_1000092>	<http://www.w3.org/2000/01/rdf-schema#label>	"mature egg stage"	
<http://purl.obolibrary.org/obo/XAO_0000025>	<http://www.w3.org/2000/01/rdf-schema#label>	"hyoid crest"	
<http://purl.obolibrary.org/obo/XAO_0000027>	<http://www.w3.org/2000/01/rdf-schema#label>	"cranial ganglion"	
<http://purl.obolibrary.org/obo/XAO_0006011>	<http://www.w3.org/2000/01/rdf-schema#label>	"iridosome"	
<http://purl.obolibrary.org/obo/XAO_0004609>	<http://www.w3.org/2000/01/rdf-schema#label>	"neural nucleus"	
<http://purl.obolibrary.org/obo/XAO_0005242>	<http://www.w3.org/2000/01/rdf-schema#label>	"posterior neural fold"	
<http://purl.obolibrary.org/obo/XAO_0004323>	<http://www.w3.org/2000/01/rdf-schema#label>	"mandibular head muscle"	
<http://purl.obolibrary.org/obo/XAO_1000042>	<http://www.w3.org/2000/01/rdf-schema#label>	"NF stage 26"	
<http://purl.obolibrary.org/obo/XAO_0000200>	<http://www.w3.org/2000/01/rdf-schema#label>	"animal blastomere"	
<http://purl.obolibrary.org/obo/XAO_0003207>	<http://www.w3.org/2000/01/rdf-schema#label>	"carpus"	
<http://purl.obolibrary.org/obo/XAO_0003213>	<http://www.w3.org/2000/01/rdf-schema#label>	"tibia-fibula"	
<http://purl.obolibrary.org/obo/XAO_0004480>	<http://www.w3.org/2000/01/rdf-schema#label>	"forelimb digit 4"	
<http://purl.obolibrary.org/obo/XAO_0004008>	<http://www.w3.org/2000/01/rdf-schema#label>	"simple columnar epithelium"	
<http://purl.obolibrary.org/obo/XAO_0000061>	<http://www.w3.org/2000/01/rdf-schema#label>	"obsolete pronephric capsule"	
<http://purl.obolibrary.org/obo/XAO_0000107>	<http://www.w3.org/2000/01/rdf-schema#label>	"tail bud"	
<http://purl.obolibrary.org/obo/XAO_0000234>	<http://www.w3.org/2000/01/rdf-schema#label>	"germinal vesicle"	
<http://purl.obolibrary.org/obo/XAO_0004488>	<http://www.w3.org/2000/01/rdf-schema#label>	"diaphysis"	
<http://purl.obolibrary.org/obo/XAO_0000116>	<http://www.w3.org/2000/01/rdf-schema#label>	"capillary"	
<http://purl.obolibrary.org/obo/XAO_0004147>	<http://www.w3.org/2000/01/rdf-schema#label>	"vitelline vein"	
<http://purl.obolibrary.org/obo/XAO_0004438>	<http://www.w3.org/2000/01/rdf-schema#label>	"mm. levator arcuum branchialium II primordium"	
<http://purl.obolibrary.org/obo/XAO_0004182>	<http://www.w3.org/2000/01/rdf-schema#label>	"pericardium"	
<http://purl.obolibrary.org/obo/XAO_0005191>	<http://www.w3.org/2000/01/rdf-schema#label>	"ethmoid bone"	
<http://purl.obolibrary.org/obo/XAO_0004044>	<http://www.w3.org/2000/01/rdf-schema#label>	"non-mineralized hyaline cartilage tissue"	
<http://purl.obolibrary.org/obo/XAO_1000023>	<http://www.w3.org/2000/01/rdf-schema#label>	"NF stage 13"	
<http://purl.obolibrary.org/obo/XAO_0004230>	<http://www.w3.org/2000/01/rdf-schema#label>	"anterior hypothalamus"	
<http://purl.obolibrary.org/obo/XAO_0005138>	<http://www.w3.org/2000/01/rdf-schema#label>	"subcortical cytoplasm"	
<http://purl.obolibrary.org/obo/XAO_0004330>	<http://www.w3.org/2000/01/rdf-schema#label>	"m. levator mandibulae longus superficialis"	
<http://purl.obolibrary.org/obo/XAO_0004474>	<http://www.w3.org/2000/01/rdf-schema#label>	"periotic region"	
<http://purl.obolibrary.org/obo/XAO_0004087>	<http://www.w3.org/2000/01/rdf-schema#label>	"neural fold"	
<http://purl.obolibrary.org/obo/XAO_0004621>	<http://www.w3.org/2000/01/rdf-schema#label>	"epidermal cell"	
<http://purl.obolibrary.org/obo/XAO_0004127>	<http://www.w3.org/2000/01/rdf-schema#label>	"m. geniohyoideus"	
<http://purl.obolibrary.org/obo/XAO_0000172>	<http://www.w3.org/2000/01/rdf-schema#label>	"muscle"	
<http://purl.obolibrary.org/obo/XAO_0004373>	<http://www.w3.org/2000/01/rdf-schema#label>	"processus lateralis hyalis"	
<http://purl.obolibrary.org/obo/XAO_0000080>	<http://www.w3.org/2000/01/rdf-schema#label>	"forelimb region"	
<http://purl.obolibrary.org/obo/XAO_0004419>	<http://www.w3.org/2000/01/rdf-schema#label>	"claw of hindlimb digit 3"	
<http://purl.obolibrary.org/obo/XAO_0000231>	<http://www.w3.org/2000/01/rdf-schema#label>	"follicle layer"	
<http://purl.obolibrary.org/obo/XAO_0004201>	<http://www.w3.org/2000/01/rdf-schema#label>	"odontode tissue"	
<http://purl.obolibrary.org/obo/XAO_0000123>	<http://www.w3.org/2000/01/rdf-schema#label>	"bone marrow"	
<http://purl.obolibrary.org/obo/XAO_0000088>	<http://www.w3.org/2000/01/rdf-schema#label>	"upper blastopore lip"	
<http://purl.obolibrary.org/obo/XAO_0005063>	<http://www.w3.org/2000/01/rdf-schema#label>	"external coil of the small intestine"	
<http://purl.obolibrary.org/obo/XAO_0005294>	<http://www.w3.org/2000/01/rdf-schema#label>	"mandibular nerve"	
<http://purl.obolibrary.org/obo/XAO_0005002>	<http://www.w3.org/2000/01/rdf-schema#label>	"multicellular anatomical structure"	
<http://purl.obolibrary.org/obo/XAO_0004163>	<http://www.w3.org/2000/01/rdf-schema#label>	"angioblast"	
<http://purl.obolibrary.org/obo/XAO_0005505>	<http://www.w3.org/2000/01/rdf-schema#label>	"nasal region"	
<http://purl.obolibrary.org/obo/XAO_0004310>	<http://www.w3.org/2000/01/rdf-schema#label>	"stapes"	
<http://purl.obolibrary.org/obo/XAO_0004541>	<http://www.w3.org/2000/01/rdf-schema#label>	"bed nucleus of the stria terminalis"	
<http://purl.obolibrary.org/obo/XAO_0003032>	<http://www.w3.org/2000/01/rdf-schema#label>	"digit"	
<http://purl.obolibrary.org/obo/XAO_0004329>	<http://www.w3.org/2000/01/rdf-schema#label>	"m. levator mandibulae longus profundus"	
<http://purl.obolibrary.org/obo/XAO_0000396>	<http://www.w3.org/2000/01/rdf-schema#label>	"head somite 1"	
<http://purl.obolibrary.org/obo/XAO_0004071>	<http://www.w3.org/2000/01/rdf-schema#label>	"optic chiasm"	
<http://purl.obolibrary.org/obo/XAO_0005111>	<http://www.w3.org/2000/01/rdf-schema#label>	"blastomere V2.2.2"	
<http://purl.obolibrary.org/obo/XAO_0003200>	<http://www.w3.org/2000/01/rdf-schema#label>	"gut epithelium"	
<http://purl.obolibrary.org/obo/XAO_0004079>	<http://www.w3.org/2000/01/rdf-schema#label>	"rhombomere"	
<http://purl.obolibrary.org/obo/XAO_0005263>	<http://www.w3.org/2000/01/rdf-schema#label>	"anterior neuroectoderm"	
<http://purl.obolibrary.org/obo/XAO_0000190>	<http://www.w3.org/2000/01/rdf-schema#label>	"tympanic disk"	
<http://purl.obolibrary.org/obo/XAO_0003175>	<http://www.w3.org/2000/01/rdf-schema#label>	"otic region"	
<http://purl.obolibrary.org/obo/XAO_0005154>	<http://www.w3.org/2000/01/rdf-schema#label>	"plasma membrane"	
<http://purl.obolibrary.org/obo/XAO_0000356>	<http://www.w3.org/2000/01/rdf-schema#label>	"vascular endothelium"	
<http://purl.obolibrary.org/obo/XAO_0004365>	<http://www.w3.org/2000/01/rdf-schema#label>	"fenestra basicranialis"	
<http://purl.obolibrary.org/obo/XAO_0004512>	<http://www.w3.org/2000/01/rdf-schema#label>	"midgut primordium"	
<http://purl.obolibrary.org/obo/XAO_0000074>	<http://www.w3.org/2000/01/rdf-schema#label>	"involuting marginal zone"	
<http://purl.obolibrary.org/obo/XAO_0000247>	<http://www.w3.org/2000/01/rdf-schema#label>	"visceral pouch 2"	
<http://purl.obolibrary.org/obo/XAO_0003003>	<http://www.w3.org/2000/01/rdf-schema#label>	"unspecified"	
<http://purl.obolibrary.org/obo/XAO_0003125>	<http://www.w3.org/2000/01/rdf-schema#label>	"myotome of trunk somite 9"	
<http://purl.obolibrary.org/obo/XAO_0006021>	<http://www.w3.org/2000/01/rdf-schema#label>	"hepatic erythrocyte"	
<http://purl.obolibrary.org/obo/XAO_0005313>	<http://www.w3.org/2000/01/rdf-schema#label>	"actin cytoskeleton"	
<http://purl.obolibrary.org/obo/XAO_0000382>	<http://www.w3.org/2000/01/rdf-schema#label>	"internal jugular vein"	
<http://purl.obolibrary.org/obo/XAO_0006029>	<http://www.w3.org/2000/01/rdf-schema#label>	"megakaryocyte/erythrocyte precursor"	
<http://purl.obolibrary.org/obo/XAO_0000281>	<http://www.w3.org/2000/01/rdf-schema#label>	"vegetal yolk mass"	
<http://purl.obolibrary.org/obo/XAO_0000327>	<http://www.w3.org/2000/01/rdf-schema#label>	"right spleen primordium"	
<http://purl.obolibrary.org/obo/XAO_1000036>	<http://www.w3.org/2000/01/rdf-schema#label>	"NF stage 20"	
<http://purl.obolibrary.org/obo/XAO_0000430>	<http://www.w3.org/2000/01/rdf-schema#label>	"Rathke's pouch"	
<http://purl.obolibrary.org/obo/XAO_0000045>	<http://www.w3.org/2000/01/rdf-schema#label>	"pre-chordal neural plate"	
<http://purl.obolibrary.org/obo/XAO_0000218>	<http://www.w3.org/2000/01/rdf-schema#label>	"appendage"	
<http://purl.obolibrary.org/obo/XAO_0000449>	<http://www.w3.org/2000/01/rdf-schema#label>	"branchial arch 2"	
<http://purl.obolibrary.org/obo/XAO_0000336>	<http://www.w3.org/2000/01/rdf-schema#label>	"heart primordium"	
<http://purl.obolibrary.org/obo/XAO_0000178>	<http://www.w3.org/2000/01/rdf-schema#label>	"peripheral nervous system"	
<http://purl.obolibrary.org/obo/XAO_0005146>	<http://www.w3.org/2000/01/rdf-schema#label>	"oval window"	
<http://purl.obolibrary.org/obo/XAO_0005172>	<http://www.w3.org/2000/01/rdf-schema#label>	"left blastomere"	
<http://purl.obolibrary.org/obo/XAO_0004528>	<http://www.w3.org/2000/01/rdf-schema#label>	"tail somite 18"	
<http://purl.obolibrary.org/obo/XAO_0004264>	<http://www.w3.org/2000/01/rdf-schema#label>	"zeugopod"	
<http://purl.obolibrary.org/obo/XAO_0004495>	<http://www.w3.org/2000/01/rdf-schema#label>	"iliac process primordium"	
<http://purl.obolibrary.org/obo/XAO_1000070>	<http://www.w3.org/2000/01/rdf-schema#label>	"NF stage 58"	
<http://purl.obolibrary.org/obo/XAO_0000005>	<http://www.w3.org/2000/01/rdf-schema#label>	"olfactory placode"	
<http://purl.obolibrary.org/obo/XAO_0006009>	<http://www.w3.org/2000/01/rdf-schema#label>	"outer segment cilium"	
<http://purl.obolibrary.org/obo/XAO_1000007>	<http://www.w3.org/2000/01/rdf-schema#label>	"tailbud stage"	
<http://purl.obolibrary.org/obo/XAO_0005220>	<http://www.w3.org/2000/01/rdf-schema#label>	"medial region"	
<http://purl.obolibrary.org/obo/XAO_0006002>	<http://www.w3.org/2000/01/rdf-schema#label>	"lateral plate mesoderm, right side"	
<http://purl.obolibrary.org/obo/XAO_0005008>	<http://www.w3.org/2000/01/rdf-schema#label>	"cilium"	
<http://purl.obolibrary.org/obo/XAO_0000134>	<http://www.w3.org/2000/01/rdf-schema#label>	"bile duct"	
<http://purl.obolibrary.org/obo/XAO_0003132>	<http://www.w3.org/2000/01/rdf-schema#label>	"myotome of trunk somite 12"	
<http://purl.obolibrary.org/obo/XAO_0004214>	<http://www.w3.org/2000/01/rdf-schema#label>	"accessory nerve"	
<http://purl.obolibrary.org/obo/XAO_0000138>	<http://www.w3.org/2000/01/rdf-schema#label>	"mesentery"	
<http://purl.obolibrary.org/obo/XAO_0000307>	<http://www.w3.org/2000/01/rdf-schema#label>	"anterior neural tube"	
<http://purl.obolibrary.org/obo/XAO_0003250>	<http://www.w3.org/2000/01/rdf-schema#label>	"exocrine cell"	
<http://purl.obolibrary.org/obo/XAO_0000313>	<http://www.w3.org/2000/01/rdf-schema#label>	"head somite"	
<http://purl.obolibrary.org/obo/XAO_0003038>	<http://www.w3.org/2000/01/rdf-schema#label>	"simple organ"	
<http://purl.obolibrary.org/obo/XAO_0003141>	<http://www.w3.org/2000/01/rdf-schema#label>	"sclerotome of tail somite 17"	
<http://purl.obolibrary.org/obo/XAO_0000429>	<http://www.w3.org/2000/01/rdf-schema#label>	"cranial nerve"	
<http://purl.obolibrary.org/obo/XAO_0005117>	<http://www.w3.org/2000/01/rdf-schema#label>	"germinal granule"	
<http://purl.obolibrary.org/obo/XAO_0000273>	<http://www.w3.org/2000/01/rdf-schema#label>	"olfactory organ"	
<http://purl.obolibrary.org/obo/XAO_0005010>	<http://www.w3.org/2000/01/rdf-schema#label>	"growth cone"	
<http://purl.obolibrary.org/obo/XAO_0004580>	<http://www.w3.org/2000/01/rdf-schema#label>	"dorsal funiculus"	
<http://purl.obolibrary.org/obo/XAO_0000422>	<http://www.w3.org/2000/01/rdf-schema#label>	"tail somite 14"	
<http://purl.obolibrary.org/obo/XAO_0000164>	<http://www.w3.org/2000/01/rdf-schema#label>	"adrenal gland"	
<http://purl.obolibrary.org/obo/XAO_0006045>	<http://www.w3.org/2000/01/rdf-schema#label>	"basophil"	
<http://purl.obolibrary.org/obo/XAO_0004466>	<http://www.w3.org/2000/01/rdf-schema#label>	"serous membrane"	
<http://purl.obolibrary.org/obo/XAO_1000043>	<http://www.w3.org/2000/01/rdf-schema#label>	"NF stage 27"	
<http://purl.obolibrary.org/obo/XAO_0004357>	<http://www.w3.org/2000/01/rdf-schema#label>	"m. obliquus superior"	
<http://purl.obolibrary.org/obo/XAO_0004588>	<http://www.w3.org/2000/01/rdf-schema#label>	"subcommissural organ"	
<http://purl.obolibrary.org/obo/XAO_0000343>	<http://www.w3.org/2000/01/rdf-schema#label>	"aortic arch 2"	
<http://purl.obolibrary.org/obo/XAO_0003074>	<http://www.w3.org/2000/01/rdf-schema#label>	"vertebral column"	
<http://purl.obolibrary.org/obo/XAO_0004416>	<http://www.w3.org/2000/01/rdf-schema#label>	"claw primordium"	
<http://purl.obolibrary.org/obo/XAO_0000465>	<http://www.w3.org/2000/01/rdf-schema#label>	"caudal lateral line"	
<http://purl.obolibrary.org/obo/XAO_0003221>	<http://www.w3.org/2000/01/rdf-schema#label>	"retinal inner nuclear layer"	
<http://purl.obolibrary.org/obo/XAO_0003009>	<http://www.w3.org/2000/01/rdf-schema#label>	"disaggregated/reaggregated ectoderm treated with activin"	
<http://purl.obolibrary.org/obo/XAO_0003112>	<http://www.w3.org/2000/01/rdf-schema#label>	"sclerotome of head somite 4"	
<http://purl.obolibrary.org/obo/XAO_0000120>	<http://www.w3.org/2000/01/rdf-schema#label>	"external gill"	
<http://purl.obolibrary.org/obo/XAO_0004022>	<http://www.w3.org/2000/01/rdf-schema#label>	"cartilaginous condensation"	
<http://purl.obolibrary.org/obo/XAO_0005319>	<http://www.w3.org/2000/01/rdf-schema#label>	"actin filament"	
<http://purl.obolibrary.org/obo/XAO_0005060>	<http://www.w3.org/2000/01/rdf-schema#label>	"glomerular mesangial cell"	
<http://purl.obolibrary.org/obo/XAO_0004291>	<http://www.w3.org/2000/01/rdf-schema#label>	"cell-free extract"	
<http://purl.obolibrary.org/obo/XAO_0004525>	<http://www.w3.org/2000/01/rdf-schema#label>	"medium cavity"	
<http://purl.obolibrary.org/obo/XAO_0005212>	<http://www.w3.org/2000/01/rdf-schema#label>	"proximal-distal axis"	
<http://purl.obolibrary.org/obo/XAO_0005103>	<http://www.w3.org/2000/01/rdf-schema#label>	"blastomere D2.2.2"	
<http://purl.obolibrary.org/obo/XAO_0004299>	<http://www.w3.org/2000/01/rdf-schema#label>	"hand"	
<http://purl.obolibrary.org/obo/XAO_0004559>	<http://www.w3.org/2000/01/rdf-schema#label>	"lateral forebrain bundle"	
<http://purl.obolibrary.org/obo/XAO_0004221>	<http://www.w3.org/2000/01/rdf-schema#label>	"anterior lateral line placode"	
<http://purl.obolibrary.org/obo/XAO_0004452>	<http://www.w3.org/2000/01/rdf-schema#label>	"m. rectus superior primordium"	
<http://purl.obolibrary.org/obo/XAO_0004065>	<http://www.w3.org/2000/01/rdf-schema#label>	"ventral fin margin"	
<http://purl.obolibrary.org/obo/XAO_0004105>	<http://www.w3.org/2000/01/rdf-schema#label>	"pronephric tubule"	
<http://purl.obolibrary.org/obo/XAO_0005247>	<http://www.w3.org/2000/01/rdf-schema#label>	"hindgut endoderm"	
<http://purl.obolibrary.org/obo/XAO_0005078>	<http://www.w3.org/2000/01/rdf-schema#label>	"dorsomedial edge of myotome"	
<http://purl.obolibrary.org/obo/XAO_0000150>	<http://www.w3.org/2000/01/rdf-schema#label>	"obsolete loop of Henle"	
<http://purl.obolibrary.org/obo/XAO_0003167>	<http://www.w3.org/2000/01/rdf-schema#label>	"obsolete fore metapodium"	
<http://purl.obolibrary.org/obo/XAO_0000294>	<http://www.w3.org/2000/01/rdf-schema#label>	"blastocoel"	
<http://purl.obolibrary.org/obo/XAO_0004349>	<http://www.w3.org/2000/01/rdf-schema#label>	"m. constrictor laryngis"	
<http://purl.obolibrary.org/obo/XAO_0004093>	<http://www.w3.org/2000/01/rdf-schema#label>	"profundal placode"	
<http://purl.obolibrary.org/obo/XAO_0000101>	<http://www.w3.org/2000/01/rdf-schema#label>	"liver diverticulum"	
<http://purl.obolibrary.org/obo/XAO_0005305>	<http://www.w3.org/2000/01/rdf-schema#label>	"ventral endomesoderm"	
<http://purl.obolibrary.org/obo/XAO_0004595>	<http://www.w3.org/2000/01/rdf-schema#label>	"ventrolateral thalamic nucleus"	
<http://purl.obolibrary.org/obo/XAO_0004482>	<http://www.w3.org/2000/01/rdf-schema#label>	"epicardial precursor cell"	
<http://purl.obolibrary.org/obo/XAO_0005041>	<http://www.w3.org/2000/01/rdf-schema#label>	"lateral semicircular canal"	
<http://purl.obolibrary.org/obo/XAO_0003104>	<http://www.w3.org/2000/01/rdf-schema#label>	"myotome of head somite 1"	
<http://purl.obolibrary.org/obo/XAO_0000239>	<http://www.w3.org/2000/01/rdf-schema#label>	"hepato-pancreatic duct"	
<http://purl.obolibrary.org/obo/XAO_0005185>	<http://www.w3.org/2000/01/rdf-schema#label>	"dorsolateral commissural neuron"	
<http://purl.obolibrary.org/obo/XAO_0004423>	<http://www.w3.org/2000/01/rdf-schema#label>	"trunk vasculature"	
<http://purl.obolibrary.org/obo/XAO_0004141>	<http://www.w3.org/2000/01/rdf-schema#label>	"spiral septum"	
<http://purl.obolibrary.org/obo/XAO_0004432>	<http://www.w3.org/2000/01/rdf-schema#label>	"m. orbitohyoideus primordium"	
<http://purl.obolibrary.org/obo/XAO_0005049>	<http://www.w3.org/2000/01/rdf-schema#label>	"prethalamus basal plate"	
<http://purl.obolibrary.org/obo/XAO_0000374>	<http://www.w3.org/2000/01/rdf-schema#label>	"dorsal lymph space"	
<http://purl.obolibrary.org/obo/XAO_0000265>	<http://www.w3.org/2000/01/rdf-schema#label>	"visceral pouch 6"	
<http://purl.obolibrary.org/obo/XAO_0004532>	<http://www.w3.org/2000/01/rdf-schema#label>	"anterior amygdala"	
<http://purl.obolibrary.org/obo/XAO_0005233>	<http://www.w3.org/2000/01/rdf-schema#label>	"ionocyte, beta subtype"	
<http://purl.obolibrary.org/obo/XAO_0004057>	<http://www.w3.org/2000/01/rdf-schema#label>	"tail tip"	
<http://purl.obolibrary.org/obo/XAO_0004575>	<http://www.w3.org/2000/01/rdf-schema#label>	"nucleus accumbens"	
<http://purl.obolibrary.org/obo/XAO_0003066>	<http://www.w3.org/2000/01/rdf-schema#label>	"hindlimb bud"	
<http://purl.obolibrary.org/obo/XAO_0004112>	<http://www.w3.org/2000/01/rdf-schema#label>	"retinal rod cell"	
<http://purl.obolibrary.org/obo/XAO_0000052>	<http://www.w3.org/2000/01/rdf-schema#label>	"cardinal vein"	
<http://purl.obolibrary.org/obo/XAO_0004256>	<http://www.w3.org/2000/01/rdf-schema#label>	"ventral abdominal vein"	
<http://purl.obolibrary.org/obo/XAO_0000225>	<http://www.w3.org/2000/01/rdf-schema#label>	"trigeminal placode"	
<http://purl.obolibrary.org/obo/XAO_0004403>	<http://www.w3.org/2000/01/rdf-schema#label>	"fibrocellular pad"	
<http://purl.obolibrary.org/obo/XAO_0001011>	<http://www.w3.org/2000/01/rdf-schema#label>	"blood vessel"	
<http://purl.obolibrary.org/obo/XAO_1000054>	<http://www.w3.org/2000/01/rdf-schema#label>	"NF stage 42"	
<http://purl.obolibrary.org/obo/XAO_0005204>	<http://www.w3.org/2000/01/rdf-schema#label>	"left-right axis"	
<http://purl.obolibrary.org/obo/XAO_0000185>	<http://www.w3.org/2000/01/rdf-schema#label>	"iris"	
<http://purl.obolibrary.org/obo/XAO_0005035>	<http://www.w3.org/2000/01/rdf-schema#label>	"Mauthner cell"	
<http://purl.obolibrary.org/obo/XAO_0004028>	<http://www.w3.org/2000/01/rdf-schema#label>	"fibrocartilage"	
<http://purl.obolibrary.org/obo/XAO_0003234>	<http://www.w3.org/2000/01/rdf-schema#label>	"alkali secreting cell"	
<http://purl.obolibrary.org/obo/XAO_0003260>	<http://www.w3.org/2000/01/rdf-schema#label>	"nucleate erythrocyte"	
<http://purl.obolibrary.org/obo/XAO_0003268>	<http://www.w3.org/2000/01/rdf-schema#label>	"cardiac progenitor cell"	
<http://purl.obolibrary.org/obo/XAO_1000014>	<http://www.w3.org/2000/01/rdf-schema#label>	"NF stage 4 (8-cell)"	
<http://purl.obolibrary.org/obo/XAO_0005251>	<http://www.w3.org/2000/01/rdf-schema#label>	"anterior hindgut endoderm"	
<http://purl.obolibrary.org/obo/XAO_0000023>	<http://www.w3.org/2000/01/rdf-schema#label>	"skin"	
<http://purl.obolibrary.org/obo/XAO_0004458>	<http://www.w3.org/2000/01/rdf-schema#label>	"peripheral retina"	
<http://purl.obolibrary.org/obo/XAO_0003050>	<http://www.w3.org/2000/01/rdf-schema#label>	"fat body"	
<http://purl.obolibrary.org/obo/XAO_0005065>	<http://www.w3.org/2000/01/rdf-schema#label>	"sciatic nerve"	
<http://purl.obolibrary.org/obo/XAO_0000390>	<http://www.w3.org/2000/01/rdf-schema#label>	"caudal vein"	
<http://purl.obolibrary.org/obo/XAO_0004194>	<http://www.w3.org/2000/01/rdf-schema#label>	"appendicular ossicle"	
<http://purl.obolibrary.org/obo/XAO_0005296>	<http://www.w3.org/2000/01/rdf-schema#label>	"adherens junction"	
<http://purl.obolibrary.org/obo/XAO_0006040>	<http://www.w3.org/2000/01/rdf-schema#label>	"osteocyte"	
<http://purl.obolibrary.org/obo/XAO_0000156>	<http://www.w3.org/2000/01/rdf-schema#label>	"female genitalia"	
<http://purl.obolibrary.org/obo/XAO_1000040>	<http://www.w3.org/2000/01/rdf-schema#label>	"NF stage 24"	
<http://purl.obolibrary.org/obo/XAO_0005124>	<http://www.w3.org/2000/01/rdf-schema#label>	"pulmonary epithelium"	
<http://purl.obolibrary.org/obo/XAO_0004567>	<http://www.w3.org/2000/01/rdf-schema#label>	"magnocellular preoptic nucleus"	
<http://purl.obolibrary.org/obo/XAO_0003058>	<http://www.w3.org/2000/01/rdf-schema#label>	"obsolete larval structure"	
<http://purl.obolibrary.org/obo/XAO_0003205>	<http://www.w3.org/2000/01/rdf-schema#label>	"chondrocyte"	
<http://purl.obolibrary.org/obo/XAO_0000340>	<http://www.w3.org/2000/01/rdf-schema#label>	"right channel of ventral aorta"	
<http://purl.obolibrary.org/obo/XAO_0004506>	<http://www.w3.org/2000/01/rdf-schema#label>	"interdigital webbing"	
<http://purl.obolibrary.org/obo/XAO_0004242>	<http://www.w3.org/2000/01/rdf-schema#label>	"ischiadic artery"	
<http://purl.obolibrary.org/obo/XAO_0003093>	<http://www.w3.org/2000/01/rdf-schema#label>	"abducens nerve"	
<http://purl.obolibrary.org/obo/XAO_0004014>	<http://www.w3.org/2000/01/rdf-schema#label>	"membrane bone"	
<http://purl.obolibrary.org/obo/XAO_0005281>	<http://www.w3.org/2000/01/rdf-schema#label>	"dorso-lateral region"	
<http://purl.obolibrary.org/obo/XAO_0004133>	<http://www.w3.org/2000/01/rdf-schema#label>	"posterior crista"	
<http://purl.obolibrary.org/obo/XAO_0004364>	<http://www.w3.org/2000/01/rdf-schema#label>	"cornua trabecula"	
<http://purl.obolibrary.org/obo/XAO_0000232>	<http://www.w3.org/2000/01/rdf-schema#label>	"foregut"	
<http://purl.obolibrary.org/obo/XAO_0000457>	<http://www.w3.org/2000/01/rdf-schema#label>	"pyloric sphincter"	
<http://purl.obolibrary.org/obo/XAO_0000114>	<http://www.w3.org/2000/01/rdf-schema#label>	"artery"	
<http://purl.obolibrary.org/obo/XAO_0005289>	<http://www.w3.org/2000/01/rdf-schema#label>	"pia mater"	
<http://purl.obolibrary.org/obo/XAO_0000192>	<http://www.w3.org/2000/01/rdf-schema#label>	"inner ear"	
<http://purl.obolibrary.org/obo/XAO_1000089>	<http://www.w3.org/2000/01/rdf-schema#label>	"premetamorphosis stage"	
<http://purl.obolibrary.org/obo/XAO_0004049>	<http://www.w3.org/2000/01/rdf-schema#label>	"perichondrium"	
<http://purl.obolibrary.org/obo/XAO_0003241>	<http://www.w3.org/2000/01/rdf-schema#label>	"early embryonic cell"	
<http://purl.obolibrary.org/obo/XAO_0004180>	<http://www.w3.org/2000/01/rdf-schema#label>	"olfactory bulb"	
<http://purl.obolibrary.org/obo/XAO_0005239>	<http://www.w3.org/2000/01/rdf-schema#label>	"obsolete caudal notochord"	
<http://purl.obolibrary.org/obo/XAO_0000142>	<http://www.w3.org/2000/01/rdf-schema#label>	"genital system"	
<http://purl.obolibrary.org/obo/XAO_0006023>	<http://www.w3.org/2000/01/rdf-schema#label>	"common dendritic progenitor"	
<http://purl.obolibrary.org/obo/XAO_1000021>	<http://www.w3.org/2000/01/rdf-schema#label>	"NF stage 11"	
<http://purl.obolibrary.org/obo/XAO_0004188>	<http://www.w3.org/2000/01/rdf-schema#label>	"posterior branchial crest"	
<http://purl.obolibrary.org/obo/XAO_0004335>	<http://www.w3.org/2000/01/rdf-schema#label>	"m. orbitohyoideus"	
<http://purl.obolibrary.org/obo/XAO_0000443>	<http://www.w3.org/2000/01/rdf-schema#label>	"trunk lateral line"	
<http://purl.obolibrary.org/obo/XAO_0000058>	<http://www.w3.org/2000/01/rdf-schema#label>	"somite"	
<http://purl.obolibrary.org/obo/XAO_0005131>	<http://www.w3.org/2000/01/rdf-schema#label>	"astrocyte"	
<http://purl.obolibrary.org/obo/XAO_0004125>	<http://www.w3.org/2000/01/rdf-schema#label>	"atrioventricular valve leaflet"	
<http://purl.obolibrary.org/obo/XAO_0004151>	<http://www.w3.org/2000/01/rdf-schema#label>	"tail vasculature"	
<http://purl.obolibrary.org/obo/XAO_0005422>	<http://www.w3.org/2000/01/rdf-schema#label>	"septum"	
<http://purl.obolibrary.org/obo/XAO_0004160>	<http://www.w3.org/2000/01/rdf-schema#label>	"cerebral vein"	
<http://purl.obolibrary.org/obo/XAO_0000128>	<http://www.w3.org/2000/01/rdf-schema#label>	"stomach"	
<http://purl.obolibrary.org/obo/XAO_0004159>	<http://www.w3.org/2000/01/rdf-schema#label>	"posterior cerebral vein"	
<http://purl.obolibrary.org/obo/XAO_0004277>	<http://www.w3.org/2000/01/rdf-schema#label>	"caudal fin skeleton"	
<http://purl.obolibrary.org/obo/XAO_1000001>	<http://www.w3.org/2000/01/rdf-schema#label>	"NF stage 1"	
<http://purl.obolibrary.org/obo/XAO_0004168>	<http://www.w3.org/2000/01/rdf-schema#label>	"metencephalic vein"	
<http://purl.obolibrary.org/obo/XAO_0000094>	<http://www.w3.org/2000/01/rdf-schema#label>	"gastrocoel roof plate"	
<http://purl.obolibrary.org/obo/XAO_0000414>	<http://www.w3.org/2000/01/rdf-schema#label>	"sclerotomal mesenchyme"	
<http://purl.obolibrary.org/obo/XAO_0006015>	<http://www.w3.org/2000/01/rdf-schema#label>	"breeding gland"	
<http://purl.obolibrary.org/obo/XAO_0004327>	<http://www.w3.org/2000/01/rdf-schema#label>	"eye muscle"	
<http://purl.obolibrary.org/obo/XAO_0000031>	<http://www.w3.org/2000/01/rdf-schema#label>	"ciliated epidermal cell"	
<http://purl.obolibrary.org/obo/XAO_0000204>	<http://www.w3.org/2000/01/rdf-schema#label>	"peripheral nerve"	
<http://purl.obolibrary.org/obo/XAO_0004460>	<http://www.w3.org/2000/01/rdf-schema#label>	"choroid"	
<http://purl.obolibrary.org/obo/XAO_0000169>	<http://www.w3.org/2000/01/rdf-schema#label>	"bone tissue"	
<http://purl.obolibrary.org/obo/XAO_0004248>	<http://www.w3.org/2000/01/rdf-schema#label>	"epigastric artery"	
<http://purl.obolibrary.org/obo/XAO_1000056>	<http://www.w3.org/2000/01/rdf-schema#label>	"NF stage 44"	
<http://purl.obolibrary.org/obo/XAO_0004351>	<http://www.w3.org/2000/01/rdf-schema#label>	"laryngeal muscle"	
<http://purl.obolibrary.org/obo/XAO_0005163>	<http://www.w3.org/2000/01/rdf-schema#label>	"thoracic region"	
<http://purl.obolibrary.org/obo/XAO_0004582>	<http://www.w3.org/2000/01/rdf-schema#label>	"posteroventral tegmental nucleus"	
<http://purl.obolibrary.org/obo/XAO_0004628>	<http://www.w3.org/2000/01/rdf-schema#label>	"posterior ventral blood island"	
<http://purl.obolibrary.org/obo/XAO_0004139>	<http://www.w3.org/2000/01/rdf-schema#label>	"outflow tract"	
<http://purl.obolibrary.org/obo/XAO_0004519>	<http://www.w3.org/2000/01/rdf-schema#label>	"distal tubule"	
<http://purl.obolibrary.org/obo/XAO_0000243>	<http://www.w3.org/2000/01/rdf-schema#label>	"colon"	
<http://purl.obolibrary.org/obo/XAO_0004510>	<http://www.w3.org/2000/01/rdf-schema#label>	"melanoblast"	
<http://purl.obolibrary.org/obo/XAO_0005211>	<http://www.w3.org/2000/01/rdf-schema#label>	"right side"	
<http://purl.obolibrary.org/obo/XAO_0004307>	<http://www.w3.org/2000/01/rdf-schema#label>	"head mesenchyme"	
<http://purl.obolibrary.org/obo/XAO_0004284>	<http://www.w3.org/2000/01/rdf-schema#label>	"pectoral appendage"	
<http://purl.obolibrary.org/obo/XAO_0000406>	<http://www.w3.org/2000/01/rdf-schema#label>	"trunk somite 1"	
<http://purl.obolibrary.org/obo/XAO_0005320>	<http://www.w3.org/2000/01/rdf-schema#label>	"roof of mouth"	
<http://purl.obolibrary.org/obo/XAO_0004175>	<http://www.w3.org/2000/01/rdf-schema#label>	"nasociliary artery"	
<http://purl.obolibrary.org/obo/XAO_0005108>	<http://www.w3.org/2000/01/rdf-schema#label>	"blastomere V2.1.1"	
<http://purl.obolibrary.org/obo/XAO_0004553>	<http://www.w3.org/2000/01/rdf-schema#label>	"granule cell"	
<http://purl.obolibrary.org/obo/XAO_0003044>	<http://www.w3.org/2000/01/rdf-schema#label>	"endomesoderm"	
<http://purl.obolibrary.org/obo/XAO_1000027>	<http://www.w3.org/2000/01/rdf-schema#label>	"NF stage 17"	
<http://purl.obolibrary.org/obo/XAO_0004083>	<http://www.w3.org/2000/01/rdf-schema#label>	"rhombomere R5"	
<http://purl.obolibrary.org/obo/XAO_0004234>	<http://www.w3.org/2000/01/rdf-schema#label>	"bulbous arteriosis"	
<http://purl.obolibrary.org/obo/XAO_0006036>	<http://www.w3.org/2000/01/rdf-schema#label>	"immature Schwann cell"	
<http://purl.obolibrary.org/obo/XAO_0005094>	<http://www.w3.org/2000/01/rdf-schema#label>	"blastomere V2.1"	
<http://purl.obolibrary.org/obo/XAO_0005029>	<http://www.w3.org/2000/01/rdf-schema#label>	"neuropil of the optic tectum"	
<http://purl.obolibrary.org/obo/XAO_0003153>	<http://www.w3.org/2000/01/rdf-schema#label>	"larval immune system"	
<http://purl.obolibrary.org/obo/XAO_0000334>	<http://www.w3.org/2000/01/rdf-schema#label>	"mesonephric late distal tubule"	
<http://purl.obolibrary.org/obo/XAO_0004343>	<http://www.w3.org/2000/01/rdf-schema#label>	"mm. levator arcuum branchialium IV"	
<http://purl.obolibrary.org/obo/XAO_0001019>	<http://www.w3.org/2000/01/rdf-schema#label>	"proctodeum"	
<http://purl.obolibrary.org/obo/XAO_0000176>	<http://www.w3.org/2000/01/rdf-schema#label>	"dermal system"	
<http://purl.obolibrary.org/obo/XAO_0005144>	<http://www.w3.org/2000/01/rdf-schema#label>	"footplate of the stapes"	
<http://purl.obolibrary.org/obo/XAO_0005170>	<http://www.w3.org/2000/01/rdf-schema#label>	"left-right organizer"	
<http://purl.obolibrary.org/obo/XAO_0000368>	<http://www.w3.org/2000/01/rdf-schema#label>	"ophthalmic artery"	
<http://purl.obolibrary.org/obo/XAO_0004377>	<http://www.w3.org/2000/01/rdf-schema#label>	"processus posterior hyalis"	
<http://purl.obolibrary.org/obo/XAO_0004205>	<http://www.w3.org/2000/01/rdf-schema#label>	"gall bladder primordium"	
<http://purl.obolibrary.org/obo/XAO_0006007>	<http://www.w3.org/2000/01/rdf-schema#label>	"glial endfoot"	
<http://purl.obolibrary.org/obo/XAO_0005043>	<http://www.w3.org/2000/01/rdf-schema#label>	"skeletal muscle satellite cell"	
<http://purl.obolibrary.org/obo/XAO_0005187>	<http://www.w3.org/2000/01/rdf-schema#label>	"neurohypophysis"	
<http://purl.obolibrary.org/obo/XAO_0005006>	<http://www.w3.org/2000/01/rdf-schema#label>	"right"	
<http://purl.obolibrary.org/obo/XAO_0000132>	<http://www.w3.org/2000/01/rdf-schema#label>	"liver and biliary system"	
<http://purl.obolibrary.org/obo/XAO_0005080>	<http://www.w3.org/2000/01/rdf-schema#label>	"dermomyotome"	
<http://purl.obolibrary.org/obo/XAO_0000305>	<http://www.w3.org/2000/01/rdf-schema#label>	"cranial placode"	
<http://purl.obolibrary.org/obo/XAO_0000136>	<http://www.w3.org/2000/01/rdf-schema#label>	"pancreas"	
<http://purl.obolibrary.org/obo/XAO_0004545>	<http://www.w3.org/2000/01/rdf-schema#label>	"dorsal column nucleus"	
<http://purl.obolibrary.org/obo/XAO_0004314>	<http://www.w3.org/2000/01/rdf-schema#label>	"digit-joint region"	
<http://purl.obolibrary.org/obo/XAO_0000278>	<http://www.w3.org/2000/01/rdf-schema#label>	"animal part, late involuting"	
<http://purl.obolibrary.org/obo/XAO_0003036>	<http://www.w3.org/2000/01/rdf-schema#label>	"forelimb digit"	
<http://purl.obolibrary.org/obo/XAO_0005015>	<http://www.w3.org/2000/01/rdf-schema#label>	"axon"	
<http://purl.obolibrary.org/obo/XAO_0000427>	<http://www.w3.org/2000/01/rdf-schema#label>	"gasserian ganglion"	
<http://purl.obolibrary.org/obo/XAO_0005115>	<http://www.w3.org/2000/01/rdf-schema#label>	"ventral animal hemisphere blastomere"	
<http://purl.obolibrary.org/obo/XAO_0003071>	<http://www.w3.org/2000/01/rdf-schema#label>	"obsolete fore propodium"	
<http://purl.obolibrary.org/obo/XAO_0006054>	<http://www.w3.org/2000/01/rdf-schema#label>	"intermediate cluster"	
<http://purl.obolibrary.org/obo/XAO_1000048>	<http://www.w3.org/2000/01/rdf-schema#label>	"NF stage 33 and 34"	
<http://purl.obolibrary.org/obo/XAO_0004080>	<http://www.w3.org/2000/01/rdf-schema#label>	"rhombomere R2"	
<http://purl.obolibrary.org/obo/XAO_0003171>	<http://www.w3.org/2000/01/rdf-schema#label>	"orbital region"	
<http://purl.obolibrary.org/obo/XAO_0005150>	<http://www.w3.org/2000/01/rdf-schema#label>	"m. levator scapulae inferior"	
<http://purl.obolibrary.org/obo/XAO_0004615>	<http://www.w3.org/2000/01/rdf-schema#label>	"basal body"	
<http://purl.obolibrary.org/obo/XAO_0003079>	<http://www.w3.org/2000/01/rdf-schema#label>	"caudal vertebra"	
<http://purl.obolibrary.org/obo/XAO_0000070>	<http://www.w3.org/2000/01/rdf-schema#label>	"ventro-lateral marginal zone"	
<http://purl.obolibrary.org/obo/XAO_0003180>	<http://www.w3.org/2000/01/rdf-schema#label>	"branchial arch skeleton"	
<http://purl.obolibrary.org/obo/XAO_0005267>	<http://www.w3.org/2000/01/rdf-schema#label>	"embryonic thrombocyte"	
<http://purl.obolibrary.org/obo/XAO_0004473>	<http://www.w3.org/2000/01/rdf-schema#label>	"ventral mesoderm"	
<http://purl.obolibrary.org/obo/XAO_0000341>	<http://www.w3.org/2000/01/rdf-schema#label>	"aortic arch"	
<http://purl.obolibrary.org/obo/XAO_0003179>	<http://www.w3.org/2000/01/rdf-schema#label>	"ventral hyoid arch skeleton"	
<http://purl.obolibrary.org/obo/XAO_0005158>	<http://www.w3.org/2000/01/rdf-schema#label>	"pylorus"	
<http://purl.obolibrary.org/obo/XAO_0001016>	<http://www.w3.org/2000/01/rdf-schema#label>	"abdominal myoblast"	
<http://purl.obolibrary.org/obo/XAO_0000461>	<http://www.w3.org/2000/01/rdf-schema#label>	"trunk placode"	
<http://purl.obolibrary.org/obo/XAO_0000463>	<http://www.w3.org/2000/01/rdf-schema#label>	"middle lateral line"	
<http://purl.obolibrary.org/obo/XAO_0000078>	<http://www.w3.org/2000/01/rdf-schema#label>	"blastopore lip"	
<http://purl.obolibrary.org/obo/XAO_0003188>	<http://www.w3.org/2000/01/rdf-schema#label>	"proximal"	
<http://purl.obolibrary.org/obo/XAO_0003007>	<http://www.w3.org/2000/01/rdf-schema#label>	"anatomical entity in vitro"	
<http://purl.obolibrary.org/obo/XAO_0003110>	<http://www.w3.org/2000/01/rdf-schema#label>	"myotome of trunk somite 3"	
<http://purl.obolibrary.org/obo/XAO_0005217>	<http://www.w3.org/2000/01/rdf-schema#label>	"posterior region"	
<http://purl.obolibrary.org/obo/XAO_0003129>	<http://www.w3.org/2000/01/rdf-schema#label>	"sclerotome of trunk somite 11"	
<http://purl.obolibrary.org/obo/XAO_0003016>	<http://www.w3.org/2000/01/rdf-schema#label>	"blastomere"	
<http://purl.obolibrary.org/obo/XAO_0005317>	<http://www.w3.org/2000/01/rdf-schema#label>	"neuron projection"	
<http://purl.obolibrary.org/obo/XAO_0000251>	<http://www.w3.org/2000/01/rdf-schema#label>	"visceral pouch 3"	
<http://purl.obolibrary.org/obo/XAO_0005326>	<http://www.w3.org/2000/01/rdf-schema#label>	"axon microtubule bundle"	
<http://purl.obolibrary.org/obo/XAO_0003262>	<http://www.w3.org/2000/01/rdf-schema#label>	"oxygen accumulating cell"	
<http://purl.obolibrary.org/obo/XAO_0004297>	<http://www.w3.org/2000/01/rdf-schema#label>	"forelimb zeugopod"	
<http://purl.obolibrary.org/obo/XAO_0004444>	<http://www.w3.org/2000/01/rdf-schema#label>	"m. geniohyoideus primordium"	
<http://purl.obolibrary.org/obo/XAO_0004601>	<http://www.w3.org/2000/01/rdf-schema#label>	"prosomere 6"	
<http://purl.obolibrary.org/obo/XAO_0000285>	<http://www.w3.org/2000/01/rdf-schema#label>	"pronephric nephron"	
<http://purl.obolibrary.org/obo/XAO_0005022>	<http://www.w3.org/2000/01/rdf-schema#label>	"hepatocyte"	
<http://purl.obolibrary.org/obo/XAO_0004566>	<http://www.w3.org/2000/01/rdf-schema#label>	"locus coeruleus"	
<http://purl.obolibrary.org/obo/XAO_0005253>	<http://www.w3.org/2000/01/rdf-schema#label>	"obsolete right olfactory pit"	
<http://purl.obolibrary.org/obo/XAO_0004103>	<http://www.w3.org/2000/01/rdf-schema#label>	"chordal neural plate border"	
<http://purl.obolibrary.org/obo/XAO_0003159>	<http://www.w3.org/2000/01/rdf-schema#label>	"thymocyte"	
<http://purl.obolibrary.org/obo/XAO_0003052>	<http://www.w3.org/2000/01/rdf-schema#label>	"oviduct"	
<http://purl.obolibrary.org/obo/XAO_0004196>	<http://www.w3.org/2000/01/rdf-schema#label>	"cementum"	
<http://purl.obolibrary.org/obo/XAO_0000106>	<http://www.w3.org/2000/01/rdf-schema#label>	"post-anal gut"	
<http://purl.obolibrary.org/obo/XAO_0003218>	<http://www.w3.org/2000/01/rdf-schema#label>	"retinal outer plexiform layer"	
<http://purl.obolibrary.org/obo/XAO_0004260>	<http://www.w3.org/2000/01/rdf-schema#label>	"pharyngeal pouch"	
<http://purl.obolibrary.org/obo/XAO_0004491>	<http://www.w3.org/2000/01/rdf-schema#label>	"hindlimb bud tip"	
<http://purl.obolibrary.org/obo/XAO_0003109>	<http://www.w3.org/2000/01/rdf-schema#label>	"myotome of trunk somite 2"	
<http://purl.obolibrary.org/obo/XAO_0004000>	<http://www.w3.org/2000/01/rdf-schema#label>	"duct"	
<http://purl.obolibrary.org/obo/XAO_0003086>	<http://www.w3.org/2000/01/rdf-schema#label>	"suspensorium"	
<http://purl.obolibrary.org/obo/XAO_0004019>	<http://www.w3.org/2000/01/rdf-schema#label>	"vertebra"	
<http://purl.obolibrary.org/obo/XAO_0004146>	<http://www.w3.org/2000/01/rdf-schema#label>	"hemangioblast"	
<http://purl.obolibrary.org/obo/XAO_0004268>	<http://www.w3.org/2000/01/rdf-schema#label>	"posterior lateral line"	
<http://purl.obolibrary.org/obo/XAO_0004499>	<http://www.w3.org/2000/01/rdf-schema#label>	"postsacral vertebra"	
<http://purl.obolibrary.org/obo/XAO_0005181>	<http://www.w3.org/2000/01/rdf-schema#label>	"ascending interneuron"	
<http://purl.obolibrary.org/obo/XAO_1000074>	<http://www.w3.org/2000/01/rdf-schema#label>	"NF stage 62"	
<http://purl.obolibrary.org/obo/XAO_0003195>	<http://www.w3.org/2000/01/rdf-schema#label>	"vestibuloauditory system"	
<http://purl.obolibrary.org/obo/XAO_0004537>	<http://www.w3.org/2000/01/rdf-schema#label>	"anterodorsal tegmental nucleus"	
<http://purl.obolibrary.org/obo/XAO_0005224>	<http://www.w3.org/2000/01/rdf-schema#label>	"postero-ventral region"	
<http://purl.obolibrary.org/obo/XAO_0004430>	<http://www.w3.org/2000/01/rdf-schema#label>	"m. intermandibularis primordium"	
<http://purl.obolibrary.org/obo/XAO_0004218>	<http://www.w3.org/2000/01/rdf-schema#label>	"palatoquadrate"	
<http://purl.obolibrary.org/obo/XAO_0003023>	<http://www.w3.org/2000/01/rdf-schema#label>	"neuron"	
<http://purl.obolibrary.org/obo/XAO_0003254>	<http://www.w3.org/2000/01/rdf-schema#label>	"Merkel cell"	
<http://purl.obolibrary.org/obo/XAO_0005056>	<http://www.w3.org/2000/01/rdf-schema#label>	"supraoptoparaventricular region"	
<http://purl.obolibrary.org/obo/XAO_0003145>	<http://www.w3.org/2000/01/rdf-schema#label>	"basilar papilla"	
<http://purl.obolibrary.org/obo/XAO_0006041>	<http://www.w3.org/2000/01/rdf-schema#label>	"adipocyte"	
<http://purl.obolibrary.org/obo/XAO_0004055>	<http://www.w3.org/2000/01/rdf-schema#label>	"mineralized cartilage tissue"	
<http://purl.obolibrary.org/obo/XAO_0004117>	<http://www.w3.org/2000/01/rdf-schema#label>	"stage IV oocyte"	
<http://purl.obolibrary.org/obo/XAO_0000039>	<http://www.w3.org/2000/01/rdf-schema#label>	"obsolete anatomical site"	
<http://purl.obolibrary.org/obo/XAO_0004573>	<http://www.w3.org/2000/01/rdf-schema#label>	"mitral cell"	
<http://purl.obolibrary.org/obo/XAO_0005272>	<http://www.w3.org/2000/01/rdf-schema#label>	"obsolete left forelimb"	
<http://purl.obolibrary.org/obo/XAO_0004479>	<http://www.w3.org/2000/01/rdf-schema#label>	"forelimb digit 3"	
<http://purl.obolibrary.org/obo/XAO_0004401>	<http://www.w3.org/2000/01/rdf-schema#label>	"apical epithelial cap"	
<http://purl.obolibrary.org/obo/XAO_1000060>	<http://www.w3.org/2000/01/rdf-schema#label>	"NF stage 48"	
<http://purl.obolibrary.org/obo/XAO_0003225>	<http://www.w3.org/2000/01/rdf-schema#label>	"retinal inner plexiform layer"	
<http://purl.obolibrary.org/obo/XAO_0000352>	<http://www.w3.org/2000/01/rdf-schema#label>	"aortic arch 5"	
<http://purl.obolibrary.org/obo/XAO_0000183>	<http://www.w3.org/2000/01/rdf-schema#label>	"sclera"	
<http://purl.obolibrary.org/obo/XAO_0003116>	<http://www.w3.org/2000/01/rdf-schema#label>	"sclerotome of trunk somite 4"	
<http://purl.obolibrary.org/obo/XAO_0004026>	<http://www.w3.org/2000/01/rdf-schema#label>	"endoskeleton"	
<http://purl.obolibrary.org/obo/XAO_0004153>	<http://www.w3.org/2000/01/rdf-schema#label>	"retinal blood vessel"	
<http://purl.obolibrary.org/obo/XAO_0000091>	<http://www.w3.org/2000/01/rdf-schema#label>	"head endoderm"	
<http://purl.obolibrary.org/obo/XAO_0004035>	<http://www.w3.org/2000/01/rdf-schema#label>	"osteoid"	
<http://purl.obolibrary.org/obo/XAO_0004061>	<http://www.w3.org/2000/01/rdf-schema#label>	"dorsal fin margin"	
<http://purl.obolibrary.org/obo/XAO_0000099>	<http://www.w3.org/2000/01/rdf-schema#label>	"branchial arch"	
<http://purl.obolibrary.org/obo/XAO_0005074>	<http://www.w3.org/2000/01/rdf-schema#label>	"skin seromucous gland"	
<http://purl.obolibrary.org/obo/XAO_0004069>	<http://www.w3.org/2000/01/rdf-schema#label>	"migratory neural crest cell"	
<http://purl.obolibrary.org/obo/XAO_0000290>	<http://www.w3.org/2000/01/rdf-schema#label>	"obsolete pronephric nephron segment S1"	
<http://purl.obolibrary.org/obo/XAO_0004321>	<http://www.w3.org/2000/01/rdf-schema#label>	"dorsal caudal lymphatic vessel"	
<http://purl.obolibrary.org/obo/XAO_0000203>	<http://www.w3.org/2000/01/rdf-schema#label>	"obsolete archencephalic region"	
<http://purl.obolibrary.org/obo/XAO_0004109>	<http://www.w3.org/2000/01/rdf-schema#label>	"regenerating eye"	
<http://purl.obolibrary.org/obo/XAO_0000154>	<http://www.w3.org/2000/01/rdf-schema#label>	"bladder"	
<http://purl.obolibrary.org/obo/XAO_0005122>	<http://www.w3.org/2000/01/rdf-schema#label>	"microtubule"	
<http://purl.obolibrary.org/obo/XAO_0000298>	<http://www.w3.org/2000/01/rdf-schema#label>	"dorsal"	
<http://purl.obolibrary.org/obo/XAO_0004504>	<http://www.w3.org/2000/01/rdf-schema#label>	"periosteum (sensu fibrous layer)"	
<http://purl.obolibrary.org/obo/XAO_0003091>	<http://www.w3.org/2000/01/rdf-schema#label>	"trochlear nerve"	
<http://purl.obolibrary.org/obo/XAO_0004006>	<http://www.w3.org/2000/01/rdf-schema#label>	"multilaminar epithelium"	
<http://purl.obolibrary.org/obo/XAO_0004486>	<http://www.w3.org/2000/01/rdf-schema#label>	"organ part"	
<http://purl.obolibrary.org/obo/XAO_0000455>	<http://www.w3.org/2000/01/rdf-schema#label>	"biliary tree"	
<http://purl.obolibrary.org/obo/XAO_0000197>	<http://www.w3.org/2000/01/rdf-schema#label>	"lagena"	
<http://purl.obolibrary.org/obo/XAO_0005165>	<http://www.w3.org/2000/01/rdf-schema#label>	"beta cell"	
<http://purl.obolibrary.org/obo/XAO_0003099>	<http://www.w3.org/2000/01/rdf-schema#label>	"fourth ventricle"	
<http://purl.obolibrary.org/obo/XAO_0000110>	<http://www.w3.org/2000/01/rdf-schema#label>	"glomeral mesenchyme"	
<http://purl.obolibrary.org/obo/XAO_0003246>	<http://www.w3.org/2000/01/rdf-schema#label>	"electrically active cell"	
<http://purl.obolibrary.org/obo/XAO_0000001>	<http://www.w3.org/2000/01/rdf-schema#label>	"ectoderm"	
<http://purl.obolibrary.org/obo/XAO_0004436>	<http://www.w3.org/2000/01/rdf-schema#label>	"m. transversus ventralis II primordium"	
<http://purl.obolibrary.org/obo/XAO_0000405>	<http://www.w3.org/2000/01/rdf-schema#label>	"head somite 4"	
<http://purl.obolibrary.org/obo/XAO_1000087>	<http://www.w3.org/2000/01/rdf-schema#label>	"oocyte stage V"	
<http://purl.obolibrary.org/obo/XAO_0004172>	<http://www.w3.org/2000/01/rdf-schema#label>	"subintestinal vein"	
<http://purl.obolibrary.org/obo/XAO_1000026>	<http://www.w3.org/2000/01/rdf-schema#label>	"NF stage 16"	
<http://purl.obolibrary.org/obo/XAO_0000387>	<http://www.w3.org/2000/01/rdf-schema#label>	"hepatic vein"	
<http://purl.obolibrary.org/obo/XAO_0004042>	<http://www.w3.org/2000/01/rdf-schema#label>	"muscular system"	
<http://purl.obolibrary.org/obo/XAO_0000140>	<http://www.w3.org/2000/01/rdf-schema#label>	"urogenital system"	
<http://purl.obolibrary.org/obo/XAO_0005102>	<http://www.w3.org/2000/01/rdf-schema#label>	"blastomere D2.2.1"	
<http://purl.obolibrary.org/obo/XAO_0003062>	<http://www.w3.org/2000/01/rdf-schema#label>	"hindlimb skeleton"	
<http://purl.obolibrary.org/obo/XAO_0006052>	<http://www.w3.org/2000/01/rdf-schema#label>	"adaptive immune system"	
<http://purl.obolibrary.org/obo/XAO_0004239>	<http://www.w3.org/2000/01/rdf-schema#label>	"hindlimb digit 1"	
<http://purl.obolibrary.org/obo/XAO_0005136>	<http://www.w3.org/2000/01/rdf-schema#label>	"dorsal involuting marginal zone"	
<http://purl.obolibrary.org/obo/XAO_0004579>	<http://www.w3.org/2000/01/rdf-schema#label>	"posterior commissure"	
<http://purl.obolibrary.org/obo/XAO_0000210>	<http://www.w3.org/2000/01/rdf-schema#label>	"spinal ganglion"	
<http://purl.obolibrary.org/obo/XAO_0000441>	<http://www.w3.org/2000/01/rdf-schema#label>	"infraorbital lateral line primordium"	
<http://purl.obolibrary.org/obo/XAO_0000056>	<http://www.w3.org/2000/01/rdf-schema#label>	"hypochord"	
<http://purl.obolibrary.org/obo/XAO_0003166>	<http://www.w3.org/2000/01/rdf-schema#label>	"appendicular skeleton"	
<http://purl.obolibrary.org/obo/XAO_0000229>	<http://www.w3.org/2000/01/rdf-schema#label>	"fasciculated network of fibrils"	
<http://purl.obolibrary.org/obo/XAO_0005098>	<http://www.w3.org/2000/01/rdf-schema#label>	"blastomere D1.2.1"	
<http://purl.obolibrary.org/obo/XAO_0000170>	<http://www.w3.org/2000/01/rdf-schema#label>	"cartilage tissue"	
<http://purl.obolibrary.org/obo/XAO_0005208>	<http://www.w3.org/2000/01/rdf-schema#label>	"dorsal side"	
<http://purl.obolibrary.org/obo/XAO_0000189>	<http://www.w3.org/2000/01/rdf-schema#label>	"auditory apparatus"	
<http://purl.obolibrary.org/obo/XAO_0005304>	<http://www.w3.org/2000/01/rdf-schema#label>	"dorsal endomesoderm"	
<http://purl.obolibrary.org/obo/XAO_0000126>	<http://www.w3.org/2000/01/rdf-schema#label>	"oral cavity"	
<http://purl.obolibrary.org/obo/XAO_0004594>	<http://www.w3.org/2000/01/rdf-schema#label>	"ventral pallium"	
<http://purl.obolibrary.org/obo/XAO_0003238>	<http://www.w3.org/2000/01/rdf-schema#label>	"chondroblast"	
<http://purl.obolibrary.org/obo/XAO_0004539>	<http://www.w3.org/2000/01/rdf-schema#label>	"basal forebrain"	
<http://purl.obolibrary.org/obo/XAO_0004275>	<http://www.w3.org/2000/01/rdf-schema#label>	"axial ossicle"	
<http://purl.obolibrary.org/obo/XAO_0006001>	<http://www.w3.org/2000/01/rdf-schema#label>	"lateral plate mesoderm, left side"	
<http://purl.obolibrary.org/obo/XAO_0000086>	<http://www.w3.org/2000/01/rdf-schema#label>	"ciliary marginal zone"	
<http://purl.obolibrary.org/obo/XAO_0004166>	<http://www.w3.org/2000/01/rdf-schema#label>	"left omphalomesenteric vein"	
<http://purl.obolibrary.org/obo/XAO_0005061>	<http://www.w3.org/2000/01/rdf-schema#label>	"glomerular epithelial cell"	
<http://purl.obolibrary.org/obo/XAO_0000259>	<http://www.w3.org/2000/01/rdf-schema#label>	"paraxial mesoderm"	
<http://purl.obolibrary.org/obo/XAO_0005292>	<http://www.w3.org/2000/01/rdf-schema#label>	"nasociliary nerve"	
<http://purl.obolibrary.org/obo/XAO_0005000>	<http://www.w3.org/2000/01/rdf-schema#label>	"matrix-based tissue"	
<http://purl.obolibrary.org/obo/XAO_1000018>	<http://www.w3.org/2000/01/rdf-schema#label>	"NF stage 8"	
<http://purl.obolibrary.org/obo/XAO_0000412>	<http://www.w3.org/2000/01/rdf-schema#label>	"trunk somite 7"	
<http://purl.obolibrary.org/obo/XAO_0005503>	<http://www.w3.org/2000/01/rdf-schema#label>	"tracheoesophageal septum"	
<http://purl.obolibrary.org/obo/XAO_0003137>	<http://www.w3.org/2000/01/rdf-schema#label>	"sclerotome of tail somite 15"	
<http://purl.obolibrary.org/obo/XAO_0004074>	<http://www.w3.org/2000/01/rdf-schema#label>	"intersomitic region"	
<http://purl.obolibrary.org/obo/XAO_0003030>	<http://www.w3.org/2000/01/rdf-schema#label>	"forelimb"	
<http://purl.obolibrary.org/obo/XAO_0000318>	<http://www.w3.org/2000/01/rdf-schema#label>	"glomus"	
<http://purl.obolibrary.org/obo/XAO_0000421>	<http://www.w3.org/2000/01/rdf-schema#label>	"trunk somite 13"	
<http://purl.obolibrary.org/obo/XAO_0000394>	<http://www.w3.org/2000/01/rdf-schema#label>	"pulmonary vein"	
<http://purl.obolibrary.org/obo/XAO_0000036>	<http://www.w3.org/2000/01/rdf-schema#label>	"animal cap"	
<http://purl.obolibrary.org/obo/XAO_0000209>	<http://www.w3.org/2000/01/rdf-schema#label>	"ganglion"	
<http://purl.obolibrary.org/obo/XAO_0005128>	<http://www.w3.org/2000/01/rdf-schema#label>	"posterior foregut"	
<http://purl.obolibrary.org/obo/XAO_0004360>	<http://www.w3.org/2000/01/rdf-schema#label>	"ceratobranchial II"	
<http://purl.obolibrary.org/obo/XAO_0004246>	<http://www.w3.org/2000/01/rdf-schema#label>	"rhombomere R7"	
<http://purl.obolibrary.org/obo/XAO_0006056>	<http://www.w3.org/2000/01/rdf-schema#label>	"lateral cluster"	
<http://purl.obolibrary.org/obo/XAO_0001001>	<http://www.w3.org/2000/01/rdf-schema#label>	"cranial neural crest"	
<http://purl.obolibrary.org/obo/XAO_0004137>	<http://www.w3.org/2000/01/rdf-schema#label>	"anterior crista"	
<http://purl.obolibrary.org/obo/XAO_0003173>	<http://www.w3.org/2000/01/rdf-schema#label>	"occipital region"	
<http://purl.obolibrary.org/obo/XAO_0004368>	<http://www.w3.org/2000/01/rdf-schema#label>	"infrarostral"	
<http://purl.obolibrary.org/obo/XAO_0004255>	<http://www.w3.org/2000/01/rdf-schema#label>	"lateral vein"	
<http://purl.obolibrary.org/obo/XAO_0004281>	<http://www.w3.org/2000/01/rdf-schema#label>	"median fin"	
<http://purl.obolibrary.org/obo/XAO_0000354>	<http://www.w3.org/2000/01/rdf-schema#label>	"posterior palatine artery"	
<http://purl.obolibrary.org/obo/XAO_0005290>	<http://www.w3.org/2000/01/rdf-schema#label>	"Roux spot"	
<http://purl.obolibrary.org/obo/XAO_0000072>	<http://www.w3.org/2000/01/rdf-schema#label>	"dorsal marginal zone"	
<http://purl.obolibrary.org/obo/XAO_0000245>	<http://www.w3.org/2000/01/rdf-schema#label>	"mitochondrial cloud"	
<http://purl.obolibrary.org/obo/XAO_0003001>	<http://www.w3.org/2000/01/rdf-schema#label>	"anatomical group"	
<http://purl.obolibrary.org/obo/XAO_0004289>	<http://www.w3.org/2000/01/rdf-schema#label>	"skeletal subdivision"	
<http://purl.obolibrary.org/obo/XAO_0003123>	<http://www.w3.org/2000/01/rdf-schema#label>	"sclerotome of trunk somite 7"	
<http://purl.obolibrary.org/obo/XAO_0004390>	<http://www.w3.org/2000/01/rdf-schema#label>	"dorsal thalamus"	
<http://purl.obolibrary.org/obo/XAO_0005311>	<http://www.w3.org/2000/01/rdf-schema#label>	"myofibril"	
<http://purl.obolibrary.org/obo/XAO_0004305>	<http://www.w3.org/2000/01/rdf-schema#label>	"zona limitans intrathalamica"	
<http://purl.obolibrary.org/obo/XAO_0000017>	<http://www.w3.org/2000/01/rdf-schema#label>	"hypophysis"	
<http://purl.obolibrary.org/obo/XAO_0004398>	<http://www.w3.org/2000/01/rdf-schema#label>	"wound epidermis inner layer"	
<http://purl.obolibrary.org/obo/XAO_0006027>	<http://www.w3.org/2000/01/rdf-schema#label>	"granulocyte/macrophage precursor"	
<http://purl.obolibrary.org/obo/XAO_0004551>	<http://www.w3.org/2000/01/rdf-schema#label>	"external plexiform layer of the olfactory bulb"	
<http://purl.obolibrary.org/obo/XAO_0005250>	<http://www.w3.org/2000/01/rdf-schema#label>	"posterior hindgut endoderm"	
<http://purl.obolibrary.org/obo/XAO_0005199>	<http://www.w3.org/2000/01/rdf-schema#label>	"peripheral ganglion"	
<http://purl.obolibrary.org/obo/XAO_0004081>	<http://www.w3.org/2000/01/rdf-schema#label>	"rhombomere R3"	
<http://purl.obolibrary.org/obo/XAO_0004339>	<http://www.w3.org/2000/01/rdf-schema#label>	"m. transversus ventralis II"	
<http://purl.obolibrary.org/obo/XAO_0004226>	<http://www.w3.org/2000/01/rdf-schema#label>	"ventral tegmentum"	
<http://purl.obolibrary.org/obo/XAO_0004232>	<http://www.w3.org/2000/01/rdf-schema#label>	"spiracle"	
<http://purl.obolibrary.org/obo/XAO_0004457>	<http://www.w3.org/2000/01/rdf-schema#label>	"lateral line ganglion"	
<http://purl.obolibrary.org/obo/XAO_0005141>	<http://www.w3.org/2000/01/rdf-schema#label>	"pars externa of the stapes"	
<http://purl.obolibrary.org/obo/XAO_1000034>	<http://www.w3.org/2000/01/rdf-schema#label>	"NF stage 18"	
<http://purl.obolibrary.org/obo/XAO_0004606>	<http://www.w3.org/2000/01/rdf-schema#label>	"tuberal region"	
<http://purl.obolibrary.org/obo/XAO_0000043>	<http://www.w3.org/2000/01/rdf-schema#label>	"neuroectoderm outer layer"	
<http://purl.obolibrary.org/obo/XAO_0005092>	<http://www.w3.org/2000/01/rdf-schema#label>	"blastomere V1.1"	
<http://purl.obolibrary.org/obo/XAO_0000216>	<http://www.w3.org/2000/01/rdf-schema#label>	"obsolete cortex"	
<http://purl.obolibrary.org/obo/XAO_0005027>	<http://www.w3.org/2000/01/rdf-schema#label>	"forebrain-midbrain boundary"	
<http://purl.obolibrary.org/obo/XAO_0000447>	<http://www.w3.org/2000/01/rdf-schema#label>	"branchial arch 1"	
<http://purl.obolibrary.org/obo/XAO_0005258>	<http://www.w3.org/2000/01/rdf-schema#label>	"obsolete left inner ear"	
<http://purl.obolibrary.org/obo/XAO_0005149>	<http://www.w3.org/2000/01/rdf-schema#label>	"m. levator scapulae superior"	
<http://purl.obolibrary.org/obo/XAO_0004341>	<http://www.w3.org/2000/01/rdf-schema#label>	"mm. levator arcuum branchialium II"	
<http://purl.obolibrary.org/obo/XAO_0003083>	<http://www.w3.org/2000/01/rdf-schema#label>	"braincase and otic capsule skeleton"	
<http://purl.obolibrary.org/obo/XAO_1000068>	<http://www.w3.org/2000/01/rdf-schema#label>	"NF stage 56"	
<http://purl.obolibrary.org/obo/XAO_0005426>	<http://www.w3.org/2000/01/rdf-schema#label>	"tracheoesophageal fold"	
<http://purl.obolibrary.org/obo/XAO_0004013>	<http://www.w3.org/2000/01/rdf-schema#label>	"cartilage element"	
<http://purl.obolibrary.org/obo/XAO_0004262>	<http://www.w3.org/2000/01/rdf-schema#label>	"ventral caudal lymphatic vessel"	
<http://purl.obolibrary.org/obo/XAO_0004493>	<http://www.w3.org/2000/01/rdf-schema#label>	"pelvic girdle primordium"	
<http://purl.obolibrary.org/obo/XAO_0000003>	<http://www.w3.org/2000/01/rdf-schema#label>	"outer fin"	
<http://purl.obolibrary.org/obo/XAO_0004384>	<http://www.w3.org/2000/01/rdf-schema#label>	"peripheral vegetal yolk mass"	
<http://purl.obolibrary.org/obo/XAO_0004428>	<http://www.w3.org/2000/01/rdf-schema#label>	"m. levator mandibulae articularis primordium"	
<http://purl.obolibrary.org/obo/XAO_1000005>	<http://www.w3.org/2000/01/rdf-schema#label>	"gastrula stage"	
<http://purl.obolibrary.org/obo/XAO_0004319>	<http://www.w3.org/2000/01/rdf-schema#label>	"amputated limb"	
<http://purl.obolibrary.org/obo/XAO_0004212>	<http://www.w3.org/2000/01/rdf-schema#label>	"glossopharyngeal epibranchial placode"	
<http://purl.obolibrary.org/obo/XAO_0000418>	<http://www.w3.org/2000/01/rdf-schema#label>	"trunk somite 10"	
<http://purl.obolibrary.org/obo/XAO_0005229>	<http://www.w3.org/2000/01/rdf-schema#label>	"afferent neuron"	
<http://purl.obolibrary.org/obo/XAO_0005072>	<http://www.w3.org/2000/01/rdf-schema#label>	"skin mucous gland"	
<http://purl.obolibrary.org/obo/XAO_0000276>	<http://www.w3.org/2000/01/rdf-schema#label>	"splanchnic layer of lateral plate mesoderm"	
<http://purl.obolibrary.org/obo/XAO_0004543>	<http://www.w3.org/2000/01/rdf-schema#label>	"central canal"	
<http://purl.obolibrary.org/obo/XAO_0005013>	<http://www.w3.org/2000/01/rdf-schema#label>	"centromere"	
<http://purl.obolibrary.org/obo/XAO_0004464>	<http://www.w3.org/2000/01/rdf-schema#label>	"rhombomere R1"	
<http://purl.obolibrary.org/obo/XAO_0004613>	<http://www.w3.org/2000/01/rdf-schema#label>	"non-cililated epidermal cell"	
<http://purl.obolibrary.org/obo/XAO_0004355>	<http://www.w3.org/2000/01/rdf-schema#label>	"m. rectus superior"	
<http://purl.obolibrary.org/obo/XAO_0004586>	<http://www.w3.org/2000/01/rdf-schema#label>	"solitary tract"	
<http://purl.obolibrary.org/obo/XAO_0003077>	<http://www.w3.org/2000/01/rdf-schema#label>	"presacral vertebra"	
<http://purl.obolibrary.org/obo/XAO_0005265>	<http://www.w3.org/2000/01/rdf-schema#label>	"dorsal trunk"	
<http://purl.obolibrary.org/obo/XAO_0005156>	<http://www.w3.org/2000/01/rdf-schema#label>	"stomach body"	
<http://purl.obolibrary.org/obo/XAO_0004414>	<http://www.w3.org/2000/01/rdf-schema#label>	"hindlimb digit 4"	
<http://purl.obolibrary.org/obo/XAO_1000065>	<http://www.w3.org/2000/01/rdf-schema#label>	"NF stage 53"	
<http://purl.obolibrary.org/obo/XAO_0005274>	<http://www.w3.org/2000/01/rdf-schema#label>	"obsolete left hindlimb"	
<http://purl.obolibrary.org/obo/XAO_0003186>	<http://www.w3.org/2000/01/rdf-schema#label>	"anatomical region"	
<http://purl.obolibrary.org/obo/XAO_0004294>	<http://www.w3.org/2000/01/rdf-schema#label>	"limb segment"	
<http://purl.obolibrary.org/obo/XAO_0005215>	<http://www.w3.org/2000/01/rdf-schema#label>	"basal region"	
<http://purl.obolibrary.org/obo/XAO_0004020>	<http://www.w3.org/2000/01/rdf-schema#label>	"process"	
<http://purl.obolibrary.org/obo/XAO_0004523>	<http://www.w3.org/2000/01/rdf-schema#label>	"enteric neuron"	
<http://purl.obolibrary.org/obo/XAO_0003014>	<http://www.w3.org/2000/01/rdf-schema#label>	"pigment cell"	
<http://purl.obolibrary.org/obo/XAO_0003040>	<http://www.w3.org/2000/01/rdf-schema#label>	"tissue"	
<http://purl.obolibrary.org/obo/XAO_0004158>	<http://www.w3.org/2000/01/rdf-schema#label>	"anterior cerebral vein"	
<http://purl.obolibrary.org/obo/XAO_0005324>	<http://www.w3.org/2000/01/rdf-schema#label>	"anterior lateral line ganglion"	
<http://purl.obolibrary.org/obo/XAO_0000148>	<http://www.w3.org/2000/01/rdf-schema#label>	"mesonephric tubule"	
<http://purl.obolibrary.org/obo/XAO_0000093>	<http://www.w3.org/2000/01/rdf-schema#label>	"archenteron floor"	
<http://purl.obolibrary.org/obo/XAO_0004557>	<http://www.w3.org/2000/01/rdf-schema#label>	"isthmic nucleus"	
<http://purl.obolibrary.org/obo/XAO_0003048>	<http://www.w3.org/2000/01/rdf-schema#label>	"egg"	
<http://purl.obolibrary.org/obo/XAO_0004450>	<http://www.w3.org/2000/01/rdf-schema#label>	"m. rectus posterior primordium"	
<http://purl.obolibrary.org/obo/XAO_0003057>	<http://www.w3.org/2000/01/rdf-schema#label>	"posterior"	
<http://purl.obolibrary.org/obo/XAO_0005245>	<http://www.w3.org/2000/01/rdf-schema#label>	"neurenteric canal"	
<http://purl.obolibrary.org/obo/XAO_0005076>	<http://www.w3.org/2000/01/rdf-schema#label>	"anterior entopeduncular region"	
<http://purl.obolibrary.org/obo/XAO_0004092>	<http://www.w3.org/2000/01/rdf-schema#label>	"preplacodal ectoderm"	
<http://purl.obolibrary.org/obo/XAO_0003157>	<http://www.w3.org/2000/01/rdf-schema#label>	"T-cell"	
<http://purl.obolibrary.org/obo/XAO_0000292>	<http://www.w3.org/2000/01/rdf-schema#label>	"mesonephric nephron"	
<http://purl.obolibrary.org/obo/XAO_0004096>	<http://www.w3.org/2000/01/rdf-schema#label>	"lens fiber cell mass"	
<http://purl.obolibrary.org/obo/XAO_0000338>	<http://www.w3.org/2000/01/rdf-schema#label>	"ventral aorta"	
<http://purl.obolibrary.org/obo/XAO_0000104>	<http://www.w3.org/2000/01/rdf-schema#label>	"hindgut"	
<http://purl.obolibrary.org/obo/XAO_0003192>	<http://www.w3.org/2000/01/rdf-schema#label>	"right atrium"	
<http://purl.obolibrary.org/obo/XAO_0003216>	<http://www.w3.org/2000/01/rdf-schema#label>	"retinal neural layer"	
<http://purl.obolibrary.org/obo/XAO_0004485>	<http://www.w3.org/2000/01/rdf-schema#label>	"neuroendocrine cell"	
<http://purl.obolibrary.org/obo/XAO_0003107>	<http://www.w3.org/2000/01/rdf-schema#label>	"myotome of head somite 4"	
<http://purl.obolibrary.org/obo/XAO_0000064>	<http://www.w3.org/2000/01/rdf-schema#label>	"heart"	
<http://purl.obolibrary.org/obo/XAO_0004144>	<http://www.w3.org/2000/01/rdf-schema#label>	"anterior ventral blood island"	
<http://purl.obolibrary.org/obo/XAO_0000237>	<http://www.w3.org/2000/01/rdf-schema#label>	"ileum"	
<http://purl.obolibrary.org/obo/XAO_0005183>	<http://www.w3.org/2000/01/rdf-schema#label>	"commissural interneuron"	
<http://purl.obolibrary.org/obo/XAO_1000072>	<http://www.w3.org/2000/01/rdf-schema#label>	"NF stage 60"	
<http://purl.obolibrary.org/obo/XAO_0004052>	<http://www.w3.org/2000/01/rdf-schema#label>	"pre-dentine"	
<http://purl.obolibrary.org/obo/XAO_0003028>	<http://www.w3.org/2000/01/rdf-schema#label>	"surface structure"	
<http://purl.obolibrary.org/obo/XAO_0003259>	<http://www.w3.org/2000/01/rdf-schema#label>	"neuromast support cell"	
<http://purl.obolibrary.org/obo/XAO_0005047>	<http://www.w3.org/2000/01/rdf-schema#label>	"rostral tuberal region"	
<http://purl.obolibrary.org/obo/XAO_0000372>	<http://www.w3.org/2000/01/rdf-schema#label>	"left lymph heart"	
<http://purl.obolibrary.org/obo/XAO_1000081>	<http://www.w3.org/2000/01/rdf-schema#label>	"unspecified stage"	
<http://purl.obolibrary.org/obo/XAO_0000263>	<http://www.w3.org/2000/01/rdf-schema#label>	"primary oogonium"	
<http://purl.obolibrary.org/obo/XAO_0000309>	<http://www.w3.org/2000/01/rdf-schema#label>	"marginal zone (sensu neural)"	
<http://purl.obolibrary.org/obo/XAO_0003252>	<http://www.w3.org/2000/01/rdf-schema#label>	"keratin accumulating cell"	
<http://purl.obolibrary.org/obo/XAO_0005231>	<http://www.w3.org/2000/01/rdf-schema#label>	"cloacal sphincter"	
<http://purl.obolibrary.org/obo/XAO_0005019>	<http://www.w3.org/2000/01/rdf-schema#label>	"paired dorsal aorta"	
<http://purl.obolibrary.org/obo/XAO_0003143>	<http://www.w3.org/2000/01/rdf-schema#label>	"tail somite"	
<http://purl.obolibrary.org/obo/XAO_0004174>	<http://www.w3.org/2000/01/rdf-schema#label>	"mesencephalic vein"	
<http://purl.obolibrary.org/obo/XAO_0004115>	<http://www.w3.org/2000/01/rdf-schema#label>	"stage II oocyte"	
<http://purl.obolibrary.org/obo/XAO_0003064>	<http://www.w3.org/2000/01/rdf-schema#label>	"pelvic girdle"	
<http://purl.obolibrary.org/obo/XAO_0000050>	<http://www.w3.org/2000/01/rdf-schema#label>	"mesoderm"	
<http://purl.obolibrary.org/obo/XAO_0000223>	<http://www.w3.org/2000/01/rdf-schema#label>	"otic placode"	
<http://purl.obolibrary.org/obo/XAO_0004477>	<http://www.w3.org/2000/01/rdf-schema#label>	"smooth muscle myocyte"	
<http://purl.obolibrary.org/obo/XAO_1000052>	<http://www.w3.org/2000/01/rdf-schema#label>	"NF stage 40"	
<http://purl.obolibrary.org/obo/XAO_0005202>	<http://www.w3.org/2000/01/rdf-schema#label>	"anterior-posterior axis"	
<http://purl.obolibrary.org/obo/XAO_0003232>	<http://www.w3.org/2000/01/rdf-schema#label>	"acid secreting cell"	
<http://purl.obolibrary.org/obo/XAO_0004376>	<http://www.w3.org/2000/01/rdf-schema#label>	"processus muscularis palatoquadrati"	
<http://purl.obolibrary.org/obo/XAO_0004033>	<http://www.w3.org/2000/01/rdf-schema#label>	"avascular GAG-rich matrix"	
<http://purl.obolibrary.org/obo/XAO_0005177>	<http://www.w3.org/2000/01/rdf-schema#label>	"right-ventral blastomere"	
<http://purl.obolibrary.org/obo/XAO_0003266>	<http://www.w3.org/2000/01/rdf-schema#label>	"liver primordium"	
<http://purl.obolibrary.org/obo/XAO_1000012>	<http://www.w3.org/2000/01/rdf-schema#label>	"embryonic stage"	
<http://purl.obolibrary.org/obo/XAO_0005068>	<http://www.w3.org/2000/01/rdf-schema#label>	"motor axon"	
<http://purl.obolibrary.org/obo/XAO_0000021>	<http://www.w3.org/2000/01/rdf-schema#label>	"ventricular zone"	
<http://purl.obolibrary.org/obo/XAO_0005299>	<http://www.w3.org/2000/01/rdf-schema#label>	"esophageal epithelium"	
<http://purl.obolibrary.org/obo/XAO_0005005>	<http://www.w3.org/2000/01/rdf-schema#label>	"left"	
<http://purl.obolibrary.org/obo/XAO_0004448>	<http://www.w3.org/2000/01/rdf-schema#label>	"laryngeal muscle primordium"	
<http://purl.obolibrary.org/obo/XAO_0004067>	<http://www.w3.org/2000/01/rdf-schema#label>	"suprablastoporal endoderm"	
<http://purl.obolibrary.org/obo/XAO_0004192>	<http://www.w3.org/2000/01/rdf-schema#label>	"sacral neural crest"	
<http://purl.obolibrary.org/obo/XAO_0004107>	<http://www.w3.org/2000/01/rdf-schema#label>	"regenerating hindlimb"	
<http://purl.obolibrary.org/obo/XAO_0004076>	<http://www.w3.org/2000/01/rdf-schema#label>	"intersomitic tendon"	
<http://purl.obolibrary.org/obo/XAO_0004610>	<http://www.w3.org/2000/01/rdf-schema#label>	"left ventricle"	
<http://purl.obolibrary.org/obo/XAO_0003203>	<http://www.w3.org/2000/01/rdf-schema#label>	"dental epithelium"	
<http://purl.obolibrary.org/obo/XAO_0005284>	<http://www.w3.org/2000/01/rdf-schema#label>	"sarcomere"	
<http://purl.obolibrary.org/obo/XAO_0004240>	<http://www.w3.org/2000/01/rdf-schema#label>	"branchial vein"	
<http://purl.obolibrary.org/obo/XAO_0004004>	<http://www.w3.org/2000/01/rdf-schema#label>	"atypical epithelium"	
<http://purl.obolibrary.org/obo/XAO_0004131>	<http://www.w3.org/2000/01/rdf-schema#label>	"lateral crista"	
<http://purl.obolibrary.org/obo/XAO_0004362>	<http://www.w3.org/2000/01/rdf-schema#label>	"ceratobranchial IV"	
<http://purl.obolibrary.org/obo/XAO_0004408>	<http://www.w3.org/2000/01/rdf-schema#label>	"anterior-proximal mesenchyme"	
<http://purl.obolibrary.org/obo/XAO_0000195>	<http://www.w3.org/2000/01/rdf-schema#label>	"utricle"	
<http://purl.obolibrary.org/obo/XAO_0000077>	<http://www.w3.org/2000/01/rdf-schema#label>	"bottle cell"	
<http://purl.obolibrary.org/obo/XAO_0005052>	<http://www.w3.org/2000/01/rdf-schema#label>	"nucleus reticularis medialis"	
<http://purl.obolibrary.org/obo/XAO_0004434>	<http://www.w3.org/2000/01/rdf-schema#label>	"m. subarcualis rectus I primordium"	
<http://purl.obolibrary.org/obo/XAO_0004047>	<http://www.w3.org/2000/01/rdf-schema#label>	"oropharyngeal papilla"	
<http://purl.obolibrary.org/obo/XAO_0000385>	<http://www.w3.org/2000/01/rdf-schema#label>	"pronephric sinus"	
<http://purl.obolibrary.org/obo/XAO_0005086>	<http://www.w3.org/2000/01/rdf-schema#label>	"blastomere V1"	
<http://purl.obolibrary.org/obo/XAO_0005100>	<http://www.w3.org/2000/01/rdf-schema#label>	"blastomere D2.1.1"	
<http://purl.obolibrary.org/obo/XAO_0000324>	<http://www.w3.org/2000/01/rdf-schema#label>	"hypobranchial placode"	
<http://purl.obolibrary.org/obo/XAO_0004333>	<http://www.w3.org/2000/01/rdf-schema#label>	"m. intermandibularis"	
<http://purl.obolibrary.org/obo/XAO_0006050>	<http://www.w3.org/2000/01/rdf-schema#label>	"crypt cell"	
<http://purl.obolibrary.org/obo/XAO_0005134>	<http://www.w3.org/2000/01/rdf-schema#label>	"microglial cell"	
<http://purl.obolibrary.org/obo/XAO_0005021>	<http://www.w3.org/2000/01/rdf-schema#label>	"interstitial cell of Leydig"	
<http://purl.obolibrary.org/obo/XAO_0000048>	<http://www.w3.org/2000/01/rdf-schema#label>	"neural crest"	
<http://purl.obolibrary.org/obo/XAO_0003164>	<http://www.w3.org/2000/01/rdf-schema#label>	"solid compound organ"	
<http://purl.obolibrary.org/obo/XAO_0004123>	<http://www.w3.org/2000/01/rdf-schema#label>	"atrioventricular canal"	
<http://purl.obolibrary.org/obo/XAO_0004501>	<http://www.w3.org/2000/01/rdf-schema#label>	"apoptotic cell"	
<http://purl.obolibrary.org/obo/XAO_0000187>	<http://www.w3.org/2000/01/rdf-schema#label>	"dorsolateral placode region"	
<http://purl.obolibrary.org/obo/XAO_1000091>	<http://www.w3.org/2000/01/rdf-schema#label>	"climax stage"	
<http://purl.obolibrary.org/obo/XAO_0003085>	<http://www.w3.org/2000/01/rdf-schema#label>	"Meckel's cartilage"	
<http://purl.obolibrary.org/obo/XAO_0006010>	<http://www.w3.org/2000/01/rdf-schema#label>	"outer segment disk"	
<http://purl.obolibrary.org/obo/XAO_0005302>	<http://www.w3.org/2000/01/rdf-schema#label>	"posterior endoderm"	
<http://purl.obolibrary.org/obo/XAO_0004039>	<http://www.w3.org/2000/01/rdf-schema#label>	"mineralized tissue"	
<http://purl.obolibrary.org/obo/XAO_0000008>	<http://www.w3.org/2000/01/rdf-schema#label>	"lens"	
<http://purl.obolibrary.org/obo/XAO_0000084>	<http://www.w3.org/2000/01/rdf-schema#label>	"involuted ventral mesoderm"	
<http://purl.obolibrary.org/obo/XAO_0000257>	<http://www.w3.org/2000/01/rdf-schema#label>	"oral evagination"	
<http://purl.obolibrary.org/obo/XAO_0006018>	<http://www.w3.org/2000/01/rdf-schema#label>	"gray crescent"	
<http://purl.obolibrary.org/obo/XAO_0005223>	<http://www.w3.org/2000/01/rdf-schema#label>	"postero-dorsal region"	
<http://purl.obolibrary.org/obo/XAO_0000399>	<http://www.w3.org/2000/01/rdf-schema#label>	"tendon fibroblast"	
<http://purl.obolibrary.org/obo/XAO_0005501>	<http://www.w3.org/2000/01/rdf-schema#label>	"digestive tract"	
<http://purl.obolibrary.org/obo/XAO_0003135>	<http://www.w3.org/2000/01/rdf-schema#label>	"sclerotome of tail somite 14"	
<http://purl.obolibrary.org/obo/XAO_0005114>	<http://www.w3.org/2000/01/rdf-schema#label>	"ventral vegetal hemisphere blastomere"	
<http://purl.obolibrary.org/obo/XAO_0000270>	<http://www.w3.org/2000/01/rdf-schema#label>	"sensorial layer of neurectoderm"	
<http://purl.obolibrary.org/obo/XAO_0000316>	<http://www.w3.org/2000/01/rdf-schema#label>	"epicardium"	
<http://purl.obolibrary.org/obo/XAO_0004325>	<http://www.w3.org/2000/01/rdf-schema#label>	"branchial head muscle"	
<http://purl.obolibrary.org/obo/XAO_0000034>	<http://www.w3.org/2000/01/rdf-schema#label>	"hatching gland"	
<http://purl.obolibrary.org/obo/XAO_0000207>	<http://www.w3.org/2000/01/rdf-schema#label>	"blastocoel roof"	
<http://purl.obolibrary.org/obo/XAO_1000059>	<http://www.w3.org/2000/01/rdf-schema#label>	"NF stage 47"	
<http://purl.obolibrary.org/obo/XAO_0000167>	<http://www.w3.org/2000/01/rdf-schema#label>	"parathyroid"	
<http://purl.obolibrary.org/obo/XAO_0003178>	<http://www.w3.org/2000/01/rdf-schema#label>	"dorsal hyoid arch skeleton"	
<http://purl.obolibrary.org/obo/XAO_0006048>	<http://www.w3.org/2000/01/rdf-schema#label>	"supporting cell"	
<http://purl.obolibrary.org/obo/XAO_0005161>	<http://www.w3.org/2000/01/rdf-schema#label>	"prehallux"	
<http://purl.obolibrary.org/obo/XAO_0004626>	<http://www.w3.org/2000/01/rdf-schema#label>	"ventral fin vasculature"	
<http://purl.obolibrary.org/obo/XAO_0004517>	<http://www.w3.org/2000/01/rdf-schema#label>	"ciliated non-epidermal cell"	
<http://purl.obolibrary.org/obo/XAO_0004253>	<http://www.w3.org/2000/01/rdf-schema#label>	"postcaval vein"	
<http://purl.obolibrary.org/obo/XAO_0000459>	<http://www.w3.org/2000/01/rdf-schema#label>	"infraorbital lateral line"	
<http://purl.obolibrary.org/obo/XAO_0005169>	<http://www.w3.org/2000/01/rdf-schema#label>	"left-right organizer primordium"	
<http://purl.obolibrary.org/obo/XAO_0000241>	<http://www.w3.org/2000/01/rdf-schema#label>	"posterior cardinal vein"	
<http://purl.obolibrary.org/obo/XAO_0005316>	<http://www.w3.org/2000/01/rdf-schema#label>	"periocular mesenchyme"	
<http://purl.obolibrary.org/obo/XAO_0004287>	<http://www.w3.org/2000/01/rdf-schema#label>	"vertebral centrum"	
<http://purl.obolibrary.org/obo/XAO_0003121>	<http://www.w3.org/2000/01/rdf-schema#label>	"sclerotome of trunk somite 5"	
<http://purl.obolibrary.org/obo/XAO_0000409>	<http://www.w3.org/2000/01/rdf-schema#label>	"trunk somite 4"	
<http://purl.obolibrary.org/obo/XAO_0000015>	<http://www.w3.org/2000/01/rdf-schema#label>	"hindbrain"	
<http://purl.obolibrary.org/obo/XAO_0005106>	<http://www.w3.org/2000/01/rdf-schema#label>	"blastomere V1.2.1"	
<http://purl.obolibrary.org/obo/XAO_0004396>	<http://www.w3.org/2000/01/rdf-schema#label>	"apical mesenchyme"	
<http://purl.obolibrary.org/obo/XAO_0003042>	<http://www.w3.org/2000/01/rdf-schema#label>	"embryonic structure"	
<http://purl.obolibrary.org/obo/XAO_0004224>	<http://www.w3.org/2000/01/rdf-schema#label>	"transporting epithelium"	
<http://purl.obolibrary.org/obo/XAO_0006034>	<http://www.w3.org/2000/01/rdf-schema#label>	"monoblast"	
<http://purl.obolibrary.org/obo/XAO_0004455>	<http://www.w3.org/2000/01/rdf-schema#label>	"cranial muscle primordium"	
<http://purl.obolibrary.org/obo/XAO_1000030>	<http://www.w3.org/2000/01/rdf-schema#label>	"NF stage 10.25"	
<http://purl.obolibrary.org/obo/XAO_1000032>	<http://www.w3.org/2000/01/rdf-schema#label>	"NF stage 11.5"	
<http://purl.obolibrary.org/obo/XAO_0004346>	<http://www.w3.org/2000/01/rdf-schema#label>	"mm. constrictores branchiales IV"	
<http://purl.obolibrary.org/obo/XAO_0003151>	<http://www.w3.org/2000/01/rdf-schema#label>	"spermatid"	
<http://purl.obolibrary.org/obo/XAO_0000439>	<http://www.w3.org/2000/01/rdf-schema#label>	"filter chamber"	
<http://purl.obolibrary.org/obo/XAO_0001101>	<http://www.w3.org/2000/01/rdf-schema#label>	"first pancreatic bud"	
<http://purl.obolibrary.org/obo/XAO_0000332>	<http://www.w3.org/2000/01/rdf-schema#label>	"mesonephric late proximal tubule"	
<http://purl.obolibrary.org/obo/XAO_0004590>	<http://www.w3.org/2000/01/rdf-schema#label>	"torus semicircularis"	
<http://purl.obolibrary.org/obo/XAO_0003210>	<http://www.w3.org/2000/01/rdf-schema#label>	"humerus"	
<http://purl.obolibrary.org/obo/XAO_0004098>	<http://www.w3.org/2000/01/rdf-schema#label>	"bipolar neuron"	
<http://purl.obolibrary.org/obo/XAO_0004267>	<http://www.w3.org/2000/01/rdf-schema#label>	"interneuron"	
<http://purl.obolibrary.org/obo/XAO_0003101>	<http://www.w3.org/2000/01/rdf-schema#label>	"spinal nerve"	
<http://purl.obolibrary.org/obo/XAO_0004271>	<http://www.w3.org/2000/01/rdf-schema#label>	"midbrain tegmentum"	
<http://purl.obolibrary.org/obo/XAO_0000366>	<http://www.w3.org/2000/01/rdf-schema#label>	"internal carotid artery"	
<http://purl.obolibrary.org/obo/XAO_0004011>	<http://www.w3.org/2000/01/rdf-schema#label>	"axial skeleton"	
<http://purl.obolibrary.org/obo/XAO_0004162>	<http://www.w3.org/2000/01/rdf-schema#label>	"pulmonary artery"	
<http://purl.obolibrary.org/obo/XAO_0005308>	<http://www.w3.org/2000/01/rdf-schema#label>	"atrioventricular valve"	
<http://purl.obolibrary.org/obo/XAO_0004598>	<http://www.w3.org/2000/01/rdf-schema#label>	"prosomere"	
<http://purl.obolibrary.org/obo/XAO_0006005>	<http://www.w3.org/2000/01/rdf-schema#label>	"perikaryon"	
<http://purl.obolibrary.org/obo/XAO_0004426>	<http://www.w3.org/2000/01/rdf-schema#label>	"m. levator mandibulae longus profundus primordium"	
<http://purl.obolibrary.org/obo/XAO_0000475>	<http://www.w3.org/2000/01/rdf-schema#label>	"optic stalk"	
<http://purl.obolibrary.org/obo/XAO_1000003>	<http://www.w3.org/2000/01/rdf-schema#label>	"blastula stage"	
<http://purl.obolibrary.org/obo/XAO_0004317>	<http://www.w3.org/2000/01/rdf-schema#label>	"amputated tissue"	
<http://purl.obolibrary.org/obo/XAO_0004548>	<http://www.w3.org/2000/01/rdf-schema#label>	"dorsal pallium"	
<http://purl.obolibrary.org/obo/XAO_0004210>	<http://www.w3.org/2000/01/rdf-schema#label>	"infundibulum"	
<http://purl.obolibrary.org/obo/XAO_0000130>	<http://www.w3.org/2000/01/rdf-schema#label>	"small intestine"	
<http://purl.obolibrary.org/obo/XAO_0000303>	<http://www.w3.org/2000/01/rdf-schema#label>	"ventro-lateral"	
<http://purl.obolibrary.org/obo/XAO_0005070>	<http://www.w3.org/2000/01/rdf-schema#label>	"sulcus limitans of neural tube"	
<http://purl.obolibrary.org/obo/XAO_0003034>	<http://www.w3.org/2000/01/rdf-schema#label>	"viscus"	
<http://purl.obolibrary.org/obo/XAO_0000425>	<http://www.w3.org/2000/01/rdf-schema#label>	"tail somite 17"	
<http://purl.obolibrary.org/obo/XAO_0005262>	<http://www.w3.org/2000/01/rdf-schema#label>	"anterior dorsal fin"	
<http://purl.obolibrary.org/obo/XAO_0004469>	<http://www.w3.org/2000/01/rdf-schema#label>	"trabecula"	
<http://purl.obolibrary.org/obo/XAO_1000046>	<http://www.w3.org/2000/01/rdf-schema#label>	"NF stage 31"	
<http://purl.obolibrary.org/obo/XAO_0004618>	<http://www.w3.org/2000/01/rdf-schema#label>	"rostral presomitic mesoderm"	
<http://purl.obolibrary.org/obo/XAO_0004462>	<http://www.w3.org/2000/01/rdf-schema#label>	"dorsal endoderm"	
<http://purl.obolibrary.org/obo/XAO_0004578>	<http://www.w3.org/2000/01/rdf-schema#label>	"pallidum"	
<http://purl.obolibrary.org/obo/XAO_0003069>	<http://www.w3.org/2000/01/rdf-schema#label>	"obsolete hind propodium"	
<http://purl.obolibrary.org/obo/XAO_0004353>	<http://www.w3.org/2000/01/rdf-schema#label>	"m. rectus posterior"	
<http://purl.obolibrary.org/obo/XAO_0004584>	<http://www.w3.org/2000/01/rdf-schema#label>	"raphe nucleus"	
<http://purl.obolibrary.org/obo/XAO_0004471>	<http://www.w3.org/2000/01/rdf-schema#label>	"atrial septum"	
<http://purl.obolibrary.org/obo/XAO_0005030>	<http://www.w3.org/2000/01/rdf-schema#label>	"cell body layer of the optic tectum"	
<http://purl.obolibrary.org/obo/XAO_0004259>	<http://www.w3.org/2000/01/rdf-schema#label>	"medial ganglionic eminence"	
<http://purl.obolibrary.org/obo/XAO_0001014>	<http://www.w3.org/2000/01/rdf-schema#label>	"melanophore"	
<http://purl.obolibrary.org/obo/XAO_0004412>	<http://www.w3.org/2000/01/rdf-schema#label>	"hindlimb digit 2"	
<http://purl.obolibrary.org/obo/XAO_0004025>	<http://www.w3.org/2000/01/rdf-schema#label>	"dermal skeleton"	
<http://purl.obolibrary.org/obo/XAO_0005207>	<http://www.w3.org/2000/01/rdf-schema#label>	"posterior side"	
<http://purl.obolibrary.org/obo/XAO_0005038>	<http://www.w3.org/2000/01/rdf-schema#label>	"nucleus"	
<http://purl.obolibrary.org/obo/XAO_0000363>	<http://www.w3.org/2000/01/rdf-schema#label>	"occipitovertebral artery"	
<http://purl.obolibrary.org/obo/XAO_0003127>	<http://www.w3.org/2000/01/rdf-schema#label>	"sclerotome of trunk somite 10"	
<http://purl.obolibrary.org/obo/XAO_0000254>	<http://www.w3.org/2000/01/rdf-schema#label>	"visceral pouch 4"	
<http://purl.obolibrary.org/obo/XAO_0004521>	<http://www.w3.org/2000/01/rdf-schema#label>	"coelom"	
<http://purl.obolibrary.org/obo/XAO_0005195>	<http://www.w3.org/2000/01/rdf-schema#label>	"enteric nervous system"	
<http://purl.obolibrary.org/obo/XAO_0004555>	<http://www.w3.org/2000/01/rdf-schema#label>	"granule cell layer of the olfactory bulb"	
<http://purl.obolibrary.org/obo/XAO_0004442>	<http://www.w3.org/2000/01/rdf-schema#label>	"mm. constrictores branchiales III primordium"	
<http://purl.obolibrary.org/obo/XAO_0004564>	<http://www.w3.org/2000/01/rdf-schema#label>	"lateral septum"	
<http://purl.obolibrary.org/obo/XAO_0003055>	<http://www.w3.org/2000/01/rdf-schema#label>	"hematopoietic stem cell"	
<http://purl.obolibrary.org/obo/XAO_0004101>	<http://www.w3.org/2000/01/rdf-schema#label>	"optic tract"	
<http://purl.obolibrary.org/obo/XAO_0005243>	<http://www.w3.org/2000/01/rdf-schema#label>	"embryonic kidney"	
<http://purl.obolibrary.org/obo/XAO_0003190>	<http://www.w3.org/2000/01/rdf-schema#label>	"anatomical space"	
<http://purl.obolibrary.org/obo/XAO_0004509>	<http://www.w3.org/2000/01/rdf-schema#label>	"dorsal lateral plate mesoderm"	
<http://purl.obolibrary.org/obo/XAO_0004380>	<http://www.w3.org/2000/01/rdf-schema#label>	"suprarostral plate"	
<http://purl.obolibrary.org/obo/XAO_1000077>	<http://www.w3.org/2000/01/rdf-schema#label>	"NF stage 65"	
<http://purl.obolibrary.org/obo/XAO_0004017>	<http://www.w3.org/2000/01/rdf-schema#label>	"endochondral element"	
<http://purl.obolibrary.org/obo/XAO_0005286>	<http://www.w3.org/2000/01/rdf-schema#label>	"astral microtubule"	
<http://purl.obolibrary.org/obo/XAO_0000062>	<http://www.w3.org/2000/01/rdf-schema#label>	"pronephric nephrostome"	
<http://purl.obolibrary.org/obo/XAO_0000235>	<http://www.w3.org/2000/01/rdf-schema#label>	"cardiac mesoderm"	
<http://purl.obolibrary.org/obo/XAO_0003198>	<http://www.w3.org/2000/01/rdf-schema#label>	"visual system"	
<http://purl.obolibrary.org/obo/XAO_0000379>	<http://www.w3.org/2000/01/rdf-schema#label>	"external jugular vein"	
<http://purl.obolibrary.org/obo/XAO_0004535>	<http://www.w3.org/2000/01/rdf-schema#label>	"ventral funiculus"	
<http://purl.obolibrary.org/obo/XAO_0003026>	<http://www.w3.org/2000/01/rdf-schema#label>	"tail"	
<http://purl.obolibrary.org/obo/XAO_0003257>	<http://www.w3.org/2000/01/rdf-schema#label>	"myelin accumulating cell"	
<http://purl.obolibrary.org/obo/XAO_0000370>	<http://www.w3.org/2000/01/rdf-schema#label>	"arteria mesenterica posterior"	
<http://purl.obolibrary.org/obo/XAO_0000012>	<http://www.w3.org/2000/01/rdf-schema#label>	"telencephalon"	
<http://purl.obolibrary.org/obo/XAO_0004216>	<http://www.w3.org/2000/01/rdf-schema#label>	"glomeral nexus"	
<http://purl.obolibrary.org/obo/XAO_0000261>	<http://www.w3.org/2000/01/rdf-schema#label>	"pigment layer"	
<http://purl.obolibrary.org/obo/XAO_0005054>	<http://www.w3.org/2000/01/rdf-schema#label>	"nucleus reticularis inferior"	
<http://purl.obolibrary.org/obo/XAO_0004183>	<http://www.w3.org/2000/01/rdf-schema#label>	"pericardial muscle"	
<http://purl.obolibrary.org/obo/XAO_0003073>	<http://www.w3.org/2000/01/rdf-schema#label>	"postcranial axial skeleton"	
<http://purl.obolibrary.org/obo/XAO_0005088>	<http://www.w3.org/2000/01/rdf-schema#label>	"blastomere D1.1"	
<http://purl.obolibrary.org/obo/XAO_0004231>	<http://www.w3.org/2000/01/rdf-schema#label>	"barbel"	
<http://purl.obolibrary.org/obo/XAO_0004571>	<http://www.w3.org/2000/01/rdf-schema#label>	"medial septum"	
<http://purl.obolibrary.org/obo/XAO_0005270>	<http://www.w3.org/2000/01/rdf-schema#label>	"obsolete left part of branchial arch skeleton"	
<http://purl.obolibrary.org/obo/XAO_0004122>	<http://www.w3.org/2000/01/rdf-schema#label>	"proliferative region"	
<http://purl.obolibrary.org/obo/XAO_0000215>	<http://www.w3.org/2000/01/rdf-schema#label>	"central nervous system"	
<http://purl.obolibrary.org/obo/XAO_0000221>	<http://www.w3.org/2000/01/rdf-schema#label>	"obsolete deuterencephalic region"	
<http://purl.obolibrary.org/obo/XAO_0003182>	<http://www.w3.org/2000/01/rdf-schema#label>	"branchial arch skeleton 2"	
<http://purl.obolibrary.org/obo/XAO_0003228>	<http://www.w3.org/2000/01/rdf-schema#label>	"hypaxial muscle"	
<http://purl.obolibrary.org/obo/XAO_0004088>	<http://www.w3.org/2000/01/rdf-schema#label>	"animal pole"	
<http://purl.obolibrary.org/obo/XAO_1000050>	<http://www.w3.org/2000/01/rdf-schema#label>	"NF stage 37 and 38"	
<http://purl.obolibrary.org/obo/XAO_0005278>	<http://www.w3.org/2000/01/rdf-schema#label>	"obsolete left part of brain"	
<http://purl.obolibrary.org/obo/XAO_0005425>	<http://www.w3.org/2000/01/rdf-schema#label>	"transient tracheoesophageal septum"	
<http://purl.obolibrary.org/obo/XAO_0005200>	<http://www.w3.org/2000/01/rdf-schema#label>	"anatomical axis"	
<http://purl.obolibrary.org/obo/XAO_0000181>	<http://www.w3.org/2000/01/rdf-schema#label>	"globe"	
<http://purl.obolibrary.org/obo/XAO_0000472>	<http://www.w3.org/2000/01/rdf-schema#label>	"iridophore"	
<http://purl.obolibrary.org/obo/XAO_0003230>	<http://www.w3.org/2000/01/rdf-schema#label>	"trunk musculature"	
<http://purl.obolibrary.org/obo/XAO_0004374>	<http://www.w3.org/2000/01/rdf-schema#label>	"planum hypobranchiale"	
<http://purl.obolibrary.org/obo/XAO_0003018>	<http://www.w3.org/2000/01/rdf-schema#label>	"primary spermatogonium"	
<http://purl.obolibrary.org/obo/XAO_1000093>	<http://www.w3.org/2000/01/rdf-schema#label>	"adult frog stage"	
<http://purl.obolibrary.org/obo/XAO_0004202>	<http://www.w3.org/2000/01/rdf-schema#label>	"pre-enamel"	
<http://purl.obolibrary.org/obo/XAO_0006012>	<http://www.w3.org/2000/01/rdf-schema#label>	"iridoblast"	
<http://purl.obolibrary.org/obo/XAO_1000010>	<http://www.w3.org/2000/01/rdf-schema#label>	"juvenile frog stage"	
<http://purl.obolibrary.org/obo/XAO_0003264>	<http://www.w3.org/2000/01/rdf-schema#label>	"pericyte"	
<http://purl.obolibrary.org/obo/XAO_0000097>	<http://www.w3.org/2000/01/rdf-schema#label>	"mandibular arch"	
<http://purl.obolibrary.org/obo/XAO_0004324>	<http://www.w3.org/2000/01/rdf-schema#label>	"hyoid head muscle"	
<http://purl.obolibrary.org/obo/XAO_0000417>	<http://www.w3.org/2000/01/rdf-schema#label>	"trunk somite 9"	
<http://purl.obolibrary.org/obo/XAO_0000310>	<http://www.w3.org/2000/01/rdf-schema#label>	"anterior neural fold"	
<http://purl.obolibrary.org/obo/XAO_0004190>	<http://www.w3.org/2000/01/rdf-schema#label>	"cardiac neural crest"	
<http://purl.obolibrary.org/obo/XAO_0000201>	<http://www.w3.org/2000/01/rdf-schema#label>	"obsolete olfactory apparatus"	
<http://purl.obolibrary.org/obo/XAO_0005249>	<http://www.w3.org/2000/01/rdf-schema#label>	"ventral posterior hindgut endoderm"	
<http://purl.obolibrary.org/obo/XAO_0004481>	<http://www.w3.org/2000/01/rdf-schema#label>	"forelimb digit 5"	
<http://purl.obolibrary.org/obo/XAO_0000152>	<http://www.w3.org/2000/01/rdf-schema#label>	"obsolete renal distal convoluted tubule"	
<http://purl.obolibrary.org/obo/XAO_0005120>	<http://www.w3.org/2000/01/rdf-schema#label>	"endoplasmic reticulum"	
<http://purl.obolibrary.org/obo/XAO_0000296>	<http://www.w3.org/2000/01/rdf-schema#label>	"vegetal"	
<http://purl.obolibrary.org/obo/XAO_0004009>	<http://www.w3.org/2000/01/rdf-schema#label>	"simple cuboidal epithelium"	
<http://purl.obolibrary.org/obo/XAO_0003201>	<http://www.w3.org/2000/01/rdf-schema#label>	"oral epithelium"	
<http://purl.obolibrary.org/obo/XAO_0004140>	<http://www.w3.org/2000/01/rdf-schema#label>	"ventricular outflow tract"	
<http://purl.obolibrary.org/obo/XAO_0000108>	<http://www.w3.org/2000/01/rdf-schema#label>	"chordoneural hinge"	
<http://purl.obolibrary.org/obo/XAO_0004489>	<http://www.w3.org/2000/01/rdf-schema#label>	"spike"	
<http://purl.obolibrary.org/obo/XAO_0000117>	<http://www.w3.org/2000/01/rdf-schema#label>	"respiratory system"	
<http://purl.obolibrary.org/obo/XAO_0000453>	<http://www.w3.org/2000/01/rdf-schema#label>	"branchial arch 4"	
<http://purl.obolibrary.org/obo/XAO_0000068>	<http://www.w3.org/2000/01/rdf-schema#label>	"marginal zone"	
<http://purl.obolibrary.org/obo/XAO_0004148>	<http://www.w3.org/2000/01/rdf-schema#label>	"myeloid cell"	
<http://purl.obolibrary.org/obo/XAO_0003244>	<http://www.w3.org/2000/01/rdf-schema#label>	"gastrula cell"	
<http://purl.obolibrary.org/obo/XAO_0000403>	<http://www.w3.org/2000/01/rdf-schema#label>	"head somite 2"	
<http://purl.obolibrary.org/obo/XAO_0005192>	<http://www.w3.org/2000/01/rdf-schema#label>	"ethmoid region"	
<http://purl.obolibrary.org/obo/XAO_1000085>	<http://www.w3.org/2000/01/rdf-schema#label>	"oocyte stage III"	
<http://purl.obolibrary.org/obo/XAO_0004170>	<http://www.w3.org/2000/01/rdf-schema#label>	"vena capitis medialis"	
<http://purl.obolibrary.org/obo/XAO_0004045>	<http://www.w3.org/2000/01/rdf-schema#label>	"odontogenic papilla"	
<http://purl.obolibrary.org/obo/XAO_1000024>	<http://www.w3.org/2000/01/rdf-schema#label>	"NF stage 14"	
<http://purl.obolibrary.org/obo/XAO_0004178>	<http://www.w3.org/2000/01/rdf-schema#label>	"dorsal longitudinal anastomosing vessel - left branch"	
<http://purl.obolibrary.org/obo/XAO_0004331>	<http://www.w3.org/2000/01/rdf-schema#label>	"m. levator mandibulae articularis"	
<http://purl.obolibrary.org/obo/XAO_0004119>	<http://www.w3.org/2000/01/rdf-schema#label>	"stage VI oocyte"	
<http://purl.obolibrary.org/obo/XAO_0004237>	<http://www.w3.org/2000/01/rdf-schema#label>	"lateral ganglionic eminence"	
<http://purl.obolibrary.org/obo/XAO_0004340>	<http://www.w3.org/2000/01/rdf-schema#label>	"mm. levator arcuum branchialium I"	
<http://purl.obolibrary.org/obo/XAO_0000282>	<http://www.w3.org/2000/01/rdf-schema#label>	"visceral pouch"	
<http://purl.obolibrary.org/obo/XAO_0004128>	<http://www.w3.org/2000/01/rdf-schema#label>	"m. rectus abdominis"	
<http://purl.obolibrary.org/obo/XAO_0000054>	<http://www.w3.org/2000/01/rdf-schema#label>	"trunk region"	
<http://purl.obolibrary.org/obo/XAO_0000173>	<http://www.w3.org/2000/01/rdf-schema#label>	"tendon"	
<http://purl.obolibrary.org/obo/XAO_0005173>	<http://www.w3.org/2000/01/rdf-schema#label>	"right blastomere"	
<http://purl.obolibrary.org/obo/XAO_0000124>	<http://www.w3.org/2000/01/rdf-schema#label>	"blood"	
<http://purl.obolibrary.org/obo/XAO_0004592>	<http://www.w3.org/2000/01/rdf-schema#label>	"ventral hypothalamic nucleus"	
<http://purl.obolibrary.org/obo/XAO_0003236>	<http://www.w3.org/2000/01/rdf-schema#label>	"barrier epithelial cell"	
<http://purl.obolibrary.org/obo/XAO_0000089>	<http://www.w3.org/2000/01/rdf-schema#label>	"lower blastopore lip"	
<http://purl.obolibrary.org/obo/XAO_0005064>	<http://www.w3.org/2000/01/rdf-schema#label>	"internal coil of the small intestine"	
<http://purl.obolibrary.org/obo/XAO_0005295>	<http://www.w3.org/2000/01/rdf-schema#label>	"frontal nerve"	
<http://purl.obolibrary.org/obo/XAO_0004529>	<http://www.w3.org/2000/01/rdf-schema#label>	"uveal tract"	
<http://purl.obolibrary.org/obo/XAO_0004420>	<http://www.w3.org/2000/01/rdf-schema#label>	"claw of hindlimb digit 4"	
<http://purl.obolibrary.org/obo/XAO_0004164>	<http://www.w3.org/2000/01/rdf-schema#label>	"intersomitic vein"	
<http://purl.obolibrary.org/obo/XAO_0004208>	<http://www.w3.org/2000/01/rdf-schema#label>	"adenohypophyseal placode"	
<http://purl.obolibrary.org/obo/XAO_0004311>	<http://www.w3.org/2000/01/rdf-schema#label>	"regenerating limb"	
<http://purl.obolibrary.org/obo/XAO_0004542>	<http://www.w3.org/2000/01/rdf-schema#label>	"central amygdala"	
<http://purl.obolibrary.org/obo/XAO_0003033>	<http://www.w3.org/2000/01/rdf-schema#label>	"nostril"	
<http://purl.obolibrary.org/obo/XAO_1000016>	<http://www.w3.org/2000/01/rdf-schema#label>	"NF stage 6 (32-cell)"	
<http://purl.obolibrary.org/obo/XAO_0000410>	<http://www.w3.org/2000/01/rdf-schema#label>	"trunk somite 5"	
<http://purl.obolibrary.org/obo/XAO_0005221>	<http://www.w3.org/2000/01/rdf-schema#label>	"antero-dorsal region"	
<http://purl.obolibrary.org/obo/XAO_0000397>	<http://www.w3.org/2000/01/rdf-schema#label>	"sclerotome"	
<http://purl.obolibrary.org/obo/XAO_0004072>	<http://www.w3.org/2000/01/rdf-schema#label>	"suprachiasmatic nucleus"	
<http://purl.obolibrary.org/obo/XAO_0005009>	<http://www.w3.org/2000/01/rdf-schema#label>	"mitotic spindle"	
<http://purl.obolibrary.org/obo/XAO_0005112>	<http://www.w3.org/2000/01/rdf-schema#label>	"dorsal vegetal hemisphere blastomere"	
<http://purl.obolibrary.org/obo/XAO_0005083>	<http://www.w3.org/2000/01/rdf-schema#label>	"egg cell-free extract"	
<http://purl.obolibrary.org/obo/XAO_0003142>	<http://www.w3.org/2000/01/rdf-schema#label>	"myotome of tail somite 17"	
<http://purl.obolibrary.org/obo/XAO_0000191>	<http://www.w3.org/2000/01/rdf-schema#label>	"middle ear"	
<http://purl.obolibrary.org/obo/XAO_0000165>	<http://www.w3.org/2000/01/rdf-schema#label>	"adrenal cortex"	
<http://purl.obolibrary.org/obo/XAO_0004244>	<http://www.w3.org/2000/01/rdf-schema#label>	"mandibular artery"	
<http://purl.obolibrary.org/obo/XAO_0003176>	<http://www.w3.org/2000/01/rdf-schema#label>	"splanchnocranium"	
<http://purl.obolibrary.org/obo/XAO_0006046>	<http://www.w3.org/2000/01/rdf-schema#label>	"eosinophil"	
<http://purl.obolibrary.org/obo/XAO_0004624>	<http://www.w3.org/2000/01/rdf-schema#label>	"fin vasculature"	
<http://purl.obolibrary.org/obo/XAO_0000357>	<http://www.w3.org/2000/01/rdf-schema#label>	"arterial endothelium"	
<http://purl.obolibrary.org/obo/XAO_0004135>	<http://www.w3.org/2000/01/rdf-schema#label>	"rhombic lip"	
<http://purl.obolibrary.org/obo/XAO_0004366>	<http://www.w3.org/2000/01/rdf-schema#label>	"facies hyoidis of the palatoquadrate"	
<http://purl.obolibrary.org/obo/XAO_0003004>	<http://www.w3.org/2000/01/rdf-schema#label>	"whole organism"	
<http://purl.obolibrary.org/obo/XAO_0004513>	<http://www.w3.org/2000/01/rdf-schema#label>	"foregut endoderm"	
<http://purl.obolibrary.org/obo/XAO_0004515>	<http://www.w3.org/2000/01/rdf-schema#label>	"posterior tectum"	
<http://purl.obolibrary.org/obo/XAO_0000199>	<http://www.w3.org/2000/01/rdf-schema#label>	"vestibule"	
<http://purl.obolibrary.org/obo/XAO_0005167>	<http://www.w3.org/2000/01/rdf-schema#label>	"epsilon cell"	
<http://purl.obolibrary.org/obo/XAO_0005314>	<http://www.w3.org/2000/01/rdf-schema#label>	"prootic bone"	
<http://purl.obolibrary.org/obo/XAO_0005032>	<http://www.w3.org/2000/01/rdf-schema#label>	"neural stem cell"	
<http://purl.obolibrary.org/obo/XAO_0003113>	<http://www.w3.org/2000/01/rdf-schema#label>	"sclerotome of trunk somite 1"	
<http://purl.obolibrary.org/obo/XAO_0000121>	<http://www.w3.org/2000/01/rdf-schema#label>	"bronchus"	
<http://purl.obolibrary.org/obo/XAO_0004303>	<http://www.w3.org/2000/01/rdf-schema#label>	"pretectum"	
<http://purl.obolibrary.org/obo/XAO_0005104>	<http://www.w3.org/2000/01/rdf-schema#label>	"blastomere V1.1.1"	
<http://purl.obolibrary.org/obo/XAO_0005130>	<http://www.w3.org/2000/01/rdf-schema#label>	"distal stomach"	
<http://purl.obolibrary.org/obo/XAO_0000328>	<http://www.w3.org/2000/01/rdf-schema#label>	"spleen"	
<http://purl.obolibrary.org/obo/XAO_1000037>	<http://www.w3.org/2000/01/rdf-schema#label>	"NF stage 21"	
<http://purl.obolibrary.org/obo/XAO_0004337>	<http://www.w3.org/2000/01/rdf-schema#label>	"m. subarcualis rectus I"	
<http://purl.obolibrary.org/obo/XAO_0005197>	<http://www.w3.org/2000/01/rdf-schema#label>	"lateral preplacodal ectoderm"	
<http://purl.obolibrary.org/obo/XAO_0003160>	<http://www.w3.org/2000/01/rdf-schema#label>	"anatomical cluster"	
<http://purl.obolibrary.org/obo/XAO_0005090>	<http://www.w3.org/2000/01/rdf-schema#label>	"blastomere D2.1"	
<http://purl.obolibrary.org/obo/XAO_0000288>	<http://www.w3.org/2000/01/rdf-schema#label>	"early proximal tubule"	
<http://purl.obolibrary.org/obo/XAO_0005025>	<http://www.w3.org/2000/01/rdf-schema#label>	"macrophage"	
<http://purl.obolibrary.org/obo/XAO_0005256>	<http://www.w3.org/2000/01/rdf-schema#label>	"obsolete left eye"	
<http://purl.obolibrary.org/obo/XAO_0000437>	<http://www.w3.org/2000/01/rdf-schema#label>	"death"	
<http://purl.obolibrary.org/obo/XAO_0000179>	<http://www.w3.org/2000/01/rdf-schema#label>	"eye"	
<http://purl.obolibrary.org/obo/XAO_0000330>	<http://www.w3.org/2000/01/rdf-schema#label>	"Mullerian duct"	
<http://purl.obolibrary.org/obo/XAO_0003168>	<http://www.w3.org/2000/01/rdf-schema#label>	"obsolete hind mesopodium"	
<http://purl.obolibrary.org/obo/XAO_0005147>	<http://www.w3.org/2000/01/rdf-schema#label>	"parotic crest"	
<http://purl.obolibrary.org/obo/XAO_0003081>	<http://www.w3.org/2000/01/rdf-schema#label>	"larynx"	
<http://purl.obolibrary.org/obo/XAO_0004265>	<http://www.w3.org/2000/01/rdf-schema#label>	"autopod"	
<http://purl.obolibrary.org/obo/XAO_0004496>	<http://www.w3.org/2000/01/rdf-schema#label>	"ilium"	
<http://purl.obolibrary.org/obo/XAO_0001020>	<http://www.w3.org/2000/01/rdf-schema#label>	"elastica externa"	
<http://purl.obolibrary.org/obo/XAO_0005306>	<http://www.w3.org/2000/01/rdf-schema#label>	"anterior endomesoderm"	
<http://purl.obolibrary.org/obo/XAO_1000008>	<http://www.w3.org/2000/01/rdf-schema#label>	"tadpole stage"	
<http://purl.obolibrary.org/obo/XAO_0006003>	<http://www.w3.org/2000/01/rdf-schema#label>	"cell body"	
<http://purl.obolibrary.org/obo/XAO_0003020>	<http://www.w3.org/2000/01/rdf-schema#label>	"secondary spermatogonium"	
<http://purl.obolibrary.org/obo/XAO_0003251>	<http://www.w3.org/2000/01/rdf-schema#label>	"hatching gland cell"	
<http://purl.obolibrary.org/obo/XAO_0000139>	<http://www.w3.org/2000/01/rdf-schema#label>	"peritoneum"	
<http://purl.obolibrary.org/obo/XAO_0003039>	<http://www.w3.org/2000/01/rdf-schema#label>	"compound organ component"	
<http://purl.obolibrary.org/obo/XAO_0005227>	<http://www.w3.org/2000/01/rdf-schema#label>	"flexural organ"	
<http://purl.obolibrary.org/obo/XAO_0004433>	<http://www.w3.org/2000/01/rdf-schema#label>	"m. interhyoideus primordium"	
<http://purl.obolibrary.org/obo/XAO_0000301>	<http://www.w3.org/2000/01/rdf-schema#label>	"deep"	
<http://purl.obolibrary.org/obo/XAO_0003139>	<http://www.w3.org/2000/01/rdf-schema#label>	"sclerotome of tail somite 16"	
<http://purl.obolibrary.org/obo/XAO_0005118>	<http://www.w3.org/2000/01/rdf-schema#label>	"ooplasm"	
<http://purl.obolibrary.org/obo/XAO_0000274>	<http://www.w3.org/2000/01/rdf-schema#label>	"sperm entry point"	
<http://purl.obolibrary.org/obo/XAO_0005011>	<http://www.w3.org/2000/01/rdf-schema#label>	"centriole"	
<http://purl.obolibrary.org/obo/XAO_0000423>	<http://www.w3.org/2000/01/rdf-schema#label>	"tail somite 15"	
<http://purl.obolibrary.org/obo/XAO_0003148>	<http://www.w3.org/2000/01/rdf-schema#label>	"obsolete germ line cell"	
<http://purl.obolibrary.org/obo/XAO_0004467>	<http://www.w3.org/2000/01/rdf-schema#label>	"zygote cortex"	
<http://purl.obolibrary.org/obo/XAO_0004185>	<http://www.w3.org/2000/01/rdf-schema#label>	"primary heart field"	
<http://purl.obolibrary.org/obo/XAO_1000044>	<http://www.w3.org/2000/01/rdf-schema#label>	"NF stage 28"	
<http://purl.obolibrary.org/obo/XAO_0000344>	<http://www.w3.org/2000/01/rdf-schema#label>	"aortic arch 3"	
<http://purl.obolibrary.org/obo/XAO_0003075>	<http://www.w3.org/2000/01/rdf-schema#label>	"cranium"	
<http://purl.obolibrary.org/obo/XAO_0004576>	<http://www.w3.org/2000/01/rdf-schema#label>	"nucleus of the diagonal band"	
<http://purl.obolibrary.org/obo/XAO_0003222>	<http://www.w3.org/2000/01/rdf-schema#label>	"inner limiting membrane"	
<http://purl.obolibrary.org/obo/XAO_0004257>	<http://www.w3.org/2000/01/rdf-schema#label>	"Jacobson's vein"	
<http://purl.obolibrary.org/obo/XAO_0004283>	<http://www.w3.org/2000/01/rdf-schema#label>	"paired appendage"	
<http://purl.obolibrary.org/obo/XAO_1000063>	<http://www.w3.org/2000/01/rdf-schema#label>	"NF stage 51"	
<http://purl.obolibrary.org/obo/XAO_0004404>	<http://www.w3.org/2000/01/rdf-schema#label>	"keratinocyte"	
<http://purl.obolibrary.org/obo/XAO_0001012>	<http://www.w3.org/2000/01/rdf-schema#label>	"Stirnorgan"	
<http://purl.obolibrary.org/obo/XAO_0004023>	<http://www.w3.org/2000/01/rdf-schema#label>	"craniofacial skeleton"	
<http://purl.obolibrary.org/obo/XAO_0003184>	<http://www.w3.org/2000/01/rdf-schema#label>	"branchial arch skeleton 4"	
<http://purl.obolibrary.org/obo/XAO_0004292>	<http://www.w3.org/2000/01/rdf-schema#label>	"wedge region"	
<http://purl.obolibrary.org/obo/XAO_0004526>	<http://www.w3.org/2000/01/rdf-schema#label>	"principal cavity"	
<http://purl.obolibrary.org/obo/XAO_0005213>	<http://www.w3.org/2000/01/rdf-schema#label>	"apical region"	
<http://purl.obolibrary.org/obo/XAO_0003119>	<http://www.w3.org/2000/01/rdf-schema#label>	"myotome of trunk somite 7"	
<http://purl.obolibrary.org/obo/XAO_0003012>	<http://www.w3.org/2000/01/rdf-schema#label>	"cell"	
<http://purl.obolibrary.org/obo/XAO_0004392>	<http://www.w3.org/2000/01/rdf-schema#label>	"goblet cell"	
<http://purl.obolibrary.org/obo/XAO_0004156>	<http://www.w3.org/2000/01/rdf-schema#label>	"hyaloid vein"	
<http://purl.obolibrary.org/obo/XAO_0006030>	<http://www.w3.org/2000/01/rdf-schema#label>	"megakaryocyte"	
<http://purl.obolibrary.org/obo/XAO_0005322>	<http://www.w3.org/2000/01/rdf-schema#label>	"tadpole"	
<http://purl.obolibrary.org/obo/XAO_0003046>	<http://www.w3.org/2000/01/rdf-schema#label>	"mesenchyme"	
<http://purl.obolibrary.org/obo/XAO_0004106>	<http://www.w3.org/2000/01/rdf-schema#label>	"regenerating forelimb"	
<http://purl.obolibrary.org/obo/XAO_0004440>	<http://www.w3.org/2000/01/rdf-schema#label>	"mm. levator arcuum branchialium IV primordium"	
<http://purl.obolibrary.org/obo/XAO_0000028>	<http://www.w3.org/2000/01/rdf-schema#label>	"epidermis"	
<http://purl.obolibrary.org/obo/XAO_0005079>	<http://www.w3.org/2000/01/rdf-schema#label>	"ventrolateral edge of myotome"	
<http://purl.obolibrary.org/obo/XAO_0004228>	<http://www.w3.org/2000/01/rdf-schema#label>	"lateral abdominal vein"	
<http://purl.obolibrary.org/obo/XAO_0006038>	<http://www.w3.org/2000/01/rdf-schema#label>	"non-myelinating Schwann cell"	
<http://purl.obolibrary.org/obo/XAO_0004459>	<http://www.w3.org/2000/01/rdf-schema#label>	"subocular cartilage"	
<http://purl.obolibrary.org/obo/XAO_0004562>	<http://www.w3.org/2000/01/rdf-schema#label>	"lateral hypothalamic nucleus"	
<http://purl.obolibrary.org/obo/XAO_0004090>	<http://www.w3.org/2000/01/rdf-schema#label>	"optic field"	
<http://purl.obolibrary.org/obo/XAO_0003155>	<http://www.w3.org/2000/01/rdf-schema#label>	"lymphocyte"	
<http://purl.obolibrary.org/obo/XAO_0004094>	<http://www.w3.org/2000/01/rdf-schema#label>	"lens epithelium"	
<http://purl.obolibrary.org/obo/XAO_0000102>	<http://www.w3.org/2000/01/rdf-schema#label>	"visceral pouch 1"	
<http://purl.obolibrary.org/obo/XAO_0003214>	<http://www.w3.org/2000/01/rdf-schema#label>	"femur"	
<http://purl.obolibrary.org/obo/XAO_0004483>	<http://www.w3.org/2000/01/rdf-schema#label>	"retinal stem cell"	
<http://purl.obolibrary.org/obo/XAO_0005042>	<http://www.w3.org/2000/01/rdf-schema#label>	"posterior semicircular canal"	
<http://purl.obolibrary.org/obo/XAO_0003105>	<http://www.w3.org/2000/01/rdf-schema#label>	"myotome of head somite 2"	
<http://purl.obolibrary.org/obo/XAO_0004507>	<http://www.w3.org/2000/01/rdf-schema#label>	"osteoblast"	
<http://purl.obolibrary.org/obo/XAO_0003094>	<http://www.w3.org/2000/01/rdf-schema#label>	"facial nerve"	
<http://purl.obolibrary.org/obo/XAO_1000079>	<http://www.w3.org/2000/01/rdf-schema#label>	"metamorphosing tadpole stage"	
<http://purl.obolibrary.org/obo/XAO_0004142>	<http://www.w3.org/2000/01/rdf-schema#label>	"vestibulocochlear ganglion"	
<http://purl.obolibrary.org/obo/XAO_0004015>	<http://www.w3.org/2000/01/rdf-schema#label>	"dermal bone"	
<http://purl.obolibrary.org/obo/XAO_0000375>	<http://www.w3.org/2000/01/rdf-schema#label>	"lymph vessel"	
<http://purl.obolibrary.org/obo/XAO_0004050>	<http://www.w3.org/2000/01/rdf-schema#label>	"perichordal tissue"	
<http://purl.obolibrary.org/obo/XAO_0004533>	<http://www.w3.org/2000/01/rdf-schema#label>	"anterior commissure"	
<http://purl.obolibrary.org/obo/XAO_0004439>	<http://www.w3.org/2000/01/rdf-schema#label>	"mm. levator arcuum branchialium III primordium"	
<http://purl.obolibrary.org/obo/XAO_0004058>	<http://www.w3.org/2000/01/rdf-schema#label>	"ampullary nerve"	
<http://purl.obolibrary.org/obo/XAO_0000143>	<http://www.w3.org/2000/01/rdf-schema#label>	"urinary system"	
<http://purl.obolibrary.org/obo/XAO_0006024>	<http://www.w3.org/2000/01/rdf-schema#label>	"dendritic cell"	
<http://purl.obolibrary.org/obo/XAO_0004113>	<http://www.w3.org/2000/01/rdf-schema#label>	"vegetal pole"	
<http://purl.obolibrary.org/obo/XAO_0000040>	<http://www.w3.org/2000/01/rdf-schema#label>	"head region"	
<http://purl.obolibrary.org/obo/XAO_0004622>	<http://www.w3.org/2000/01/rdf-schema#label>	"myotome of tail somite 18"	
<http://purl.obolibrary.org/obo/XAO_0000213>	<http://www.w3.org/2000/01/rdf-schema#label>	"auditory tube"	
<http://purl.obolibrary.org/obo/XAO_0004475>	<http://www.w3.org/2000/01/rdf-schema#label>	"myocyte"	
<http://purl.obolibrary.org/obo/XAO_0000444>	<http://www.w3.org/2000/01/rdf-schema#label>	"thyroid primordium"	
<http://purl.obolibrary.org/obo/XAO_0000186>	<http://www.w3.org/2000/01/rdf-schema#label>	"ciliary body"	
<http://purl.obolibrary.org/obo/XAO_0000059>	<http://www.w3.org/2000/01/rdf-schema#label>	"obsolete pronephros"	
<http://purl.obolibrary.org/obo/XAO_0004029>	<http://www.w3.org/2000/01/rdf-schema#label>	"hyaline cartilage tissue"	
<http://purl.obolibrary.org/obo/XAO_0003235>	<http://www.w3.org/2000/01/rdf-schema#label>	"barrier cell"	
<http://purl.obolibrary.org/obo/XAO_0005276>	<http://www.w3.org/2000/01/rdf-schema#label>	"obsolete left optic vesicle"	
<http://purl.obolibrary.org/obo/XAO_0005423>	<http://www.w3.org/2000/01/rdf-schema#label>	"anterior notochord"	
<http://purl.obolibrary.org/obo/XAO_0000470>	<http://www.w3.org/2000/01/rdf-schema#label>	"unicellular gland"	
<http://purl.obolibrary.org/obo/XAO_0004161>	<http://www.w3.org/2000/01/rdf-schema#label>	"middle cerebral vein"	
<http://purl.obolibrary.org/obo/XAO_0000129>	<http://www.w3.org/2000/01/rdf-schema#label>	"intestine"	
<http://purl.obolibrary.org/obo/XAO_0004031>	<http://www.w3.org/2000/01/rdf-schema#label>	"ligament"	
<http://purl.obolibrary.org/obo/XAO_0005175>	<http://www.w3.org/2000/01/rdf-schema#label>	"right-dorsal blastomere"	
<http://purl.obolibrary.org/obo/XAO_0005066>	<http://www.w3.org/2000/01/rdf-schema#label>	"optic disc"	
<http://purl.obolibrary.org/obo/XAO_0003051>	<http://www.w3.org/2000/01/rdf-schema#label>	"anterior dorsal lateral plate region"	
<http://purl.obolibrary.org/obo/XAO_0004195>	<http://www.w3.org/2000/01/rdf-schema#label>	"cellular bone tissue"	
<http://purl.obolibrary.org/obo/XAO_0004169>	<http://www.w3.org/2000/01/rdf-schema#label>	"ophthalmic vein"	
<http://purl.obolibrary.org/obo/XAO_0000391>	<http://www.w3.org/2000/01/rdf-schema#label>	"subinterstitial vein"	
<http://purl.obolibrary.org/obo/XAO_0000095>	<http://www.w3.org/2000/01/rdf-schema#label>	"lateral line system"	
<http://purl.obolibrary.org/obo/XAO_0005297>	<http://www.w3.org/2000/01/rdf-schema#label>	"foregut epithelium"	
<http://purl.obolibrary.org/obo/XAO_0000268>	<http://www.w3.org/2000/01/rdf-schema#label>	"secondary oogonium"	
<http://purl.obolibrary.org/obo/XAO_0005003>	<http://www.w3.org/2000/01/rdf-schema#label>	"larval intestinal epithelium"	
<http://purl.obolibrary.org/obo/XAO_0004446>	<http://www.w3.org/2000/01/rdf-schema#label>	"m. constrictor laryngis primordium"	
<http://purl.obolibrary.org/obo/XAO_0000415>	<http://www.w3.org/2000/01/rdf-schema#label>	"notochordal sheath"	
<http://purl.obolibrary.org/obo/XAO_0005506>	<http://www.w3.org/2000/01/rdf-schema#label>	"cerebrospinal fluid"	
<http://purl.obolibrary.org/obo/XAO_0000157>	<http://www.w3.org/2000/01/rdf-schema#label>	"testis"	
<http://purl.obolibrary.org/obo/XAO_0000159>	<http://www.w3.org/2000/01/rdf-schema#label>	"islets of Langerhans"	
<http://purl.obolibrary.org/obo/XAO_0005125>	<http://www.w3.org/2000/01/rdf-schema#label>	"ventral foregut"	
<http://purl.obolibrary.org/obo/XAO_0004568>	<http://www.w3.org/2000/01/rdf-schema#label>	"medial amygdala"	
<http://purl.obolibrary.org/obo/XAO_0003059>	<http://www.w3.org/2000/01/rdf-schema#label>	"chondrocranium"	
<http://purl.obolibrary.org/obo/XAO_0003206>	<http://www.w3.org/2000/01/rdf-schema#label>	"podocyte"	
<http://purl.obolibrary.org/obo/XAO_0004243>	<http://www.w3.org/2000/01/rdf-schema#label>	"femoral vein"	
<http://purl.obolibrary.org/obo/XAO_0005282>	<http://www.w3.org/2000/01/rdf-schema#label>	"yolk platelet"	
<http://purl.obolibrary.org/obo/XAO_0003194>	<http://www.w3.org/2000/01/rdf-schema#label>	"sensory system"	
<http://purl.obolibrary.org/obo/XAO_0004002>	<http://www.w3.org/2000/01/rdf-schema#label>	"lateral line"	
<http://purl.obolibrary.org/obo/XAO_0004352>	<http://www.w3.org/2000/01/rdf-schema#label>	"m. rectus anterior"	
<http://purl.obolibrary.org/obo/XAO_0004406>	<http://www.w3.org/2000/01/rdf-schema#label>	"presumptive axial mesoderm"	
<http://purl.obolibrary.org/obo/XAO_0000115>	<http://www.w3.org/2000/01/rdf-schema#label>	"vein"	
<http://purl.obolibrary.org/obo/XAO_0000451>	<http://www.w3.org/2000/01/rdf-schema#label>	"branchial arch 3"	
<http://purl.obolibrary.org/obo/XAO_0000193>	<http://www.w3.org/2000/01/rdf-schema#label>	"osseous labyrinth"	
<http://purl.obolibrary.org/obo/XAO_0000066>	<http://www.w3.org/2000/01/rdf-schema#label>	"endocardium"	
<http://purl.obolibrary.org/obo/XAO_0003242>	<http://www.w3.org/2000/01/rdf-schema#label>	"morula cell"	
<http://purl.obolibrary.org/obo/XAO_0000075>	<http://www.w3.org/2000/01/rdf-schema#label>	"involuting marginal zone mesenchymal layer"	
<http://purl.obolibrary.org/obo/XAO_0005050>	<http://www.w3.org/2000/01/rdf-schema#label>	"parabrachial area"	
<http://purl.obolibrary.org/obo/XAO_0000248>	<http://www.w3.org/2000/01/rdf-schema#label>	"neural groove"	
<http://purl.obolibrary.org/obo/XAO_0000401>	<http://www.w3.org/2000/01/rdf-schema#label>	"sclerotomal cartilage"	
<http://purl.obolibrary.org/obo/XAO_1000083>	<http://www.w3.org/2000/01/rdf-schema#label>	"oocyte stage I"	
<http://purl.obolibrary.org/obo/XAO_0003126>	<http://www.w3.org/2000/01/rdf-schema#label>	"sclerotome of trunk somite 9"	
<http://purl.obolibrary.org/obo/XAO_1000022>	<http://www.w3.org/2000/01/rdf-schema#label>	"NF stage 12"	
<http://purl.obolibrary.org/obo/XAO_0005058>	<http://www.w3.org/2000/01/rdf-schema#label>	"stratum spongiosum"	
<http://purl.obolibrary.org/obo/XAO_0000383>	<http://www.w3.org/2000/01/rdf-schema#label>	"anterior cardinal vein"	
<http://purl.obolibrary.org/obo/XAO_0004176>	<http://www.w3.org/2000/01/rdf-schema#label>	"optic choroid vascular plexus"	
<http://purl.obolibrary.org/obo/XAO_0004554>	<http://www.w3.org/2000/01/rdf-schema#label>	"granule cell layer of the cerebellum"	
<http://purl.obolibrary.org/obo/XAO_0004084>	<http://www.w3.org/2000/01/rdf-schema#label>	"rhombomere R6"	
<http://purl.obolibrary.org/obo/XAO_0004235>	<http://www.w3.org/2000/01/rdf-schema#label>	"manicotto glandulare"	
<http://purl.obolibrary.org/obo/XAO_0005132>	<http://www.w3.org/2000/01/rdf-schema#label>	"astrocyte end-foot"	
<http://purl.obolibrary.org/obo/XAO_0000431>	<http://www.w3.org/2000/01/rdf-schema#label>	"tooth"	
<http://purl.obolibrary.org/obo/XAO_0004126>	<http://www.w3.org/2000/01/rdf-schema#label>	"cardiac valve"	
<http://purl.obolibrary.org/obo/XAO_0000046>	<http://www.w3.org/2000/01/rdf-schema#label>	"chordal neural plate"	
<http://purl.obolibrary.org/obo/XAO_0000219>	<http://www.w3.org/2000/01/rdf-schema#label>	"obsolete superficial (epithelial) layer"	
<http://purl.obolibrary.org/obo/XAO_0003162>	<http://www.w3.org/2000/01/rdf-schema#label>	"acellular anatomical structure"	
<http://purl.obolibrary.org/obo/XAO_0004270>	<http://www.w3.org/2000/01/rdf-schema#label>	"hepato-pancreatic progenitor cell"	
<http://purl.obolibrary.org/obo/XAO_0004370>	<http://www.w3.org/2000/01/rdf-schema#label>	"processus articularis palatoquadrati"	
<http://purl.obolibrary.org/obo/XAO_0004278>	<http://www.w3.org/2000/01/rdf-schema#label>	"coracoid bone"	
<http://purl.obolibrary.org/obo/XAO_0005300>	<http://www.w3.org/2000/01/rdf-schema#label>	"stomach epithelium"	
<http://purl.obolibrary.org/obo/XAO_1000002>	<http://www.w3.org/2000/01/rdf-schema#label>	"early tailbud stage"	
<http://purl.obolibrary.org/obo/XAO_0004378>	<http://www.w3.org/2000/01/rdf-schema#label>	"palatoquadrati"	
<http://purl.obolibrary.org/obo/XAO_0000006>	<http://www.w3.org/2000/01/rdf-schema#label>	"otic vesicle"	
<http://purl.obolibrary.org/obo/XAO_0004387>	<http://www.w3.org/2000/01/rdf-schema#label>	"retinal stem cell region"	
<http://purl.obolibrary.org/obo/XAO_0000082>	<http://www.w3.org/2000/01/rdf-schema#label>	"circumblastoporal collar"	
<http://purl.obolibrary.org/obo/XAO_0004206>	<http://www.w3.org/2000/01/rdf-schema#label>	"anterior placodal area"	
<http://purl.obolibrary.org/obo/XAO_0006016>	<http://www.w3.org/2000/01/rdf-schema#label>	"subcapsular liver"	
<http://purl.obolibrary.org/obo/XAO_0004540>	<http://www.w3.org/2000/01/rdf-schema#label>	"basal ganglion"	
<http://purl.obolibrary.org/obo/XAO_0004328>	<http://www.w3.org/2000/01/rdf-schema#label>	"m. levator mandibulae longus internus"	
<http://purl.obolibrary.org/obo/XAO_0003133>	<http://www.w3.org/2000/01/rdf-schema#label>	"sclerotome of trunk somite 13"	
<http://purl.obolibrary.org/obo/XAO_0004070>	<http://www.w3.org/2000/01/rdf-schema#label>	"hypothalamus"	
<http://purl.obolibrary.org/obo/XAO_0004215>	<http://www.w3.org/2000/01/rdf-schema#label>	"hypoglossal nerve"	
<http://purl.obolibrary.org/obo/XAO_0005188>	<http://www.w3.org/2000/01/rdf-schema#label>	"pars distalis"	
<http://purl.obolibrary.org/obo/XAO_0000314>	<http://www.w3.org/2000/01/rdf-schema#label>	"trunk somite"	
<http://purl.obolibrary.org/obo/XAO_0005081>	<http://www.w3.org/2000/01/rdf-schema#label>	"egg jelly"	
<http://purl.obolibrary.org/obo/XAO_0000032>	<http://www.w3.org/2000/01/rdf-schema#label>	"stomodeal-hypophyseal primordium"	
<http://purl.obolibrary.org/obo/XAO_0000279>	<http://www.w3.org/2000/01/rdf-schema#label>	"vegetal blastomere"	
<http://purl.obolibrary.org/obo/XAO_0000205>	<http://www.w3.org/2000/01/rdf-schema#label>	"axial mesoderm"	
<http://purl.obolibrary.org/obo/XAO_0005016>	<http://www.w3.org/2000/01/rdf-schema#label>	"dendrite"	
<http://purl.obolibrary.org/obo/XAO_0004461>	<http://www.w3.org/2000/01/rdf-schema#label>	"circumpharyngeal ridge"	
<http://purl.obolibrary.org/obo/XAO_0004078>	<http://www.w3.org/2000/01/rdf-schema#label>	"intersomitic neuron"	
<http://purl.obolibrary.org/obo/XAO_0004249>	<http://www.w3.org/2000/01/rdf-schema#label>	"renal artery"	
<http://purl.obolibrary.org/obo/XAO_0003072>	<http://www.w3.org/2000/01/rdf-schema#label>	"obsolete hind epipodium"	
<http://purl.obolibrary.org/obo/XAO_1000057>	<http://www.w3.org/2000/01/rdf-schema#label>	"NF stage 45"	
<http://purl.obolibrary.org/obo/XAO_0005151>	<http://www.w3.org/2000/01/rdf-schema#label>	"m. petrohyoideus"	
<http://purl.obolibrary.org/obo/XAO_0004570>	<http://www.w3.org/2000/01/rdf-schema#label>	"medial pallium"	
<http://purl.obolibrary.org/obo/XAO_0004358>	<http://www.w3.org/2000/01/rdf-schema#label>	"basihyal"	
<http://purl.obolibrary.org/obo/XAO_0004589>	<http://www.w3.org/2000/01/rdf-schema#label>	"subthalamic nucleus"	
<http://purl.obolibrary.org/obo/XAO_0004251>	<http://www.w3.org/2000/01/rdf-schema#label>	"cutaneous magnus"	
<http://purl.obolibrary.org/obo/XAO_0004511>	<http://www.w3.org/2000/01/rdf-schema#label>	"hindgut primordium"	
<http://purl.obolibrary.org/obo/XAO_0004041>	<http://www.w3.org/2000/01/rdf-schema#label>	"mineralized hyaline cartilage tissue"	
<http://purl.obolibrary.org/obo/XAO_0005159>	<http://www.w3.org/2000/01/rdf-schema#label>	"cardia"	
<http://purl.obolibrary.org/obo/XAO_0004417>	<http://www.w3.org/2000/01/rdf-schema#label>	"claw of hindlimb digit 1"	
<http://purl.obolibrary.org/obo/XAO_0003248>	<http://www.w3.org/2000/01/rdf-schema#label>	"endodermal cell"	
<http://purl.obolibrary.org/obo/XAO_0004308>	<http://www.w3.org/2000/01/rdf-schema#label>	"glial cell"	
<http://purl.obolibrary.org/obo/XAO_0004285>	<http://www.w3.org/2000/01/rdf-schema#label>	"pelvic appendage"	
<http://purl.obolibrary.org/obo/XAO_0000407>	<http://www.w3.org/2000/01/rdf-schema#label>	"trunk somite 2"	
<http://purl.obolibrary.org/obo/XAO_0005218>	<http://www.w3.org/2000/01/rdf-schema#label>	"dorsal region"	
<http://purl.obolibrary.org/obo/XAO_0005109>	<http://www.w3.org/2000/01/rdf-schema#label>	"blastomere V2.1.2"	
<http://purl.obolibrary.org/obo/XAO_0004301>	<http://www.w3.org/2000/01/rdf-schema#label>	"eminentia thalami"	
<http://purl.obolibrary.org/obo/XAO_1000028>	<http://www.w3.org/2000/01/rdf-schema#label>	"NF stage 2-"	
<http://purl.obolibrary.org/obo/XAO_0004394>	<http://www.w3.org/2000/01/rdf-schema#label>	"hatching gland primordium"	
<http://purl.obolibrary.org/obo/XAO_0003263>	<http://www.w3.org/2000/01/rdf-schema#label>	"paracrine cell"	
<http://purl.obolibrary.org/obo/XAO_0005095>	<http://www.w3.org/2000/01/rdf-schema#label>	"blastomere V2.2"	
<http://purl.obolibrary.org/obo/XAO_0005097>	<http://www.w3.org/2000/01/rdf-schema#label>	"blastomere D1.1.2"	
<http://purl.obolibrary.org/obo/XAO_0003208>	<http://www.w3.org/2000/01/rdf-schema#label>	"metacarpus"	
<http://purl.obolibrary.org/obo/XAO_0004222>	<http://www.w3.org/2000/01/rdf-schema#label>	"middle lateral line placode"	
<http://purl.obolibrary.org/obo/XAO_0003154>	<http://www.w3.org/2000/01/rdf-schema#label>	"adult immune system"	
<http://purl.obolibrary.org/obo/XAO_0004453>	<http://www.w3.org/2000/01/rdf-schema#label>	"m. obliquus inferior primordium"	
<http://purl.obolibrary.org/obo/XAO_0004602>	<http://www.w3.org/2000/01/rdf-schema#label>	"brain ventricle"	
<http://purl.obolibrary.org/obo/XAO_0004344>	<http://www.w3.org/2000/01/rdf-schema#label>	"mm. constrictores branchiales II"	
<http://purl.obolibrary.org/obo/XAO_0000286>	<http://www.w3.org/2000/01/rdf-schema#label>	"late proximal tubule"	
<http://purl.obolibrary.org/obo/XAO_0005023>	<http://www.w3.org/2000/01/rdf-schema#label>	"granular gland"	
<http://purl.obolibrary.org/obo/XAO_0005254>	<http://www.w3.org/2000/01/rdf-schema#label>	"apical junction complex"	
<http://purl.obolibrary.org/obo/XAO_0000177>	<http://www.w3.org/2000/01/rdf-schema#label>	"nervous system"	
<http://purl.obolibrary.org/obo/XAO_0000295>	<http://www.w3.org/2000/01/rdf-schema#label>	"central endoderm"	
<http://purl.obolibrary.org/obo/XAO_0005145>	<http://www.w3.org/2000/01/rdf-schema#label>	"fundus"	
<http://purl.obolibrary.org/obo/XAO_0004596>	<http://www.w3.org/2000/01/rdf-schema#label>	"ventromedial thalamic nucleus"	
<http://purl.obolibrary.org/obo/XAO_0003087>	<http://www.w3.org/2000/01/rdf-schema#label>	"upper jaw"	
<http://purl.obolibrary.org/obo/XAO_0005044>	<http://www.w3.org/2000/01/rdf-schema#label>	"Schwann cell"	
<http://purl.obolibrary.org/obo/XAO_0003096>	<http://www.w3.org/2000/01/rdf-schema#label>	"glossopharyngeal nerve"	
<http://purl.obolibrary.org/obo/XAO_0004424>	<http://www.w3.org/2000/01/rdf-schema#label>	"central retina"	
<http://purl.obolibrary.org/obo/XAO_0000133>	<http://www.w3.org/2000/01/rdf-schema#label>	"liver"	
<http://purl.obolibrary.org/obo/XAO_0000306>	<http://www.w3.org/2000/01/rdf-schema#label>	"floor plate"	
<http://purl.obolibrary.org/obo/XAO_0000137>	<http://www.w3.org/2000/01/rdf-schema#label>	"exocrine pancreas"	
<http://purl.obolibrary.org/obo/XAO_0004315>	<http://www.w3.org/2000/01/rdf-schema#label>	"perichondrial cell"	
<http://purl.obolibrary.org/obo/XAO_0004546>	<http://www.w3.org/2000/01/rdf-schema#label>	"dorsal habenular nucleus"	
<http://purl.obolibrary.org/obo/XAO_0003037>	<http://www.w3.org/2000/01/rdf-schema#label>	"multi-tissue structure"	
<http://purl.obolibrary.org/obo/XAO_0005225>	<http://www.w3.org/2000/01/rdf-schema#label>	"otic capsule"	
<http://purl.obolibrary.org/obo/XAO_0000266>	<http://www.w3.org/2000/01/rdf-schema#label>	"retinal layer"	
<http://purl.obolibrary.org/obo/XAO_0005116>	<http://www.w3.org/2000/01/rdf-schema#label>	"melanotrope"	
<http://purl.obolibrary.org/obo/XAO_0000272>	<http://www.w3.org/2000/01/rdf-schema#label>	"Jacobson's organ"	
<http://purl.obolibrary.org/obo/XAO_0005234>	<http://www.w3.org/2000/01/rdf-schema#label>	"small secretory cell"	
<http://purl.obolibrary.org/obo/XAO_0005260>	<http://www.w3.org/2000/01/rdf-schema#label>	"ventral trunk"	
<http://purl.obolibrary.org/obo/XAO_0003146>	<http://www.w3.org/2000/01/rdf-schema#label>	"gonad"	
<http://purl.obolibrary.org/obo/XAO_0003172>	<http://www.w3.org/2000/01/rdf-schema#label>	"olfactory region"	
<http://purl.obolibrary.org/obo/XAO_0006042>	<http://www.w3.org/2000/01/rdf-schema#label>	"bone marrow cell"	
<http://purl.obolibrary.org/obo/XAO_0004616>	<http://www.w3.org/2000/01/rdf-schema#label>	"ventrolateral neural tube"	
<http://purl.obolibrary.org/obo/XAO_0003181>	<http://www.w3.org/2000/01/rdf-schema#label>	"branchial arch skeleton 1"	
<http://purl.obolibrary.org/obo/XAO_0005268>	<http://www.w3.org/2000/01/rdf-schema#label>	"adult thrombocyte"	
<http://purl.obolibrary.org/obo/XAO_0004118>	<http://www.w3.org/2000/01/rdf-schema#label>	"stage V oocyte"	
<http://purl.obolibrary.org/obo/XAO_0000342>	<http://www.w3.org/2000/01/rdf-schema#label>	"aortic arch 1"	
<http://purl.obolibrary.org/obo/XAO_0003067>	<http://www.w3.org/2000/01/rdf-schema#label>	"obsolete fore epipodium"	
<http://purl.obolibrary.org/obo/XAO_0001017>	<http://www.w3.org/2000/01/rdf-schema#label>	"connective tissue"	
<http://purl.obolibrary.org/obo/XAO_0003220>	<http://www.w3.org/2000/01/rdf-schema#label>	"optic fiber layer"	
<http://purl.obolibrary.org/obo/XAO_0000053>	<http://www.w3.org/2000/01/rdf-schema#label>	"head mesoderm"	
<http://purl.obolibrary.org/obo/XAO_0003189>	<http://www.w3.org/2000/01/rdf-schema#label>	"distal"	
<http://purl.obolibrary.org/obo/XAO_0000226>	<http://www.w3.org/2000/01/rdf-schema#label>	"equatorial belt"	
<http://purl.obolibrary.org/obo/XAO_0003008>	<http://www.w3.org/2000/01/rdf-schema#label>	"activin-induced ectoderm"	
<http://purl.obolibrary.org/obo/XAO_0004410>	<http://www.w3.org/2000/01/rdf-schema#label>	"interdigital mesenchyme"	
<http://purl.obolibrary.org/obo/XAO_1000061>	<http://www.w3.org/2000/01/rdf-schema#label>	"NF stage 49"	
<http://purl.obolibrary.org/obo/XAO_0003017>	<http://www.w3.org/2000/01/rdf-schema#label>	"fibroblast"	
<http://purl.obolibrary.org/obo/XAO_0005318>	<http://www.w3.org/2000/01/rdf-schema#label>	"cortical actin cytoskeleton"	
<http://purl.obolibrary.org/obo/XAO_0005205>	<http://www.w3.org/2000/01/rdf-schema#label>	"anatomical side"	
<http://purl.obolibrary.org/obo/XAO_0004290>	<http://www.w3.org/2000/01/rdf-schema#label>	"cell part"	
<http://purl.obolibrary.org/obo/XAO_0005036>	<http://www.w3.org/2000/01/rdf-schema#label>	"Eberth-Kastschenko layer"	
<http://purl.obolibrary.org/obo/XAO_0000361>	<http://www.w3.org/2000/01/rdf-schema#label>	"arteria iliaca communis"	
<http://purl.obolibrary.org/obo/XAO_0003117>	<http://www.w3.org/2000/01/rdf-schema#label>	"myotome of trunk somite 5"	
<http://purl.obolibrary.org/obo/XAO_0005327>	<http://www.w3.org/2000/01/rdf-schema#label>	"chordal neural crest"	
<http://purl.obolibrary.org/obo/XAO_0000252>	<http://www.w3.org/2000/01/rdf-schema#label>	"neurocoel"	
<http://purl.obolibrary.org/obo/XAO_0003010>	<http://www.w3.org/2000/01/rdf-schema#label>	"aorta"	
<http://purl.obolibrary.org/obo/XAO_0004154>	<http://www.w3.org/2000/01/rdf-schema#label>	"hyaloid blood vessel"	
<http://purl.obolibrary.org/obo/XAO_0004298>	<http://www.w3.org/2000/01/rdf-schema#label>	"hindlimb zeugopod"	
<http://purl.obolibrary.org/obo/XAO_0004445>	<http://www.w3.org/2000/01/rdf-schema#label>	"m. rectus cervicis primordium"	
<http://purl.obolibrary.org/obo/XAO_0004062>	<http://www.w3.org/2000/01/rdf-schema#label>	"tail fin"	
<http://purl.obolibrary.org/obo/XAO_0003269>	<http://www.w3.org/2000/01/rdf-schema#label>	"jaw muscle"	
<http://purl.obolibrary.org/obo/XAO_0004104>	<http://www.w3.org/2000/01/rdf-schema#label>	"neural plate border"	
<http://purl.obolibrary.org/obo/XAO_0000024>	<http://www.w3.org/2000/01/rdf-schema#label>	"mandibular crest"	
<http://purl.obolibrary.org/obo/XAO_0000026>	<http://www.w3.org/2000/01/rdf-schema#label>	"branchial crest"	
<http://purl.obolibrary.org/obo/XAO_0003053>	<http://www.w3.org/2000/01/rdf-schema#label>	"Keller explant"	
<http://purl.obolibrary.org/obo/XAO_0004608>	<http://www.w3.org/2000/01/rdf-schema#label>	"third ventricle"	
<http://purl.obolibrary.org/obo/XAO_0004197>	<http://www.w3.org/2000/01/rdf-schema#label>	"elastic cartilage tissue"	
<http://purl.obolibrary.org/obo/XAO_0005241>	<http://www.w3.org/2000/01/rdf-schema#label>	"superficial layer of neurectoderm"	
<http://purl.obolibrary.org/obo/XAO_0003219>	<http://www.w3.org/2000/01/rdf-schema#label>	"retinal outer nuclear layer"	
<http://purl.obolibrary.org/obo/XAO_0004261>	<http://www.w3.org/2000/01/rdf-schema#label>	"pharyngeal region"	
<http://purl.obolibrary.org/obo/XAO_0004492>	<http://www.w3.org/2000/01/rdf-schema#label>	"cleavage furrow"	
<http://purl.obolibrary.org/obo/XAO_1000041>	<http://www.w3.org/2000/01/rdf-schema#label>	"NF stage 25"	
<http://purl.obolibrary.org/obo/XAO_0004001>	<http://www.w3.org/2000/01/rdf-schema#label>	"portion of organism substance"	
<http://purl.obolibrary.org/obo/XAO_0000100>	<http://www.w3.org/2000/01/rdf-schema#label>	"cardiovascular system"	
<http://purl.obolibrary.org/obo/XAO_0003212>	<http://www.w3.org/2000/01/rdf-schema#label>	"metatarsus"	
<http://purl.obolibrary.org/obo/XAO_0004269>	<http://www.w3.org/2000/01/rdf-schema#label>	"anterodorsal lateral line placode"	
<http://purl.obolibrary.org/obo/XAO_0003103>	<http://www.w3.org/2000/01/rdf-schema#label>	"claw"	
<http://purl.obolibrary.org/obo/XAO_1000075>	<http://www.w3.org/2000/01/rdf-schema#label>	"NF stage 63"	
<http://purl.obolibrary.org/obo/XAO_0004134>	<http://www.w3.org/2000/01/rdf-schema#label>	"presumptive paraxial mesoderm"	
<http://purl.obolibrary.org/obo/XAO_0003196>	<http://www.w3.org/2000/01/rdf-schema#label>	"olfactory system"	
<http://purl.obolibrary.org/obo/XAO_0000233>	<http://www.w3.org/2000/01/rdf-schema#label>	"germ plasm"	
<http://purl.obolibrary.org/obo/XAO_0000377>	<http://www.w3.org/2000/01/rdf-schema#label>	"capillary system of liver"	
<http://purl.obolibrary.org/obo/XAO_0000198>	<http://www.w3.org/2000/01/rdf-schema#label>	"semicircular canal"	
<http://purl.obolibrary.org/obo/XAO_0005166>	<http://www.w3.org/2000/01/rdf-schema#label>	"delta cell"	
<http://purl.obolibrary.org/obo/XAO_0003024>	<http://www.w3.org/2000/01/rdf-schema#label>	"head"	
<http://purl.obolibrary.org/obo/XAO_0003255>	<http://www.w3.org/2000/01/rdf-schema#label>	"mesodermal cell"	
<http://purl.obolibrary.org/obo/XAO_0005057>	<http://www.w3.org/2000/01/rdf-schema#label>	"stria terminalis"	
<http://purl.obolibrary.org/obo/XAO_0000010>	<http://www.w3.org/2000/01/rdf-schema#label>	"brain"	
<http://purl.obolibrary.org/obo/XAO_0004437>	<http://www.w3.org/2000/01/rdf-schema#label>	"mm. levator arcuum branchialium I primordium"	
<http://purl.obolibrary.org/obo/XAO_0004056>	<http://www.w3.org/2000/01/rdf-schema#label>	"distal mesenchyme"	
<http://purl.obolibrary.org/obo/XAO_0004181>	<http://www.w3.org/2000/01/rdf-schema#label>	"cardiac myocyte"	
<http://purl.obolibrary.org/obo/XAO_0004189>	<http://www.w3.org/2000/01/rdf-schema#label>	"endocardial cushion"	
<http://purl.obolibrary.org/obo/XAO_0005273>	<http://www.w3.org/2000/01/rdf-schema#label>	"obsolete right forelimb"	
<http://purl.obolibrary.org/obo/XAO_0004336>	<http://www.w3.org/2000/01/rdf-schema#label>	"m. interhyoideus"	
<http://purl.obolibrary.org/obo/XAO_0004111>	<http://www.w3.org/2000/01/rdf-schema#label>	"retinal cone cell"	
<http://purl.obolibrary.org/obo/XAO_0004120>	<http://www.w3.org/2000/01/rdf-schema#label>	"cardiac jelly"	
<http://purl.obolibrary.org/obo/XAO_0005137>	<http://www.w3.org/2000/01/rdf-schema#label>	"monociliated cell"	
<http://purl.obolibrary.org/obo/XAO_0003226>	<http://www.w3.org/2000/01/rdf-schema#label>	"optic tectum"	
<http://purl.obolibrary.org/obo/XAO_0004086>	<http://www.w3.org/2000/01/rdf-schema#label>	"presumptive midbrain-hindbrain boundary"	
<http://purl.obolibrary.org/obo/XAO_0004620>	<http://www.w3.org/2000/01/rdf-schema#label>	"neurogenic placode"	
<http://purl.obolibrary.org/obo/XAO_0004027>	<http://www.w3.org/2000/01/rdf-schema#label>	"extracellular matrix"	
<http://purl.obolibrary.org/obo/XAO_0000092>	<http://www.w3.org/2000/01/rdf-schema#label>	"archenteron"	
<http://purl.obolibrary.org/obo/XAO_0004036>	<http://www.w3.org/2000/01/rdf-schema#label>	"mineralized avascular GAG-rich matrix"	
<http://purl.obolibrary.org/obo/XAO_0004372>	<http://www.w3.org/2000/01/rdf-schema#label>	"parachordal"	
<http://purl.obolibrary.org/obo/XAO_0005075>	<http://www.w3.org/2000/01/rdf-schema#label>	"Bowman's gland"	
<http://purl.obolibrary.org/obo/XAO_0004309>	<http://www.w3.org/2000/01/rdf-schema#label>	"postmigratory neural crest cell"	
<http://purl.obolibrary.org/obo/XAO_0004200>	<http://www.w3.org/2000/01/rdf-schema#label>	"non-mineralized chondroid tissue"	
<http://purl.obolibrary.org/obo/XAO_0004322>	<http://www.w3.org/2000/01/rdf-schema#label>	"cranial muscle"	
<http://purl.obolibrary.org/obo/XAO_0005001>	<http://www.w3.org/2000/01/rdf-schema#label>	"acellular bone tissue"	
<http://purl.obolibrary.org/obo/XAO_0000155>	<http://www.w3.org/2000/01/rdf-schema#label>	"male genitalia"	
<http://purl.obolibrary.org/obo/XAO_0005504>	<http://www.w3.org/2000/01/rdf-schema#label>	"abdominal wall"	
<http://purl.obolibrary.org/obo/XAO_0005123>	<http://www.w3.org/2000/01/rdf-schema#label>	"vegetal cortex"	
<http://purl.obolibrary.org/obo/XAO_0000037>	<http://www.w3.org/2000/01/rdf-schema#label>	"animal cap inner layer"	
<http://purl.obolibrary.org/obo/XAO_0004007>	<http://www.w3.org/2000/01/rdf-schema#label>	"unilaminar epithelium"	
<http://purl.obolibrary.org/obo/XAO_0005280>	<http://www.w3.org/2000/01/rdf-schema#label>	"ventro-lateral region"	
<http://purl.obolibrary.org/obo/XAO_0004487>	<http://www.w3.org/2000/01/rdf-schema#label>	"epiphysis"	
<http://purl.obolibrary.org/obo/XAO_1000080>	<http://www.w3.org/2000/01/rdf-schema#label>	"late tailbud stage"	
<http://purl.obolibrary.org/obo/XAO_0006057>	<http://www.w3.org/2000/01/rdf-schema#label>	"obsolete erythrocyte"	
<http://purl.obolibrary.org/obo/XAO_0005288>	<http://www.w3.org/2000/01/rdf-schema#label>	"pial cell"	
<http://purl.obolibrary.org/obo/XAO_0005153>	<http://www.w3.org/2000/01/rdf-schema#label>	"tympanic annulus"	
<http://purl.obolibrary.org/obo/XAO_0004282>	<http://www.w3.org/2000/01/rdf-schema#label>	"median fin skeleton"	
<http://purl.obolibrary.org/obo/XAO_1000088>	<http://www.w3.org/2000/01/rdf-schema#label>	"oocyte stage VI"	
<http://purl.obolibrary.org/obo/XAO_0004173>	<http://www.w3.org/2000/01/rdf-schema#label>	"mesencephalic artery"	
<http://purl.obolibrary.org/obo/XAO_0000073>	<http://www.w3.org/2000/01/rdf-schema#label>	"obsolete deep (mesenchymal) layer"	
<http://purl.obolibrary.org/obo/XAO_0000246>	<http://www.w3.org/2000/01/rdf-schema#label>	"myocoelic slit"	
<http://purl.obolibrary.org/obo/XAO_0005190>	<http://www.w3.org/2000/01/rdf-schema#label>	"pars intermedia"	
<http://purl.obolibrary.org/obo/XAO_0000388>	<http://www.w3.org/2000/01/rdf-schema#label>	"posterior vena cava"	
<http://purl.obolibrary.org/obo/XAO_0004043>	<http://www.w3.org/2000/01/rdf-schema#label>	"non-mineralized cartilage tissue"	
<http://purl.obolibrary.org/obo/XAO_0003124>	<http://www.w3.org/2000/01/rdf-schema#label>	"sclerotome of trunk somite 8"	
<http://purl.obolibrary.org/obo/XAO_0006020>	<http://www.w3.org/2000/01/rdf-schema#label>	"early endosome"	
<http://purl.obolibrary.org/obo/XAO_0000381>	<http://www.w3.org/2000/01/rdf-schema#label>	"mesonephric sinus"	
<http://purl.obolibrary.org/obo/XAO_0000320>	<http://www.w3.org/2000/01/rdf-schema#label>	"sensorial layer"	
<http://purl.obolibrary.org/obo/XAO_0003045>	<http://www.w3.org/2000/01/rdf-schema#label>	"epithelium"	
<http://purl.obolibrary.org/obo/XAO_0006028>	<http://www.w3.org/2000/01/rdf-schema#label>	"common monocyte/macrophage precursor"	
<http://purl.obolibrary.org/obo/XAO_0006037>	<http://www.w3.org/2000/01/rdf-schema#label>	"myelinating Schwann cell"	
<http://purl.obolibrary.org/obo/XAO_0000280>	<http://www.w3.org/2000/01/rdf-schema#label>	"vegetal hemisphere"	
<http://purl.obolibrary.org/obo/XAO_0005099>	<http://www.w3.org/2000/01/rdf-schema#label>	"blastomere D1.2.2"	
<http://purl.obolibrary.org/obo/XAO_0000171>	<http://www.w3.org/2000/01/rdf-schema#label>	"joint"	
<http://purl.obolibrary.org/obo/XAO_0000044>	<http://www.w3.org/2000/01/rdf-schema#label>	"neuroectoderm inner layer"	
<http://purl.obolibrary.org/obo/XAO_0000217>	<http://www.w3.org/2000/01/rdf-schema#label>	"dermis"	
<http://purl.obolibrary.org/obo/XAO_0000448>	<http://www.w3.org/2000/01/rdf-schema#label>	"gill primordium"	
<http://purl.obolibrary.org/obo/XAO_0004418>	<http://www.w3.org/2000/01/rdf-schema#label>	"claw of hindlimb digit 2"	
<http://purl.obolibrary.org/obo/XAO_0000230>	<http://www.w3.org/2000/01/rdf-schema#label>	"follicle cell"	
<http://purl.obolibrary.org/obo/XAO_1000069>	<http://www.w3.org/2000/01/rdf-schema#label>	"NF stage 57"	
<http://purl.obolibrary.org/obo/XAO_0003239>	<http://www.w3.org/2000/01/rdf-schema#label>	"circulating cell"	
<http://purl.obolibrary.org/obo/XAO_0004276>	<http://www.w3.org/2000/01/rdf-schema#label>	"bone element"	
<http://purl.obolibrary.org/obo/XAO_0005171>	<http://www.w3.org/2000/01/rdf-schema#label>	"fin margin"	
<http://purl.obolibrary.org/obo/XAO_0000369>	<http://www.w3.org/2000/01/rdf-schema#label>	"anterior palatine artery"	
<http://purl.obolibrary.org/obo/XAO_1000000>	<http://www.w3.org/2000/01/rdf-schema#label>	"Xenopus developmental stage"	
<http://purl.obolibrary.org/obo/XAO_0000087>	<http://www.w3.org/2000/01/rdf-schema#label>	"tail region"	
<http://purl.obolibrary.org/obo/XAO_0005062>	<http://www.w3.org/2000/01/rdf-schema#label>	"proepicardium"	
<http://purl.obolibrary.org/obo/XAO_0005293>	<http://www.w3.org/2000/01/rdf-schema#label>	"maxillary nerve"	
<http://purl.obolibrary.org/obo/XAO_0004527>	<http://www.w3.org/2000/01/rdf-schema#label>	"olfactory sensory neuron"	
<http://purl.obolibrary.org/obo/XAO_1000095>	<http://www.w3.org/2000/01/rdf-schema#label>	"post-embryonic stage"	
<http://purl.obolibrary.org/obo/XAO_1000019>	<http://www.w3.org/2000/01/rdf-schema#label>	"NF stage 9"	
<http://purl.obolibrary.org/obo/XAO_0006008>	<http://www.w3.org/2000/01/rdf-schema#label>	"green rod cell"	
<http://purl.obolibrary.org/obo/XAO_0000300>	<http://www.w3.org/2000/01/rdf-schema#label>	"superficial"	
<http://purl.obolibrary.org/obo/XAO_0000004>	<http://www.w3.org/2000/01/rdf-schema#label>	"inner fin"	
<http://purl.obolibrary.org/obo/XAO_0003138>	<http://www.w3.org/2000/01/rdf-schema#label>	"myotome of tail somite 15"	
<http://purl.obolibrary.org/obo/XAO_0005179>	<http://www.w3.org/2000/01/rdf-schema#label>	"multiciliated epidermal cell"	
<http://purl.obolibrary.org/obo/XAO_0004385>	<http://www.w3.org/2000/01/rdf-schema#label>	"branchial basket"	
<http://purl.obolibrary.org/obo/XAO_0003031>	<http://www.w3.org/2000/01/rdf-schema#label>	"hindlimb"	
<http://purl.obolibrary.org/obo/XAO_0000319>	<http://www.w3.org/2000/01/rdf-schema#label>	"trunk neural crest"	
<http://purl.obolibrary.org/obo/XAO_0006014>	<http://www.w3.org/2000/01/rdf-schema#label>	"nuptial pad"	
<http://purl.obolibrary.org/obo/XAO_0000395>	<http://www.w3.org/2000/01/rdf-schema#label>	"medial abdominal vein"	
<http://purl.obolibrary.org/obo/XAO_0005110>	<http://www.w3.org/2000/01/rdf-schema#label>	"blastomere V2.2.1"	
<http://purl.obolibrary.org/obo/XAO_0005007>	<http://www.w3.org/2000/01/rdf-schema#label>	"Mueller cell"	
<http://purl.obolibrary.org/obo/XAO_0003131>	<http://www.w3.org/2000/01/rdf-schema#label>	"sclerotome of trunk somite 12"	
<http://purl.obolibrary.org/obo/XAO_0004213>	<http://www.w3.org/2000/01/rdf-schema#label>	"vagal epibranchial placode"	
<http://purl.obolibrary.org/obo/XAO_0000419>	<http://www.w3.org/2000/01/rdf-schema#label>	"trunk somite 11"	
<http://purl.obolibrary.org/obo/XAO_0005129>	<http://www.w3.org/2000/01/rdf-schema#label>	"proximal stomach"	
<http://purl.obolibrary.org/obo/XAO_0000030>	<http://www.w3.org/2000/01/rdf-schema#label>	"vitelline membrane"	
<http://purl.obolibrary.org/obo/XAO_0003140>	<http://www.w3.org/2000/01/rdf-schema#label>	"myotome of tail somite 16"	
<http://purl.obolibrary.org/obo/XAO_0000428>	<http://www.w3.org/2000/01/rdf-schema#label>	"trigeminal ganglion"	
<http://purl.obolibrary.org/obo/XAO_0004247>	<http://www.w3.org/2000/01/rdf-schema#label>	"vertebral artery"	
<http://purl.obolibrary.org/obo/XAO_1000049>	<http://www.w3.org/2000/01/rdf-schema#label>	"NF stage 35 and 36"	
<http://purl.obolibrary.org/obo/XAO_0001002>	<http://www.w3.org/2000/01/rdf-schema#label>	"lung primordium"	
<http://purl.obolibrary.org/obo/XAO_1000055>	<http://www.w3.org/2000/01/rdf-schema#label>	"NF stage 43"	
<http://purl.obolibrary.org/obo/XAO_0000163>	<http://www.w3.org/2000/01/rdf-schema#label>	"thymus"	
<http://purl.obolibrary.org/obo/XAO_0003174>	<http://www.w3.org/2000/01/rdf-schema#label>	"sphenoid region"	
<http://purl.obolibrary.org/obo/XAO_0006044>	<http://www.w3.org/2000/01/rdf-schema#label>	"granulocyte"	
<http://purl.obolibrary.org/obo/XAO_0000355>	<http://www.w3.org/2000/01/rdf-schema#label>	"aortic arch 4"	
<http://purl.obolibrary.org/obo/XAO_0000119>	<http://www.w3.org/2000/01/rdf-schema#label>	"lung"	
<http://purl.obolibrary.org/obo/XAO_0004356>	<http://www.w3.org/2000/01/rdf-schema#label>	"m. obliquus inferior"	
<http://purl.obolibrary.org/obo/XAO_0003002>	<http://www.w3.org/2000/01/rdf-schema#label>	"anatomical system"	
<http://purl.obolibrary.org/obo/XAO_0004587>	<http://www.w3.org/2000/01/rdf-schema#label>	"striatum"	
<http://purl.obolibrary.org/obo/XAO_0004391>	<http://www.w3.org/2000/01/rdf-schema#label>	"trochlear motornucleus"	
<http://purl.obolibrary.org/obo/XAO_0005312>	<http://www.w3.org/2000/01/rdf-schema#label>	"M band"	
<http://purl.obolibrary.org/obo/XAO_0004415>	<http://www.w3.org/2000/01/rdf-schema#label>	"hindlimb digit 5"	
<http://purl.obolibrary.org/obo/XAO_0000464>	<http://www.w3.org/2000/01/rdf-schema#label>	"ventral lateral line"	
<http://purl.obolibrary.org/obo/XAO_0000079>	<http://www.w3.org/2000/01/rdf-schema#label>	"prechordal plate"	
<http://purl.obolibrary.org/obo/XAO_0004306>	<http://www.w3.org/2000/01/rdf-schema#label>	"thalamus"	
<http://purl.obolibrary.org/obo/XAO_0003111>	<http://www.w3.org/2000/01/rdf-schema#label>	"myotome of trunk somite 4"	
<http://purl.obolibrary.org/obo/XAO_0000018>	<http://www.w3.org/2000/01/rdf-schema#label>	"genital ridge"	
<http://purl.obolibrary.org/obo/XAO_0004399>	<http://www.w3.org/2000/01/rdf-schema#label>	"wound epidermis outer layer"	
<http://purl.obolibrary.org/obo/XAO_0005020>	<http://www.w3.org/2000/01/rdf-schema#label>	"stromal cell"	
<http://purl.obolibrary.org/obo/XAO_0004227>	<http://www.w3.org/2000/01/rdf-schema#label>	"dorsal tegmentum"	
<http://purl.obolibrary.org/obo/XAO_0000326>	<http://www.w3.org/2000/01/rdf-schema#label>	"left spleen primordium"	
<http://purl.obolibrary.org/obo/XAO_1000035>	<http://www.w3.org/2000/01/rdf-schema#label>	"NF stage 19"	
<http://purl.obolibrary.org/obo/XAO_0004607>	<http://www.w3.org/2000/01/rdf-schema#label>	"lateral ventricle"	
<http://purl.obolibrary.org/obo/XAO_0005093>	<http://www.w3.org/2000/01/rdf-schema#label>	"blastomere V1.2"	
<http://purl.obolibrary.org/obo/XAO_0005028>	<http://www.w3.org/2000/01/rdf-schema#label>	"ventricular layer of the optic tectum"	
<http://purl.obolibrary.org/obo/XAO_0004558>	<http://www.w3.org/2000/01/rdf-schema#label>	"lateral amygdala"	
<http://purl.obolibrary.org/obo/XAO_0004220>	<http://www.w3.org/2000/01/rdf-schema#label>	"anteroventral lateral line placode"	
<http://purl.obolibrary.org/obo/XAO_0005259>	<http://www.w3.org/2000/01/rdf-schema#label>	"obsolete right inner ear"	
<http://purl.obolibrary.org/obo/XAO_0004451>	<http://www.w3.org/2000/01/rdf-schema#label>	"m. rectus inferior primordium"	
<http://purl.obolibrary.org/obo/XAO_0004064>	<http://www.w3.org/2000/01/rdf-schema#label>	"ventral tail fin"	
<http://purl.obolibrary.org/obo/XAO_0004342>	<http://www.w3.org/2000/01/rdf-schema#label>	"mm. levator arcuum branchialium III"	
<http://purl.obolibrary.org/obo/XAO_0003084>	<http://www.w3.org/2000/01/rdf-schema#label>	"lower jaw"	
<http://purl.obolibrary.org/obo/XAO_0000293>	<http://www.w3.org/2000/01/rdf-schema#label>	"obsolete neural fold"	
<http://purl.obolibrary.org/obo/XAO_0004263>	<http://www.w3.org/2000/01/rdf-schema#label>	"stylopod"	
<http://purl.obolibrary.org/obo/XAO_0003193>	<http://www.w3.org/2000/01/rdf-schema#label>	"cardiac ventricle"	
<http://purl.obolibrary.org/obo/XAO_0004494>	<http://www.w3.org/2000/01/rdf-schema#label>	"iliac process"	
<http://purl.obolibrary.org/obo/XAO_0004429>	<http://www.w3.org/2000/01/rdf-schema#label>	"m. levator mandibulae externus primordium"	
<http://purl.obolibrary.org/obo/XAO_1000006>	<http://www.w3.org/2000/01/rdf-schema#label>	"neurula stage"	
<http://purl.obolibrary.org/obo/XAO_0005184>	<http://www.w3.org/2000/01/rdf-schema#label>	"dorsolateral ascending neuron"	
<http://purl.obolibrary.org/obo/XAO_0004422>	<http://www.w3.org/2000/01/rdf-schema#label>	"posterior lateral line ganglion"	
<http://purl.obolibrary.org/obo/XAO_0004538>	<http://www.w3.org/2000/01/rdf-schema#label>	"anteroventral tegmental nucleus"	
<http://purl.obolibrary.org/obo/XAO_0004313>	<http://www.w3.org/2000/01/rdf-schema#label>	"joint region"	
<http://purl.obolibrary.org/obo/XAO_0003029>	<http://www.w3.org/2000/01/rdf-schema#label>	"mouth"	
<http://purl.obolibrary.org/obo/XAO_0004544>	<http://www.w3.org/2000/01/rdf-schema#label>	"central nucleus of the thalamus"	
<http://purl.obolibrary.org/obo/XAO_0004431>	<http://www.w3.org/2000/01/rdf-schema#label>	"m. quadrato-hyoangularis primordium"	
<http://purl.obolibrary.org/obo/XAO_0004219>	<http://www.w3.org/2000/01/rdf-schema#label>	"ceratohyal"	
<http://purl.obolibrary.org/obo/XAO_0000264>	<http://www.w3.org/2000/01/rdf-schema#label>	"pronephric mesenchyme"	
<http://purl.obolibrary.org/obo/XAO_0005232>	<http://www.w3.org/2000/01/rdf-schema#label>	"ionocyte, alpha subtype"	
<http://purl.obolibrary.org/obo/XAO_0004465>	<http://www.w3.org/2000/01/rdf-schema#label>	"endolymphatic duct"	
<http://purl.obolibrary.org/obo/XAO_0004614>	<http://www.w3.org/2000/01/rdf-schema#label>	"ciliary axoneme"	
<http://purl.obolibrary.org/obo/XAO_0005266>	<http://www.w3.org/2000/01/rdf-schema#label>	"thrombocyte"	
<http://purl.obolibrary.org/obo/XAO_0004574>	<http://www.w3.org/2000/01/rdf-schema#label>	"mitral cell layer of the olfactory bulb"	
<http://purl.obolibrary.org/obo/XAO_0003065>	<http://www.w3.org/2000/01/rdf-schema#label>	"forelimb bud"	
<http://purl.obolibrary.org/obo/XAO_1000066>	<http://www.w3.org/2000/01/rdf-schema#label>	"NF stage 54"	
<http://purl.obolibrary.org/obo/XAO_0005275>	<http://www.w3.org/2000/01/rdf-schema#label>	"obsolete right hindlimb"	
<http://purl.obolibrary.org/obo/XAO_0000051>	<http://www.w3.org/2000/01/rdf-schema#label>	"dorsal aorta"	
<http://purl.obolibrary.org/obo/XAO_0003187>	<http://www.w3.org/2000/01/rdf-schema#label>	"medial"	
<http://purl.obolibrary.org/obo/XAO_0000224>	<http://www.w3.org/2000/01/rdf-schema#label>	"vegetal part, early involuting"	
<http://purl.obolibrary.org/obo/XAO_0004402>	<http://www.w3.org/2000/01/rdf-schema#label>	"pseudoblastema"	
<http://purl.obolibrary.org/obo/XAO_0001010>	<http://www.w3.org/2000/01/rdf-schema#label>	"circulatory system"	
<http://purl.obolibrary.org/obo/XAO_0004021>	<http://www.w3.org/2000/01/rdf-schema#label>	"cell condensation"	
<http://purl.obolibrary.org/obo/XAO_0004524>	<http://www.w3.org/2000/01/rdf-schema#label>	"pharyngeal mesenchyme"	
<http://purl.obolibrary.org/obo/XAO_0003015>	<http://www.w3.org/2000/01/rdf-schema#label>	"myoblast"	
<http://purl.obolibrary.org/obo/XAO_0005203>	<http://www.w3.org/2000/01/rdf-schema#label>	"dorsal-ventral axis"	
<http://purl.obolibrary.org/obo/XAO_0005034>	<http://www.w3.org/2000/01/rdf-schema#label>	"neural progenitor cell"	
<http://purl.obolibrary.org/obo/XAO_0000250>	<http://www.w3.org/2000/01/rdf-schema#label>	"posterior neural tube"	
<http://purl.obolibrary.org/obo/XAO_0005325>	<http://www.w3.org/2000/01/rdf-schema#label>	"syndetome"	
<http://purl.obolibrary.org/obo/XAO_0003150>	<http://www.w3.org/2000/01/rdf-schema#label>	"gamete"	
<http://purl.obolibrary.org/obo/XAO_0000389>	<http://www.w3.org/2000/01/rdf-schema#label>	"gastric vein"	
<http://purl.obolibrary.org/obo/XAO_0003267>	<http://www.w3.org/2000/01/rdf-schema#label>	"kidney"	
<http://purl.obolibrary.org/obo/XAO_0005246>	<http://www.w3.org/2000/01/rdf-schema#label>	"migratory trunk neural crest cell"	
<http://purl.obolibrary.org/obo/XAO_0005077>	<http://www.w3.org/2000/01/rdf-schema#label>	"secondary myofiber"	
<http://purl.obolibrary.org/obo/XAO_0000022>	<http://www.w3.org/2000/01/rdf-schema#label>	"roof plate"	
<http://purl.obolibrary.org/obo/XAO_0003158>	<http://www.w3.org/2000/01/rdf-schema#label>	"B-cell"	
<http://purl.obolibrary.org/obo/XAO_0004560>	<http://www.w3.org/2000/01/rdf-schema#label>	"lateral funiculus"	
<http://purl.obolibrary.org/obo/XAO_0000339>	<http://www.w3.org/2000/01/rdf-schema#label>	"left channel of ventral aorta"	
<http://purl.obolibrary.org/obo/XAO_0003217>	<http://www.w3.org/2000/01/rdf-schema#label>	"retinal pigmented epithelium"	
<http://purl.obolibrary.org/obo/XAO_0004077>	<http://www.w3.org/2000/01/rdf-schema#label>	"intersomitic epithelium"	
<http://purl.obolibrary.org/obo/XAO_0000299>	<http://www.w3.org/2000/01/rdf-schema#label>	"ventral"	
<http://purl.obolibrary.org/obo/XAO_0000065>	<http://www.w3.org/2000/01/rdf-schema#label>	"myocardium"	
<http://purl.obolibrary.org/obo/XAO_0005040>	<http://www.w3.org/2000/01/rdf-schema#label>	"anterior semicircular canal"	
<http://purl.obolibrary.org/obo/XAO_0000238>	<http://www.w3.org/2000/01/rdf-schema#label>	"rectum"	
<http://purl.obolibrary.org/obo/XAO_0004505>	<http://www.w3.org/2000/01/rdf-schema#label>	"periosteum (sensu osteogenic layer)"	
<http://purl.obolibrary.org/obo/XAO_0003092>	<http://www.w3.org/2000/01/rdf-schema#label>	"trigeminal nerve"	
<http://purl.obolibrary.org/obo/XAO_1000073>	<http://www.w3.org/2000/01/rdf-schema#label>	"NF stage 61"	
<http://purl.obolibrary.org/obo/XAO_0004132>	<http://www.w3.org/2000/01/rdf-schema#label>	"presumptive ectoderm"	
<http://purl.obolibrary.org/obo/XAO_0004363>	<http://www.w3.org/2000/01/rdf-schema#label>	"commisura quadratocranialis anterior"	
<http://purl.obolibrary.org/obo/XAO_0005048>	<http://www.w3.org/2000/01/rdf-schema#label>	"nucleus of the solitary tract"	
<http://purl.obolibrary.org/obo/XAO_0000373>	<http://www.w3.org/2000/01/rdf-schema#label>	"duct of Cuvier"	
<http://purl.obolibrary.org/obo/XAO_1000082>	<http://www.w3.org/2000/01/rdf-schema#label>	"unfertilized egg stage"	
<http://purl.obolibrary.org/obo/XAO_0004040>	<http://www.w3.org/2000/01/rdf-schema#label>	"mineralized bone tissue"	
<http://purl.obolibrary.org/obo/XAO_0004531>	<http://www.w3.org/2000/01/rdf-schema#label>	"amygdala"	
<http://purl.obolibrary.org/obo/XAO_0003022>	<http://www.w3.org/2000/01/rdf-schema#label>	"Rohon-Beard neuron"	
<http://purl.obolibrary.org/obo/XAO_0003247>	<http://www.w3.org/2000/01/rdf-schema#label>	"endocrine cell"	
<http://purl.obolibrary.org/obo/XAO_0003253>	<http://www.w3.org/2000/01/rdf-schema#label>	"ligament cell"	
<http://purl.obolibrary.org/obo/XAO_0004048>	<http://www.w3.org/2000/01/rdf-schema#label>	"oropharynx"	
<http://purl.obolibrary.org/obo/XAO_0005238>	<http://www.w3.org/2000/01/rdf-schema#label>	"obsolete rostral notochord"	
<http://purl.obolibrary.org/obo/XAO_0004470>	<http://www.w3.org/2000/01/rdf-schema#label>	"trabecula carnea"	
<http://purl.obolibrary.org/obo/XAO_0000038>	<http://www.w3.org/2000/01/rdf-schema#label>	"animal cap outer layer"	
<http://purl.obolibrary.org/obo/XAO_0000141>	<http://www.w3.org/2000/01/rdf-schema#label>	"mesonephric kidney"	
<http://purl.obolibrary.org/obo/XAO_0006022>	<http://www.w3.org/2000/01/rdf-schema#label>	"monocyte"	
<http://purl.obolibrary.org/obo/XAO_0004187>	<http://www.w3.org/2000/01/rdf-schema#label>	"anterior branchial crest"	
<http://purl.obolibrary.org/obo/XAO_0004334>	<http://www.w3.org/2000/01/rdf-schema#label>	"m. quadrato-hyoangularis"	
<http://purl.obolibrary.org/obo/XAO_0004478>	<http://www.w3.org/2000/01/rdf-schema#label>	"forelimb digit 2"	
<http://purl.obolibrary.org/obo/XAO_1000053>	<http://www.w3.org/2000/01/rdf-schema#label>	"NF stage 41"	
<http://purl.obolibrary.org/obo/XAO_0000211>	<http://www.w3.org/2000/01/rdf-schema#label>	"sympathetic chain"	
<http://purl.obolibrary.org/obo/XAO_0000442>	<http://www.w3.org/2000/01/rdf-schema#label>	"supraorbital lateral line"	
<http://purl.obolibrary.org/obo/XAO_0003224>	<http://www.w3.org/2000/01/rdf-schema#label>	"outer limiting membrane"	
<http://purl.obolibrary.org/obo/XAO_0000057>	<http://www.w3.org/2000/01/rdf-schema#label>	"presomitic mesoderm"	
<http://purl.obolibrary.org/obo/XAO_0003233>	<http://www.w3.org/2000/01/rdf-schema#label>	"acinar cell"	
<http://purl.obolibrary.org/obo/XAO_0004150>	<http://www.w3.org/2000/01/rdf-schema#label>	"erythroid lineage cell"	
<http://purl.obolibrary.org/obo/XAO_0005209>	<http://www.w3.org/2000/01/rdf-schema#label>	"ventral side"	
<http://purl.obolibrary.org/obo/XAO_0004034>	<http://www.w3.org/2000/01/rdf-schema#label>	"mineralized extracellular matrix"	
<http://purl.obolibrary.org/obo/XAO_0000127>	<http://www.w3.org/2000/01/rdf-schema#label>	"esophagus"	
<http://purl.obolibrary.org/obo/XAO_0005178>	<http://www.w3.org/2000/01/rdf-schema#label>	"monociliated epidermal cell"	
<http://purl.obolibrary.org/obo/XAO_1000013>	<http://www.w3.org/2000/01/rdf-schema#label>	"NF stage 3 (4-cell)"	
<http://purl.obolibrary.org/obo/XAO_0004449>	<http://www.w3.org/2000/01/rdf-schema#label>	"m. rectus anterior primordium"	
<http://purl.obolibrary.org/obo/XAO_0004167>	<http://www.w3.org/2000/01/rdf-schema#label>	"metencephalic artery"	
<http://purl.obolibrary.org/obo/XAO_0004193>	<http://www.w3.org/2000/01/rdf-schema#label>	"ossicle"	
<http://purl.obolibrary.org/obo/XAO_0004320>	<http://www.w3.org/2000/01/rdf-schema#label>	"mesenchymal stem cell"	
<http://purl.obolibrary.org/obo/XAO_0004108>	<http://www.w3.org/2000/01/rdf-schema#label>	"regenerating tail"	
<http://purl.obolibrary.org/obo/XAO_0000271>	<http://www.w3.org/2000/01/rdf-schema#label>	"somatic layer of lateral plate mesoderm"	
<http://purl.obolibrary.org/obo/XAO_0003204>	<http://www.w3.org/2000/01/rdf-schema#label>	"neural tube"	
<http://purl.obolibrary.org/obo/XAO_0000162>	<http://www.w3.org/2000/01/rdf-schema#label>	"thyroid"	
<http://purl.obolibrary.org/obo/XAO_0004241>	<http://www.w3.org/2000/01/rdf-schema#label>	"ischiadic vein"	
<http://purl.obolibrary.org/obo/XAO_0004005>	<http://www.w3.org/2000/01/rdf-schema#label>	"extraembryonic structure"	
<http://purl.obolibrary.org/obo/XAO_0004409>	<http://www.w3.org/2000/01/rdf-schema#label>	"posterior-proximal mesenchyme"	
<http://purl.obolibrary.org/obo/XAO_0005162>	<http://www.w3.org/2000/01/rdf-schema#label>	"mandibular arch skeleton"	
<http://purl.obolibrary.org/obo/XAO_0004350>	<http://www.w3.org/2000/01/rdf-schema#label>	"m. dilatator laryngis"	
<http://purl.obolibrary.org/obo/XAO_0000113>	<http://www.w3.org/2000/01/rdf-schema#label>	"embryo"	
<http://purl.obolibrary.org/obo/XAO_0004581>	<http://www.w3.org/2000/01/rdf-schema#label>	"posterodorsal tegmental nucleus"	
<http://purl.obolibrary.org/obo/XAO_0004138>	<http://www.w3.org/2000/01/rdf-schema#label>	"sensory epithelial cell"	
<http://purl.obolibrary.org/obo/XAO_0004369>	<http://www.w3.org/2000/01/rdf-schema#label>	"processus anterior hyalis"	
<http://purl.obolibrary.org/obo/XAO_0005053>	<http://www.w3.org/2000/01/rdf-schema#label>	"nucleus reticularis superior"	
<http://purl.obolibrary.org/obo/XAO_0004518>	<http://www.w3.org/2000/01/rdf-schema#label>	"proximal tubule"	
<http://purl.obolibrary.org/obo/XAO_0003240>	<http://www.w3.org/2000/01/rdf-schema#label>	"digestive enzyme secreting cell"	
<http://purl.obolibrary.org/obo/XAO_0004300>	<http://www.w3.org/2000/01/rdf-schema#label>	"foot"	
<http://purl.obolibrary.org/obo/XAO_0000242>	<http://www.w3.org/2000/01/rdf-schema#label>	"mesonephric duct"	
<http://purl.obolibrary.org/obo/XAO_0005210>	<http://www.w3.org/2000/01/rdf-schema#label>	"left side"	
<http://purl.obolibrary.org/obo/XAO_0000386>	<http://www.w3.org/2000/01/rdf-schema#label>	"interrenal vein"	
<http://purl.obolibrary.org/obo/XAO_0005101>	<http://www.w3.org/2000/01/rdf-schema#label>	"blastomere D2.1.2"	
<http://purl.obolibrary.org/obo/XAO_1000020>	<http://www.w3.org/2000/01/rdf-schema#label>	"NF stage 10"	
<http://purl.obolibrary.org/obo/XAO_0004552>	<http://www.w3.org/2000/01/rdf-schema#label>	"glomerular layer of the olfactory bulb"	
<http://purl.obolibrary.org/obo/XAO_0003043>	<http://www.w3.org/2000/01/rdf-schema#label>	"primordium"	
<http://purl.obolibrary.org/obo/XAO_0004082>	<http://www.w3.org/2000/01/rdf-schema#label>	"rhombomere R4"	
<http://purl.obolibrary.org/obo/XAO_0000049>	<http://www.w3.org/2000/01/rdf-schema#label>	"cement gland primordium"	
<http://purl.obolibrary.org/obo/XAO_0004233>	<http://www.w3.org/2000/01/rdf-schema#label>	"truncus arteriosus"	
<http://purl.obolibrary.org/obo/XAO_0000180>	<http://www.w3.org/2000/01/rdf-schema#label>	"cornea"	
<http://purl.obolibrary.org/obo/XAO_0003165>	<http://www.w3.org/2000/01/rdf-schema#label>	"cavitated compound organ"	
<http://purl.obolibrary.org/obo/XAO_0006035>	<http://www.w3.org/2000/01/rdf-schema#label>	"Schwann cell precursor"	
<http://purl.obolibrary.org/obo/XAO_0004124>	<http://www.w3.org/2000/01/rdf-schema#label>	"atrioventricular canal endocardium"	
<http://purl.obolibrary.org/obo/XAO_0004502>	<http://www.w3.org/2000/01/rdf-schema#label>	"mitotic cell"	
<http://purl.obolibrary.org/obo/XAO_0000188>	<http://www.w3.org/2000/01/rdf-schema#label>	"optic nerve"	
<http://purl.obolibrary.org/obo/XAO_0001018>	<http://www.w3.org/2000/01/rdf-schema#label>	"anterior lymph sac"	
<http://purl.obolibrary.org/obo/XAO_0005303>	<http://www.w3.org/2000/01/rdf-schema#label>	"anterior endoderm"	
<http://purl.obolibrary.org/obo/XAO_0004099>	<http://www.w3.org/2000/01/rdf-schema#label>	"amacrine cell"	
<http://purl.obolibrary.org/obo/XAO_0003102>	<http://www.w3.org/2000/01/rdf-schema#label>	"transverse process"	
<http://purl.obolibrary.org/obo/XAO_0000367>	<http://www.w3.org/2000/01/rdf-schema#label>	"cerebral artery"	
<http://purl.obolibrary.org/obo/XAO_0000009>	<http://www.w3.org/2000/01/rdf-schema#label>	"retina"	
<http://purl.obolibrary.org/obo/XAO_0000085>	<http://www.w3.org/2000/01/rdf-schema#label>	"intermediate mesoderm"	
<http://purl.obolibrary.org/obo/XAO_0000258>	<http://www.w3.org/2000/01/rdf-schema#label>	"ovary"	
<http://purl.obolibrary.org/obo/XAO_0005291>	<http://www.w3.org/2000/01/rdf-schema#label>	"buccopharyngeal membrane"	
<http://purl.obolibrary.org/obo/XAO_0004204>	<http://www.w3.org/2000/01/rdf-schema#label>	"sesamoid"	
<http://purl.obolibrary.org/obo/XAO_0003136>	<http://www.w3.org/2000/01/rdf-schema#label>	"myotome of tail somite 14"	
<http://purl.obolibrary.org/obo/XAO_0006006>	<http://www.w3.org/2000/01/rdf-schema#label>	"cytoplasmic bridge"	
<http://purl.obolibrary.org/obo/XAO_0004326>	<http://www.w3.org/2000/01/rdf-schema#label>	"hypobranchial head muscle"	
<http://purl.obolibrary.org/obo/XAO_0000393>	<http://www.w3.org/2000/01/rdf-schema#label>	"tail vein"	
<http://purl.obolibrary.org/obo/XAO_0005186>	<http://www.w3.org/2000/01/rdf-schema#label>	"adenohypophysis"	
<http://purl.obolibrary.org/obo/XAO_0000277>	<http://www.w3.org/2000/01/rdf-schema#label>	"choana"	
<http://purl.obolibrary.org/obo/XAO_0005127>	<http://www.w3.org/2000/01/rdf-schema#label>	"anterior foregut"	
<http://purl.obolibrary.org/obo/XAO_0005014>	<http://www.w3.org/2000/01/rdf-schema#label>	"centrosome"	
<http://purl.obolibrary.org/obo/XAO_0000426>	<http://www.w3.org/2000/01/rdf-schema#label>	"olfactory nerve"	
<http://purl.obolibrary.org/obo/XAO_0000168>	<http://www.w3.org/2000/01/rdf-schema#label>	"musculoskeletal system"	
<http://purl.obolibrary.org/obo/XAO_0006049>	<http://www.w3.org/2000/01/rdf-schema#label>	"microvillous-like cell"	
<http://purl.obolibrary.org/obo/XAO_0003070>	<http://www.w3.org/2000/01/rdf-schema#label>	"obsolete hind metapodium"	
<http://purl.obolibrary.org/obo/XAO_0006053>	<http://www.w3.org/2000/01/rdf-schema#label>	"glomerular cluster"	
<http://purl.obolibrary.org/obo/XAO_0004627>	<http://www.w3.org/2000/01/rdf-schema#label>	"ventral blood island border"	
<http://purl.obolibrary.org/obo/XAO_1000047>	<http://www.w3.org/2000/01/rdf-schema#label>	"NF stage 32"	
<http://purl.obolibrary.org/obo/XAO_0004110>	<http://www.w3.org/2000/01/rdf-schema#label>	"eye photoreceptor cell"	
<http://purl.obolibrary.org/obo/XAO_0004254>	<http://www.w3.org/2000/01/rdf-schema#label>	"subclavian vein"	
<http://purl.obolibrary.org/obo/XAO_0000353>	<http://www.w3.org/2000/01/rdf-schema#label>	"aortic arch 6"	
<http://purl.obolibrary.org/obo/XAO_0003078>	<http://www.w3.org/2000/01/rdf-schema#label>	"sacral vertebra"	
<http://purl.obolibrary.org/obo/XAO_0000469>	<http://www.w3.org/2000/01/rdf-schema#label>	"dorsal tail fin"	
<http://purl.obolibrary.org/obo/XAO_0003000>	<http://www.w3.org/2000/01/rdf-schema#label>	"anatomical structure"	
<http://purl.obolibrary.org/obo/XAO_0005157>	<http://www.w3.org/2000/01/rdf-schema#label>	"antrum"	
<http://purl.obolibrary.org/obo/XAO_0000460>	<http://www.w3.org/2000/01/rdf-schema#label>	"hyomandibular lateral line"	
<http://purl.obolibrary.org/obo/XAO_0000462>	<http://www.w3.org/2000/01/rdf-schema#label>	"dorsal lateral line"	
<http://purl.obolibrary.org/obo/XAO_0005216>	<http://www.w3.org/2000/01/rdf-schema#label>	"anterior region"	
<http://purl.obolibrary.org/obo/XAO_0000016>	<http://www.w3.org/2000/01/rdf-schema#label>	"midbrain-hindbrain boundary"	
<http://purl.obolibrary.org/obo/XAO_0005107>	<http://www.w3.org/2000/01/rdf-schema#label>	"blastomere V1.2.2"	
<http://purl.obolibrary.org/obo/XAO_0003128>	<http://www.w3.org/2000/01/rdf-schema#label>	"myotome of trunk somite 10"	
<http://purl.obolibrary.org/obo/XAO_0004397>	<http://www.w3.org/2000/01/rdf-schema#label>	"wound epidermis"	
<http://purl.obolibrary.org/obo/XAO_0004225>	<http://www.w3.org/2000/01/rdf-schema#label>	"non-ciliated epithelial cell"	
<http://purl.obolibrary.org/obo/XAO_0004456>	<http://www.w3.org/2000/01/rdf-schema#label>	"Brachet's cleft"	
<http://purl.obolibrary.org/obo/XAO_0003261>	<http://www.w3.org/2000/01/rdf-schema#label>	"olfactory epithelial support cell"	
<http://purl.obolibrary.org/obo/XAO_0000149>	<http://www.w3.org/2000/01/rdf-schema#label>	"obsolete renal proximal convoluted tubule"	
<http://purl.obolibrary.org/obo/XAO_1000033>	<http://www.w3.org/2000/01/rdf-schema#label>	"NF stage 12.5"	
<http://purl.obolibrary.org/obo/XAO_0003049>	<http://www.w3.org/2000/01/rdf-schema#label>	"adipose tissue"	
<http://purl.obolibrary.org/obo/XAO_0003152>	<http://www.w3.org/2000/01/rdf-schema#label>	"immune system"	
<http://purl.obolibrary.org/obo/XAO_0000333>	<http://www.w3.org/2000/01/rdf-schema#label>	"mesonephric early distal tubule"	
<http://purl.obolibrary.org/obo/XAO_0004600>	<http://www.w3.org/2000/01/rdf-schema#label>	"prosomere 5"	
<http://purl.obolibrary.org/obo/XAO_0000284>	<http://www.w3.org/2000/01/rdf-schema#label>	"epibranchial placode"	
<http://purl.obolibrary.org/obo/XAO_0004591>	<http://www.w3.org/2000/01/rdf-schema#label>	"ventral habenular nucleus"	
<http://purl.obolibrary.org/obo/XAO_0004565>	<http://www.w3.org/2000/01/rdf-schema#label>	"laterodorsal tegmental nucleus"	
<http://purl.obolibrary.org/obo/XAO_0003211>	<http://www.w3.org/2000/01/rdf-schema#label>	"tarsus"	
<http://purl.obolibrary.org/obo/XAO_0005252>	<http://www.w3.org/2000/01/rdf-schema#label>	"obsolete left olfactory pit"	
<http://purl.obolibrary.org/obo/XAO_0000175>	<http://www.w3.org/2000/01/rdf-schema#label>	"smooth muscle"	
<http://purl.obolibrary.org/obo/XAO_0005143>	<http://www.w3.org/2000/01/rdf-schema#label>	"pars interna of the stapes"	
<http://purl.obolibrary.org/obo/XAO_0004272>	<http://www.w3.org/2000/01/rdf-schema#label>	"migrating neuroblast"	
<http://purl.obolibrary.org/obo/XAO_0004012>	<http://www.w3.org/2000/01/rdf-schema#label>	"skeletal element"	
<http://purl.obolibrary.org/obo/XAO_0000105>	<http://www.w3.org/2000/01/rdf-schema#label>	"pharyngeal cavity"	
<http://purl.obolibrary.org/obo/XAO_0005309>	<http://www.w3.org/2000/01/rdf-schema#label>	"cephalic nerve"	
<http://purl.obolibrary.org/obo/XAO_0004599>	<http://www.w3.org/2000/01/rdf-schema#label>	"prosomere 4"	
<http://purl.obolibrary.org/obo/XAO_0003108>	<http://www.w3.org/2000/01/rdf-schema#label>	"myotome of trunk somite 1"	
<http://purl.obolibrary.org/obo/XAO_0004381>	<http://www.w3.org/2000/01/rdf-schema#label>	"trabecula cranii"	
<http://purl.obolibrary.org/obo/XAO_0004427>	<http://www.w3.org/2000/01/rdf-schema#label>	"m. levator mandibulae longus superior primordium"	
<http://purl.obolibrary.org/obo/XAO_1000004>	<http://www.w3.org/2000/01/rdf-schema#label>	"cleavage stage"	
<http://purl.obolibrary.org/obo/XAO_0004145>	<http://www.w3.org/2000/01/rdf-schema#label>	"vestibular apparatus"	
<http://purl.obolibrary.org/obo/XAO_0005287>	<http://www.w3.org/2000/01/rdf-schema#label>	"jaw muscle primordium"	
<http://purl.obolibrary.org/obo/XAO_0000131>	<http://www.w3.org/2000/01/rdf-schema#label>	"large intestine"	
<http://purl.obolibrary.org/obo/XAO_0005180>	<http://www.w3.org/2000/01/rdf-schema#label>	"multiciliated cell precursor"	
<http://purl.obolibrary.org/obo/XAO_0000304>	<http://www.w3.org/2000/01/rdf-schema#label>	"lateral"	
<http://purl.obolibrary.org/obo/XAO_0000135>	<http://www.w3.org/2000/01/rdf-schema#label>	"gall bladder"	
<http://purl.obolibrary.org/obo/XAO_0005071>	<http://www.w3.org/2000/01/rdf-schema#label>	"skin gland"	
<http://purl.obolibrary.org/obo/XAO_0004389>	<http://www.w3.org/2000/01/rdf-schema#label>	"oculomotor motornucleus"	
<http://purl.obolibrary.org/obo/XAO_0003035>	<http://www.w3.org/2000/01/rdf-schema#label>	"hindlimb digit"	
<http://purl.obolibrary.org/obo/XAO_0004536>	<http://www.w3.org/2000/01/rdf-schema#label>	"anterior thalamic nucleus"	
<http://purl.obolibrary.org/obo/XAO_0004217>	<http://www.w3.org/2000/01/rdf-schema#label>	"motor neuron"	
<http://purl.obolibrary.org/obo/XAO_0003144>	<http://www.w3.org/2000/01/rdf-schema#label>	"amphibian papilla"	
<http://purl.obolibrary.org/obo/XAO_0003170>	<http://www.w3.org/2000/01/rdf-schema#label>	"neurocranium"	
<http://purl.obolibrary.org/obo/XAO_0004463>	<http://www.w3.org/2000/01/rdf-schema#label>	"pharyngeal endoderm"	
<http://purl.obolibrary.org/obo/XAO_0004472>	<http://www.w3.org/2000/01/rdf-schema#label>	"sinus venosus"	
<http://purl.obolibrary.org/obo/XAO_0004116>	<http://www.w3.org/2000/01/rdf-schema#label>	"stage III oocyte"	
<http://purl.obolibrary.org/obo/XAO_0005089>	<http://www.w3.org/2000/01/rdf-schema#label>	"blastomere D1.2"	
<http://purl.obolibrary.org/obo/XAO_0005031>	<http://www.w3.org/2000/01/rdf-schema#label>	"radial glial cell"	
<http://purl.obolibrary.org/obo/XAO_0001015>	<http://www.w3.org/2000/01/rdf-schema#label>	"rectal diverticulum"	
<http://purl.obolibrary.org/obo/XAO_0003006>	<http://www.w3.org/2000/01/rdf-schema#label>	"male organism"	
<http://purl.obolibrary.org/obo/XAO_0005039>	<http://www.w3.org/2000/01/rdf-schema#label>	"cytoplasm"	
<http://purl.obolibrary.org/obo/XAO_0004400>	<http://www.w3.org/2000/01/rdf-schema#label>	"regenerating zeugopod skeleton"	
<http://purl.obolibrary.org/obo/XAO_0000364>	<http://www.w3.org/2000/01/rdf-schema#label>	"caudal artery"	
<http://purl.obolibrary.org/obo/XAO_0004522>	<http://www.w3.org/2000/01/rdf-schema#label>	"premigratory neural crest cell"	
<http://purl.obolibrary.org/obo/XAO_0003115>	<http://www.w3.org/2000/01/rdf-schema#label>	"sclerotome of trunk somite 3"	
<http://purl.obolibrary.org/obo/XAO_0005196>	<http://www.w3.org/2000/01/rdf-schema#label>	"neutrophil"	
<http://purl.obolibrary.org/obo/XAO_0004152>	<http://www.w3.org/2000/01/rdf-schema#label>	"head vasculature"	
<http://purl.obolibrary.org/obo/XAO_0004296>	<http://www.w3.org/2000/01/rdf-schema#label>	"hindlimb stylopod"	
<http://purl.obolibrary.org/obo/XAO_0004443>	<http://www.w3.org/2000/01/rdf-schema#label>	"mm. constrictores branchiales IV primordium"	
<http://purl.obolibrary.org/obo/XAO_1000094>	<http://www.w3.org/2000/01/rdf-schema#label>	"NF stage"	
<http://purl.obolibrary.org/obo/XAO_0004060>	<http://www.w3.org/2000/01/rdf-schema#label>	"blastema"	
<http://purl.obolibrary.org/obo/XAO_1000039>	<http://www.w3.org/2000/01/rdf-schema#label>	"NF stage 23"	
<http://purl.obolibrary.org/obo/XAO_0006013>	<http://www.w3.org/2000/01/rdf-schema#label>	"pterinosome"	
<http://purl.obolibrary.org/obo/XAO_0005069>	<http://www.w3.org/2000/01/rdf-schema#label>	"iliofibularis"	
<http://purl.obolibrary.org/obo/XAO_0004102>	<http://www.w3.org/2000/01/rdf-schema#label>	"pre-chordal neural plate border"	
<http://purl.obolibrary.org/obo/XAO_0005244>	<http://www.w3.org/2000/01/rdf-schema#label>	"adult kidney"	
<http://purl.obolibrary.org/obo/XAO_0004068>	<http://www.w3.org/2000/01/rdf-schema#label>	"sub-blastoporal endoderm"	
<http://purl.obolibrary.org/obo/XAO_0000202>	<http://www.w3.org/2000/01/rdf-schema#label>	"animal hemisphere"	
<http://purl.obolibrary.org/obo/XAO_0004490>	<http://www.w3.org/2000/01/rdf-schema#label>	"forelimb bud tip"	
<http://purl.obolibrary.org/obo/XAO_0004611>	<http://www.w3.org/2000/01/rdf-schema#label>	"right ventricle"	
<http://purl.obolibrary.org/obo/XAO_0000297>	<http://www.w3.org/2000/01/rdf-schema#label>	"animal"	
<http://purl.obolibrary.org/obo/XAO_0004018>	<http://www.w3.org/2000/01/rdf-schema#label>	"endochondral bone"	
<http://purl.obolibrary.org/obo/XAO_0000063>	<http://www.w3.org/2000/01/rdf-schema#label>	"pronephric duct"	
<http://purl.obolibrary.org/obo/XAO_0004498>	<http://www.w3.org/2000/01/rdf-schema#label>	"pubis"	
<http://purl.obolibrary.org/obo/XAO_0000236>	<http://www.w3.org/2000/01/rdf-schema#label>	"duodenum"	
<http://purl.obolibrary.org/obo/XAO_0004503>	<http://www.w3.org/2000/01/rdf-schema#label>	"periosteum"	
<http://purl.obolibrary.org/obo/XAO_0003090>	<http://www.w3.org/2000/01/rdf-schema#label>	"oculomotor nerve"	
<http://purl.obolibrary.org/obo/XAO_0000118>	<http://www.w3.org/2000/01/rdf-schema#label>	"trachea"	
<http://purl.obolibrary.org/obo/XAO_0005046>	<http://www.w3.org/2000/01/rdf-schema#label>	"caudal tuberal region"	
<http://purl.obolibrary.org/obo/XAO_0000196>	<http://www.w3.org/2000/01/rdf-schema#label>	"sacculus"	
<http://purl.obolibrary.org/obo/XAO_0000371>	<http://www.w3.org/2000/01/rdf-schema#label>	"right lymph heart"	
<http://purl.obolibrary.org/obo/XAO_0005164>	<http://www.w3.org/2000/01/rdf-schema#label>	"alpha cell"	
<http://purl.obolibrary.org/obo/XAO_0003098>	<http://www.w3.org/2000/01/rdf-schema#label>	"cerebellum"	
<http://purl.obolibrary.org/obo/XAO_0005055>	<http://www.w3.org/2000/01/rdf-schema#label>	"ventral septum"	
<http://purl.obolibrary.org/obo/XAO_0003245>	<http://www.w3.org/2000/01/rdf-schema#label>	"ectodermal cell"	
<http://purl.obolibrary.org/obo/XAO_0004184>	<http://www.w3.org/2000/01/rdf-schema#label>	"pericardial roof"	
<http://purl.obolibrary.org/obo/XAO_0000380>	<http://www.w3.org/2000/01/rdf-schema#label>	"lateral postcardinal vein"	
<http://purl.obolibrary.org/obo/XAO_0000000>	<http://www.w3.org/2000/01/rdf-schema#label>	"Xenopus anatomical entity"	
<http://purl.obolibrary.org/obo/XAO_0004435>	<http://www.w3.org/2000/01/rdf-schema#label>	"m. transversus anterior primordium"	
<http://purl.obolibrary.org/obo/XAO_0000404>	<http://www.w3.org/2000/01/rdf-schema#label>	"head somite 3"	
<http://purl.obolibrary.org/obo/XAO_0004054>	<http://www.w3.org/2000/01/rdf-schema#label>	"vacuolated notochordal tissue"	
<http://purl.obolibrary.org/obo/XAO_0000146>	<http://www.w3.org/2000/01/rdf-schema#label>	"glomerulus"	
<http://purl.obolibrary.org/obo/XAO_1000025>	<http://www.w3.org/2000/01/rdf-schema#label>	"NF stage 15"	
<http://purl.obolibrary.org/obo/XAO_0005236>	<http://www.w3.org/2000/01/rdf-schema#label>	"intestinal stem cell"	
<http://purl.obolibrary.org/obo/XAO_0002000>	<http://www.w3.org/2000/01/rdf-schema#label>	"pronephric kidney"	
<http://purl.obolibrary.org/obo/XAO_0003061>	<http://www.w3.org/2000/01/rdf-schema#label>	"forelimb skeleton"	
<http://purl.obolibrary.org/obo/XAO_0005271>	<http://www.w3.org/2000/01/rdf-schema#label>	"obsolete right part of branchial arch skeleton"	
<http://purl.obolibrary.org/obo/XAO_0003183>	<http://www.w3.org/2000/01/rdf-schema#label>	"branchial arch skeleton 3"	
<http://purl.obolibrary.org/obo/XAO_0006051>	<http://www.w3.org/2000/01/rdf-schema#label>	"innate immune system"	
<http://purl.obolibrary.org/obo/XAO_0004089>	<http://www.w3.org/2000/01/rdf-schema#label>	"periocular region"	
<http://purl.obolibrary.org/obo/XAO_1000051>	<http://www.w3.org/2000/01/rdf-schema#label>	"NF stage 39"	
<http://purl.obolibrary.org/obo/XAO_0005135>	<http://www.w3.org/2000/01/rdf-schema#label>	"enteroendocrine cell"	
<http://purl.obolibrary.org/obo/XAO_0005279>	<http://www.w3.org/2000/01/rdf-schema#label>	"obsolete right part of brain"	
<http://purl.obolibrary.org/obo/XAO_0000055>	<http://www.w3.org/2000/01/rdf-schema#label>	"notochord"	
<http://purl.obolibrary.org/obo/XAO_0000440>	<http://www.w3.org/2000/01/rdf-schema#label>	"lateral line placode"	
<http://purl.obolibrary.org/obo/XAO_0004129>	<http://www.w3.org/2000/01/rdf-schema#label>	"m. rectus cervicus"	
<http://purl.obolibrary.org/obo/XAO_0000351>	<http://www.w3.org/2000/01/rdf-schema#label>	"obsolete secondary vessel"	
<http://purl.obolibrary.org/obo/XAO_0000182>	<http://www.w3.org/2000/01/rdf-schema#label>	"conjunctiva"	
<http://purl.obolibrary.org/obo/XAO_0000228>	<http://www.w3.org/2000/01/rdf-schema#label>	"optic vesicle"	
<http://purl.obolibrary.org/obo/XAO_0003231>	<http://www.w3.org/2000/01/rdf-schema#label>	"absorptive cell"	
<http://purl.obolibrary.org/obo/XAO_0000090>	<http://www.w3.org/2000/01/rdf-schema#label>	"endoderm"	
<http://purl.obolibrary.org/obo/XAO_0004375>	<http://www.w3.org/2000/01/rdf-schema#label>	"planum trabeculare anticum"	
<http://purl.obolibrary.org/obo/XAO_0003019>	<http://www.w3.org/2000/01/rdf-schema#label>	"spermatocyte"	
<http://purl.obolibrary.org/obo/XAO_0004203>	<http://www.w3.org/2000/01/rdf-schema#label>	"pre-enameloid"	
<http://purl.obolibrary.org/obo/XAO_0000125>	<http://www.w3.org/2000/01/rdf-schema#label>	"alimentary system"	
<http://purl.obolibrary.org/obo/XAO_1000011>	<http://www.w3.org/2000/01/rdf-schema#label>	"NF stage 2 (2-cell)"	
<http://purl.obolibrary.org/obo/XAO_0000098>	<http://www.w3.org/2000/01/rdf-schema#label>	"hyoid arch"	
<http://purl.obolibrary.org/obo/XAO_0005073>	<http://www.w3.org/2000/01/rdf-schema#label>	"mucous gland"	
<http://purl.obolibrary.org/obo/XAO_0003130>	<http://www.w3.org/2000/01/rdf-schema#label>	"myotome of trunk somite 11"	
<http://purl.obolibrary.org/obo/XAO_0006000>	<http://www.w3.org/2000/01/rdf-schema#label>	"basal cell"	
<http://purl.obolibrary.org/obo/XAO_0000311>	<http://www.w3.org/2000/01/rdf-schema#label>	"lateral plate mesoderm"	
<http://purl.obolibrary.org/obo/XAO_0004165>	<http://www.w3.org/2000/01/rdf-schema#label>	"intersomitic artery"	
<http://purl.obolibrary.org/obo/XAO_0004191>	<http://www.w3.org/2000/01/rdf-schema#label>	"vagal neural crest"	
<http://purl.obolibrary.org/obo/XAO_0006019>	<http://www.w3.org/2000/01/rdf-schema#label>	"multivesicular body"	
<http://purl.obolibrary.org/obo/XAO_0004312>	<http://www.w3.org/2000/01/rdf-schema#label>	"regenerating fin"	
<http://purl.obolibrary.org/obo/XAO_0000411>	<http://www.w3.org/2000/01/rdf-schema#label>	"trunk somite 6"	
<http://purl.obolibrary.org/obo/XAO_0000153>	<http://www.w3.org/2000/01/rdf-schema#label>	"urethra"	
<http://purl.obolibrary.org/obo/XAO_0005502>	<http://www.w3.org/2000/01/rdf-schema#label>	"main body axis"	
<http://purl.obolibrary.org/obo/XAO_0005121>	<http://www.w3.org/2000/01/rdf-schema#label>	"prime meridian"	
<http://purl.obolibrary.org/obo/XAO_0000420>	<http://www.w3.org/2000/01/rdf-schema#label>	"trunk somite 12"	
<http://purl.obolibrary.org/obo/XAO_0004199>	<http://www.w3.org/2000/01/rdf-schema#label>	"enameloid"	
<http://purl.obolibrary.org/obo/XAO_0003202>	<http://www.w3.org/2000/01/rdf-schema#label>	"pharyngeal epithelium"	
<http://purl.obolibrary.org/obo/XAO_0000035>	<http://www.w3.org/2000/01/rdf-schema#label>	"zygote"	
<http://purl.obolibrary.org/obo/XAO_0000208>	<http://www.w3.org/2000/01/rdf-schema#label>	"blastopore"	
<http://purl.obolibrary.org/obo/XAO_0000454>	<http://www.w3.org/2000/01/rdf-schema#label>	"liver parenchyme"	
<http://purl.obolibrary.org/obo/XAO_0000069>	<http://www.w3.org/2000/01/rdf-schema#label>	"ventral marginal zone"	
<http://purl.obolibrary.org/obo/XAO_0006055>	<http://www.w3.org/2000/01/rdf-schema#label>	"medial cluster"	
<http://purl.obolibrary.org/obo/XAO_0000111>	<http://www.w3.org/2000/01/rdf-schema#label>	"germ cell"	
<http://purl.obolibrary.org/obo/XAO_0004136>	<http://www.w3.org/2000/01/rdf-schema#label>	"saccular macula"	
<http://purl.obolibrary.org/obo/XAO_0004367>	<http://www.w3.org/2000/01/rdf-schema#label>	"fenestra subocularis"	
<http://purl.obolibrary.org/obo/XAO_0004280>	<http://www.w3.org/2000/01/rdf-schema#label>	"dorsal fin skeleton"	
<http://purl.obolibrary.org/obo/XAO_0004514>	<http://www.w3.org/2000/01/rdf-schema#label>	"anterior tectum"	
<http://purl.obolibrary.org/obo/XAO_1000086>	<http://www.w3.org/2000/01/rdf-schema#label>	"oocyte stage IV"	
<http://purl.obolibrary.org/obo/XAO_0004171>	<http://www.w3.org/2000/01/rdf-schema#label>	"vena capitis lateralis"	
<http://purl.obolibrary.org/obo/XAO_0000071>	<http://www.w3.org/2000/01/rdf-schema#label>	"dorso-lateral marginal zone"	
<http://purl.obolibrary.org/obo/XAO_0000244>	<http://www.w3.org/2000/01/rdf-schema#label>	"cloaca"	
<http://purl.obolibrary.org/obo/XAO_0004288>	<http://www.w3.org/2000/01/rdf-schema#label>	"vertebral element"	
<http://purl.obolibrary.org/obo/XAO_0003122>	<http://www.w3.org/2000/01/rdf-schema#label>	"sclerotome of trunk somite 6"	
<http://purl.obolibrary.org/obo/XAO_0004179>	<http://www.w3.org/2000/01/rdf-schema#label>	"dorsal longitudinal anastomosing vessel - right branch"	
<http://purl.obolibrary.org/obo/XAO_0004238>	<http://www.w3.org/2000/01/rdf-schema#label>	"femur rudiment"	
<http://purl.obolibrary.org/obo/XAO_0006026>	<http://www.w3.org/2000/01/rdf-schema#label>	"common lymphocyte progenitor"	
<http://purl.obolibrary.org/obo/XAO_0000283>	<http://www.w3.org/2000/01/rdf-schema#label>	"pupil"	
<http://purl.obolibrary.org/obo/XAO_0004338>	<http://www.w3.org/2000/01/rdf-schema#label>	"m. transversus anterior"	
<http://purl.obolibrary.org/obo/XAO_0005140>	<http://www.w3.org/2000/01/rdf-schema#label>	"lung bud"	
<http://purl.obolibrary.org/obo/XAO_0000042>	<http://www.w3.org/2000/01/rdf-schema#label>	"neuroectoderm"	
<http://purl.obolibrary.org/obo/XAO_0000446>	<http://www.w3.org/2000/01/rdf-schema#label>	"tongue"	
<http://purl.obolibrary.org/obo/XAO_0001102>	<http://www.w3.org/2000/01/rdf-schema#label>	"second pancreatic bud"	
<http://purl.obolibrary.org/obo/XAO_0004500>	<http://www.w3.org/2000/01/rdf-schema#label>	"rib"	
<http://purl.obolibrary.org/obo/XAO_1000067>	<http://www.w3.org/2000/01/rdf-schema#label>	"NF stage 55"	
<http://purl.obolibrary.org/obo/XAO_0004030>	<http://www.w3.org/2000/01/rdf-schema#label>	"dense regular connective tissue"	
<http://purl.obolibrary.org/obo/XAO_0005174>	<http://www.w3.org/2000/01/rdf-schema#label>	"left-dorsal blastomere"	
<http://purl.obolibrary.org/obo/XAO_0005148>	<http://www.w3.org/2000/01/rdf-schema#label>	"m. depressor mandibulae"	
<http://purl.obolibrary.org/obo/XAO_0004593>	<http://www.w3.org/2000/01/rdf-schema#label>	"ventral pallidum"	
<http://purl.obolibrary.org/obo/XAO_0003237>	<http://www.w3.org/2000/01/rdf-schema#label>	"cementoblast"	
<http://purl.obolibrary.org/obo/XAO_0004274>	<http://www.w3.org/2000/01/rdf-schema#label>	"articular system"	
<http://purl.obolibrary.org/obo/XAO_0004421>	<http://www.w3.org/2000/01/rdf-schema#label>	"claw of hindlimb digit 5"	
<http://purl.obolibrary.org/obo/XAO_0004038>	<http://www.w3.org/2000/01/rdf-schema#label>	"skeletal tissue"	
<http://purl.obolibrary.org/obo/XAO_0004209>	<http://www.w3.org/2000/01/rdf-schema#label>	"anterior neural ridge"	
<http://purl.obolibrary.org/obo/XAO_1000017>	<http://www.w3.org/2000/01/rdf-schema#label>	"NF stage 7"	
<http://purl.obolibrary.org/obo/XAO_0005222>	<http://www.w3.org/2000/01/rdf-schema#label>	"antero-ventral region"	
<http://purl.obolibrary.org/obo/XAO_0000002>	<http://www.w3.org/2000/01/rdf-schema#label>	"fin"	
<http://purl.obolibrary.org/obo/XAO_0004530>	<http://www.w3.org/2000/01/rdf-schema#label>	"accessory olfactory bulb"	
<http://purl.obolibrary.org/obo/XAO_0003021>	<http://www.w3.org/2000/01/rdf-schema#label>	"obsolete spinal cord neuron"	
<http://purl.obolibrary.org/obo/XAO_0005084>	<http://www.w3.org/2000/01/rdf-schema#label>	"blastomere D1"	
<http://purl.obolibrary.org/obo/XAO_0004318>	<http://www.w3.org/2000/01/rdf-schema#label>	"amputated fin"	
<http://purl.obolibrary.org/obo/XAO_0004549>	<http://www.w3.org/2000/01/rdf-schema#label>	"dorsal septum"	
<http://purl.obolibrary.org/obo/XAO_0004211>	<http://www.w3.org/2000/01/rdf-schema#label>	"facial epibranchial placode"	
<http://purl.obolibrary.org/obo/XAO_0005119>	<http://www.w3.org/2000/01/rdf-schema#label>	"oocyte cortex"	
<http://purl.obolibrary.org/obo/XAO_0000275>	<http://www.w3.org/2000/01/rdf-schema#label>	"olfactory pit"	
<http://purl.obolibrary.org/obo/XAO_0005012>	<http://www.w3.org/2000/01/rdf-schema#label>	"kinetochore"	
<http://purl.obolibrary.org/obo/XAO_0000166>	<http://www.w3.org/2000/01/rdf-schema#label>	"adrenal medulla"	
<http://purl.obolibrary.org/obo/XAO_0004245>	<http://www.w3.org/2000/01/rdf-schema#label>	"maxillary artery"	
<http://purl.obolibrary.org/obo/XAO_0006047>	<http://www.w3.org/2000/01/rdf-schema#label>	"bipolar cell"	
<http://purl.obolibrary.org/obo/XAO_0004619>	<http://www.w3.org/2000/01/rdf-schema#label>	"caudal presomitic mesoderm"	
<http://purl.obolibrary.org/obo/XAO_0004625>	<http://www.w3.org/2000/01/rdf-schema#label>	"dorsal fin vasculature"	
<http://purl.obolibrary.org/obo/XAO_0000345>	<http://www.w3.org/2000/01/rdf-schema#label>	"external carotid artery"	
<http://purl.obolibrary.org/obo/XAO_0004354>	<http://www.w3.org/2000/01/rdf-schema#label>	"m. rectus inferior"	
<http://purl.obolibrary.org/obo/XAO_0004585>	<http://www.w3.org/2000/01/rdf-schema#label>	"telencephalon septum"	
<http://purl.obolibrary.org/obo/XAO_0003076>	<http://www.w3.org/2000/01/rdf-schema#label>	"cervical vertebra"	
<http://purl.obolibrary.org/obo/XAO_0000467>	<http://www.w3.org/2000/01/rdf-schema#label>	"dorsal pancreatic bud"	
<http://purl.obolibrary.org/obo/XAO_0003223>	<http://www.w3.org/2000/01/rdf-schema#label>	"retinal ganglion cell layer"	
<http://purl.obolibrary.org/obo/XAO_0005033>	<http://www.w3.org/2000/01/rdf-schema#label>	"progenitor cell"	
<http://purl.obolibrary.org/obo/XAO_0005155>	<http://www.w3.org/2000/01/rdf-schema#label>	"archenteron roof midline"	
<http://purl.obolibrary.org/obo/XAO_0003114>	<http://www.w3.org/2000/01/rdf-schema#label>	"sclerotome of trunk somite 2"	
<http://purl.obolibrary.org/obo/XAO_0004413>	<http://www.w3.org/2000/01/rdf-schema#label>	"hindlimb digit 3"	
<http://purl.obolibrary.org/obo/XAO_0000122>	<http://www.w3.org/2000/01/rdf-schema#label>	"hematological system"	
<http://purl.obolibrary.org/obo/XAO_0004304>	<http://www.w3.org/2000/01/rdf-schema#label>	"prethalamus"	
<http://purl.obolibrary.org/obo/XAO_0004293>	<http://www.w3.org/2000/01/rdf-schema#label>	"ring structure"	
<http://purl.obolibrary.org/obo/XAO_0005214>	<http://www.w3.org/2000/01/rdf-schema#label>	"axial region"	
<http://purl.obolibrary.org/obo/XAO_0000255>	<http://www.w3.org/2000/01/rdf-schema#label>	"visceral pouch 5"	
<http://purl.obolibrary.org/obo/XAO_0005105>	<http://www.w3.org/2000/01/rdf-schema#label>	"blastomere V1.1.2"	
<http://purl.obolibrary.org/obo/XAO_0005198>	<http://www.w3.org/2000/01/rdf-schema#label>	"cardiac atrium"	
<http://purl.obolibrary.org/obo/XAO_0003161>	<http://www.w3.org/2000/01/rdf-schema#label>	"limb bud"	
<http://purl.obolibrary.org/obo/XAO_0006031>	<http://www.w3.org/2000/01/rdf-schema#label>	"Kupffer cell"	
<http://purl.obolibrary.org/obo/XAO_0004605>	<http://www.w3.org/2000/01/rdf-schema#label>	"mammilary region"	
<http://purl.obolibrary.org/obo/XAO_0000147>	<http://www.w3.org/2000/01/rdf-schema#label>	"obsolete glomerus"	
<http://purl.obolibrary.org/obo/XAO_0005091>	<http://www.w3.org/2000/01/rdf-schema#label>	"blastomere D2.2"	
<http://purl.obolibrary.org/obo/XAO_0004556>	<http://www.w3.org/2000/01/rdf-schema#label>	"habenula"	
<http://purl.obolibrary.org/obo/XAO_0000289>	<http://www.w3.org/2000/01/rdf-schema#label>	"late distal tubule"	
<http://purl.obolibrary.org/obo/XAO_0003047>	<http://www.w3.org/2000/01/rdf-schema#label>	"nerve"	
<http://purl.obolibrary.org/obo/XAO_0005026>	<http://www.w3.org/2000/01/rdf-schema#label>	"presumptive rhombomere"	
<http://purl.obolibrary.org/obo/XAO_0005257>	<http://www.w3.org/2000/01/rdf-schema#label>	"obsolete right eye"	
<http://purl.obolibrary.org/obo/XAO_0000331>	<http://www.w3.org/2000/01/rdf-schema#label>	"mesonephric early proximal tubule"	
<http://purl.obolibrary.org/obo/XAO_0003169>	<http://www.w3.org/2000/01/rdf-schema#label>	"dermatocranium"	
<http://purl.obolibrary.org/obo/XAO_0003056>	<http://www.w3.org/2000/01/rdf-schema#label>	"anterior"	
<http://purl.obolibrary.org/obo/XAO_0003082>	<http://www.w3.org/2000/01/rdf-schema#label>	"obsolete sucker"	
<http://purl.obolibrary.org/obo/XAO_0004091>	<http://www.w3.org/2000/01/rdf-schema#label>	"non-neural ectoderm"	
<http://purl.obolibrary.org/obo/XAO_0000291>	<http://www.w3.org/2000/01/rdf-schema#label>	"mesonephric mesenchyme"	
<http://purl.obolibrary.org/obo/XAO_0004095>	<http://www.w3.org/2000/01/rdf-schema#label>	"lens transitional zone"	
<http://purl.obolibrary.org/obo/XAO_0000081>	<http://www.w3.org/2000/01/rdf-schema#label>	"hindlimb region"	
<http://purl.obolibrary.org/obo/XAO_0000103>	<http://www.w3.org/2000/01/rdf-schema#label>	"midgut"	
<http://purl.obolibrary.org/obo/XAO_0003191>	<http://www.w3.org/2000/01/rdf-schema#label>	"left atrium"	
<http://purl.obolibrary.org/obo/XAO_0005307>	<http://www.w3.org/2000/01/rdf-schema#label>	"posterior endomesoderm"	
<http://purl.obolibrary.org/obo/XAO_0004484>	<http://www.w3.org/2000/01/rdf-schema#label>	"retinal progenitor cell"	
<http://purl.obolibrary.org/obo/XAO_0003106>	<http://www.w3.org/2000/01/rdf-schema#label>	"myotome of head somite 3"	
<http://purl.obolibrary.org/obo/XAO_1000078>	<http://www.w3.org/2000/01/rdf-schema#label>	"NF stage 66"	
<http://purl.obolibrary.org/obo/XAO_0000474>	<http://www.w3.org/2000/01/rdf-schema#label>	"choroid fissure"	
<http://purl.obolibrary.org/obo/XAO_0004143>	<http://www.w3.org/2000/01/rdf-schema#label>	"vascular plexus"	
<http://purl.obolibrary.org/obo/XAO_0003199>	<http://www.w3.org/2000/01/rdf-schema#label>	"lymphatic system"	
<http://purl.obolibrary.org/obo/XAO_0005182>	<http://www.w3.org/2000/01/rdf-schema#label>	"descending interneuron"	
<http://purl.obolibrary.org/obo/XAO_0005228>	<http://www.w3.org/2000/01/rdf-schema#label>	"efferent neuron"	
<http://purl.obolibrary.org/obo/XAO_0000302>	<http://www.w3.org/2000/01/rdf-schema#label>	"dorso-lateral"	
<http://purl.obolibrary.org/obo/XAO_0004051>	<http://www.w3.org/2000/01/rdf-schema#label>	"dentine"	
<http://purl.obolibrary.org/obo/XAO_0003027>	<http://www.w3.org/2000/01/rdf-schema#label>	"limb"	
<http://purl.obolibrary.org/obo/XAO_0003258>	<http://www.w3.org/2000/01/rdf-schema#label>	"neuromast mantle cell"	
<http://purl.obolibrary.org/obo/XAO_0000013>	<http://www.w3.org/2000/01/rdf-schema#label>	"diencephalon"	
<http://purl.obolibrary.org/obo/XAO_0003149>	<http://www.w3.org/2000/01/rdf-schema#label>	"primordial germ cell"	
<http://purl.obolibrary.org/obo/XAO_0000262>	<http://www.w3.org/2000/01/rdf-schema#label>	"polar body"	
<http://purl.obolibrary.org/obo/XAO_0004186>	<http://www.w3.org/2000/01/rdf-schema#label>	"secondary heart field"	
<http://purl.obolibrary.org/obo/XAO_0004059>	<http://www.w3.org/2000/01/rdf-schema#label>	"regenerating tissue"	
<http://purl.obolibrary.org/obo/XAO_0005230>	<http://www.w3.org/2000/01/rdf-schema#label>	"larval alimentary system"	
<http://purl.obolibrary.org/obo/XAO_0005018>	<http://www.w3.org/2000/01/rdf-schema#label>	"spinal neuron"	
<http://purl.obolibrary.org/obo/XAO_0004250>	<http://www.w3.org/2000/01/rdf-schema#label>	"facial vein"	
<http://purl.obolibrary.org/obo/XAO_0004612>	<http://www.w3.org/2000/01/rdf-schema#label>	"secretory epithelial cell"	
<http://purl.obolibrary.org/obo/XAO_0005264>	<http://www.w3.org/2000/01/rdf-schema#label>	"dorsal tail"	
<http://purl.obolibrary.org/obo/XAO_0004114>	<http://www.w3.org/2000/01/rdf-schema#label>	"stage I oocyte"	
<http://purl.obolibrary.org/obo/XAO_0004258>	<http://www.w3.org/2000/01/rdf-schema#label>	"subpallium"	
<http://purl.obolibrary.org/obo/XAO_0003063>	<http://www.w3.org/2000/01/rdf-schema#label>	"pectoral girdle"	
<http://purl.obolibrary.org/obo/XAO_1000064>	<http://www.w3.org/2000/01/rdf-schema#label>	"NF stage 52"	
<http://purl.obolibrary.org/obo/XAO_0004405>	<http://www.w3.org/2000/01/rdf-schema#label>	"Leydig cell"	
<http://purl.obolibrary.org/obo/XAO_0001013>	<http://www.w3.org/2000/01/rdf-schema#label>	"musculature of face"	
<http://purl.obolibrary.org/obo/XAO_0000222>	<http://www.w3.org/2000/01/rdf-schema#label>	"obsolete ear placode"	
<http://purl.obolibrary.org/obo/XAO_0003185>	<http://www.w3.org/2000/01/rdf-schema#label>	"anatomical direction"	
<http://purl.obolibrary.org/obo/XAO_0003229>	<http://www.w3.org/2000/01/rdf-schema#label>	"epaxial muscle"	
<http://purl.obolibrary.org/obo/XAO_0003013>	<http://www.w3.org/2000/01/rdf-schema#label>	"organism subdivision"	
<http://purl.obolibrary.org/obo/XAO_0004393>	<http://www.w3.org/2000/01/rdf-schema#label>	"mucociliary epithelium"	
<http://purl.obolibrary.org/obo/XAO_0004157>	<http://www.w3.org/2000/01/rdf-schema#label>	"hyaloid vascular plexus"	
<http://purl.obolibrary.org/obo/XAO_0005201>	<http://www.w3.org/2000/01/rdf-schema#label>	"animal-vegetal axis"	
<http://purl.obolibrary.org/obo/XAO_0005323>	<http://www.w3.org/2000/01/rdf-schema#label>	"lymphoblast"	
<http://purl.obolibrary.org/obo/XAO_0004441>	<http://www.w3.org/2000/01/rdf-schema#label>	"mm. constrictores branchiales II primordium"	
<http://purl.obolibrary.org/obo/XAO_0000029>	<http://www.w3.org/2000/01/rdf-schema#label>	"epidermis outer layer"	
<http://purl.obolibrary.org/obo/XAO_0004229>	<http://www.w3.org/2000/01/rdf-schema#label>	"fin crest"	
<http://purl.obolibrary.org/obo/XAO_0003265>	<http://www.w3.org/2000/01/rdf-schema#label>	"somatic stem cell"	
<http://purl.obolibrary.org/obo/XAO_0005067>	<http://www.w3.org/2000/01/rdf-schema#label>	"typhlosole"	
<http://purl.obolibrary.org/obo/XAO_0000020>	<http://www.w3.org/2000/01/rdf-schema#label>	"spinal cord"	
<http://purl.obolibrary.org/obo/XAO_0004100>	<http://www.w3.org/2000/01/rdf-schema#label>	"retinal ganglion cell"	
<http://purl.obolibrary.org/obo/XAO_0000392>	<http://www.w3.org/2000/01/rdf-schema#label>	"hepatic portal vein"	
<http://purl.obolibrary.org/obo/XAO_0005298>	<http://www.w3.org/2000/01/rdf-schema#label>	"tracheal epithelium"	
<http://purl.obolibrary.org/obo/XAO_0003156>	<http://www.w3.org/2000/01/rdf-schema#label>	"natural killer cell"	
<http://purl.obolibrary.org/obo/XAO_0000337>	<http://www.w3.org/2000/01/rdf-schema#label>	"endocardial tube"	
<http://purl.obolibrary.org/obo/XAO_0000158>	<http://www.w3.org/2000/01/rdf-schema#label>	"endocrine system"	
<http://purl.obolibrary.org/obo/XAO_0004066>	<http://www.w3.org/2000/01/rdf-schema#label>	"vegetal endoderm"	
<http://purl.obolibrary.org/obo/XAO_0005126>	<http://www.w3.org/2000/01/rdf-schema#label>	"dorsal foregut"	
<http://purl.obolibrary.org/obo/XAO_0003215>	<http://www.w3.org/2000/01/rdf-schema#label>	"photoreceptor layer"	
<http://purl.obolibrary.org/obo/XAO_0004075>	<http://www.w3.org/2000/01/rdf-schema#label>	"intersomitic vessel"	
<http://purl.obolibrary.org/obo/XAO_0004508>	<http://www.w3.org/2000/01/rdf-schema#label>	"mandibular mesenchyme"	
<http://purl.obolibrary.org/obo/XAO_0003095>	<http://www.w3.org/2000/01/rdf-schema#label>	"vestibulocochlear nerve"	
<http://purl.obolibrary.org/obo/XAO_0004016>	<http://www.w3.org/2000/01/rdf-schema#label>	"regenerating skeletal element"	
<http://purl.obolibrary.org/obo/XAO_0005283>	<http://www.w3.org/2000/01/rdf-schema#label>	"non-neurogenic ectodermal placode"	
<http://purl.obolibrary.org/obo/XAO_0000109>	<http://www.w3.org/2000/01/rdf-schema#label>	"posterior wall of neurenteric canal"	
<http://purl.obolibrary.org/obo/XAO_1000071>	<http://www.w3.org/2000/01/rdf-schema#label>	"NF stage 59"	
<http://purl.obolibrary.org/obo/XAO_0004130>	<http://www.w3.org/2000/01/rdf-schema#label>	"auditory hair cell"	
<http://purl.obolibrary.org/obo/XAO_0004361>	<http://www.w3.org/2000/01/rdf-schema#label>	"ceratobranchial III"	
<http://purl.obolibrary.org/obo/XAO_0004149>	<http://www.w3.org/2000/01/rdf-schema#label>	"endothelial cell"	
<http://purl.obolibrary.org/obo/XAO_0005193>	<http://www.w3.org/2000/01/rdf-schema#label>	"lateral nasal prominence"	
<http://purl.obolibrary.org/obo/XAO_0004046>	<http://www.w3.org/2000/01/rdf-schema#label>	"odontoid tissue"	
<http://purl.obolibrary.org/obo/XAO_0000144>	<http://www.w3.org/2000/01/rdf-schema#label>	"ureter"	
<http://purl.obolibrary.org/obo/XAO_0006025>	<http://www.w3.org/2000/01/rdf-schema#label>	"follicular dendritic cell"	
<http://purl.obolibrary.org/obo/XAO_0005085>	<http://www.w3.org/2000/01/rdf-schema#label>	"blastomere D2"	
<http://purl.obolibrary.org/obo/XAO_0000323>	<http://www.w3.org/2000/01/rdf-schema#label>	"profundus ganglion"	
<http://purl.obolibrary.org/obo/XAO_0004332>	<http://www.w3.org/2000/01/rdf-schema#label>	"m. levator mandibulae externus"	
<http://purl.obolibrary.org/obo/XAO_0000041>	<http://www.w3.org/2000/01/rdf-schema#label>	"epidermis inner layer"	
<http://purl.obolibrary.org/obo/XAO_0000214>	<http://www.w3.org/2000/01/rdf-schema#label>	"auditory ossicle"	
<http://purl.obolibrary.org/obo/XAO_0004476>	<http://www.w3.org/2000/01/rdf-schema#label>	"skeletal myocyte"	
<http://purl.obolibrary.org/obo/XAO_0000445>	<http://www.w3.org/2000/01/rdf-schema#label>	"taste bud"	
<http://purl.obolibrary.org/obo/XAO_0004623>	<http://www.w3.org/2000/01/rdf-schema#label>	"sclerotome of tail somite 18"	
<http://purl.obolibrary.org/obo/XAO_0005133>	<http://www.w3.org/2000/01/rdf-schema#label>	"oligodendrocyte"	
<http://purl.obolibrary.org/obo/XAO_0005277>	<http://www.w3.org/2000/01/rdf-schema#label>	"obsolete right optic vesicle"	
<http://purl.obolibrary.org/obo/XAO_0000174>	<http://www.w3.org/2000/01/rdf-schema#label>	"skeletal muscle"	
<http://purl.obolibrary.org/obo/XAO_0005424>	<http://www.w3.org/2000/01/rdf-schema#label>	"posterior notochord"	
<http://purl.obolibrary.org/obo/XAO_0005142>	<http://www.w3.org/2000/01/rdf-schema#label>	"pars media of the stapes"	
<http://purl.obolibrary.org/obo/XAO_0004032>	<http://www.w3.org/2000/01/rdf-schema#label>	"proteinaceous extracellular matrix"	
<http://purl.obolibrary.org/obo/XAO_1000090>	<http://www.w3.org/2000/01/rdf-schema#label>	"prometamorphosis stage"	
<http://purl.obolibrary.org/obo/XAO_0004279>	<http://www.w3.org/2000/01/rdf-schema#label>	"cranial skeleton"	
<http://purl.obolibrary.org/obo/XAO_0005176>	<http://www.w3.org/2000/01/rdf-schema#label>	"left-ventral blastomere"	
<http://purl.obolibrary.org/obo/XAO_0005240>	<http://www.w3.org/2000/01/rdf-schema#label>	"regenerating lens"	
<http://purl.obolibrary.org/obo/XAO_0000096>	<http://www.w3.org/2000/01/rdf-schema#label>	"pharyngeal arch"	
<http://purl.obolibrary.org/obo/XAO_0000269>	<http://www.w3.org/2000/01/rdf-schema#label>	"mouth primordium"	
<http://purl.obolibrary.org/obo/XAO_0005004>	<http://www.w3.org/2000/01/rdf-schema#label>	"adult intestinal epithelium"	
<http://purl.obolibrary.org/obo/XAO_0004447>	<http://www.w3.org/2000/01/rdf-schema#label>	"m. dilatator laryngis primordium"	
<http://purl.obolibrary.org/obo/XAO_0000416>	<http://www.w3.org/2000/01/rdf-schema#label>	"trunk somite 8"	
<http://purl.obolibrary.org/obo/XAO_0006017>	<http://www.w3.org/2000/01/rdf-schema#label>	"xanthoblast"	
<http://purl.obolibrary.org/obo/XAO_0005248>	<http://www.w3.org/2000/01/rdf-schema#label>	"dorsal posterior hindgut endoderm"	
<http://purl.obolibrary.org/obo/XAO_0000151>	<http://www.w3.org/2000/01/rdf-schema#label>	"mesonephric collecting duct"	
<http://purl.obolibrary.org/obo/XAO_0005500>	<http://www.w3.org/2000/01/rdf-schema#label>	"desmosome"	
<http://purl.obolibrary.org/obo/XAO_0005113>	<http://www.w3.org/2000/01/rdf-schema#label>	"dorsal animal hemisphere blastomere"	
<http://purl.obolibrary.org/obo/XAO_0000033>	<http://www.w3.org/2000/01/rdf-schema#label>	"cement gland"	
<http://purl.obolibrary.org/obo/XAO_0000160>	<http://www.w3.org/2000/01/rdf-schema#label>	"pineal gland"	
<http://purl.obolibrary.org/obo/XAO_0000206>	<http://www.w3.org/2000/01/rdf-schema#label>	"blastocoel anlage"	
<http://purl.obolibrary.org/obo/XAO_0001103>	<http://www.w3.org/2000/01/rdf-schema#label>	"ventral pancreatic bud"	
<http://purl.obolibrary.org/obo/XAO_0004003>	<http://www.w3.org/2000/01/rdf-schema#label>	"anatomical line"	
<http://purl.obolibrary.org/obo/XAO_0004407>	<http://www.w3.org/2000/01/rdf-schema#label>	"proximal mesenchyme"	
<http://purl.obolibrary.org/obo/XAO_1000058>	<http://www.w3.org/2000/01/rdf-schema#label>	"NF stage 46"	
<http://purl.obolibrary.org/obo/XAO_0000452>	<http://www.w3.org/2000/01/rdf-schema#label>	"ultimobranchial body"	
<http://purl.obolibrary.org/obo/XAO_0000067>	<http://www.w3.org/2000/01/rdf-schema#label>	"ventral blood island"	
<http://purl.obolibrary.org/obo/XAO_0003177>	<http://www.w3.org/2000/01/rdf-schema#label>	"hyoid arch skeleton"	
<http://purl.obolibrary.org/obo/XAO_0005160>	<http://www.w3.org/2000/01/rdf-schema#label>	"prepollex"	
<http://purl.obolibrary.org/obo/XAO_0000358>	<http://www.w3.org/2000/01/rdf-schema#label>	"venous endothelium"	
<http://purl.obolibrary.org/obo/XAO_0005051>	<http://www.w3.org/2000/01/rdf-schema#label>	"retromammillary area"	
<http://purl.obolibrary.org/obo/XAO_0000076>	<http://www.w3.org/2000/01/rdf-schema#label>	"involuting marginal zone epithelial layer"	
<http://purl.obolibrary.org/obo/XAO_0000249>	<http://www.w3.org/2000/01/rdf-schema#label>	"neural plate"	
<http://purl.obolibrary.org/obo/XAO_0003005>	<http://www.w3.org/2000/01/rdf-schema#label>	"female organism"	
<http://purl.obolibrary.org/obo/XAO_0004516>	<http://www.w3.org/2000/01/rdf-schema#label>	"blastocoel floor"	
<http://purl.obolibrary.org/obo/XAO_1000084>	<http://www.w3.org/2000/01/rdf-schema#label>	"oocyte stage II"	
<http://purl.obolibrary.org/obo/XAO_0005168>	<http://www.w3.org/2000/01/rdf-schema#label>	"gamma cell"	
<http://purl.obolibrary.org/obo/XAO_0000240>	<http://www.w3.org/2000/01/rdf-schema#label>	"lens placode"	
<http://purl.obolibrary.org/obo/XAO_0005315>	<http://www.w3.org/2000/01/rdf-schema#label>	"retinal vein"	
<http://purl.obolibrary.org/obo/XAO_0003249>	<http://www.w3.org/2000/01/rdf-schema#label>	"epithelial cell"	
<http://purl.obolibrary.org/obo/XAO_0005059>	<http://www.w3.org/2000/01/rdf-schema#label>	"stratum compactum"	
<http://purl.obolibrary.org/obo/XAO_0000384>	<http://www.w3.org/2000/01/rdf-schema#label>	"medial cardinal vein"	
<http://purl.obolibrary.org/obo/XAO_0004286>	<http://www.w3.org/2000/01/rdf-schema#label>	"scapula"	
<http://purl.obolibrary.org/obo/XAO_0003120>	<http://www.w3.org/2000/01/rdf-schema#label>	"myotome of trunk somite 8"	
<http://purl.obolibrary.org/obo/XAO_0000408>	<http://www.w3.org/2000/01/rdf-schema#label>	"trunk somite 3"	
<http://purl.obolibrary.org/obo/XAO_0004177>	<http://www.w3.org/2000/01/rdf-schema#label>	"dorsal longitudinal anastomosing vessel"	
<http://purl.obolibrary.org/obo/XAO_0004295>	<http://www.w3.org/2000/01/rdf-schema#label>	"forelimb stylopod"	
<http://purl.obolibrary.org/obo/XAO_1000029>	<http://www.w3.org/2000/01/rdf-schema#label>	"NF stage 6.5"	
<http://purl.obolibrary.org/obo/XAO_0004085>	<http://www.w3.org/2000/01/rdf-schema#label>	"ionocyte"	
<http://purl.obolibrary.org/obo/XAO_0004236>	<http://www.w3.org/2000/01/rdf-schema#label>	"posterior hypothalamus"	
<http://purl.obolibrary.org/obo/XAO_0003041>	<http://www.w3.org/2000/01/rdf-schema#label>	"compound organ"	
<http://purl.obolibrary.org/obo/XAO_0000329>	<http://www.w3.org/2000/01/rdf-schema#label>	"coelomic epithelium"	
<http://purl.obolibrary.org/obo/XAO_1000038>	<http://www.w3.org/2000/01/rdf-schema#label>	"NF stage 22"	
<http://purl.obolibrary.org/obo/XAO_0000047>	<http://www.w3.org/2000/01/rdf-schema#label>	"notoplate"	
<http://purl.obolibrary.org/obo/XAO_0005096>	<http://www.w3.org/2000/01/rdf-schema#label>	"blastomere D1.1.1"	
<http://purl.obolibrary.org/obo/XAO_0003163>	<http://www.w3.org/2000/01/rdf-schema#label>	"basal lamina"	
<http://purl.obolibrary.org/obo/XAO_0003209>	<http://www.w3.org/2000/01/rdf-schema#label>	"radio-ulna"	
<http://purl.obolibrary.org/obo/XAO_0005139>	<http://www.w3.org/2000/01/rdf-schema#label>	"multiciliated cell"	
<http://purl.obolibrary.org/obo/XAO_0004345>	<http://www.w3.org/2000/01/rdf-schema#label>	"mm. constrictores branchiales III"	
<http://purl.obolibrary.org/obo/XAO_0004371>	<http://www.w3.org/2000/01/rdf-schema#label>	"processus ascendens palatoquadrate"	
<http://purl.obolibrary.org/obo/XAO_0005301>	<http://www.w3.org/2000/01/rdf-schema#label>	"ventral endoderm"	
<http://purl.obolibrary.org/obo/XAO_0004379>	<http://www.w3.org/2000/01/rdf-schema#label>	"processus retroarticularis of Meckel's cartilage"	
<http://purl.obolibrary.org/obo/XAO_0004097>	<http://www.w3.org/2000/01/rdf-schema#label>	"horizontal cell"	
<http://purl.obolibrary.org/obo/XAO_0004266>	<http://www.w3.org/2000/01/rdf-schema#label>	"rhombomere R8"	
<http://purl.obolibrary.org/obo/XAO_0003100>	<http://www.w3.org/2000/01/rdf-schema#label>	"medulla oblongata"	
<http://purl.obolibrary.org/obo/XAO_0004497>	<http://www.w3.org/2000/01/rdf-schema#label>	"ischium"	
<http://purl.obolibrary.org/obo/XAO_0000365>	<http://www.w3.org/2000/01/rdf-schema#label>	"arteria subclavia"	
<http://purl.obolibrary.org/obo/XAO_0001021>	<http://www.w3.org/2000/01/rdf-schema#label>	"notochordal epithelium"	
<http://purl.obolibrary.org/obo/XAO_0000007>	<http://www.w3.org/2000/01/rdf-schema#label>	"lower eyelid"	
<http://purl.obolibrary.org/obo/XAO_0004388>	<http://www.w3.org/2000/01/rdf-schema#label>	"retinal progenitor cell region"	
<http://purl.obolibrary.org/obo/XAO_0000083>	<http://www.w3.org/2000/01/rdf-schema#label>	"involuted dorsal mesoderm"	
<http://purl.obolibrary.org/obo/XAO_0004207>	<http://www.w3.org/2000/01/rdf-schema#label>	"posterior placodal area"	
<http://purl.obolibrary.org/obo/XAO_0000256>	<http://www.w3.org/2000/01/rdf-schema#label>	"oocyte"	
<http://purl.obolibrary.org/obo/XAO_1000009>	<http://www.w3.org/2000/01/rdf-schema#label>	"obsolete frog"	
<http://purl.obolibrary.org/obo/XAO_1000015>	<http://www.w3.org/2000/01/rdf-schema#label>	"NF stage 5 (16-cell)"	
<http://purl.obolibrary.org/obo/XAO_0005045>	<http://www.w3.org/2000/01/rdf-schema#label>	"dorsal crest of the endoderm"	
<http://purl.obolibrary.org/obo/XAO_0003134>	<http://www.w3.org/2000/01/rdf-schema#label>	"myotome of trunk somite 13"	
<http://purl.obolibrary.org/obo/XAO_0005189>	<http://www.w3.org/2000/01/rdf-schema#label>	"pars nervosa"	
<http://purl.obolibrary.org/obo/XAO_0006004>	<http://www.w3.org/2000/01/rdf-schema#label>	"neuronal cell body"	
<http://purl.obolibrary.org/obo/XAO_0000315>	<http://www.w3.org/2000/01/rdf-schema#label>	"myotome"	
<http://purl.obolibrary.org/obo/XAO_0005082>	<http://www.w3.org/2000/01/rdf-schema#label>	"lampbrush chromosome"	
<http://purl.obolibrary.org/obo/XAO_0004316>	<http://www.w3.org/2000/01/rdf-schema#label>	"interdigital region"	
<http://purl.obolibrary.org/obo/XAO_0004547>	<http://www.w3.org/2000/01/rdf-schema#label>	"dorsal pallidum"	
<http://purl.obolibrary.org/obo/XAO_0005017>	<http://www.w3.org/2000/01/rdf-schema#label>	"ciliated cell"	
<http://purl.obolibrary.org/obo/XAO_0004053>	<http://www.w3.org/2000/01/rdf-schema#label>	"skeleton"	
<http://purl.obolibrary.org/obo/XAO_0000424>	<http://www.w3.org/2000/01/rdf-schema#label>	"tail somite 16"	
<http://purl.obolibrary.org/obo/XAO_0005261>	<http://www.w3.org/2000/01/rdf-schema#label>	"posterior tail"	
<http://purl.obolibrary.org/obo/XAO_0004468>	<http://www.w3.org/2000/01/rdf-schema#label>	"organ cortex"	
<http://purl.obolibrary.org/obo/XAO_0005152>	<http://www.w3.org/2000/01/rdf-schema#label>	"m. cucullaris"	
<http://purl.obolibrary.org/obo/XAO_1000045>	<http://www.w3.org/2000/01/rdf-schema#label>	"NF stage 29 and 30"	
<http://purl.obolibrary.org/obo/XAO_0004617>	<http://www.w3.org/2000/01/rdf-schema#label>	"dorsolateral neural tube"	
<http://purl.obolibrary.org/obo/XAO_0004359>	<http://www.w3.org/2000/01/rdf-schema#label>	"ceratobranchial I"	
<http://purl.obolibrary.org/obo/XAO_0004252>	<http://www.w3.org/2000/01/rdf-schema#label>	"cutaneous femoral vein"	
<http://purl.obolibrary.org/obo/XAO_0000458>	<http://www.w3.org/2000/01/rdf-schema#label>	"occipital lateral line"	
<http://purl.obolibrary.org/obo/XAO_0005269>	<http://www.w3.org/2000/01/rdf-schema#label>	"regenerating pelvic girdle"	
<http://purl.obolibrary.org/obo/XAO_0004583>	<http://www.w3.org/2000/01/rdf-schema#label>	"preoptic area"	
<http://purl.obolibrary.org/obo/XAO_0005219>	<http://www.w3.org/2000/01/rdf-schema#label>	"ventral region"	
<http://purl.obolibrary.org/obo/XAO_0004411>	<http://www.w3.org/2000/01/rdf-schema#label>	"lateral line primordium"	
<http://purl.obolibrary.org/obo/XAO_0004024>	<http://www.w3.org/2000/01/rdf-schema#label>	"craniofacial region"	
<http://purl.obolibrary.org/obo/XAO_0004302>	<http://www.w3.org/2000/01/rdf-schema#label>	"pallium"	
<http://purl.obolibrary.org/obo/XAO_0000014>	<http://www.w3.org/2000/01/rdf-schema#label>	"midbrain"	
<http://purl.obolibrary.org/obo/XAO_0004395>	<http://www.w3.org/2000/01/rdf-schema#label>	"central vegetal yolk mass"	
<http://purl.obolibrary.org/obo/XAO_0000253>	<http://www.w3.org/2000/01/rdf-schema#label>	"non-involuting marginal zone"	
<http://purl.obolibrary.org/obo/XAO_0004223>	<http://www.w3.org/2000/01/rdf-schema#label>	"posterior lateral line placode"	
<http://purl.obolibrary.org/obo/XAO_0004454>	<http://www.w3.org/2000/01/rdf-schema#label>	"m. obliquus superior primordium"	
<http://purl.obolibrary.org/obo/XAO_1000031>	<http://www.w3.org/2000/01/rdf-schema#label>	"NF stage 10.5"	
<http://purl.obolibrary.org/obo/XAO_0000287>	<http://www.w3.org/2000/01/rdf-schema#label>	"early distal tubule"	
<http://purl.obolibrary.org/obo/XAO_0005024>	<http://www.w3.org/2000/01/rdf-schema#label>	"olfactory epithelium"	
<http://purl.obolibrary.org/obo/XAO_0005255>	<http://www.w3.org/2000/01/rdf-schema#label>	"filopodium"	
<http://purl.obolibrary.org/obo/XAO_0004563>	<http://www.w3.org/2000/01/rdf-schema#label>	"lateral pallium"	
<http://purl.obolibrary.org/obo/XAO_0003054>	<http://www.w3.org/2000/01/rdf-schema#label>	"stem cell"	
<http://purl.obolibrary.org/obo/XAO_0003080>	<http://www.w3.org/2000/01/rdf-schema#label>	"urostyle"	
<http://purl.obolibrary.org/obo/XAO_0004198>	<http://www.w3.org/2000/01/rdf-schema#label>	"enamel"	
<http://purl.obolibrary.org/obo/XAO_0004010>	<http://www.w3.org/2000/01/rdf-schema#label>	"simple squamous epithelium"	
<http://purl.obolibrary.org/obo/XAO_0003097>	<http://www.geneontology.org/formats/oboInOwl#hasRelatedSynonym>	"vagal nerve"	
<http://purl.obolibrary.org/obo/XAO_0003097>	<http://www.geneontology.org/formats/oboInOwl#hasRelatedSynonym>	"vagus afferents"	
<http://purl.obolibrary.org/obo/XAO_0004425>	<http://www.geneontology.org/formats/oboInOwl#hasRelatedSynonym>	"mlmli"	
<http://purl.obolibrary.org/obo/XAO_0005226>	<http://www.geneontology.org/formats/oboInOwl#hasRelatedSynonym>	"migratory somitic cell"	
<http://purl.obolibrary.org/obo/XAO_0000011>	<http://www.geneontology.org/formats/oboInOwl#hasRelatedSynonym>	"prosencephalon"	
<http://purl.obolibrary.org/obo/XAO_0003147>	<http://www.geneontology.org/formats/oboInOwl#hasRelatedSynonym>	"sperm"	
<http://purl.obolibrary.org/obo/XAO_0003147>	<http://www.geneontology.org/formats/oboInOwl#hasRelatedSynonym>	"spermatozoa"	<http://purl.obolibrary.org/obo/OMO_0003004>
<http://purl.obolibrary.org/obo/XAO_0006043>	<http://www.geneontology.org/formats/oboInOwl#hasRelatedSynonym>	"common myeloid precursor"	
<http://purl.obolibrary.org/obo/XAO_0006043>	<http://www.geneontology.org/formats/oboInOwl#hasRelatedSynonym>	"CMP"	
<http://purl.obolibrary.org/obo/XAO_0006043>	<http://www.geneontology.org/formats/oboInOwl#hasRelatedSynonym>	"multipotential myeloid stem cell"	
<http://purl.obolibrary.org/obo/XAO_0006043>	<http://www.geneontology.org/formats/oboInOwl#hasRelatedSynonym>	"myeloid stem cell"	
<http://purl.obolibrary.org/obo/XAO_0005087>	<http://www.geneontology.org/formats/oboInOwl#hasRelatedSynonym>	"V2"	
<http://purl.obolibrary.org/obo/XAO_0000227>	<http://www.geneontology.org/formats/oboInOwl#hasRelatedSynonym>	"eye anlage"	
<http://purl.obolibrary.org/obo/XAO_0004520>	<http://www.geneontology.org/formats/oboInOwl#hasRelatedSynonym>	"PT1"	
<http://purl.obolibrary.org/obo/XAO_0004520>	<http://www.geneontology.org/formats/oboInOwl#hasRelatedSynonym>	"proximal tubule  segment 1"	
<http://purl.obolibrary.org/obo/XAO_0003011>	<http://www.geneontology.org/formats/oboInOwl#hasRelatedSynonym>	"embryonic germ layer"	
<http://purl.obolibrary.org/obo/XAO_0003011>	<http://www.geneontology.org/formats/oboInOwl#hasRelatedSynonym>	"germ layer"	
<http://purl.obolibrary.org/obo/XAO_0005194>	<http://www.geneontology.org/formats/oboInOwl#hasRelatedSynonym>	"nasomedial prominence"	
<http://purl.obolibrary.org/obo/XAO_0005194>	<http://www.geneontology.org/formats/oboInOwl#hasRelatedSynonym>	"medial nasal swelling"	
<http://purl.obolibrary.org/obo/XAO_0005321>	<http://www.geneontology.org/formats/oboInOwl#hasRelatedSynonym>	"inter-canthal line"	
<http://purl.obolibrary.org/obo/XAO_1000092>	<http://www.geneontology.org/formats/oboInOwl#hasRelatedSynonym>	"mature egg"	
<http://purl.obolibrary.org/obo/XAO_0000027>	<http://www.geneontology.org/formats/oboInOwl#hasRelatedSynonym>	"cranial ganglia"	<http://purl.obolibrary.org/obo/OMO_0003004>
<http://purl.obolibrary.org/obo/XAO_0006011>	<http://www.geneontology.org/formats/oboInOwl#hasRelatedSynonym>	"reflecting platelet"	
<http://purl.obolibrary.org/obo/XAO_0000200>	<http://www.geneontology.org/formats/oboInOwl#hasRelatedSynonym>	"micromere"	
<http://purl.obolibrary.org/obo/XAO_0004147>	<http://www.geneontology.org/formats/oboInOwl#hasRelatedSynonym>	"vitelline veins"	<http://purl.obolibrary.org/obo/OMO_0003004>
<http://purl.obolibrary.org/obo/XAO_0004438>	<http://www.geneontology.org/formats/oboInOwl#hasRelatedSynonym>	"mlabII"	
<http://purl.obolibrary.org/obo/XAO_0004474>	<http://www.geneontology.org/formats/oboInOwl#hasRelatedSynonym>	"periotic mesenchyme"	
<http://purl.obolibrary.org/obo/XAO_0004201>	<http://www.geneontology.org/formats/oboInOwl#hasRelatedSynonym>	"dental tissue"	
<http://purl.obolibrary.org/obo/XAO_0000088>	<http://www.geneontology.org/formats/oboInOwl#hasRelatedSynonym>	"dorsal blastopore lip"	
<http://purl.obolibrary.org/obo/XAO_0004163>	<http://www.geneontology.org/formats/oboInOwl#hasRelatedSynonym>	"angioblastic mesenchymal cell"	
<http://purl.obolibrary.org/obo/XAO_0004310>	<http://www.geneontology.org/formats/oboInOwl#hasRelatedSynonym>	"columella"	
<http://purl.obolibrary.org/obo/XAO_0005111>	<http://www.geneontology.org/formats/oboInOwl#hasRelatedSynonym>	"C3"	
<http://purl.obolibrary.org/obo/XAO_0005111>	<http://www.geneontology.org/formats/oboInOwl#hasRelatedSynonym>	"V2.2.2"	
<http://purl.obolibrary.org/obo/XAO_0004079>	<http://www.geneontology.org/formats/oboInOwl#hasRelatedSynonym>	"rhombomeres"	<http://purl.obolibrary.org/obo/OMO_0003004>
<http://purl.obolibrary.org/obo/XAO_0000190>	<http://www.geneontology.org/formats/oboInOwl#hasRelatedSynonym>	"tympanum"	
<http://purl.obolibrary.org/obo/XAO_0000190>	<http://www.geneontology.org/formats/oboInOwl#hasRelatedSynonym>	"external ear"	
<http://purl.obolibrary.org/obo/XAO_0000190>	<http://www.geneontology.org/formats/oboInOwl#hasRelatedSynonym>	"tympanic membrane"	
<http://purl.obolibrary.org/obo/XAO_0000356>	<http://www.geneontology.org/formats/oboInOwl#hasRelatedSynonym>	"vascular endothelia"	<http://purl.obolibrary.org/obo/OMO_0003004>
<http://purl.obolibrary.org/obo/XAO_0000045>	<http://www.geneontology.org/formats/oboInOwl#hasRelatedSynonym>	"anterior neural plate"	
<http://purl.obolibrary.org/obo/XAO_0000218>	<http://www.geneontology.org/formats/oboInOwl#hasRelatedSynonym>	"appendages"	<http://purl.obolibrary.org/obo/OMO_0003004>
<http://purl.obolibrary.org/obo/XAO_0000449>	<http://www.geneontology.org/formats/oboInOwl#hasRelatedSynonym>	"fourth visceral arch"	
<http://purl.obolibrary.org/obo/XAO_0000336>	<http://www.geneontology.org/formats/oboInOwl#hasRelatedSynonym>	"fused heart primordium"	
<http://purl.obolibrary.org/obo/XAO_0005146>	<http://www.geneontology.org/formats/oboInOwl#hasRelatedSynonym>	"foramen ovale"	
<http://purl.obolibrary.org/obo/XAO_0000005>	<http://www.geneontology.org/formats/oboInOwl#hasRelatedSynonym>	"nasal placode"	
<http://purl.obolibrary.org/obo/XAO_0006009>	<http://www.geneontology.org/formats/oboInOwl#hasRelatedSynonym>	"outer segment cilia"	<http://purl.obolibrary.org/obo/OMO_0003004>
<http://purl.obolibrary.org/obo/XAO_0005008>	<http://www.geneontology.org/formats/oboInOwl#hasRelatedSynonym>	"cilia"	<http://purl.obolibrary.org/obo/OMO_0003004>
<http://purl.obolibrary.org/obo/XAO_0000134>	<http://www.geneontology.org/formats/oboInOwl#hasRelatedSynonym>	"hepatic duct"	
<http://purl.obolibrary.org/obo/XAO_0000138>	<http://www.geneontology.org/formats/oboInOwl#hasRelatedSynonym>	"mesenterium"	
<http://purl.obolibrary.org/obo/XAO_0000313>	<http://www.geneontology.org/formats/oboInOwl#hasRelatedSynonym>	"occipital somite"	
<http://purl.obolibrary.org/obo/XAO_0000313>	<http://www.geneontology.org/formats/oboInOwl#hasRelatedSynonym>	"cranial somite"	
<http://purl.obolibrary.org/obo/XAO_0000429>	<http://www.geneontology.org/formats/oboInOwl#hasRelatedSynonym>	"cranial nerves"	
<http://purl.obolibrary.org/obo/XAO_0000429>	<http://www.geneontology.org/formats/oboInOwl#hasRelatedSynonym>	"cephalic nerve"	
<http://purl.obolibrary.org/obo/XAO_0004580>	<http://www.geneontology.org/formats/oboInOwl#hasRelatedSynonym>	"posterior funiculus"	
<http://purl.obolibrary.org/obo/XAO_0004466>	<http://www.geneontology.org/formats/oboInOwl#hasRelatedSynonym>	"serosa"	
<http://purl.obolibrary.org/obo/XAO_0003074>	<http://www.geneontology.org/formats/oboInOwl#hasRelatedSynonym>	"spine"	
<http://purl.obolibrary.org/obo/XAO_0004291>	<http://www.geneontology.org/formats/oboInOwl#hasRelatedSynonym>	"cell-free extracts"	<http://purl.obolibrary.org/obo/OMO_0003004>
<http://purl.obolibrary.org/obo/XAO_0005103>	<http://www.geneontology.org/formats/oboInOwl#hasRelatedSynonym>	"C2"	
<http://purl.obolibrary.org/obo/XAO_0005103>	<http://www.geneontology.org/formats/oboInOwl#hasRelatedSynonym>	"D2.2.2"	
<http://purl.obolibrary.org/obo/XAO_0004221>	<http://www.geneontology.org/formats/oboInOwl#hasRelatedSynonym>	"pre-auditory lateral line placode"	
<http://purl.obolibrary.org/obo/XAO_0000294>	<http://www.geneontology.org/formats/oboInOwl#hasRelatedSynonym>	"blastocyst cavity"	
<http://purl.obolibrary.org/obo/XAO_0000294>	<http://www.geneontology.org/formats/oboInOwl#hasRelatedSynonym>	"segmentation cavity"	
<http://purl.obolibrary.org/obo/XAO_0000294>	<http://www.geneontology.org/formats/oboInOwl#hasRelatedSynonym>	"cleavage cavity"	
<http://purl.obolibrary.org/obo/XAO_0004482>	<http://www.geneontology.org/formats/oboInOwl#hasRelatedSynonym>	"pro-epicardial organ"	
<http://purl.obolibrary.org/obo/XAO_0004482>	<http://www.geneontology.org/formats/oboInOwl#hasRelatedSynonym>	"epicardial precursor cells"	<http://purl.obolibrary.org/obo/OMO_0003004>
<http://purl.obolibrary.org/obo/XAO_0005185>	<http://www.geneontology.org/formats/oboInOwl#hasRelatedSynonym>	"dlc"	
<http://purl.obolibrary.org/obo/XAO_0004141>	<http://www.geneontology.org/formats/oboInOwl#hasRelatedSynonym>	"spiral septa"	<http://purl.obolibrary.org/obo/OMO_0003004>
<http://purl.obolibrary.org/obo/XAO_0004432>	<http://www.geneontology.org/formats/oboInOwl#hasRelatedSynonym>	"moh"	
<http://purl.obolibrary.org/obo/XAO_0004575>	<http://www.geneontology.org/formats/oboInOwl#hasRelatedSynonym>	"nucleus accumbens septi"	
<http://purl.obolibrary.org/obo/XAO_0001011>	<http://www.geneontology.org/formats/oboInOwl#hasRelatedSynonym>	"blood vessels"	<http://purl.obolibrary.org/obo/OMO_0003004>
<http://purl.obolibrary.org/obo/XAO_0001011>	<http://www.geneontology.org/formats/oboInOwl#hasRelatedSynonym>	"vasculature"	
<http://purl.obolibrary.org/obo/XAO_0003260>	<http://www.geneontology.org/formats/oboInOwl#hasRelatedSynonym>	"red blood cell"	
<http://purl.obolibrary.org/obo/XAO_0003260>	<http://www.geneontology.org/formats/oboInOwl#hasRelatedSynonym>	"RBC"	
<http://purl.obolibrary.org/obo/XAO_0000023>	<http://www.geneontology.org/formats/oboInOwl#hasRelatedSynonym>	"integument"	
<http://purl.obolibrary.org/obo/XAO_0000156>	<http://www.geneontology.org/formats/oboInOwl#hasRelatedSynonym>	"female genitals"	<http://purl.obolibrary.org/obo/OMO_0003004>
<http://purl.obolibrary.org/obo/XAO_0005124>	<http://www.geneontology.org/formats/oboInOwl#hasRelatedSynonym>	"epithelial tissue of lung"	
<http://purl.obolibrary.org/obo/XAO_0005124>	<http://www.geneontology.org/formats/oboInOwl#hasRelatedSynonym>	"epithelium of lung"	
<http://purl.obolibrary.org/obo/XAO_0005124>	<http://www.geneontology.org/formats/oboInOwl#hasRelatedSynonym>	"lung epithelial tissue"	
<http://purl.obolibrary.org/obo/XAO_0005124>	<http://www.geneontology.org/formats/oboInOwl#hasRelatedSynonym>	"lung epithelium"	
<http://purl.obolibrary.org/obo/XAO_0003205>	<http://www.geneontology.org/formats/oboInOwl#hasRelatedSynonym>	"cartilage cell"	
<http://purl.obolibrary.org/obo/XAO_0004506>	<http://www.geneontology.org/formats/oboInOwl#hasRelatedSynonym>	"webbing"	
<http://purl.obolibrary.org/obo/XAO_0004364>	<http://www.geneontology.org/formats/oboInOwl#hasRelatedSynonym>	"cornua trabeculae"	<http://purl.obolibrary.org/obo/OMO_0003004>
<http://purl.obolibrary.org/obo/XAO_0005289>	<http://www.geneontology.org/formats/oboInOwl#hasRelatedSynonym>	"pia"	
<http://purl.obolibrary.org/obo/XAO_0004180>	<http://www.geneontology.org/formats/oboInOwl#hasRelatedSynonym>	"olfactory lobe"	
<http://purl.obolibrary.org/obo/XAO_0000142>	<http://www.geneontology.org/formats/oboInOwl#hasRelatedSynonym>	"reproductive system"	
<http://purl.obolibrary.org/obo/XAO_0006023>	<http://www.geneontology.org/formats/oboInOwl#hasRelatedSynonym>	"common dendritic cell precursor"	
<http://purl.obolibrary.org/obo/XAO_0006023>	<http://www.geneontology.org/formats/oboInOwl#hasRelatedSynonym>	"CDP"	
<http://purl.obolibrary.org/obo/XAO_0000058>	<http://www.geneontology.org/formats/oboInOwl#hasRelatedSynonym>	"somites"	<http://purl.obolibrary.org/obo/OMO_0003004>
<http://purl.obolibrary.org/obo/XAO_0000058>	<http://www.geneontology.org/formats/oboInOwl#hasRelatedSynonym>	"somitic mesoderm"	
<http://purl.obolibrary.org/obo/XAO_0004125>	<http://www.geneontology.org/formats/oboInOwl#hasRelatedSynonym>	"atrioventricular valve leaflets"	<http://purl.obolibrary.org/obo/OMO_0003004>
<http://purl.obolibrary.org/obo/XAO_0005422>	<http://www.geneontology.org/formats/oboInOwl#hasRelatedSynonym>	"septa"	<http://purl.obolibrary.org/obo/OMO_0003004>
<http://purl.obolibrary.org/obo/XAO_1000001>	<http://www.geneontology.org/formats/oboInOwl#hasRelatedSynonym>	"zygote"	
<http://purl.obolibrary.org/obo/XAO_0000169>	<http://www.geneontology.org/formats/oboInOwl#hasRelatedSynonym>	"bone"	
<http://purl.obolibrary.org/obo/XAO_0000243>	<http://www.geneontology.org/formats/oboInOwl#hasRelatedSynonym>	"posterior intestine"	
<http://purl.obolibrary.org/obo/XAO_0004307>	<http://www.geneontology.org/formats/oboInOwl#hasRelatedSynonym>	"cephalic mesenchyme"	
<http://purl.obolibrary.org/obo/XAO_0000406>	<http://www.geneontology.org/formats/oboInOwl#hasRelatedSynonym>	"fifth somite"	
<http://purl.obolibrary.org/obo/XAO_0005320>	<http://www.geneontology.org/formats/oboInOwl#hasRelatedSynonym>	"primary palate"	
<http://purl.obolibrary.org/obo/XAO_0005320>	<http://www.geneontology.org/formats/oboInOwl#hasRelatedSynonym>	"palate"	
<http://purl.obolibrary.org/obo/XAO_0005320>	<http://www.geneontology.org/formats/oboInOwl#hasRelatedSynonym>	"palatum"	
<http://purl.obolibrary.org/obo/XAO_0005108>	<http://www.geneontology.org/formats/oboInOwl#hasRelatedSynonym>	"V2.1.1"	
<http://purl.obolibrary.org/obo/XAO_0005108>	<http://www.geneontology.org/formats/oboInOwl#hasRelatedSynonym>	"D4"	
<http://purl.obolibrary.org/obo/XAO_0003044>	<http://www.geneontology.org/formats/oboInOwl#hasRelatedSynonym>	"mesendoderm"	
<http://purl.obolibrary.org/obo/XAO_0005094>	<http://www.geneontology.org/formats/oboInOwl#hasRelatedSynonym>	"V2.1"	
<http://purl.obolibrary.org/obo/XAO_0001019>	<http://www.geneontology.org/formats/oboInOwl#hasRelatedSynonym>	"anus porus"	
<http://purl.obolibrary.org/obo/XAO_0001019>	<http://www.geneontology.org/formats/oboInOwl#hasRelatedSynonym>	"anus"	
<http://purl.obolibrary.org/obo/XAO_0001019>	<http://www.geneontology.org/formats/oboInOwl#hasRelatedSynonym>	"vent"	
<http://purl.obolibrary.org/obo/XAO_0000176>	<http://www.geneontology.org/formats/oboInOwl#hasRelatedSynonym>	"integumental system"	
<http://purl.obolibrary.org/obo/XAO_0006007>	<http://www.geneontology.org/formats/oboInOwl#hasRelatedSynonym>	"glial endfeet"	<http://purl.obolibrary.org/obo/OMO_0003004>
<http://purl.obolibrary.org/obo/XAO_0000305>	<http://www.geneontology.org/formats/oboInOwl#hasRelatedSynonym>	"cranial placodes"	<http://purl.obolibrary.org/obo/OMO_0003004>
<http://purl.obolibrary.org/obo/XAO_0000427>	<http://www.geneontology.org/formats/oboInOwl#hasRelatedSynonym>	"gasserian ganglia"	<http://purl.obolibrary.org/obo/OMO_0003004>
<http://purl.obolibrary.org/obo/XAO_0004615>	<http://www.geneontology.org/formats/oboInOwl#hasRelatedSynonym>	"ciliary basal body"	
<http://purl.obolibrary.org/obo/XAO_0003079>	<http://www.geneontology.org/formats/oboInOwl#hasRelatedSynonym>	"postsacral vertebra"	
<http://purl.obolibrary.org/obo/XAO_0003079>	<http://www.geneontology.org/formats/oboInOwl#hasRelatedSynonym>	"caudal vertebrae"	<http://purl.obolibrary.org/obo/OMO_0003004>
<http://purl.obolibrary.org/obo/XAO_0003180>	<http://www.geneontology.org/formats/oboInOwl#hasRelatedSynonym>	"visceral arch skeleton"	
<http://purl.obolibrary.org/obo/XAO_0003180>	<http://www.geneontology.org/formats/oboInOwl#hasRelatedSynonym>	"gill arch skeleton"	
<http://purl.obolibrary.org/obo/XAO_0003180>	<http://www.geneontology.org/formats/oboInOwl#hasRelatedSynonym>	"pharyngeal arch skeleton 3-7"	
<http://purl.obolibrary.org/obo/XAO_0000341>	<http://www.geneontology.org/formats/oboInOwl#hasRelatedSynonym>	"aortic arches"	<http://purl.obolibrary.org/obo/OMO_0003004>
<http://purl.obolibrary.org/obo/XAO_0001016>	<http://www.geneontology.org/formats/oboInOwl#hasRelatedSynonym>	"abdominal musculature"	
<http://purl.obolibrary.org/obo/XAO_0005317>	<http://www.geneontology.org/formats/oboInOwl#hasRelatedSynonym>	"nerve fiber"	
<http://purl.obolibrary.org/obo/XAO_0004444>	<http://www.geneontology.org/formats/oboInOwl#hasRelatedSynonym>	"mgh"	
<http://purl.obolibrary.org/obo/XAO_0000285>	<http://www.geneontology.org/formats/oboInOwl#hasRelatedSynonym>	"pronephric tubule"	
<http://purl.obolibrary.org/obo/XAO_0004196>	<http://www.geneontology.org/formats/oboInOwl#hasRelatedSynonym>	"bone of attachment"	
<http://purl.obolibrary.org/obo/XAO_0004260>	<http://www.geneontology.org/formats/oboInOwl#hasRelatedSynonym>	"pharyngeal pouches"	<http://purl.obolibrary.org/obo/OMO_0003004>
<http://purl.obolibrary.org/obo/XAO_0004491>	<http://www.geneontology.org/formats/oboInOwl#hasRelatedSynonym>	"presumptive hindlimb autopodium"	
<http://purl.obolibrary.org/obo/XAO_0004000>	<http://www.geneontology.org/formats/oboInOwl#hasRelatedSynonym>	"ducts"	<http://purl.obolibrary.org/obo/OMO_0003004>
<http://purl.obolibrary.org/obo/XAO_0004019>	<http://www.geneontology.org/formats/oboInOwl#hasRelatedSynonym>	"vertebrae"	<http://purl.obolibrary.org/obo/OMO_0003004>
<http://purl.obolibrary.org/obo/XAO_0004499>	<http://www.geneontology.org/formats/oboInOwl#hasRelatedSynonym>	"postsacral vertebrae"	<http://purl.obolibrary.org/obo/OMO_0003004>
<http://purl.obolibrary.org/obo/XAO_0004430>	<http://www.geneontology.org/formats/oboInOwl#hasRelatedSynonym>	"mim"	
<http://purl.obolibrary.org/obo/XAO_0003023>	<http://www.geneontology.org/formats/oboInOwl#hasRelatedSynonym>	"nerve cell"	
<http://purl.obolibrary.org/obo/XAO_0006041>	<http://www.geneontology.org/formats/oboInOwl#hasRelatedSynonym>	"fat cell"	
<http://purl.obolibrary.org/obo/XAO_0006041>	<http://www.geneontology.org/formats/oboInOwl#hasRelatedSynonym>	"adipose cell"	
<http://purl.obolibrary.org/obo/XAO_0004153>	<http://www.geneontology.org/formats/oboInOwl#hasRelatedSynonym>	"retinal blood vessels"	<http://purl.obolibrary.org/obo/OMO_0003004>
<http://purl.obolibrary.org/obo/XAO_0000099>	<http://www.geneontology.org/formats/oboInOwl#hasRelatedSynonym>	"branchial arches"	<http://purl.obolibrary.org/obo/OMO_0003004>
<http://purl.obolibrary.org/obo/XAO_0004069>	<http://www.geneontology.org/formats/oboInOwl#hasRelatedSynonym>	"migratory neural crest cells"	<http://purl.obolibrary.org/obo/OMO_0003004>
<http://purl.obolibrary.org/obo/XAO_0004069>	<http://www.geneontology.org/formats/oboInOwl#hasRelatedSynonym>	"migratory neural crest"	
<http://purl.obolibrary.org/obo/XAO_0004069>	<http://www.geneontology.org/formats/oboInOwl#hasRelatedSynonym>	"neural crest migrating cells"	<http://purl.obolibrary.org/obo/OMO_0003004>
<http://purl.obolibrary.org/obo/XAO_0004069>	<http://www.geneontology.org/formats/oboInOwl#hasRelatedSynonym>	"NCMC"	
<http://purl.obolibrary.org/obo/XAO_0000455>	<http://www.geneontology.org/formats/oboInOwl#hasRelatedSynonym>	"biliary tract"	
<http://purl.obolibrary.org/obo/XAO_0000197>	<http://www.geneontology.org/formats/oboInOwl#hasRelatedSynonym>	"cochlea"	
<http://purl.obolibrary.org/obo/XAO_0005165>	<http://www.geneontology.org/formats/oboInOwl#hasRelatedSynonym>	"type B pancreatic cell"	
<http://purl.obolibrary.org/obo/XAO_0005165>	<http://www.geneontology.org/formats/oboInOwl#hasRelatedSynonym>	"beta-cells"	<http://purl.obolibrary.org/obo/OMO_0003004>
<http://purl.obolibrary.org/obo/XAO_0005165>	<http://www.geneontology.org/formats/oboInOwl#hasRelatedSynonym>	"beta cells"	<http://purl.obolibrary.org/obo/OMO_0003004>
<http://purl.obolibrary.org/obo/XAO_0000110>	<http://www.geneontology.org/formats/oboInOwl#hasRelatedSynonym>	"corpuscle"	
<http://purl.obolibrary.org/obo/XAO_0000110>	<http://www.geneontology.org/formats/oboInOwl#hasRelatedSynonym>	"glomerulus"	
<http://purl.obolibrary.org/obo/XAO_0004436>	<http://www.geneontology.org/formats/oboInOwl#hasRelatedSynonym>	"mtvII"	
<http://purl.obolibrary.org/obo/XAO_0005102>	<http://www.geneontology.org/formats/oboInOwl#hasRelatedSynonym>	"D2.2.1"	
<http://purl.obolibrary.org/obo/XAO_0005102>	<http://www.geneontology.org/formats/oboInOwl#hasRelatedSynonym>	"D2"	
<http://purl.obolibrary.org/obo/XAO_0004239>	<http://www.geneontology.org/formats/oboInOwl#hasRelatedSynonym>	"hallux"	
<http://purl.obolibrary.org/obo/XAO_0000210>	<http://www.geneontology.org/formats/oboInOwl#hasRelatedSynonym>	"dorsal root ganglion"	
<http://purl.obolibrary.org/obo/XAO_0000210>	<http://www.geneontology.org/formats/oboInOwl#hasRelatedSynonym>	"spinal ganglia"	<http://purl.obolibrary.org/obo/OMO_0003004>
<http://purl.obolibrary.org/obo/XAO_0000056>	<http://www.geneontology.org/formats/oboInOwl#hasRelatedSynonym>	"subnotochordal rod"	
<http://purl.obolibrary.org/obo/XAO_0005098>	<http://www.geneontology.org/formats/oboInOwl#hasRelatedSynonym>	"D1.2.1"	
<http://purl.obolibrary.org/obo/XAO_0005098>	<http://www.geneontology.org/formats/oboInOwl#hasRelatedSynonym>	"A2"	
<http://purl.obolibrary.org/obo/XAO_0000170>	<http://www.geneontology.org/formats/oboInOwl#hasRelatedSynonym>	"cartilage"	
<http://purl.obolibrary.org/obo/XAO_0004539>	<http://www.geneontology.org/formats/oboInOwl#hasRelatedSynonym>	"ventral telencephalon"	
<http://purl.obolibrary.org/obo/XAO_0004275>	<http://www.geneontology.org/formats/oboInOwl#hasRelatedSynonym>	"vertebral ossicle"	
<http://purl.obolibrary.org/obo/XAO_0005503>	<http://www.geneontology.org/formats/oboInOwl#hasRelatedSynonym>	"esophagotracheal septum"	
<http://purl.obolibrary.org/obo/XAO_0000318>	<http://www.geneontology.org/formats/oboInOwl#hasRelatedSynonym>	"renal corpuscle"	
<http://purl.obolibrary.org/obo/XAO_0000318>	<http://www.geneontology.org/formats/oboInOwl#hasRelatedSynonym>	"glomera"	<http://purl.obolibrary.org/obo/OMO_0003004>
<http://purl.obolibrary.org/obo/XAO_0000318>	<http://www.geneontology.org/formats/oboInOwl#hasRelatedSynonym>	"corpuscle"	
<http://purl.obolibrary.org/obo/XAO_0000318>	<http://www.geneontology.org/formats/oboInOwl#hasRelatedSynonym>	"glomerulus"	
<http://purl.obolibrary.org/obo/XAO_0000036>	<http://www.geneontology.org/formats/oboInOwl#hasRelatedSynonym>	"animal ectoderm"	
<http://purl.obolibrary.org/obo/XAO_0000209>	<http://www.geneontology.org/formats/oboInOwl#hasRelatedSynonym>	"ganglia"	<http://purl.obolibrary.org/obo/OMO_0003004>
<http://purl.obolibrary.org/obo/XAO_0001001>	<http://www.geneontology.org/formats/oboInOwl#hasRelatedSynonym>	"head crest"	
<http://purl.obolibrary.org/obo/XAO_0001001>	<http://www.geneontology.org/formats/oboInOwl#hasRelatedSynonym>	"cephalic neural crest"	
<http://purl.obolibrary.org/obo/XAO_0004137>	<http://www.geneontology.org/formats/oboInOwl#hasRelatedSynonym>	"anterior cristae"	<http://purl.obolibrary.org/obo/OMO_0003004>
<http://purl.obolibrary.org/obo/XAO_0000072>	<http://www.geneontology.org/formats/oboInOwl#hasRelatedSynonym>	"organizer"	
<http://purl.obolibrary.org/obo/XAO_0000072>	<http://www.geneontology.org/formats/oboInOwl#hasRelatedSynonym>	"Spemann organizer"	
<http://purl.obolibrary.org/obo/XAO_0000245>	<http://www.geneontology.org/formats/oboInOwl#hasRelatedSynonym>	"MC"	
<http://purl.obolibrary.org/obo/XAO_0004390>	<http://www.geneontology.org/formats/oboInOwl#hasRelatedSynonym>	"epithalamus"	
<http://purl.obolibrary.org/obo/XAO_0004390>	<http://www.geneontology.org/formats/oboInOwl#hasRelatedSynonym>	"prosomere 2"	
<http://purl.obolibrary.org/obo/XAO_0004390>	<http://www.geneontology.org/formats/oboInOwl#hasRelatedSynonym>	"P2"	
<http://purl.obolibrary.org/obo/XAO_0005311>	<http://www.geneontology.org/formats/oboInOwl#hasRelatedSynonym>	"striated muscle fibre"	
<http://purl.obolibrary.org/obo/XAO_0000017>	<http://www.geneontology.org/formats/oboInOwl#hasRelatedSynonym>	"pituitary"	
<http://purl.obolibrary.org/obo/XAO_0000017>	<http://www.geneontology.org/formats/oboInOwl#hasRelatedSynonym>	"pituitary gland"	
<http://purl.obolibrary.org/obo/XAO_0006027>	<http://www.geneontology.org/formats/oboInOwl#hasRelatedSynonym>	"GMP"	
<http://purl.obolibrary.org/obo/XAO_0004226>	<http://www.geneontology.org/formats/oboInOwl#hasRelatedSynonym>	"ventral tegmental area"	
<http://purl.obolibrary.org/obo/XAO_0004226>	<http://www.geneontology.org/formats/oboInOwl#hasRelatedSynonym>	"ventral brain stem"	
<http://purl.obolibrary.org/obo/XAO_0004457>	<http://www.geneontology.org/formats/oboInOwl#hasRelatedSynonym>	"lateral line ganglia"	<http://purl.obolibrary.org/obo/OMO_0003004>
<http://purl.obolibrary.org/obo/XAO_0004606>	<http://www.geneontology.org/formats/oboInOwl#hasRelatedSynonym>	"posterior tuberculum"	
<http://purl.obolibrary.org/obo/XAO_0004606>	<http://www.geneontology.org/formats/oboInOwl#hasRelatedSynonym>	"caudal tuberculum"	
<http://purl.obolibrary.org/obo/XAO_0005092>	<http://www.geneontology.org/formats/oboInOwl#hasRelatedSynonym>	"V1.1"	
<http://purl.obolibrary.org/obo/XAO_0000447>	<http://www.geneontology.org/formats/oboInOwl#hasRelatedSynonym>	"third visceral arch"	
<http://purl.obolibrary.org/obo/XAO_0005426>	<http://www.geneontology.org/formats/oboInOwl#hasRelatedSynonym>	"tracheoesophageal ridge"	
<http://purl.obolibrary.org/obo/XAO_0005426>	<http://www.geneontology.org/formats/oboInOwl#hasRelatedSynonym>	"tracheoesophageal folds"	<http://purl.obolibrary.org/obo/OMO_0003004>
<http://purl.obolibrary.org/obo/XAO_0005426>	<http://www.geneontology.org/formats/oboInOwl#hasRelatedSynonym>	"tracheoesophageal crest"	
<http://purl.obolibrary.org/obo/XAO_0004013>	<http://www.geneontology.org/formats/oboInOwl#hasRelatedSynonym>	"cartilage"	
<http://purl.obolibrary.org/obo/XAO_0004428>	<http://www.geneontology.org/formats/oboInOwl#hasRelatedSynonym>	"mlma"	
<http://purl.obolibrary.org/obo/XAO_0000276>	<http://www.geneontology.org/formats/oboInOwl#hasRelatedSynonym>	"splanchnic mesoderm"	
<http://purl.obolibrary.org/obo/XAO_0000276>	<http://www.geneontology.org/formats/oboInOwl#hasRelatedSynonym>	"visceral mesoderm"	
<http://purl.obolibrary.org/obo/XAO_0004464>	<http://www.geneontology.org/formats/oboInOwl#hasRelatedSynonym>	"rhombomere 1"	
<http://purl.obolibrary.org/obo/XAO_0004613>	<http://www.geneontology.org/formats/oboInOwl#hasRelatedSynonym>	"non-ciliated epidermal cells"	<http://purl.obolibrary.org/obo/OMO_0003004>
<http://purl.obolibrary.org/obo/XAO_0003077>	<http://www.geneontology.org/formats/oboInOwl#hasRelatedSynonym>	"presacral vertebrae"	<http://purl.obolibrary.org/obo/OMO_0003004>
<http://purl.obolibrary.org/obo/XAO_0004020>	<http://www.geneontology.org/formats/oboInOwl#hasRelatedSynonym>	"bony projection"	
<http://purl.obolibrary.org/obo/XAO_0003014>	<http://www.geneontology.org/formats/oboInOwl#hasRelatedSynonym>	"chromatophore"	
<http://purl.obolibrary.org/obo/XAO_0005324>	<http://www.geneontology.org/formats/oboInOwl#hasRelatedSynonym>	"anterior lateral line ganglia"	<http://purl.obolibrary.org/obo/OMO_0003004>
<http://purl.obolibrary.org/obo/XAO_0000148>	<http://www.geneontology.org/formats/oboInOwl#hasRelatedSynonym>	"renal tubule"	
<http://purl.obolibrary.org/obo/XAO_0003048>	<http://www.geneontology.org/formats/oboInOwl#hasRelatedSynonym>	"unfertilized egg"	
<http://purl.obolibrary.org/obo/XAO_0003048>	<http://www.geneontology.org/formats/oboInOwl#hasRelatedSynonym>	"ovum"	
<http://purl.obolibrary.org/obo/XAO_0004092>	<http://www.geneontology.org/formats/oboInOwl#hasRelatedSynonym>	"placodal area"	
<http://purl.obolibrary.org/obo/XAO_0003157>	<http://www.geneontology.org/formats/oboInOwl#hasRelatedSynonym>	"mature T cell"	
<http://purl.obolibrary.org/obo/XAO_0000292>	<http://www.geneontology.org/formats/oboInOwl#hasRelatedSynonym>	"nephron"	
<http://purl.obolibrary.org/obo/XAO_0004096>	<http://www.geneontology.org/formats/oboInOwl#hasRelatedSynonym>	"lens fiber"	
<http://purl.obolibrary.org/obo/XAO_0004096>	<http://www.geneontology.org/formats/oboInOwl#hasRelatedSynonym>	"lens fiber cells"	
<http://purl.obolibrary.org/obo/XAO_0003216>	<http://www.geneontology.org/formats/oboInOwl#hasRelatedSynonym>	"neural retina"	
<http://purl.obolibrary.org/obo/XAO_0004485>	<http://www.geneontology.org/formats/oboInOwl#hasRelatedSynonym>	"neuroendocrine cells"	<http://purl.obolibrary.org/obo/OMO_0003004>
<http://purl.obolibrary.org/obo/XAO_0000263>	<http://www.geneontology.org/formats/oboInOwl#hasRelatedSynonym>	"primary oogonia"	<http://purl.obolibrary.org/obo/OMO_0003004>
<http://purl.obolibrary.org/obo/XAO_0005019>	<http://www.geneontology.org/formats/oboInOwl#hasRelatedSynonym>	"paired dorsal aortae"	<http://purl.obolibrary.org/obo/OMO_0003004>
<http://purl.obolibrary.org/obo/XAO_0003064>	<http://www.geneontology.org/formats/oboInOwl#hasRelatedSynonym>	"pelvis"	
<http://purl.obolibrary.org/obo/XAO_0003064>	<http://www.geneontology.org/formats/oboInOwl#hasRelatedSynonym>	"pelvis skeleton"	
<http://purl.obolibrary.org/obo/XAO_0003064>	<http://www.geneontology.org/formats/oboInOwl#hasRelatedSynonym>	"pelic skeleton"	
<http://purl.obolibrary.org/obo/XAO_0000050>	<http://www.geneontology.org/formats/oboInOwl#hasRelatedSynonym>	"mesodermal mantle"	
<http://purl.obolibrary.org/obo/XAO_0000223>	<http://www.geneontology.org/formats/oboInOwl#hasRelatedSynonym>	"auditory placode"	
<http://purl.obolibrary.org/obo/XAO_0004477>	<http://www.geneontology.org/formats/oboInOwl#hasRelatedSynonym>	"smooth muscle myocytes"	<http://purl.obolibrary.org/obo/OMO_0003004>
<http://purl.obolibrary.org/obo/XAO_0004477>	<http://www.geneontology.org/formats/oboInOwl#hasRelatedSynonym>	"smooth muscle cells"	<http://purl.obolibrary.org/obo/OMO_0003004>
<http://purl.obolibrary.org/obo/XAO_0004477>	<http://www.geneontology.org/formats/oboInOwl#hasRelatedSynonym>	"smooth muscle cell"	
<http://purl.obolibrary.org/obo/XAO_0005177>	<http://www.geneontology.org/formats/oboInOwl#hasRelatedSynonym>	"RV"	
<http://purl.obolibrary.org/obo/XAO_0003266>	<http://www.geneontology.org/formats/oboInOwl#hasRelatedSynonym>	"liver bud"	
<http://purl.obolibrary.org/obo/XAO_0005068>	<http://www.geneontology.org/formats/oboInOwl#hasRelatedSynonym>	"motor axons"	<http://purl.obolibrary.org/obo/OMO_0003004>
<http://purl.obolibrary.org/obo/XAO_0000195>	<http://www.geneontology.org/formats/oboInOwl#hasRelatedSynonym>	"utricular otolith"	
<http://purl.obolibrary.org/obo/XAO_0004434>	<http://www.geneontology.org/formats/oboInOwl#hasRelatedSynonym>	"msr"	
<http://purl.obolibrary.org/obo/XAO_0005086>	<http://www.geneontology.org/formats/oboInOwl#hasRelatedSynonym>	"V1"	
<http://purl.obolibrary.org/obo/XAO_0005100>	<http://www.geneontology.org/formats/oboInOwl#hasRelatedSynonym>	"D2.1.1"	
<http://purl.obolibrary.org/obo/XAO_0005100>	<http://www.geneontology.org/formats/oboInOwl#hasRelatedSynonym>	"D1"	
<http://purl.obolibrary.org/obo/XAO_0000048>	<http://www.geneontology.org/formats/oboInOwl#hasRelatedSynonym>	"neural crest material"	
<http://purl.obolibrary.org/obo/XAO_0006010>	<http://www.geneontology.org/formats/oboInOwl#hasRelatedSynonym>	"OS disk"	
<http://purl.obolibrary.org/obo/XAO_0006010>	<http://www.geneontology.org/formats/oboInOwl#hasRelatedSynonym>	"photoreceptor disc"	
<http://purl.obolibrary.org/obo/XAO_0006010>	<http://www.geneontology.org/formats/oboInOwl#hasRelatedSynonym>	"OS disc"	
<http://purl.obolibrary.org/obo/XAO_0006010>	<http://www.geneontology.org/formats/oboInOwl#hasRelatedSynonym>	"photoreceptor disk"	
<http://purl.obolibrary.org/obo/XAO_0006018>	<http://www.geneontology.org/formats/oboInOwl#hasRelatedSynonym>	"dorsal crescent"	
<http://purl.obolibrary.org/obo/XAO_0005501>	<http://www.geneontology.org/formats/oboInOwl#hasRelatedSynonym>	"gastrointestinal tract"	
<http://purl.obolibrary.org/obo/XAO_0005501>	<http://www.geneontology.org/formats/oboInOwl#hasRelatedSynonym>	"digestive tube"	
<http://purl.obolibrary.org/obo/XAO_0005501>	<http://www.geneontology.org/formats/oboInOwl#hasRelatedSynonym>	"enteric tract"	
<http://purl.obolibrary.org/obo/XAO_0005501>	<http://www.geneontology.org/formats/oboInOwl#hasRelatedSynonym>	"GI tract"	
<http://purl.obolibrary.org/obo/XAO_0000270>	<http://www.geneontology.org/formats/oboInOwl#hasRelatedSynonym>	"deep layer of neurectoderm"	
<http://purl.obolibrary.org/obo/XAO_0000034>	<http://www.geneontology.org/formats/oboInOwl#hasRelatedSynonym>	"frontal gland"	
<http://purl.obolibrary.org/obo/XAO_0000167>	<http://www.geneontology.org/formats/oboInOwl#hasRelatedSynonym>	"epithelial body"	
<http://purl.obolibrary.org/obo/XAO_0005316>	<http://www.geneontology.org/formats/oboInOwl#hasRelatedSynonym>	"ventronasal periocular mesenchyme"	
<http://purl.obolibrary.org/obo/XAO_0004287>	<http://www.geneontology.org/formats/oboInOwl#hasRelatedSynonym>	"centrum"	
<http://purl.obolibrary.org/obo/XAO_0000015>	<http://www.geneontology.org/formats/oboInOwl#hasRelatedSynonym>	"rhombencephalon"	
<http://purl.obolibrary.org/obo/XAO_0005106>	<http://www.geneontology.org/formats/oboInOwl#hasRelatedSynonym>	"A3"	
<http://purl.obolibrary.org/obo/XAO_0005106>	<http://www.geneontology.org/formats/oboInOwl#hasRelatedSynonym>	"V1.2.1"	
<http://purl.obolibrary.org/obo/XAO_0004224>	<http://www.geneontology.org/formats/oboInOwl#hasRelatedSynonym>	"transporting epithelia"	<http://purl.obolibrary.org/obo/OMO_0003004>
<http://purl.obolibrary.org/obo/XAO_0000439>	<http://www.geneontology.org/formats/oboInOwl#hasRelatedSynonym>	"coelom"	
<http://purl.obolibrary.org/obo/XAO_0000439>	<http://www.geneontology.org/formats/oboInOwl#hasRelatedSynonym>	"coelomic filter chamber"	
<http://purl.obolibrary.org/obo/XAO_0000332>	<http://www.geneontology.org/formats/oboInOwl#hasRelatedSynonym>	"opisthonephros"	
<http://purl.obolibrary.org/obo/XAO_0000332>	<http://www.geneontology.org/formats/oboInOwl#hasRelatedSynonym>	"proximal straight segment"	
<http://purl.obolibrary.org/obo/XAO_0004098>	<http://www.geneontology.org/formats/oboInOwl#hasRelatedSynonym>	"retinal bipolar cell"	
<http://purl.obolibrary.org/obo/XAO_0004271>	<http://www.geneontology.org/formats/oboInOwl#hasRelatedSynonym>	"tegmentum"	
<http://purl.obolibrary.org/obo/XAO_0004271>	<http://www.geneontology.org/formats/oboInOwl#hasRelatedSynonym>	"ventral midbrain"	
<http://purl.obolibrary.org/obo/XAO_0004426>	<http://www.geneontology.org/formats/oboInOwl#hasRelatedSynonym>	"mlmlp"	
<http://purl.obolibrary.org/obo/XAO_0004548>	<http://www.geneontology.org/formats/oboInOwl#hasRelatedSynonym>	"isocortex"	
<http://purl.obolibrary.org/obo/XAO_0003034>	<http://www.geneontology.org/formats/oboInOwl#hasRelatedSynonym>	"viscera"	<http://purl.obolibrary.org/obo/OMO_0003004>
<http://purl.obolibrary.org/obo/XAO_0004469>	<http://www.geneontology.org/formats/oboInOwl#hasRelatedSynonym>	"trabeculae"	<http://purl.obolibrary.org/obo/OMO_0003004>
<http://purl.obolibrary.org/obo/XAO_0004578>	<http://www.geneontology.org/formats/oboInOwl#hasRelatedSynonym>	"pallidal nuclei"	
<http://purl.obolibrary.org/obo/XAO_0004578>	<http://www.geneontology.org/formats/oboInOwl#hasRelatedSynonym>	"paleostriatum"	
<http://purl.obolibrary.org/obo/XAO_0001014>	<http://www.geneontology.org/formats/oboInOwl#hasRelatedSynonym>	"melanocyte"	
<http://purl.obolibrary.org/obo/XAO_0004025>	<http://www.geneontology.org/formats/oboInOwl#hasRelatedSynonym>	"desmoskeleton"	
<http://purl.obolibrary.org/obo/XAO_0004025>	<http://www.geneontology.org/formats/oboInOwl#hasRelatedSynonym>	"dermoskeleton"	
<http://purl.obolibrary.org/obo/XAO_0004025>	<http://www.geneontology.org/formats/oboInOwl#hasRelatedSynonym>	"exoskeleton"	
<http://purl.obolibrary.org/obo/XAO_0004025>	<http://www.geneontology.org/formats/oboInOwl#hasRelatedSynonym>	"dermal skeletal system"	
<http://purl.obolibrary.org/obo/XAO_0004521>	<http://www.geneontology.org/formats/oboInOwl#hasRelatedSynonym>	"body cavity"	
<http://purl.obolibrary.org/obo/XAO_0005195>	<http://www.geneontology.org/formats/oboInOwl#hasRelatedSynonym>	"intrinsic nervous system"	
<http://purl.obolibrary.org/obo/XAO_0004555>	<http://www.geneontology.org/formats/oboInOwl#hasRelatedSynonym>	"internal granular layer"	
<http://purl.obolibrary.org/obo/XAO_0004442>	<http://www.geneontology.org/formats/oboInOwl#hasRelatedSynonym>	"mcbIII"	
<http://purl.obolibrary.org/obo/XAO_0005243>	<http://www.geneontology.org/formats/oboInOwl#hasRelatedSynonym>	"pronephros"	
<http://purl.obolibrary.org/obo/XAO_0004535>	<http://www.geneontology.org/formats/oboInOwl#hasRelatedSynonym>	"anterior funiculus"	
<http://purl.obolibrary.org/obo/XAO_0005088>	<http://www.geneontology.org/formats/oboInOwl#hasRelatedSynonym>	"D1.1"	
<http://purl.obolibrary.org/obo/XAO_0003228>	<http://www.geneontology.org/formats/oboInOwl#hasRelatedSynonym>	"body wall muscle"	
<http://purl.obolibrary.org/obo/XAO_0005425>	<http://www.geneontology.org/formats/oboInOwl#hasRelatedSynonym>	"esophagotracheal septum"	
<http://purl.obolibrary.org/obo/XAO_0005425>	<http://www.geneontology.org/formats/oboInOwl#hasRelatedSynonym>	"tracheoesophageal septum"	
<http://purl.obolibrary.org/obo/XAO_0000472>	<http://www.geneontology.org/formats/oboInOwl#hasRelatedSynonym>	"guanophore"	
<http://purl.obolibrary.org/obo/XAO_0004374>	<http://www.geneontology.org/formats/oboInOwl#hasRelatedSynonym>	"plana hypobranchiale"	<http://purl.obolibrary.org/obo/OMO_0003004>
<http://purl.obolibrary.org/obo/XAO_0003018>	<http://www.geneontology.org/formats/oboInOwl#hasRelatedSynonym>	"primary spermatogonia"	<http://purl.obolibrary.org/obo/OMO_0003004>
<http://purl.obolibrary.org/obo/XAO_0000097>	<http://www.geneontology.org/formats/oboInOwl#hasRelatedSynonym>	"first visceral arch"	
<http://purl.obolibrary.org/obo/XAO_0000453>	<http://www.geneontology.org/formats/oboInOwl#hasRelatedSynonym>	"sixth visceral arch"	
<http://purl.obolibrary.org/obo/XAO_0004045>	<http://www.geneontology.org/formats/oboInOwl#hasRelatedSynonym>	"dental papilla"	
<http://purl.obolibrary.org/obo/XAO_0004178>	<http://www.geneontology.org/formats/oboInOwl#hasRelatedSynonym>	"DLAV - left branch"	
<http://purl.obolibrary.org/obo/XAO_0004237>	<http://www.geneontology.org/formats/oboInOwl#hasRelatedSynonym>	"LGE"	
<http://purl.obolibrary.org/obo/XAO_0000282>	<http://www.geneontology.org/formats/oboInOwl#hasRelatedSynonym>	"visceral pouches"	<http://purl.obolibrary.org/obo/OMO_0003004>
<http://purl.obolibrary.org/obo/XAO_0000089>	<http://www.geneontology.org/formats/oboInOwl#hasRelatedSynonym>	"ventral blastopore lip"	
<http://purl.obolibrary.org/obo/XAO_0000089>	<http://www.geneontology.org/formats/oboInOwl#hasRelatedSynonym>	"ventral blastopore groove"	
<http://purl.obolibrary.org/obo/XAO_0000397>	<http://www.geneontology.org/formats/oboInOwl#hasRelatedSynonym>	"sclerotomes"	<http://purl.obolibrary.org/obo/OMO_0003004>
<http://purl.obolibrary.org/obo/XAO_0004072>	<http://www.geneontology.org/formats/oboInOwl#hasRelatedSynonym>	"SC"	
<http://purl.obolibrary.org/obo/XAO_0004072>	<http://www.geneontology.org/formats/oboInOwl#hasRelatedSynonym>	"suprachiasmatic region"	
<http://purl.obolibrary.org/obo/XAO_0000165>	<http://www.geneontology.org/formats/oboInOwl#hasRelatedSynonym>	"interrenal tissue"	
<http://purl.obolibrary.org/obo/XAO_0000357>	<http://www.geneontology.org/formats/oboInOwl#hasRelatedSynonym>	"endothelium of artery"	
<http://purl.obolibrary.org/obo/XAO_0004513>	<http://www.geneontology.org/formats/oboInOwl#hasRelatedSynonym>	"foregut primordium"	
<http://purl.obolibrary.org/obo/XAO_0004515>	<http://www.geneontology.org/formats/oboInOwl#hasRelatedSynonym>	"pre-tectum"	
<http://purl.obolibrary.org/obo/XAO_0005167>	<http://www.geneontology.org/formats/oboInOwl#hasRelatedSynonym>	"epsilon cells"	<http://purl.obolibrary.org/obo/OMO_0003004>
<http://purl.obolibrary.org/obo/XAO_0005167>	<http://www.geneontology.org/formats/oboInOwl#hasRelatedSynonym>	"epsilon-cells"	<http://purl.obolibrary.org/obo/OMO_0003004>
<http://purl.obolibrary.org/obo/XAO_0005032>	<http://www.geneontology.org/formats/oboInOwl#hasRelatedSynonym>	"neural stem cells"	<http://purl.obolibrary.org/obo/OMO_0003004>
<http://purl.obolibrary.org/obo/XAO_0004303>	<http://www.geneontology.org/formats/oboInOwl#hasRelatedSynonym>	"P1"	
<http://purl.obolibrary.org/obo/XAO_0004303>	<http://www.geneontology.org/formats/oboInOwl#hasRelatedSynonym>	"prosomere 1"	
<http://purl.obolibrary.org/obo/XAO_0005104>	<http://www.geneontology.org/formats/oboInOwl#hasRelatedSynonym>	"A4"	
<http://purl.obolibrary.org/obo/XAO_0005104>	<http://www.geneontology.org/formats/oboInOwl#hasRelatedSynonym>	"V1.1.1"	
<http://purl.obolibrary.org/obo/XAO_0005090>	<http://www.geneontology.org/formats/oboInOwl#hasRelatedSynonym>	"D2.1"	
<http://purl.obolibrary.org/obo/XAO_0005025>	<http://www.geneontology.org/formats/oboInOwl#hasRelatedSynonym>	"M-phi"	
<http://purl.obolibrary.org/obo/XAO_0000179>	<http://www.geneontology.org/formats/oboInOwl#hasRelatedSynonym>	"eyes"	<http://purl.obolibrary.org/obo/OMO_0003004>
<http://purl.obolibrary.org/obo/XAO_0004496>	<http://www.geneontology.org/formats/oboInOwl#hasRelatedSynonym>	"ilia"	<http://purl.obolibrary.org/obo/OMO_0003004>
<http://purl.obolibrary.org/obo/XAO_0001020>	<http://www.geneontology.org/formats/oboInOwl#hasRelatedSynonym>	"notochordal sheath"	
<http://purl.obolibrary.org/obo/XAO_1000008>	<http://www.geneontology.org/formats/oboInOwl#hasRelatedSynonym>	"larva"	
<http://purl.obolibrary.org/obo/XAO_1000008>	<http://www.geneontology.org/formats/oboInOwl#hasRelatedSynonym>	"larval stage"	
<http://purl.obolibrary.org/obo/XAO_0003020>	<http://www.geneontology.org/formats/oboInOwl#hasRelatedSynonym>	"secondary spermatogonia"	<http://purl.obolibrary.org/obo/OMO_0003004>
<http://purl.obolibrary.org/obo/XAO_0004433>	<http://www.geneontology.org/formats/oboInOwl#hasRelatedSynonym>	"mih"	
<http://purl.obolibrary.org/obo/XAO_0004185>	<http://www.geneontology.org/formats/oboInOwl#hasRelatedSynonym>	"PHF"	
<http://purl.obolibrary.org/obo/XAO_0004185>	<http://www.geneontology.org/formats/oboInOwl#hasRelatedSynonym>	"FHF"	
<http://purl.obolibrary.org/obo/XAO_0003075>	<http://www.geneontology.org/formats/oboInOwl#hasRelatedSynonym>	"cranial skeleton"	
<http://purl.obolibrary.org/obo/XAO_0004576>	<http://www.geneontology.org/formats/oboInOwl#hasRelatedSynonym>	"diagonal band of Broca"	
<http://purl.obolibrary.org/obo/XAO_0004576>	<http://www.geneontology.org/formats/oboInOwl#hasRelatedSynonym>	"diagonal band"	
<http://purl.obolibrary.org/obo/XAO_0004404>	<http://www.geneontology.org/formats/oboInOwl#hasRelatedSynonym>	"keratinocytes"	<http://purl.obolibrary.org/obo/OMO_0003004>
<http://purl.obolibrary.org/obo/XAO_0001012>	<http://www.geneontology.org/formats/oboInOwl#hasRelatedSynonym>	"frontal organ"	
<http://purl.obolibrary.org/obo/XAO_0004392>	<http://www.geneontology.org/formats/oboInOwl#hasRelatedSynonym>	"goblet cells"	<http://purl.obolibrary.org/obo/OMO_0003004>
<http://purl.obolibrary.org/obo/XAO_0006030>	<http://www.geneontology.org/formats/oboInOwl#hasRelatedSynonym>	"megacaryocyte"	
<http://purl.obolibrary.org/obo/XAO_0006030>	<http://www.geneontology.org/formats/oboInOwl#hasRelatedSynonym>	"megalokaryocyte"	
<http://purl.obolibrary.org/obo/XAO_0003046>	<http://www.geneontology.org/formats/oboInOwl#hasRelatedSynonym>	"mesenchymal tissue"	
<http://purl.obolibrary.org/obo/XAO_0004440>	<http://www.geneontology.org/formats/oboInOwl#hasRelatedSynonym>	"mlabIV"	
<http://purl.obolibrary.org/obo/XAO_0004090>	<http://www.geneontology.org/formats/oboInOwl#hasRelatedSynonym>	"eye primordium"	
<http://purl.obolibrary.org/obo/XAO_0004090>	<http://www.geneontology.org/formats/oboInOwl#hasRelatedSynonym>	"optic primordium"	
<http://purl.obolibrary.org/obo/XAO_0003155>	<http://www.geneontology.org/formats/oboInOwl#hasRelatedSynonym>	"leukocyte"	
<http://purl.obolibrary.org/obo/XAO_0003155>	<http://www.geneontology.org/formats/oboInOwl#hasRelatedSynonym>	"white blood cell"	
<http://purl.obolibrary.org/obo/XAO_0003155>	<http://www.geneontology.org/formats/oboInOwl#hasRelatedSynonym>	"leucocyte"	
<http://purl.obolibrary.org/obo/XAO_0004483>	<http://www.geneontology.org/formats/oboInOwl#hasRelatedSynonym>	"retinal stem cells"	<http://purl.obolibrary.org/obo/OMO_0003004>
<http://purl.obolibrary.org/obo/XAO_0004507>	<http://www.geneontology.org/formats/oboInOwl#hasRelatedSynonym>	"bone cell"	
<http://purl.obolibrary.org/obo/XAO_0004142>	<http://www.geneontology.org/formats/oboInOwl#hasRelatedSynonym>	"vestibulocochlear ganglia"	<http://purl.obolibrary.org/obo/OMO_0003004>
<http://purl.obolibrary.org/obo/XAO_0000375>	<http://www.geneontology.org/formats/oboInOwl#hasRelatedSynonym>	"lymphatic vessel"	
<http://purl.obolibrary.org/obo/XAO_0004050>	<http://www.geneontology.org/formats/oboInOwl#hasRelatedSynonym>	"notochord"	
<http://purl.obolibrary.org/obo/XAO_0004439>	<http://www.geneontology.org/formats/oboInOwl#hasRelatedSynonym>	"mlabIII"	
<http://purl.obolibrary.org/obo/XAO_0006024>	<http://www.geneontology.org/formats/oboInOwl#hasRelatedSynonym>	"DC"	
<http://purl.obolibrary.org/obo/XAO_0006024>	<http://www.geneontology.org/formats/oboInOwl#hasRelatedSynonym>	"veiled cell"	
<http://purl.obolibrary.org/obo/XAO_0006024>	<http://www.geneontology.org/formats/oboInOwl#hasRelatedSynonym>	"interdigitating cell"	
<http://purl.obolibrary.org/obo/XAO_0004475>	<http://www.geneontology.org/formats/oboInOwl#hasRelatedSynonym>	"muscle cells"	<http://purl.obolibrary.org/obo/OMO_0003004>
<http://purl.obolibrary.org/obo/XAO_0004475>	<http://www.geneontology.org/formats/oboInOwl#hasRelatedSynonym>	"myocytes"	<http://purl.obolibrary.org/obo/OMO_0003004>
<http://purl.obolibrary.org/obo/XAO_0004475>	<http://www.geneontology.org/formats/oboInOwl#hasRelatedSynonym>	"muscle fiber"	
<http://purl.obolibrary.org/obo/XAO_0004475>	<http://www.geneontology.org/formats/oboInOwl#hasRelatedSynonym>	"muscle cell"	
<http://purl.obolibrary.org/obo/XAO_0005175>	<http://www.geneontology.org/formats/oboInOwl#hasRelatedSynonym>	"RD"	
<http://purl.obolibrary.org/obo/XAO_0003051>	<http://www.geneontology.org/formats/oboInOwl#hasRelatedSynonym>	"AGM region"	
<http://purl.obolibrary.org/obo/XAO_0003051>	<http://www.geneontology.org/formats/oboInOwl#hasRelatedSynonym>	"aorta-gonads-mesonephros region"	
<http://purl.obolibrary.org/obo/XAO_0000095>	<http://www.geneontology.org/formats/oboInOwl#hasRelatedSynonym>	"lateral line stitches"	
<http://purl.obolibrary.org/obo/XAO_0000095>	<http://www.geneontology.org/formats/oboInOwl#hasRelatedSynonym>	"lateral-line organs"	
<http://purl.obolibrary.org/obo/XAO_0000268>	<http://www.geneontology.org/formats/oboInOwl#hasRelatedSynonym>	"secondary oogonia"	<http://purl.obolibrary.org/obo/OMO_0003004>
<http://purl.obolibrary.org/obo/XAO_0000157>	<http://www.geneontology.org/formats/oboInOwl#hasRelatedSynonym>	"testes"	<http://purl.obolibrary.org/obo/OMO_0003004>
<http://purl.obolibrary.org/obo/XAO_0000159>	<http://www.geneontology.org/formats/oboInOwl#hasRelatedSynonym>	"endocrine pancreas"	
<http://purl.obolibrary.org/obo/XAO_0003059>	<http://www.geneontology.org/formats/oboInOwl#hasRelatedSynonym>	"cartilaginous skull"	
<http://purl.obolibrary.org/obo/XAO_0003206>	<http://www.geneontology.org/formats/oboInOwl#hasRelatedSynonym>	"podocytes"	<http://purl.obolibrary.org/obo/OMO_0003004>
<http://purl.obolibrary.org/obo/XAO_0004243>	<http://www.geneontology.org/formats/oboInOwl#hasRelatedSynonym>	"vena femoralis"	
<http://purl.obolibrary.org/obo/XAO_0000451>	<http://www.geneontology.org/formats/oboInOwl#hasRelatedSynonym>	"fifth visceral arch"	
<http://purl.obolibrary.org/obo/XAO_0000193>	<http://www.geneontology.org/formats/oboInOwl#hasRelatedSynonym>	"bony labyrinth"	
<http://purl.obolibrary.org/obo/XAO_0000075>	<http://www.geneontology.org/formats/oboInOwl#hasRelatedSynonym>	"deep involuting marginal zone"	
<http://purl.obolibrary.org/obo/XAO_0000248>	<http://www.geneontology.org/formats/oboInOwl#hasRelatedSynonym>	"median groove"	
<http://purl.obolibrary.org/obo/XAO_0000248>	<http://www.geneontology.org/formats/oboInOwl#hasRelatedSynonym>	"neural midline"	
<http://purl.obolibrary.org/obo/XAO_0005132>	<http://www.geneontology.org/formats/oboInOwl#hasRelatedSynonym>	"astrocyte endfeet"	<http://purl.obolibrary.org/obo/OMO_0003004>
<http://purl.obolibrary.org/obo/XAO_0005132>	<http://www.geneontology.org/formats/oboInOwl#hasRelatedSynonym>	"astrocyte end-feet"	<http://purl.obolibrary.org/obo/OMO_0003004>
<http://purl.obolibrary.org/obo/XAO_0000431>	<http://www.geneontology.org/formats/oboInOwl#hasRelatedSynonym>	"teeth"	<http://purl.obolibrary.org/obo/OMO_0003004>
<http://purl.obolibrary.org/obo/XAO_0004126>	<http://www.geneontology.org/formats/oboInOwl#hasRelatedSynonym>	"heart valve"	
<http://purl.obolibrary.org/obo/XAO_0000046>	<http://www.geneontology.org/formats/oboInOwl#hasRelatedSynonym>	"posterior neural plate"	
<http://purl.obolibrary.org/obo/XAO_0004270>	<http://www.geneontology.org/formats/oboInOwl#hasRelatedSynonym>	"hepato-pancreatic progenitor cells"	<http://purl.obolibrary.org/obo/OMO_0003004>
<http://purl.obolibrary.org/obo/XAO_0004278>	<http://www.geneontology.org/formats/oboInOwl#hasRelatedSynonym>	"coracoid"	
<http://purl.obolibrary.org/obo/XAO_0000006>	<http://www.geneontology.org/formats/oboInOwl#hasRelatedSynonym>	"otocyst"	
<http://purl.obolibrary.org/obo/XAO_0000006>	<http://www.geneontology.org/formats/oboInOwl#hasRelatedSynonym>	"ear vesicle"	
<http://purl.obolibrary.org/obo/XAO_0000082>	<http://www.geneontology.org/formats/oboInOwl#hasRelatedSynonym>	"circumblastoporal region"	
<http://purl.obolibrary.org/obo/XAO_0004206>	<http://www.geneontology.org/formats/oboInOwl#hasRelatedSynonym>	"anterior preplacodal ectoderm"	
<http://purl.obolibrary.org/obo/XAO_0004206>	<http://www.geneontology.org/formats/oboInOwl#hasRelatedSynonym>	"APPE"	
<http://purl.obolibrary.org/obo/XAO_0006016>	<http://www.geneontology.org/formats/oboInOwl#hasRelatedSynonym>	"peripheral liver"	
<http://purl.obolibrary.org/obo/XAO_0004540>	<http://www.geneontology.org/formats/oboInOwl#hasRelatedSynonym>	"basal ganglia"	<http://purl.obolibrary.org/obo/OMO_0003004>
<http://purl.obolibrary.org/obo/XAO_0004540>	<http://www.geneontology.org/formats/oboInOwl#hasRelatedSynonym>	"basal nuclei"	
<http://purl.obolibrary.org/obo/XAO_0004540>	<http://www.geneontology.org/formats/oboInOwl#hasRelatedSynonym>	"basal ganglia nuclei"	
<http://purl.obolibrary.org/obo/XAO_0000279>	<http://www.geneontology.org/formats/oboInOwl#hasRelatedSynonym>	"macromere"	
<http://purl.obolibrary.org/obo/XAO_0000205>	<http://www.geneontology.org/formats/oboInOwl#hasRelatedSynonym>	"chordomesoderm"	
<http://purl.obolibrary.org/obo/XAO_0000205>	<http://www.geneontology.org/formats/oboInOwl#hasRelatedSynonym>	"chordamesoderm"	
<http://purl.obolibrary.org/obo/XAO_0004249>	<http://www.geneontology.org/formats/oboInOwl#hasRelatedSynonym>	"interrenal artery"	
<http://purl.obolibrary.org/obo/XAO_0004570>	<http://www.geneontology.org/formats/oboInOwl#hasRelatedSynonym>	"hippocampus"	
<http://purl.obolibrary.org/obo/XAO_0004308>	<http://www.geneontology.org/formats/oboInOwl#hasRelatedSynonym>	"neuroglia"	<http://purl.obolibrary.org/obo/OMO_0003004>
<http://purl.obolibrary.org/obo/XAO_0004308>	<http://www.geneontology.org/formats/oboInOwl#hasRelatedSynonym>	"glia"	<http://purl.obolibrary.org/obo/OMO_0003004>
<http://purl.obolibrary.org/obo/XAO_0004308>	<http://www.geneontology.org/formats/oboInOwl#hasRelatedSynonym>	"neuroglial cells"	<http://purl.obolibrary.org/obo/OMO_0003004>
<http://purl.obolibrary.org/obo/XAO_0004308>	<http://www.geneontology.org/formats/oboInOwl#hasRelatedSynonym>	"glial cells"	<http://purl.obolibrary.org/obo/OMO_0003004>
<http://purl.obolibrary.org/obo/XAO_0000407>	<http://www.geneontology.org/formats/oboInOwl#hasRelatedSynonym>	"sixth somite"	
<http://purl.obolibrary.org/obo/XAO_0005109>	<http://www.geneontology.org/formats/oboInOwl#hasRelatedSynonym>	"C4"	
<http://purl.obolibrary.org/obo/XAO_0005109>	<http://www.geneontology.org/formats/oboInOwl#hasRelatedSynonym>	"V2.1.2"	
<http://purl.obolibrary.org/obo/XAO_0005095>	<http://www.geneontology.org/formats/oboInOwl#hasRelatedSynonym>	"V2.2"	
<http://purl.obolibrary.org/obo/XAO_0005097>	<http://www.geneontology.org/formats/oboInOwl#hasRelatedSynonym>	"D1.1.2"	
<http://purl.obolibrary.org/obo/XAO_0005097>	<http://www.geneontology.org/formats/oboInOwl#hasRelatedSynonym>	"B1"	
<http://purl.obolibrary.org/obo/XAO_0004222>	<http://www.geneontology.org/formats/oboInOwl#hasRelatedSynonym>	"intermediate lateral line placode"	
<http://purl.obolibrary.org/obo/XAO_0000295>	<http://www.geneontology.org/formats/oboInOwl#hasRelatedSynonym>	"endodermal yolk mass"	
<http://purl.obolibrary.org/obo/XAO_0000295>	<http://www.geneontology.org/formats/oboInOwl#hasRelatedSynonym>	"vegetal endodermal core"	
<http://purl.obolibrary.org/obo/XAO_0003087>	<http://www.geneontology.org/formats/oboInOwl#hasRelatedSynonym>	"palatoquadrate arch"	
<http://purl.obolibrary.org/obo/XAO_0000306>	<http://www.geneontology.org/formats/oboInOwl#hasRelatedSynonym>	"spinal cord floor"	
<http://purl.obolibrary.org/obo/XAO_0004315>	<http://www.geneontology.org/formats/oboInOwl#hasRelatedSynonym>	"perichondrial cells"	<http://purl.obolibrary.org/obo/OMO_0003004>
<http://purl.obolibrary.org/obo/XAO_0005225>	<http://www.geneontology.org/formats/oboInOwl#hasRelatedSynonym>	"ear capsule"	
<http://purl.obolibrary.org/obo/XAO_0003017>	<http://www.geneontology.org/formats/oboInOwl#hasRelatedSynonym>	"keratocyte"	
<http://purl.obolibrary.org/obo/XAO_0004445>	<http://www.geneontology.org/formats/oboInOwl#hasRelatedSynonym>	"mrc"	
<http://purl.obolibrary.org/obo/XAO_0004062>	<http://www.geneontology.org/formats/oboInOwl#hasRelatedSynonym>	"caudal fin"	
<http://purl.obolibrary.org/obo/XAO_0000198>	<http://www.geneontology.org/formats/oboInOwl#hasRelatedSynonym>	"semicircular canals"	<http://purl.obolibrary.org/obo/OMO_0003004>
<http://purl.obolibrary.org/obo/XAO_0000198>	<http://www.geneontology.org/formats/oboInOwl#hasRelatedSynonym>	"semicircular ducts"	<http://purl.obolibrary.org/obo/OMO_0003004>
<http://purl.obolibrary.org/obo/XAO_0005166>	<http://www.geneontology.org/formats/oboInOwl#hasRelatedSynonym>	"D cell"	
<http://purl.obolibrary.org/obo/XAO_0005166>	<http://www.geneontology.org/formats/oboInOwl#hasRelatedSynonym>	"type D enteroendocrine cell"	
<http://purl.obolibrary.org/obo/XAO_0005166>	<http://www.geneontology.org/formats/oboInOwl#hasRelatedSynonym>	"delta-cells"	<http://purl.obolibrary.org/obo/OMO_0003004>
<http://purl.obolibrary.org/obo/XAO_0005166>	<http://www.geneontology.org/formats/oboInOwl#hasRelatedSynonym>	"D-cell"	
<http://purl.obolibrary.org/obo/XAO_0005166>	<http://www.geneontology.org/formats/oboInOwl#hasRelatedSynonym>	"delta cells"	<http://purl.obolibrary.org/obo/OMO_0003004>
<http://purl.obolibrary.org/obo/XAO_0004437>	<http://www.geneontology.org/formats/oboInOwl#hasRelatedSynonym>	"mlabI"	
<http://purl.obolibrary.org/obo/XAO_0004181>	<http://www.geneontology.org/formats/oboInOwl#hasRelatedSynonym>	"cardiomyocytes"	<http://purl.obolibrary.org/obo/OMO_0003004>
<http://purl.obolibrary.org/obo/XAO_0004181>	<http://www.geneontology.org/formats/oboInOwl#hasRelatedSynonym>	"cardiac muscle cells"	<http://purl.obolibrary.org/obo/OMO_0003004>
<http://purl.obolibrary.org/obo/XAO_0004181>	<http://www.geneontology.org/formats/oboInOwl#hasRelatedSynonym>	"cardiomyocyte"	
<http://purl.obolibrary.org/obo/XAO_0004181>	<http://www.geneontology.org/formats/oboInOwl#hasRelatedSynonym>	"cardiac muscle cell"	
<http://purl.obolibrary.org/obo/XAO_0004181>	<http://www.geneontology.org/formats/oboInOwl#hasRelatedSynonym>	"cardiac myocytes"	<http://purl.obolibrary.org/obo/OMO_0003004>
<http://purl.obolibrary.org/obo/XAO_0004189>	<http://www.geneontology.org/formats/oboInOwl#hasRelatedSynonym>	"cardiac cushion"	
<http://purl.obolibrary.org/obo/XAO_0003226>	<http://www.geneontology.org/formats/oboInOwl#hasRelatedSynonym>	"tectum"	
<http://purl.obolibrary.org/obo/XAO_0003226>	<http://www.geneontology.org/formats/oboInOwl#hasRelatedSynonym>	"tectum opticum"	
<http://purl.obolibrary.org/obo/XAO_0003226>	<http://www.geneontology.org/formats/oboInOwl#hasRelatedSynonym>	"midbrain tectum"	
<http://purl.obolibrary.org/obo/XAO_0000092>	<http://www.geneontology.org/formats/oboInOwl#hasRelatedSynonym>	"gastrocoel"	
<http://purl.obolibrary.org/obo/XAO_0004372>	<http://www.geneontology.org/formats/oboInOwl#hasRelatedSynonym>	"parachordal cartilage"	
<http://purl.obolibrary.org/obo/XAO_0004309>	<http://www.geneontology.org/formats/oboInOwl#hasRelatedSynonym>	"postmigratory neural crest cells"	<http://purl.obolibrary.org/obo/OMO_0003004>
<http://purl.obolibrary.org/obo/XAO_0004322>	<http://www.geneontology.org/formats/oboInOwl#hasRelatedSynonym>	"head muscle"	
<http://purl.obolibrary.org/obo/XAO_0000155>	<http://www.geneontology.org/formats/oboInOwl#hasRelatedSynonym>	"male genitals"	<http://purl.obolibrary.org/obo/OMO_0003004>
<http://purl.obolibrary.org/obo/XAO_0006037>	<http://www.geneontology.org/formats/oboInOwl#hasRelatedSynonym>	"neurilemmal cell"	
<http://purl.obolibrary.org/obo/XAO_0006037>	<http://www.geneontology.org/formats/oboInOwl#hasRelatedSynonym>	"peripheral neuroglial cell"	
<http://purl.obolibrary.org/obo/XAO_0005099>	<http://www.geneontology.org/formats/oboInOwl#hasRelatedSynonym>	"D1.2.2"	
<http://purl.obolibrary.org/obo/XAO_0005099>	<http://www.geneontology.org/formats/oboInOwl#hasRelatedSynonym>	"B2"	
<http://purl.obolibrary.org/obo/XAO_0000448>	<http://www.geneontology.org/formats/oboInOwl#hasRelatedSynonym>	"external gill anlage"	
<http://purl.obolibrary.org/obo/XAO_0004276>	<http://www.geneontology.org/formats/oboInOwl#hasRelatedSynonym>	"bone"	
<http://purl.obolibrary.org/obo/XAO_0006008>	<http://www.geneontology.org/formats/oboInOwl#hasRelatedSynonym>	"green rods"	<http://purl.obolibrary.org/obo/OMO_0003004>
<http://purl.obolibrary.org/obo/XAO_0005179>	<http://www.geneontology.org/formats/oboInOwl#hasRelatedSynonym>	"MCC"	
<http://purl.obolibrary.org/obo/XAO_0000319>	<http://www.geneontology.org/formats/oboInOwl#hasRelatedSynonym>	"trunk crest"	
<http://purl.obolibrary.org/obo/XAO_0006014>	<http://www.geneontology.org/formats/oboInOwl#hasRelatedSynonym>	"thumb pad"	
<http://purl.obolibrary.org/obo/XAO_0005110>	<http://www.geneontology.org/formats/oboInOwl#hasRelatedSynonym>	"D3"	
<http://purl.obolibrary.org/obo/XAO_0005110>	<http://www.geneontology.org/formats/oboInOwl#hasRelatedSynonym>	"V2.2.1"	
<http://purl.obolibrary.org/obo/XAO_0005007>	<http://www.geneontology.org/formats/oboInOwl#hasRelatedSynonym>	"Müller glia"	<http://purl.obolibrary.org/obo/OMO_0003004>
<http://purl.obolibrary.org/obo/XAO_0000428>	<http://www.geneontology.org/formats/oboInOwl#hasRelatedSynonym>	"trigeminal ganglia"	<http://purl.obolibrary.org/obo/OMO_0003004>
<http://purl.obolibrary.org/obo/XAO_0000428>	<http://www.geneontology.org/formats/oboInOwl#hasRelatedSynonym>	"trigeminus ganglion"	
<http://purl.obolibrary.org/obo/XAO_0001002>	<http://www.geneontology.org/formats/oboInOwl#hasRelatedSynonym>	"lateral diverticula"	
<http://purl.obolibrary.org/obo/XAO_0006044>	<http://www.geneontology.org/formats/oboInOwl#hasRelatedSynonym>	"Gran"	
<http://purl.obolibrary.org/obo/XAO_0000355>	<http://www.geneontology.org/formats/oboInOwl#hasRelatedSynonym>	"systemic arch"	
<http://purl.obolibrary.org/obo/XAO_0004587>	<http://www.geneontology.org/formats/oboInOwl#hasRelatedSynonym>	"neostriatum"	
<http://purl.obolibrary.org/obo/XAO_0004587>	<http://www.geneontology.org/formats/oboInOwl#hasRelatedSynonym>	"striatal nuclei"	
<http://purl.obolibrary.org/obo/XAO_0004587>	<http://www.geneontology.org/formats/oboInOwl#hasRelatedSynonym>	"striate nucleus"	
<http://purl.obolibrary.org/obo/XAO_0005312>	<http://www.geneontology.org/formats/oboInOwl#hasRelatedSynonym>	"mesophragma"	
<http://purl.obolibrary.org/obo/XAO_0004227>	<http://www.geneontology.org/formats/oboInOwl#hasRelatedSynonym>	"dorsal brain stem"	
<http://purl.obolibrary.org/obo/XAO_0004227>	<http://www.geneontology.org/formats/oboInOwl#hasRelatedSynonym>	"tegmentum dorsale"	
<http://purl.obolibrary.org/obo/XAO_0005093>	<http://www.geneontology.org/formats/oboInOwl#hasRelatedSynonym>	"V1.2"	
<http://purl.obolibrary.org/obo/XAO_0003084>	<http://www.geneontology.org/formats/oboInOwl#hasRelatedSynonym>	"ventral mandibular arch"	
<http://purl.obolibrary.org/obo/XAO_0004429>	<http://www.geneontology.org/formats/oboInOwl#hasRelatedSynonym>	"mlme"	
<http://purl.obolibrary.org/obo/XAO_0005184>	<http://www.geneontology.org/formats/oboInOwl#hasRelatedSynonym>	"dla"	
<http://purl.obolibrary.org/obo/XAO_0004422>	<http://www.geneontology.org/formats/oboInOwl#hasRelatedSynonym>	"posterior lateral line ganglia"	<http://purl.obolibrary.org/obo/OMO_0003004>
<http://purl.obolibrary.org/obo/XAO_0004313>	<http://www.geneontology.org/formats/oboInOwl#hasRelatedSynonym>	"joint"	
<http://purl.obolibrary.org/obo/XAO_0004431>	<http://www.geneontology.org/formats/oboInOwl#hasRelatedSynonym>	"mqh"	
<http://purl.obolibrary.org/obo/XAO_0000264>	<http://www.geneontology.org/formats/oboInOwl#hasRelatedSynonym>	"pronephric bulge"	
<http://purl.obolibrary.org/obo/XAO_0000264>	<http://www.geneontology.org/formats/oboInOwl#hasRelatedSynonym>	"pronephric primordium"	
<http://purl.obolibrary.org/obo/XAO_0000264>	<http://www.geneontology.org/formats/oboInOwl#hasRelatedSynonym>	"pronephric anlage"	
<http://purl.obolibrary.org/obo/XAO_0000022>	<http://www.geneontology.org/formats/oboInOwl#hasRelatedSynonym>	"spinal cord roof"	
<http://purl.obolibrary.org/obo/XAO_0003217>	<http://www.geneontology.org/formats/oboInOwl#hasRelatedSynonym>	"pigmented epithelium"	
<http://purl.obolibrary.org/obo/XAO_0003217>	<http://www.geneontology.org/formats/oboInOwl#hasRelatedSynonym>	"pigmented retinal epithelium"	
<http://purl.obolibrary.org/obo/XAO_0000065>	<http://www.geneontology.org/formats/oboInOwl#hasRelatedSynonym>	"cardiac muscle"	
<http://purl.obolibrary.org/obo/XAO_0000373>	<http://www.geneontology.org/formats/oboInOwl#hasRelatedSynonym>	"common cardinal vein"	
<http://purl.obolibrary.org/obo/XAO_0004531>	<http://www.geneontology.org/formats/oboInOwl#hasRelatedSynonym>	"corpus amygdaloideum"	
<http://purl.obolibrary.org/obo/XAO_0003022>	<http://www.geneontology.org/formats/oboInOwl#hasRelatedSynonym>	"Rohon Beard cell"	
<http://purl.obolibrary.org/obo/XAO_0004470>	<http://www.geneontology.org/formats/oboInOwl#hasRelatedSynonym>	"trabeculae carneae"	<http://purl.obolibrary.org/obo/OMO_0003004>
<http://purl.obolibrary.org/obo/XAO_0000141>	<http://www.geneontology.org/formats/oboInOwl#hasRelatedSynonym>	"urniere"	
<http://purl.obolibrary.org/obo/XAO_0000141>	<http://www.geneontology.org/formats/oboInOwl#hasRelatedSynonym>	"mesonephros"	
<http://purl.obolibrary.org/obo/XAO_0000141>	<http://www.geneontology.org/formats/oboInOwl#hasRelatedSynonym>	"Wolffian body"	
<http://purl.obolibrary.org/obo/XAO_0000141>	<http://www.geneontology.org/formats/oboInOwl#hasRelatedSynonym>	"opisthonephros"	
<http://purl.obolibrary.org/obo/XAO_0000141>	<http://www.geneontology.org/formats/oboInOwl#hasRelatedSynonym>	"adult kidney"	
<http://purl.obolibrary.org/obo/XAO_0006022>	<http://www.geneontology.org/formats/oboInOwl#hasRelatedSynonym>	"dendritic cell precursor"	
<http://purl.obolibrary.org/obo/XAO_0000057>	<http://www.geneontology.org/formats/oboInOwl#hasRelatedSynonym>	"somitogenic mesoderm"	
<http://purl.obolibrary.org/obo/XAO_0004150>	<http://www.geneontology.org/formats/oboInOwl#hasRelatedSynonym>	"erythroid cell"	
<http://purl.obolibrary.org/obo/XAO_0004320>	<http://www.geneontology.org/formats/oboInOwl#hasRelatedSynonym>	"mesenchymal pluripotent stem cell"	
<http://purl.obolibrary.org/obo/XAO_0004320>	<http://www.geneontology.org/formats/oboInOwl#hasRelatedSynonym>	"mesenchymal stem cells"	<http://purl.obolibrary.org/obo/OMO_0003004>
<http://purl.obolibrary.org/obo/XAO_0004320>	<http://www.geneontology.org/formats/oboInOwl#hasRelatedSynonym>	"mesenchymal cell"	
<http://purl.obolibrary.org/obo/XAO_0004108>	<http://www.geneontology.org/formats/oboInOwl#hasRelatedSynonym>	"tail blastema"	
<http://purl.obolibrary.org/obo/XAO_0004518>	<http://www.geneontology.org/formats/oboInOwl#hasRelatedSynonym>	"pronephric nephron"	
<http://purl.obolibrary.org/obo/XAO_0000242>	<http://www.geneontology.org/formats/oboInOwl#hasRelatedSynonym>	"Wolffian duct"	
<http://purl.obolibrary.org/obo/XAO_0005101>	<http://www.geneontology.org/formats/oboInOwl#hasRelatedSynonym>	"C1"	
<http://purl.obolibrary.org/obo/XAO_0005101>	<http://www.geneontology.org/formats/oboInOwl#hasRelatedSynonym>	"D2.1.2"	
<http://purl.obolibrary.org/obo/XAO_0003043>	<http://www.geneontology.org/formats/oboInOwl#hasRelatedSynonym>	"primordia"	<http://purl.obolibrary.org/obo/OMO_0003004>
<http://purl.obolibrary.org/obo/XAO_0001018>	<http://www.geneontology.org/formats/oboInOwl#hasRelatedSynonym>	"rostral lymph sac"	
<http://purl.obolibrary.org/obo/XAO_0005186>	<http://www.geneontology.org/formats/oboInOwl#hasRelatedSynonym>	"pars anterior"	
<http://purl.obolibrary.org/obo/XAO_0000277>	<http://www.geneontology.org/formats/oboInOwl#hasRelatedSynonym>	"choanae"	<http://purl.obolibrary.org/obo/OMO_0003004>
<http://purl.obolibrary.org/obo/XAO_0000277>	<http://www.geneontology.org/formats/oboInOwl#hasRelatedSynonym>	"internal nares"	
<http://purl.obolibrary.org/obo/XAO_0003078>	<http://www.geneontology.org/formats/oboInOwl#hasRelatedSynonym>	"ninth vertebrae"	<http://purl.obolibrary.org/obo/OMO_0003004>
<http://purl.obolibrary.org/obo/XAO_0003078>	<http://www.geneontology.org/formats/oboInOwl#hasRelatedSynonym>	"sacral vertebrae"	<http://purl.obolibrary.org/obo/OMO_0003004>
<http://purl.obolibrary.org/obo/XAO_0000016>	<http://www.geneontology.org/formats/oboInOwl#hasRelatedSynonym>	"isthmic organizer territory"	
<http://purl.obolibrary.org/obo/XAO_0000016>	<http://www.geneontology.org/formats/oboInOwl#hasRelatedSynonym>	"isthmus"	
<http://purl.obolibrary.org/obo/XAO_0005107>	<http://www.geneontology.org/formats/oboInOwl#hasRelatedSynonym>	"B3"	
<http://purl.obolibrary.org/obo/XAO_0005107>	<http://www.geneontology.org/formats/oboInOwl#hasRelatedSynonym>	"V1.2.2"	
<http://purl.obolibrary.org/obo/XAO_0004397>	<http://www.geneontology.org/formats/oboInOwl#hasRelatedSynonym>	"apical wound epidermis"	
<http://purl.obolibrary.org/obo/XAO_0004225>	<http://www.geneontology.org/formats/oboInOwl#hasRelatedSynonym>	"intercalating non-ciliated cell"	
<http://purl.obolibrary.org/obo/XAO_0004225>	<http://www.geneontology.org/formats/oboInOwl#hasRelatedSynonym>	"non-ciliated epithelial cells"	<http://purl.obolibrary.org/obo/OMO_0003004>
<http://purl.obolibrary.org/obo/XAO_0000333>	<http://www.geneontology.org/formats/oboInOwl#hasRelatedSynonym>	"ascending limb"	
<http://purl.obolibrary.org/obo/XAO_0000333>	<http://www.geneontology.org/formats/oboInOwl#hasRelatedSynonym>	"straight distal segment"	
<http://purl.obolibrary.org/obo/XAO_0000175>	<http://www.geneontology.org/formats/oboInOwl#hasRelatedSynonym>	"visceral muscle"	
<http://purl.obolibrary.org/obo/XAO_0005309>	<http://www.geneontology.org/formats/oboInOwl#hasRelatedSynonym>	"nerve of head region"	
<http://purl.obolibrary.org/obo/XAO_0005309>	<http://www.geneontology.org/formats/oboInOwl#hasRelatedSynonym>	"head nerve"	
<http://purl.obolibrary.org/obo/XAO_0004381>	<http://www.geneontology.org/formats/oboInOwl#hasRelatedSynonym>	"trabeculae cranii"	<http://purl.obolibrary.org/obo/OMO_0003004>
<http://purl.obolibrary.org/obo/XAO_0004427>	<http://www.geneontology.org/formats/oboInOwl#hasRelatedSynonym>	"mlmls"	
<http://purl.obolibrary.org/obo/XAO_0004389>	<http://www.geneontology.org/formats/oboInOwl#hasRelatedSynonym>	"oculomotor nucleus"	
<http://purl.obolibrary.org/obo/XAO_0005089>	<http://www.geneontology.org/formats/oboInOwl#hasRelatedSynonym>	"D1.2"	
<http://purl.obolibrary.org/obo/XAO_0005031>	<http://www.geneontology.org/formats/oboInOwl#hasRelatedSynonym>	"radial glia"	<http://purl.obolibrary.org/obo/OMO_0003004>
<http://purl.obolibrary.org/obo/XAO_0001015>	<http://www.geneontology.org/formats/oboInOwl#hasRelatedSynonym>	"rectal diverticula"	<http://purl.obolibrary.org/obo/OMO_0003004>
<http://purl.obolibrary.org/obo/XAO_0004522>	<http://www.geneontology.org/formats/oboInOwl#hasRelatedSynonym>	"premigratory neural crest cells"	<http://purl.obolibrary.org/obo/OMO_0003004>
<http://purl.obolibrary.org/obo/XAO_0005196>	<http://www.geneontology.org/formats/oboInOwl#hasRelatedSynonym>	"neutrocyte"	
<http://purl.obolibrary.org/obo/XAO_0004443>	<http://www.geneontology.org/formats/oboInOwl#hasRelatedSynonym>	"mcbIV"	
<http://purl.obolibrary.org/obo/XAO_0004102>	<http://www.geneontology.org/formats/oboInOwl#hasRelatedSynonym>	"anterior neural plate border"	
<http://purl.obolibrary.org/obo/XAO_0005244>	<http://www.geneontology.org/formats/oboInOwl#hasRelatedSynonym>	"mesonephros"	
<http://purl.obolibrary.org/obo/XAO_0004490>	<http://www.geneontology.org/formats/oboInOwl#hasRelatedSynonym>	"presumptive forelimb autopodium"	
<http://purl.obolibrary.org/obo/XAO_0000297>	<http://www.geneontology.org/formats/oboInOwl#hasRelatedSynonym>	"animal hemisphere"	
<http://purl.obolibrary.org/obo/XAO_0000063>	<http://www.geneontology.org/formats/oboInOwl#hasRelatedSynonym>	"common tubule"	
<http://purl.obolibrary.org/obo/XAO_0000063>	<http://www.geneontology.org/formats/oboInOwl#hasRelatedSynonym>	"connecting tubule"	
<http://purl.obolibrary.org/obo/XAO_0004498>	<http://www.geneontology.org/formats/oboInOwl#hasRelatedSynonym>	"pubes"	<http://purl.obolibrary.org/obo/OMO_0003004>
<http://purl.obolibrary.org/obo/XAO_0000196>	<http://www.geneontology.org/formats/oboInOwl#hasRelatedSynonym>	"saccule"	
<http://purl.obolibrary.org/obo/XAO_0005164>	<http://www.geneontology.org/formats/oboInOwl#hasRelatedSynonym>	"alpha cells"	<http://purl.obolibrary.org/obo/OMO_0003004>
<http://purl.obolibrary.org/obo/XAO_0005164>	<http://www.geneontology.org/formats/oboInOwl#hasRelatedSynonym>	"pancreatic A cell"	
<http://purl.obolibrary.org/obo/XAO_0005164>	<http://www.geneontology.org/formats/oboInOwl#hasRelatedSynonym>	"alpha-cells"	<http://purl.obolibrary.org/obo/OMO_0003004>
<http://purl.obolibrary.org/obo/XAO_0004435>	<http://www.geneontology.org/formats/oboInOwl#hasRelatedSynonym>	"mta"	
<http://purl.obolibrary.org/obo/XAO_0000146>	<http://www.geneontology.org/formats/oboInOwl#hasRelatedSynonym>	"renal corpuscle"	
<http://purl.obolibrary.org/obo/XAO_0002000>	<http://www.geneontology.org/formats/oboInOwl#hasRelatedSynonym>	"vorniere"	
<http://purl.obolibrary.org/obo/XAO_0002000>	<http://www.geneontology.org/formats/oboInOwl#hasRelatedSynonym>	"pronephros"	
<http://purl.obolibrary.org/obo/XAO_0002000>	<http://www.geneontology.org/formats/oboInOwl#hasRelatedSynonym>	"head kidney"	
<http://purl.obolibrary.org/obo/XAO_0000440>	<http://www.geneontology.org/formats/oboInOwl#hasRelatedSynonym>	"lateral line placodes"	<http://purl.obolibrary.org/obo/OMO_0003004>
<http://purl.obolibrary.org/obo/XAO_0000228>	<http://www.geneontology.org/formats/oboInOwl#hasRelatedSynonym>	"optic cup"	
<http://purl.obolibrary.org/obo/XAO_0000228>	<http://www.geneontology.org/formats/oboInOwl#hasRelatedSynonym>	"eye vesicle"	
<http://purl.obolibrary.org/obo/XAO_0000090>	<http://www.geneontology.org/formats/oboInOwl#hasRelatedSynonym>	"entoderm"	
<http://purl.obolibrary.org/obo/XAO_0004375>	<http://www.geneontology.org/formats/oboInOwl#hasRelatedSynonym>	"trabecular plate"	
<http://purl.obolibrary.org/obo/XAO_0004375>	<http://www.geneontology.org/formats/oboInOwl#hasRelatedSynonym>	"ethmoid plate"	
<http://purl.obolibrary.org/obo/XAO_0004375>	<http://www.geneontology.org/formats/oboInOwl#hasRelatedSynonym>	"planum ethmoidale"	
<http://purl.obolibrary.org/obo/XAO_0000125>	<http://www.geneontology.org/formats/oboInOwl#hasRelatedSynonym>	"gut"	
<http://purl.obolibrary.org/obo/XAO_0000125>	<http://www.geneontology.org/formats/oboInOwl#hasRelatedSynonym>	"digestive system"	
<http://purl.obolibrary.org/obo/XAO_0000098>	<http://www.geneontology.org/formats/oboInOwl#hasRelatedSynonym>	"second visceral arch"	
<http://purl.obolibrary.org/obo/XAO_0006019>	<http://www.geneontology.org/formats/oboInOwl#hasRelatedSynonym>	"MVB"	
<http://purl.obolibrary.org/obo/XAO_0005502>	<http://www.geneontology.org/formats/oboInOwl#hasRelatedSynonym>	"primary axis"	
<http://purl.obolibrary.org/obo/XAO_0000111>	<http://www.geneontology.org/formats/oboInOwl#hasRelatedSynonym>	"germ line cell"	
<http://purl.obolibrary.org/obo/XAO_0000111>	<http://www.geneontology.org/formats/oboInOwl#hasRelatedSynonym>	"germ line cells"	<http://purl.obolibrary.org/obo/OMO_0003004>
<http://purl.obolibrary.org/obo/XAO_0004514>	<http://www.geneontology.org/formats/oboInOwl#hasRelatedSynonym>	"pre-tectum"	
<http://purl.obolibrary.org/obo/XAO_0000244>	<http://www.geneontology.org/formats/oboInOwl#hasRelatedSynonym>	"vent"	
<http://purl.obolibrary.org/obo/XAO_0000244>	<http://www.geneontology.org/formats/oboInOwl#hasRelatedSynonym>	"cloacal chamber"	
<http://purl.obolibrary.org/obo/XAO_0006026>	<http://www.geneontology.org/formats/oboInOwl#hasRelatedSynonym>	"common lymphoid progenitor"	
<http://purl.obolibrary.org/obo/XAO_0006026>	<http://www.geneontology.org/formats/oboInOwl#hasRelatedSynonym>	"lymphoid stem cell"	
<http://purl.obolibrary.org/obo/XAO_0006026>	<http://www.geneontology.org/formats/oboInOwl#hasRelatedSynonym>	"CLP"	
<http://purl.obolibrary.org/obo/XAO_0000042>	<http://www.geneontology.org/formats/oboInOwl#hasRelatedSynonym>	"presumptive central nervous system"	
<http://purl.obolibrary.org/obo/XAO_0000042>	<http://www.geneontology.org/formats/oboInOwl#hasRelatedSynonym>	"neural ectoderm"	
<http://purl.obolibrary.org/obo/XAO_0004500>	<http://www.geneontology.org/formats/oboInOwl#hasRelatedSynonym>	"ribs"	<http://purl.obolibrary.org/obo/OMO_0003004>
<http://purl.obolibrary.org/obo/XAO_0005174>	<http://www.geneontology.org/formats/oboInOwl#hasRelatedSynonym>	"LD"	
<http://purl.obolibrary.org/obo/XAO_0004530>	<http://www.geneontology.org/formats/oboInOwl#hasRelatedSynonym>	"anterior olfactory bulb"	
<http://purl.obolibrary.org/obo/XAO_0005084>	<http://www.geneontology.org/formats/oboInOwl#hasRelatedSynonym>	"D1"	
<http://purl.obolibrary.org/obo/XAO_0000166>	<http://www.geneontology.org/formats/oboInOwl#hasRelatedSynonym>	"chromaffin cells"	
<http://purl.obolibrary.org/obo/XAO_0004585>	<http://www.geneontology.org/formats/oboInOwl#hasRelatedSynonym>	"Se"	
<http://purl.obolibrary.org/obo/XAO_0003076>	<http://www.geneontology.org/formats/oboInOwl#hasRelatedSynonym>	"first vertebrae"	<http://purl.obolibrary.org/obo/OMO_0003004>
<http://purl.obolibrary.org/obo/XAO_0000122>	<http://www.geneontology.org/formats/oboInOwl#hasRelatedSynonym>	"hematopoietic system"	
<http://purl.obolibrary.org/obo/XAO_0004304>	<http://www.geneontology.org/formats/oboInOwl#hasRelatedSynonym>	"ventral thalamus"	
<http://purl.obolibrary.org/obo/XAO_0004304>	<http://www.geneontology.org/formats/oboInOwl#hasRelatedSynonym>	"subthalamus"	
<http://purl.obolibrary.org/obo/XAO_0004304>	<http://www.geneontology.org/formats/oboInOwl#hasRelatedSynonym>	"prosomere 3"	
<http://purl.obolibrary.org/obo/XAO_0004304>	<http://www.geneontology.org/formats/oboInOwl#hasRelatedSynonym>	"P3"	
<http://purl.obolibrary.org/obo/XAO_0005105>	<http://www.geneontology.org/formats/oboInOwl#hasRelatedSynonym>	"V1.1.2"	
<http://purl.obolibrary.org/obo/XAO_0005105>	<http://www.geneontology.org/formats/oboInOwl#hasRelatedSynonym>	"B4"	
<http://purl.obolibrary.org/obo/XAO_0006031>	<http://www.geneontology.org/formats/oboInOwl#hasRelatedSynonym>	"hepatic macrophage"	
<http://purl.obolibrary.org/obo/XAO_0004605>	<http://www.geneontology.org/formats/oboInOwl#hasRelatedSynonym>	"mammillar area"	
<http://purl.obolibrary.org/obo/XAO_0005091>	<http://www.geneontology.org/formats/oboInOwl#hasRelatedSynonym>	"D2.2"	
<http://purl.obolibrary.org/obo/XAO_0004484>	<http://www.geneontology.org/formats/oboInOwl#hasRelatedSynonym>	"retinal progenitor cells"	<http://purl.obolibrary.org/obo/OMO_0003004>
<http://purl.obolibrary.org/obo/XAO_0000474>	<http://www.geneontology.org/formats/oboInOwl#hasRelatedSynonym>	"ventral choroidal fissure"	
<http://purl.obolibrary.org/obo/XAO_0000474>	<http://www.geneontology.org/formats/oboInOwl#hasRelatedSynonym>	"optic fissure"	
<http://purl.obolibrary.org/obo/XAO_0004051>	<http://www.geneontology.org/formats/oboInOwl#hasRelatedSynonym>	"dental tissue"	
<http://purl.obolibrary.org/obo/XAO_0003149>	<http://www.geneontology.org/formats/oboInOwl#hasRelatedSynonym>	"primitive germ cell"	
<http://purl.obolibrary.org/obo/XAO_0004186>	<http://www.geneontology.org/formats/oboInOwl#hasRelatedSynonym>	"SHF"	
<http://purl.obolibrary.org/obo/XAO_0004612>	<http://www.geneontology.org/formats/oboInOwl#hasRelatedSynonym>	"scattered secretory epithelial cell"	
<http://purl.obolibrary.org/obo/XAO_0003063>	<http://www.geneontology.org/formats/oboInOwl#hasRelatedSynonym>	"shoulder girdle"	
<http://purl.obolibrary.org/obo/XAO_0004405>	<http://www.geneontology.org/formats/oboInOwl#hasRelatedSynonym>	"Leydig gland cell"	
<http://purl.obolibrary.org/obo/XAO_0004405>	<http://www.geneontology.org/formats/oboInOwl#hasRelatedSynonym>	"Leydig cells"	<http://purl.obolibrary.org/obo/OMO_0003004>
<http://purl.obolibrary.org/obo/XAO_0003013>	<http://www.geneontology.org/formats/oboInOwl#hasRelatedSynonym>	"body part"	
<http://purl.obolibrary.org/obo/XAO_0004441>	<http://www.geneontology.org/formats/oboInOwl#hasRelatedSynonym>	"mcbII"	
<http://purl.obolibrary.org/obo/XAO_0000029>	<http://www.geneontology.org/formats/oboInOwl#hasRelatedSynonym>	"epidermis epithelial layer"	
<http://purl.obolibrary.org/obo/XAO_0000029>	<http://www.geneontology.org/formats/oboInOwl#hasRelatedSynonym>	"periderm"	
<http://purl.obolibrary.org/obo/XAO_0000392>	<http://www.geneontology.org/formats/oboInOwl#hasRelatedSynonym>	"portal vein"	
<http://purl.obolibrary.org/obo/XAO_0003156>	<http://www.geneontology.org/formats/oboInOwl#hasRelatedSynonym>	"NK"	
<http://purl.obolibrary.org/obo/XAO_0003156>	<http://www.geneontology.org/formats/oboInOwl#hasRelatedSynonym>	"natural killer T cell"	
<http://purl.obolibrary.org/obo/XAO_0003156>	<http://www.geneontology.org/formats/oboInOwl#hasRelatedSynonym>	"NK cell"	
<http://purl.obolibrary.org/obo/XAO_0000337>	<http://www.geneontology.org/formats/oboInOwl#hasRelatedSynonym>	"heart tube"	
<http://purl.obolibrary.org/obo/XAO_0003215>	<http://www.geneontology.org/formats/oboInOwl#hasRelatedSynonym>	"retinal photoreceptor layer"	
<http://purl.obolibrary.org/obo/XAO_0003095>	<http://www.geneontology.org/formats/oboInOwl#hasRelatedSynonym>	"auditory nerve"	
<http://purl.obolibrary.org/obo/XAO_0004016>	<http://www.geneontology.org/formats/oboInOwl#hasRelatedSynonym>	"replacement element"	
<http://purl.obolibrary.org/obo/XAO_0005193>	<http://www.geneontology.org/formats/oboInOwl#hasRelatedSynonym>	"lateral nasal swelling"	
<http://purl.obolibrary.org/obo/XAO_0004046>	<http://www.geneontology.org/formats/oboInOwl#hasRelatedSynonym>	"dental tissue"	
<http://purl.obolibrary.org/obo/XAO_0006025>	<http://www.geneontology.org/formats/oboInOwl#hasRelatedSynonym>	"FDC"	
<http://purl.obolibrary.org/obo/XAO_0005085>	<http://www.geneontology.org/formats/oboInOwl#hasRelatedSynonym>	"D2"	
<http://purl.obolibrary.org/obo/XAO_0000323>	<http://www.geneontology.org/formats/oboInOwl#hasRelatedSynonym>	"profundus ganglia"	<http://purl.obolibrary.org/obo/OMO_0003004>
<http://purl.obolibrary.org/obo/XAO_0000323>	<http://www.geneontology.org/formats/oboInOwl#hasRelatedSynonym>	"cranial ganglion"	
<http://purl.obolibrary.org/obo/XAO_0000041>	<http://www.geneontology.org/formats/oboInOwl#hasRelatedSynonym>	"epidermis sensorial layer"	
<http://purl.obolibrary.org/obo/XAO_0000041>	<http://www.geneontology.org/formats/oboInOwl#hasRelatedSynonym>	"stratum germinativum"	
<http://purl.obolibrary.org/obo/XAO_0004476>	<http://www.geneontology.org/formats/oboInOwl#hasRelatedSynonym>	"skeletal myocytes"	<http://purl.obolibrary.org/obo/OMO_0003004>
<http://purl.obolibrary.org/obo/XAO_0004476>	<http://www.geneontology.org/formats/oboInOwl#hasRelatedSynonym>	"skeletal muscle cells"	<http://purl.obolibrary.org/obo/OMO_0003004>
<http://purl.obolibrary.org/obo/XAO_0004476>	<http://www.geneontology.org/formats/oboInOwl#hasRelatedSynonym>	"skeletal muscle cell"	
<http://purl.obolibrary.org/obo/XAO_0005176>	<http://www.geneontology.org/formats/oboInOwl#hasRelatedSynonym>	"LV"	
<http://purl.obolibrary.org/obo/XAO_0000096>	<http://www.geneontology.org/formats/oboInOwl#hasRelatedSynonym>	"visceral arch"	
<http://purl.obolibrary.org/obo/XAO_0000096>	<http://www.geneontology.org/formats/oboInOwl#hasRelatedSynonym>	"pharyngeal arches"	<http://purl.obolibrary.org/obo/OMO_0003004>
<http://purl.obolibrary.org/obo/XAO_0000151>	<http://www.geneontology.org/formats/oboInOwl#hasRelatedSynonym>	"collecting duct"	
<http://purl.obolibrary.org/obo/XAO_0000160>	<http://www.geneontology.org/formats/oboInOwl#hasRelatedSynonym>	"epiphysis"	
<http://purl.obolibrary.org/obo/XAO_0000160>	<http://www.geneontology.org/formats/oboInOwl#hasRelatedSynonym>	"pineal organ"	
<http://purl.obolibrary.org/obo/XAO_0000076>	<http://www.geneontology.org/formats/oboInOwl#hasRelatedSynonym>	"involuting superfical mesdoderm"	
<http://purl.obolibrary.org/obo/XAO_0000076>	<http://www.geneontology.org/formats/oboInOwl#hasRelatedSynonym>	"superficial involuting marginal zone"	
<http://purl.obolibrary.org/obo/XAO_0000076>	<http://www.geneontology.org/formats/oboInOwl#hasRelatedSynonym>	"superficial mesoderm"	
<http://purl.obolibrary.org/obo/XAO_0000076>	<http://www.geneontology.org/formats/oboInOwl#hasRelatedSynonym>	"SM"	
<http://purl.obolibrary.org/obo/XAO_0005168>	<http://www.geneontology.org/formats/oboInOwl#hasRelatedSynonym>	"pp-cell"	
<http://purl.obolibrary.org/obo/XAO_0005168>	<http://www.geneontology.org/formats/oboInOwl#hasRelatedSynonym>	"PP cell"	
<http://purl.obolibrary.org/obo/XAO_0000240>	<http://www.geneontology.org/formats/oboInOwl#hasRelatedSynonym>	"lens primordium"	
<http://purl.obolibrary.org/obo/XAO_1000029>	<http://www.geneontology.org/formats/oboInOwl#hasRelatedSynonym>	"morula"	
<http://purl.obolibrary.org/obo/XAO_0004085>	<http://www.geneontology.org/formats/oboInOwl#hasRelatedSynonym>	"proton-secreting cell"	
<http://purl.obolibrary.org/obo/XAO_0004085>	<http://www.geneontology.org/formats/oboInOwl#hasRelatedSynonym>	"PSC"	
<http://purl.obolibrary.org/obo/XAO_0004085>	<http://www.geneontology.org/formats/oboInOwl#hasRelatedSynonym>	"FORE cell"	
<http://purl.obolibrary.org/obo/XAO_0005096>	<http://www.geneontology.org/formats/oboInOwl#hasRelatedSynonym>	"D1.1.1"	
<http://purl.obolibrary.org/obo/XAO_0005096>	<http://www.geneontology.org/formats/oboInOwl#hasRelatedSynonym>	"A1"	
<http://purl.obolibrary.org/obo/XAO_0004097>	<http://www.geneontology.org/formats/oboInOwl#hasRelatedSynonym>	"horizontal neuron"	
<http://purl.obolibrary.org/obo/XAO_0004497>	<http://www.geneontology.org/formats/oboInOwl#hasRelatedSynonym>	"ischia"	<http://purl.obolibrary.org/obo/OMO_0003004>
<http://purl.obolibrary.org/obo/XAO_0004207>	<http://www.geneontology.org/formats/oboInOwl#hasRelatedSynonym>	"posterior preplacodal ectoderm"	
<http://purl.obolibrary.org/obo/XAO_0004207>	<http://www.geneontology.org/formats/oboInOwl#hasRelatedSynonym>	"PPPE"	
<http://purl.obolibrary.org/obo/XAO_0000315>	<http://www.geneontology.org/formats/oboInOwl#hasRelatedSynonym>	"myotomes"	<http://purl.obolibrary.org/obo/OMO_0003004>
<http://purl.obolibrary.org/obo/XAO_0004583>	<http://www.geneontology.org/formats/oboInOwl#hasRelatedSynonym>	"preoptic nuclei"	
<http://purl.obolibrary.org/obo/XAO_0004583>	<http://www.geneontology.org/formats/oboInOwl#hasRelatedSynonym>	"preoptic region"	
<http://purl.obolibrary.org/obo/XAO_0004583>	<http://www.geneontology.org/formats/oboInOwl#hasRelatedSynonym>	"anterior preoptic area"	
<http://purl.obolibrary.org/obo/XAO_0000014>	<http://www.geneontology.org/formats/oboInOwl#hasRelatedSynonym>	"mesencephalon"	
<http://purl.obolibrary.org/obo/XAO_0004223>	<http://www.geneontology.org/formats/oboInOwl#hasRelatedSynonym>	"vagus lateral line placode"	
<http://purl.obolibrary.org/obo/XAO_0004563>	<http://www.geneontology.org/formats/oboInOwl#hasRelatedSynonym>	"olfactory cortex"	
<http://purl.obolibrary.org/obo/XAO_0005317>	<http://www.geneontology.org/formats/oboInOwl#hasNarrowSynonym>	"neurite"	
<http://purl.obolibrary.org/obo/XAO_0005019>	<http://www.geneontology.org/formats/oboInOwl#hasNarrowSynonym>	"left dorsal aorta"	
<http://purl.obolibrary.org/obo/XAO_0005019>	<http://www.geneontology.org/formats/oboInOwl#hasNarrowSynonym>	"right dorsal aorta"	
<http://purl.obolibrary.org/obo/XAO_0005312>	<http://www.geneontology.org/formats/oboInOwl#hasNarrowSynonym>	"M line"	
<http://purl.obolibrary.org/obo/XAO_0000227>	<http://www.geneontology.org/formats/oboInOwl#hasBroadSynonym>	"eye"	
<http://purl.obolibrary.org/obo/XAO_0004609>	<http://www.geneontology.org/formats/oboInOwl#hasBroadSynonym>	"nucleus"	
<http://purl.obolibrary.org/obo/XAO_0005191>	<http://www.geneontology.org/formats/oboInOwl#hasBroadSynonym>	"ethmoid"	
<http://purl.obolibrary.org/obo/XAO_0000088>	<http://www.geneontology.org/formats/oboInOwl#hasBroadSynonym>	"organizer"	
<http://purl.obolibrary.org/obo/XAO_0000088>	<http://www.geneontology.org/formats/oboInOwl#hasBroadSynonym>	"Spemann organizer"	
<http://purl.obolibrary.org/obo/XAO_0000327>	<http://www.geneontology.org/formats/oboInOwl#hasBroadSynonym>	"spleen"	
<http://purl.obolibrary.org/obo/XAO_0000336>	<http://www.geneontology.org/formats/oboInOwl#hasBroadSynonym>	"heart"	
<http://purl.obolibrary.org/obo/XAO_0006009>	<http://www.geneontology.org/formats/oboInOwl#hasBroadSynonym>	"OS"	
<http://purl.obolibrary.org/obo/XAO_0000120>	<http://www.geneontology.org/formats/oboInOwl#hasBroadSynonym>	"gill"	
<http://purl.obolibrary.org/obo/XAO_0005060>	<http://www.geneontology.org/formats/oboInOwl#hasBroadSynonym>	"mesangial cell"	
<http://purl.obolibrary.org/obo/XAO_0005060>	<http://www.geneontology.org/formats/oboInOwl#hasBroadSynonym>	"mesangial-like cell"	
<http://purl.obolibrary.org/obo/XAO_0005078>	<http://www.geneontology.org/formats/oboInOwl#hasBroadSynonym>	"dorsomedial edge"	
<http://purl.obolibrary.org/obo/XAO_0000031>	<http://www.geneontology.org/formats/oboInOwl#hasBroadSynonym>	"ciliated cell"	
<http://purl.obolibrary.org/obo/XAO_0000243>	<http://www.geneontology.org/formats/oboInOwl#hasBroadSynonym>	"hindgut"	
<http://purl.obolibrary.org/obo/XAO_0005029>	<http://www.geneontology.org/formats/oboInOwl#hasBroadSynonym>	"neuropil"	
<http://purl.obolibrary.org/obo/XAO_0005144>	<http://www.geneontology.org/formats/oboInOwl#hasBroadSynonym>	"footplate"	
<http://purl.obolibrary.org/obo/XAO_0005043>	<http://www.geneontology.org/formats/oboInOwl#hasBroadSynonym>	"satellite cell"	
<http://purl.obolibrary.org/obo/XAO_0005074>	<http://www.geneontology.org/formats/oboInOwl#hasBroadSynonym>	"seromucous gland"	
<http://purl.obolibrary.org/obo/XAO_0004109>	<http://www.geneontology.org/formats/oboInOwl#hasBroadSynonym>	"eye"	
<http://purl.obolibrary.org/obo/XAO_0000229>	<http://www.geneontology.org/formats/oboInOwl#hasBroadSynonym>	"coelomic envelope"	
<http://purl.obolibrary.org/obo/XAO_0000189>	<http://www.geneontology.org/formats/oboInOwl#hasBroadSynonym>	"ear"	
<http://purl.obolibrary.org/obo/XAO_0005141>	<http://www.geneontology.org/formats/oboInOwl#hasBroadSynonym>	"pars externa"	
<http://purl.obolibrary.org/obo/XAO_0005072>	<http://www.geneontology.org/formats/oboInOwl#hasBroadSynonym>	"mucous gland"	
<http://purl.obolibrary.org/obo/XAO_0004144>	<http://www.geneontology.org/formats/oboInOwl#hasBroadSynonym>	"blood island"	
<http://purl.obolibrary.org/obo/XAO_0000223>	<http://www.geneontology.org/formats/oboInOwl#hasBroadSynonym>	"ear"	
<http://purl.obolibrary.org/obo/XAO_0003266>	<http://www.geneontology.org/formats/oboInOwl#hasBroadSynonym>	"liver"	
<http://purl.obolibrary.org/obo/XAO_0004107>	<http://www.geneontology.org/formats/oboInOwl#hasBroadSynonym>	"hindlimb"	
<http://purl.obolibrary.org/obo/XAO_0004107>	<http://www.geneontology.org/formats/oboInOwl#hasBroadSynonym>	"hind limb"	
<http://purl.obolibrary.org/obo/XAO_0005021>	<http://www.geneontology.org/formats/oboInOwl#hasBroadSynonym>	"interstitial cell"	
<http://purl.obolibrary.org/obo/XAO_0006034>	<http://www.geneontology.org/formats/oboInOwl#hasBroadSynonym>	"monopoietic cell"	
<http://purl.obolibrary.org/obo/XAO_0001101>	<http://www.geneontology.org/formats/oboInOwl#hasBroadSynonym>	"pancreas"	
<http://purl.obolibrary.org/obo/XAO_0005070>	<http://www.geneontology.org/formats/oboInOwl#hasBroadSynonym>	"sulcus limitans"	
<http://purl.obolibrary.org/obo/XAO_0005030>	<http://www.geneontology.org/formats/oboInOwl#hasBroadSynonym>	"cell body layer"	
<http://purl.obolibrary.org/obo/XAO_0000235>	<http://www.geneontology.org/formats/oboInOwl#hasBroadSynonym>	"heart"	
<http://purl.obolibrary.org/obo/XAO_0003004>	<http://www.geneontology.org/formats/oboInOwl#hasBroadSynonym>	"ubiquitous"	
<http://purl.obolibrary.org/obo/XAO_0004106>	<http://www.geneontology.org/formats/oboInOwl#hasBroadSynonym>	"forelimb"	
<http://purl.obolibrary.org/obo/XAO_0000028>	<http://www.geneontology.org/formats/oboInOwl#hasBroadSynonym>	"skin"	
<http://purl.obolibrary.org/obo/XAO_0005079>	<http://www.geneontology.org/formats/oboInOwl#hasBroadSynonym>	"ventrolateral edge"	
<http://purl.obolibrary.org/obo/XAO_0003155>	<http://www.geneontology.org/formats/oboInOwl#hasBroadSynonym>	"immune cell"	
<http://purl.obolibrary.org/obo/XAO_0000444>	<http://www.geneontology.org/formats/oboInOwl#hasBroadSynonym>	"thyroid"	
<http://purl.obolibrary.org/obo/XAO_0003051>	<http://www.geneontology.org/formats/oboInOwl#hasBroadSynonym>	"dorsal lateral plate region"	
<http://purl.obolibrary.org/obo/XAO_0000431>	<http://www.geneontology.org/formats/oboInOwl#hasBroadSynonym>	"dentition"	
<http://purl.obolibrary.org/obo/XAO_0000006>	<http://www.geneontology.org/formats/oboInOwl#hasBroadSynonym>	"ear"	
<http://purl.obolibrary.org/obo/XAO_0004602>	<http://www.geneontology.org/formats/oboInOwl#hasBroadSynonym>	"ventricle"	
<http://purl.obolibrary.org/obo/XAO_0005023>	<http://www.geneontology.org/formats/oboInOwl#hasBroadSynonym>	"poison gland"	
<http://purl.obolibrary.org/obo/XAO_0004616>	<http://www.geneontology.org/formats/oboInOwl#hasBroadSynonym>	"ventricular zone"	
<http://purl.obolibrary.org/obo/XAO_0005036>	<http://www.geneontology.org/formats/oboInOwl#hasBroadSynonym>	"calcified dermal layer"	
<http://purl.obolibrary.org/obo/XAO_0000448>	<http://www.geneontology.org/formats/oboInOwl#hasBroadSynonym>	"gill"	
<http://purl.obolibrary.org/obo/XAO_0001002>	<http://www.geneontology.org/formats/oboInOwl#hasBroadSynonym>	"lung"	
<http://purl.obolibrary.org/obo/XAO_0000326>	<http://www.geneontology.org/formats/oboInOwl#hasBroadSynonym>	"spleen"	
<http://purl.obolibrary.org/obo/XAO_0005028>	<http://www.geneontology.org/formats/oboInOwl#hasBroadSynonym>	"ventricular layer"	
<http://purl.obolibrary.org/obo/XAO_0004108>	<http://www.geneontology.org/formats/oboInOwl#hasBroadSynonym>	"tail"	
<http://purl.obolibrary.org/obo/XAO_0000049>	<http://www.geneontology.org/formats/oboInOwl#hasBroadSynonym>	"cement gland"	
<http://purl.obolibrary.org/obo/XAO_0005143>	<http://www.geneontology.org/formats/oboInOwl#hasBroadSynonym>	"pars interna"	
<http://purl.obolibrary.org/obo/XAO_0000440>	<http://www.geneontology.org/formats/oboInOwl#hasBroadSynonym>	"lateral line"	
<http://purl.obolibrary.org/obo/XAO_0000228>	<http://www.geneontology.org/formats/oboInOwl#hasBroadSynonym>	"eye"	
<http://purl.obolibrary.org/obo/XAO_0001102>	<http://www.geneontology.org/formats/oboInOwl#hasBroadSynonym>	"pancreas"	
<http://purl.obolibrary.org/obo/XAO_0004585>	<http://www.geneontology.org/formats/oboInOwl#hasBroadSynonym>	"septum"	
<http://purl.obolibrary.org/obo/XAO_0000467>	<http://www.geneontology.org/formats/oboInOwl#hasBroadSynonym>	"pancreas"	
<http://purl.obolibrary.org/obo/XAO_0005142>	<http://www.geneontology.org/formats/oboInOwl#hasBroadSynonym>	"pars media"	
<http://purl.obolibrary.org/obo/XAO_0005240>	<http://www.geneontology.org/formats/oboInOwl#hasBroadSynonym>	"lens"	
<http://purl.obolibrary.org/obo/XAO_0000269>	<http://www.geneontology.org/formats/oboInOwl#hasBroadSynonym>	"mouth"	
<http://purl.obolibrary.org/obo/XAO_0000269>	<http://www.geneontology.org/formats/oboInOwl#hasBroadSynonym>	"stomodeal-hypophyseal primordium"	
<http://purl.obolibrary.org/obo/XAO_0001103>	<http://www.geneontology.org/formats/oboInOwl#hasBroadSynonym>	"pancreas"	
<http://purl.obolibrary.org/obo/XAO_0000067>	<http://www.geneontology.org/formats/oboInOwl#hasBroadSynonym>	"ventral lateral plate mesoderm"	
<http://purl.obolibrary.org/obo/XAO_0000067>	<http://www.geneontology.org/formats/oboInOwl#hasBroadSynonym>	"blood island"	
<http://purl.obolibrary.org/obo/XAO_0004085>	<http://www.geneontology.org/formats/oboInOwl#hasBroadSynonym>	"intercalated cell"	
<http://purl.obolibrary.org/obo/XAO_0004085>	<http://www.geneontology.org/formats/oboInOwl#hasBroadSynonym>	"mitochondria-rich cell"	
<http://purl.obolibrary.org/obo/XAO_0004085>	<http://www.geneontology.org/formats/oboInOwl#hasBroadSynonym>	"clear cell"	
<http://purl.obolibrary.org/obo/XAO_0004085>	<http://www.geneontology.org/formats/oboInOwl#hasBroadSynonym>	"narrow cell"	
<http://purl.obolibrary.org/obo/XAO_0003163>	<http://www.geneontology.org/formats/oboInOwl#hasBroadSynonym>	"basement lamina"	
<http://purl.obolibrary.org/obo/XAO_0005045>	<http://www.geneontology.org/formats/oboInOwl#hasBroadSynonym>	"dorsal crest"	
<http://purl.obolibrary.org/obo/XAO_0003097>	<http://www.geneontology.org/formats/oboInOwl#hasExactSynonym>	"cranial nerve X"	
<http://purl.obolibrary.org/obo/XAO_0005235>	<http://www.geneontology.org/formats/oboInOwl#hasExactSynonym>	"dt"	
<http://purl.obolibrary.org/obo/XAO_0004121>	<http://www.geneontology.org/formats/oboInOwl#hasExactSynonym>	"apical epidermal ridge"	
<http://purl.obolibrary.org/obo/XAO_0004121>	<http://www.geneontology.org/formats/oboInOwl#hasExactSynonym>	"epidermal ridge"	
<http://purl.obolibrary.org/obo/XAO_0004121>	<http://www.geneontology.org/formats/oboInOwl#hasExactSynonym>	"AER"	
<http://purl.obolibrary.org/obo/XAO_0005037>	<http://www.geneontology.org/formats/oboInOwl#hasExactSynonym>	"embryonic macrophage"	
<http://purl.obolibrary.org/obo/XAO_0003118>	<http://www.geneontology.org/formats/oboInOwl#hasExactSynonym>	"myotome of somite 6"	
<http://purl.obolibrary.org/obo/XAO_0004037>	<http://www.geneontology.org/formats/oboInOwl#hasExactSynonym>	"non-mineralized cartilage"	
<http://purl.obolibrary.org/obo/XAO_0000025>	<http://www.geneontology.org/formats/oboInOwl#hasExactSynonym>	"hyoid neural crest"	
<http://purl.obolibrary.org/obo/XAO_0000200>	<http://www.geneontology.org/formats/oboInOwl#hasExactSynonym>	"animal hemisphere blastomere"	
<http://purl.obolibrary.org/obo/XAO_0003213>	<http://www.geneontology.org/formats/oboInOwl#hasExactSynonym>	"tibiofibula"	
<http://purl.obolibrary.org/obo/XAO_0004480>	<http://www.geneontology.org/formats/oboInOwl#hasExactSynonym>	"manual digit 4"	
<http://purl.obolibrary.org/obo/XAO_0004480>	<http://www.geneontology.org/formats/oboInOwl#hasExactSynonym>	"fore digit 4"	
<http://purl.obolibrary.org/obo/XAO_0000107>	<http://www.geneontology.org/formats/oboInOwl#hasExactSynonym>	"tailbud"	
<http://purl.obolibrary.org/obo/XAO_0000234>	<http://www.geneontology.org/formats/oboInOwl#hasExactSynonym>	"GV"	
<http://purl.obolibrary.org/obo/XAO_0004147>	<http://www.geneontology.org/formats/oboInOwl#hasExactSynonym>	"vascular vitelline network"	
<http://purl.obolibrary.org/obo/XAO_0005191>	<http://www.geneontology.org/formats/oboInOwl#hasExactSynonym>	"os ethmoidale"	
<http://purl.obolibrary.org/obo/XAO_0005191>	<http://www.geneontology.org/formats/oboInOwl#hasExactSynonym>	"ethmoidal bone"	
<http://purl.obolibrary.org/obo/XAO_0004230>	<http://www.geneontology.org/formats/oboInOwl#hasExactSynonym>	"alar hypothalamus"	
<http://purl.obolibrary.org/obo/XAO_0005138>	<http://www.geneontology.org/formats/oboInOwl#hasExactSynonym>	"sub-cortical cytoplasm"	
<http://purl.obolibrary.org/obo/XAO_0004330>	<http://www.geneontology.org/formats/oboInOwl#hasExactSynonym>	"superior long mandibular levator muscle"	
<http://purl.obolibrary.org/obo/XAO_0004330>	<http://www.geneontology.org/formats/oboInOwl#hasExactSynonym>	"mlmls"	
<http://purl.obolibrary.org/obo/XAO_0004127>	<http://www.geneontology.org/formats/oboInOwl#hasExactSynonym>	"mgh"	
<http://purl.obolibrary.org/obo/XAO_0004127>	<http://www.geneontology.org/formats/oboInOwl#hasExactSynonym>	"geniohyoideus"	
<http://purl.obolibrary.org/obo/XAO_0004373>	<http://www.geneontology.org/formats/oboInOwl#hasExactSynonym>	"plch"	
<http://purl.obolibrary.org/obo/XAO_0000080>	<http://www.geneontology.org/formats/oboInOwl#hasExactSynonym>	"fore limb region"	
<http://purl.obolibrary.org/obo/XAO_0004419>	<http://www.geneontology.org/formats/oboInOwl#hasExactSynonym>	"claw of hind digit 3"	
<http://purl.obolibrary.org/obo/XAO_0005294>	<http://www.geneontology.org/formats/oboInOwl#hasExactSynonym>	"nervus mandibulare"	
<http://purl.obolibrary.org/obo/XAO_0005002>	<http://www.geneontology.org/formats/oboInOwl#hasExactSynonym>	"multicellular structure"	
<http://purl.obolibrary.org/obo/XAO_0004163>	<http://www.geneontology.org/formats/oboInOwl#hasExactSynonym>	"angioblasts"	<http://purl.obolibrary.org/obo/OMO_0003004>
<http://purl.obolibrary.org/obo/XAO_0004541>	<http://www.geneontology.org/formats/oboInOwl#hasExactSynonym>	"bed nucleus striae terminalis"	
<http://purl.obolibrary.org/obo/XAO_0004541>	<http://www.geneontology.org/formats/oboInOwl#hasExactSynonym>	"BST"	
<http://purl.obolibrary.org/obo/XAO_0004329>	<http://www.geneontology.org/formats/oboInOwl#hasExactSynonym>	"mlmlp"	
<http://purl.obolibrary.org/obo/XAO_0000396>	<http://www.geneontology.org/formats/oboInOwl#hasExactSynonym>	"somite W"	
<http://purl.obolibrary.org/obo/XAO_0004071>	<http://www.geneontology.org/formats/oboInOwl#hasExactSynonym>	"OC"	
<http://purl.obolibrary.org/obo/XAO_0004071>	<http://www.geneontology.org/formats/oboInOwl#hasExactSynonym>	"optic chiasma"	
<http://purl.obolibrary.org/obo/XAO_0000190>	<http://www.geneontology.org/formats/oboInOwl#hasExactSynonym>	"tympanic disc"	
<http://purl.obolibrary.org/obo/XAO_0005154>	<http://www.geneontology.org/formats/oboInOwl#hasExactSynonym>	"cellular membrane"	
<http://purl.obolibrary.org/obo/XAO_0005154>	<http://www.geneontology.org/formats/oboInOwl#hasExactSynonym>	"cytoplasmic membrane"	
<http://purl.obolibrary.org/obo/XAO_0005154>	<http://www.geneontology.org/formats/oboInOwl#hasExactSynonym>	"plasmalemma"	
<http://purl.obolibrary.org/obo/XAO_0005154>	<http://www.geneontology.org/formats/oboInOwl#hasExactSynonym>	"cell membrane"	
<http://purl.obolibrary.org/obo/XAO_0004365>	<http://www.geneontology.org/formats/oboInOwl#hasExactSynonym>	"fbc"	
<http://purl.obolibrary.org/obo/XAO_0000074>	<http://www.geneontology.org/formats/oboInOwl#hasExactSynonym>	"IMZ"	
<http://purl.obolibrary.org/obo/XAO_0000247>	<http://www.geneontology.org/formats/oboInOwl#hasExactSynonym>	"second visceral pouch"	
<http://purl.obolibrary.org/obo/XAO_0003125>	<http://www.geneontology.org/formats/oboInOwl#hasExactSynonym>	"myotome of somite 9"	
<http://purl.obolibrary.org/obo/XAO_0000281>	<http://www.geneontology.org/formats/oboInOwl#hasExactSynonym>	"vegetal cell mass"	
<http://purl.obolibrary.org/obo/XAO_0000449>	<http://www.geneontology.org/formats/oboInOwl#hasExactSynonym>	"second branchial arch"	
<http://purl.obolibrary.org/obo/XAO_0000178>	<http://www.geneontology.org/formats/oboInOwl#hasExactSynonym>	"PNS"	
<http://purl.obolibrary.org/obo/XAO_0004528>	<http://www.geneontology.org/formats/oboInOwl#hasExactSynonym>	"trunk somite 18"	
<http://purl.obolibrary.org/obo/XAO_0004528>	<http://www.geneontology.org/formats/oboInOwl#hasExactSynonym>	"somite 18"	
<http://purl.obolibrary.org/obo/XAO_0004264>	<http://www.geneontology.org/formats/oboInOwl#hasExactSynonym>	"metapodium"	
<http://purl.obolibrary.org/obo/XAO_0004264>	<http://www.geneontology.org/formats/oboInOwl#hasExactSynonym>	"zeugopodium"	
<http://purl.obolibrary.org/obo/XAO_0003132>	<http://www.geneontology.org/formats/oboInOwl#hasExactSynonym>	"myotome of somite 12"	
<http://purl.obolibrary.org/obo/XAO_0004214>	<http://www.geneontology.org/formats/oboInOwl#hasExactSynonym>	"accessorius"	
<http://purl.obolibrary.org/obo/XAO_0004214>	<http://www.geneontology.org/formats/oboInOwl#hasExactSynonym>	"cranial nerve XI"	
<http://purl.obolibrary.org/obo/XAO_0003141>	<http://www.geneontology.org/formats/oboInOwl#hasExactSynonym>	"sclerotome of trunk somite 17"	
<http://purl.obolibrary.org/obo/XAO_0003141>	<http://www.geneontology.org/formats/oboInOwl#hasExactSynonym>	"sclerotome of somite 17"	
<http://purl.obolibrary.org/obo/XAO_0000422>	<http://www.geneontology.org/formats/oboInOwl#hasExactSynonym>	"somite 14"	
<http://purl.obolibrary.org/obo/XAO_0000422>	<http://www.geneontology.org/formats/oboInOwl#hasExactSynonym>	"trunk somite 14"	
<http://purl.obolibrary.org/obo/XAO_0000343>	<http://www.geneontology.org/formats/oboInOwl#hasExactSynonym>	"second aortic arch"	
<http://purl.obolibrary.org/obo/XAO_0004022>	<http://www.geneontology.org/formats/oboInOwl#hasExactSynonym>	"cartilage condensation"	
<http://purl.obolibrary.org/obo/XAO_0004022>	<http://www.geneontology.org/formats/oboInOwl#hasExactSynonym>	"chondrogenic condensation"	
<http://purl.obolibrary.org/obo/XAO_0005319>	<http://www.geneontology.org/formats/oboInOwl#hasExactSynonym>	"microfilament"	
<http://purl.obolibrary.org/obo/XAO_0004299>	<http://www.geneontology.org/formats/oboInOwl#hasExactSynonym>	"front foot"	
<http://purl.obolibrary.org/obo/XAO_0004559>	<http://www.geneontology.org/formats/oboInOwl#hasExactSynonym>	"LFB"	
<http://purl.obolibrary.org/obo/XAO_0000294>	<http://www.geneontology.org/formats/oboInOwl#hasExactSynonym>	"blastocele"	
<http://purl.obolibrary.org/obo/XAO_0004093>	<http://www.geneontology.org/formats/oboInOwl#hasExactSynonym>	"profundus placode"	
<http://purl.obolibrary.org/obo/XAO_0005041>	<http://www.geneontology.org/formats/oboInOwl#hasExactSynonym>	"horizontal semicircular canal"	
<http://purl.obolibrary.org/obo/XAO_0005049>	<http://www.geneontology.org/formats/oboInOwl#hasExactSynonym>	"p3b"	
<http://purl.obolibrary.org/obo/XAO_0005049>	<http://www.geneontology.org/formats/oboInOwl#hasExactSynonym>	"basal plate of prosomere 3"	
<http://purl.obolibrary.org/obo/XAO_0000265>	<http://www.geneontology.org/formats/oboInOwl#hasExactSynonym>	"sixth visceral pouch"	
<http://purl.obolibrary.org/obo/XAO_0005233>	<http://www.geneontology.org/formats/oboInOwl#hasExactSynonym>	"ICb"	
<http://purl.obolibrary.org/obo/XAO_0005233>	<http://www.geneontology.org/formats/oboInOwl#hasExactSynonym>	"beta-PSC"	
<http://purl.obolibrary.org/obo/XAO_0005233>	<http://www.geneontology.org/formats/oboInOwl#hasExactSynonym>	"beta ionocyte"	
<http://purl.obolibrary.org/obo/XAO_0004575>	<http://www.geneontology.org/formats/oboInOwl#hasExactSynonym>	"accumbens nucleus"	
<http://purl.obolibrary.org/obo/XAO_0004575>	<http://www.geneontology.org/formats/oboInOwl#hasExactSynonym>	"Acc"	
<http://purl.obolibrary.org/obo/XAO_0003066>	<http://www.geneontology.org/formats/oboInOwl#hasExactSynonym>	"hind limb bud"	
<http://purl.obolibrary.org/obo/XAO_0004112>	<http://www.geneontology.org/formats/oboInOwl#hasExactSynonym>	"eye photoreceptor cell (rod)"	
<http://purl.obolibrary.org/obo/XAO_0004112>	<http://www.geneontology.org/formats/oboInOwl#hasExactSynonym>	"rod photoreceptor cell"	
<http://purl.obolibrary.org/obo/XAO_0005035>	<http://www.geneontology.org/formats/oboInOwl#hasExactSynonym>	"Mauthner neuron"	
<http://purl.obolibrary.org/obo/XAO_0004028>	<http://www.geneontology.org/formats/oboInOwl#hasExactSynonym>	"fibrocartilage tissue"	
<http://purl.obolibrary.org/obo/XAO_0003268>	<http://www.geneontology.org/formats/oboInOwl#hasExactSynonym>	"CPC"	
<http://purl.obolibrary.org/obo/XAO_1000014>	<http://www.geneontology.org/formats/oboInOwl#hasExactSynonym>	"8-cell stage"	
<http://purl.obolibrary.org/obo/XAO_0005065>	<http://www.geneontology.org/formats/oboInOwl#hasExactSynonym>	"ischiadic nerve"	
<http://purl.obolibrary.org/obo/XAO_0000390>	<http://www.geneontology.org/formats/oboInOwl#hasExactSynonym>	"CV"	
<http://purl.obolibrary.org/obo/XAO_0003093>	<http://www.geneontology.org/formats/oboInOwl#hasExactSynonym>	"abducent nerve"	
<http://purl.obolibrary.org/obo/XAO_0003093>	<http://www.geneontology.org/formats/oboInOwl#hasExactSynonym>	"abducens"	
<http://purl.obolibrary.org/obo/XAO_0003093>	<http://www.geneontology.org/formats/oboInOwl#hasExactSynonym>	"cranial nerve VI"	
<http://purl.obolibrary.org/obo/XAO_0004364>	<http://www.geneontology.org/formats/oboInOwl#hasExactSynonym>	"ct"	
<http://purl.obolibrary.org/obo/XAO_0005289>	<http://www.geneontology.org/formats/oboInOwl#hasExactSynonym>	"pia matter"	
<http://purl.obolibrary.org/obo/XAO_0000192>	<http://www.geneontology.org/formats/oboInOwl#hasExactSynonym>	"membranous labyrinth"	
<http://purl.obolibrary.org/obo/XAO_1000089>	<http://www.geneontology.org/formats/oboInOwl#hasExactSynonym>	"premetamorphosis"	
<http://purl.obolibrary.org/obo/XAO_0004180>	<http://www.geneontology.org/formats/oboInOwl#hasExactSynonym>	"OB"	
<http://purl.obolibrary.org/obo/XAO_0004180>	<http://www.geneontology.org/formats/oboInOwl#hasExactSynonym>	"bulbus olfactorius"	
<http://purl.obolibrary.org/obo/XAO_0004188>	<http://www.geneontology.org/formats/oboInOwl#hasExactSynonym>	"PBC"	
<http://purl.obolibrary.org/obo/XAO_0004335>	<http://www.geneontology.org/formats/oboInOwl#hasExactSynonym>	"orbitohyoidal muscle"	
<http://purl.obolibrary.org/obo/XAO_0004335>	<http://www.geneontology.org/formats/oboInOwl#hasExactSynonym>	"moh"	
<http://purl.obolibrary.org/obo/XAO_0005131>	<http://www.geneontology.org/formats/oboInOwl#hasExactSynonym>	"astrocytic glia"	
<http://purl.obolibrary.org/obo/XAO_0000094>	<http://www.geneontology.org/formats/oboInOwl#hasExactSynonym>	"archenteron roof plate"	
<http://purl.obolibrary.org/obo/XAO_0000094>	<http://www.geneontology.org/formats/oboInOwl#hasExactSynonym>	"GRP"	
<http://purl.obolibrary.org/obo/XAO_0000094>	<http://www.geneontology.org/formats/oboInOwl#hasExactSynonym>	"gastrocoel roof"	
<http://purl.obolibrary.org/obo/XAO_0000094>	<http://www.geneontology.org/formats/oboInOwl#hasExactSynonym>	"archenteron roof"	
<http://purl.obolibrary.org/obo/XAO_0000031>	<http://www.geneontology.org/formats/oboInOwl#hasExactSynonym>	"epidermal ciliary cell"	
<http://purl.obolibrary.org/obo/XAO_0004351>	<http://www.geneontology.org/formats/oboInOwl#hasExactSynonym>	"LM"	
<http://purl.obolibrary.org/obo/XAO_0004628>	<http://www.geneontology.org/formats/oboInOwl#hasExactSynonym>	"pvbi"	
<http://purl.obolibrary.org/obo/XAO_0004284>	<http://www.geneontology.org/formats/oboInOwl#hasExactSynonym>	"anterior paired appendage"	
<http://purl.obolibrary.org/obo/XAO_0000406>	<http://www.geneontology.org/formats/oboInOwl#hasExactSynonym>	"somite 1"	
<http://purl.obolibrary.org/obo/XAO_0004083>	<http://www.geneontology.org/formats/oboInOwl#hasExactSynonym>	"r5"	
<http://purl.obolibrary.org/obo/XAO_0004083>	<http://www.geneontology.org/formats/oboInOwl#hasExactSynonym>	"rhombomere 5"	
<http://purl.obolibrary.org/obo/XAO_0000334>	<http://www.geneontology.org/formats/oboInOwl#hasExactSynonym>	"mesonephric late distal segment"	
<http://purl.obolibrary.org/obo/XAO_0004343>	<http://www.geneontology.org/formats/oboInOwl#hasExactSynonym>	"mlabIV"	
<http://purl.obolibrary.org/obo/XAO_0001019>	<http://www.geneontology.org/formats/oboInOwl#hasExactSynonym>	"proctodaeum"	
<http://purl.obolibrary.org/obo/XAO_0005170>	<http://www.geneontology.org/formats/oboInOwl#hasExactSynonym>	"left-right organiser"	
<http://purl.obolibrary.org/obo/XAO_0005170>	<http://www.geneontology.org/formats/oboInOwl#hasExactSynonym>	"LRO"	
<http://purl.obolibrary.org/obo/XAO_0004377>	<http://www.geneontology.org/formats/oboInOwl#hasExactSynonym>	"ppch"	
<http://purl.obolibrary.org/obo/XAO_0005187>	<http://www.geneontology.org/formats/oboInOwl#hasExactSynonym>	"posterior hypophysis"	
<http://purl.obolibrary.org/obo/XAO_0005187>	<http://www.geneontology.org/formats/oboInOwl#hasExactSynonym>	"posterior lobe of pituitary gland"	
<http://purl.obolibrary.org/obo/XAO_0005187>	<http://www.geneontology.org/formats/oboInOwl#hasExactSynonym>	"posterior pituitary"	
<http://purl.obolibrary.org/obo/XAO_0005080>	<http://www.geneontology.org/formats/oboInOwl#hasExactSynonym>	"dermamyotome"	
<http://purl.obolibrary.org/obo/XAO_0003036>	<http://www.geneontology.org/formats/oboInOwl#hasExactSynonym>	"fore digit"	
<http://purl.obolibrary.org/obo/XAO_0003036>	<http://www.geneontology.org/formats/oboInOwl#hasExactSynonym>	"manual digit"	
<http://purl.obolibrary.org/obo/XAO_0005115>	<http://www.geneontology.org/formats/oboInOwl#hasExactSynonym>	"VAHB"	
<http://purl.obolibrary.org/obo/XAO_0004080>	<http://www.geneontology.org/formats/oboInOwl#hasExactSynonym>	"r2"	
<http://purl.obolibrary.org/obo/XAO_0004080>	<http://www.geneontology.org/formats/oboInOwl#hasExactSynonym>	"rhombomere 2"	
<http://purl.obolibrary.org/obo/XAO_0005267>	<http://www.geneontology.org/formats/oboInOwl#hasExactSynonym>	"thrombocyte, embryonic"	
<http://purl.obolibrary.org/obo/XAO_0005158>	<http://www.geneontology.org/formats/oboInOwl#hasExactSynonym>	"pyloric stomach"	
<http://purl.obolibrary.org/obo/XAO_0003110>	<http://www.geneontology.org/formats/oboInOwl#hasExactSynonym>	"myotome of somite 3"	
<http://purl.obolibrary.org/obo/XAO_0003129>	<http://www.geneontology.org/formats/oboInOwl#hasExactSynonym>	"sclerotome of somite 11"	
<http://purl.obolibrary.org/obo/XAO_0003016>	<http://www.geneontology.org/formats/oboInOwl#hasExactSynonym>	"blastoderm cell"	
<http://purl.obolibrary.org/obo/XAO_0005317>	<http://www.geneontology.org/formats/oboInOwl#hasExactSynonym>	"neuron process"	
<http://purl.obolibrary.org/obo/XAO_0005317>	<http://www.geneontology.org/formats/oboInOwl#hasExactSynonym>	"neuron protrusion"	
<http://purl.obolibrary.org/obo/XAO_0005317>	<http://www.geneontology.org/formats/oboInOwl#hasExactSynonym>	"neuronal cell projection"	
<http://purl.obolibrary.org/obo/XAO_0000251>	<http://www.geneontology.org/formats/oboInOwl#hasExactSynonym>	"third visceral pouch"	
<http://purl.obolibrary.org/obo/XAO_0005326>	<http://www.geneontology.org/formats/oboInOwl#hasExactSynonym>	"axon microtubule fascicle"	
<http://purl.obolibrary.org/obo/XAO_0005326>	<http://www.geneontology.org/formats/oboInOwl#hasExactSynonym>	"microtubule bundle of axon"	
<http://purl.obolibrary.org/obo/XAO_0005326>	<http://www.geneontology.org/formats/oboInOwl#hasExactSynonym>	"microtubule fascicle of axon"	
<http://purl.obolibrary.org/obo/XAO_0004566>	<http://www.geneontology.org/formats/oboInOwl#hasExactSynonym>	"locus caeruleus"	
<http://purl.obolibrary.org/obo/XAO_0004566>	<http://www.geneontology.org/formats/oboInOwl#hasExactSynonym>	"locus ceruleus"	
<http://purl.obolibrary.org/obo/XAO_0003109>	<http://www.geneontology.org/formats/oboInOwl#hasExactSynonym>	"myotome of somite 2"	
<http://purl.obolibrary.org/obo/XAO_0005181>	<http://www.geneontology.org/formats/oboInOwl#hasExactSynonym>	"aIN"	
<http://purl.obolibrary.org/obo/XAO_0005056>	<http://www.geneontology.org/formats/oboInOwl#hasExactSynonym>	"SPV"	
<http://purl.obolibrary.org/obo/XAO_0003145>	<http://www.geneontology.org/formats/oboInOwl#hasExactSynonym>	"papilla basilaris"	
<http://purl.obolibrary.org/obo/XAO_0004479>	<http://www.geneontology.org/formats/oboInOwl#hasExactSynonym>	"manual digit 3"	
<http://purl.obolibrary.org/obo/XAO_0004479>	<http://www.geneontology.org/formats/oboInOwl#hasExactSynonym>	"fore digit 3"	
<http://purl.obolibrary.org/obo/XAO_0004401>	<http://www.geneontology.org/formats/oboInOwl#hasExactSynonym>	"AEC"	
<http://purl.obolibrary.org/obo/XAO_0000352>	<http://www.geneontology.org/formats/oboInOwl#hasExactSynonym>	"fifth aortic arch"	
<http://purl.obolibrary.org/obo/XAO_0003116>	<http://www.geneontology.org/formats/oboInOwl#hasExactSynonym>	"sclerotome of somite 4"	
<http://purl.obolibrary.org/obo/XAO_0004026>	<http://www.geneontology.org/formats/oboInOwl#hasExactSynonym>	"replacement skeleton"	
<http://purl.obolibrary.org/obo/XAO_0004035>	<http://www.geneontology.org/formats/oboInOwl#hasExactSynonym>	"osteoid tissue"	
<http://purl.obolibrary.org/obo/XAO_0004035>	<http://www.geneontology.org/formats/oboInOwl#hasExactSynonym>	"prebone tissue"	
<http://purl.obolibrary.org/obo/XAO_0004035>	<http://www.geneontology.org/formats/oboInOwl#hasExactSynonym>	"pre-bone"	
<http://purl.obolibrary.org/obo/XAO_0004035>	<http://www.geneontology.org/formats/oboInOwl#hasExactSynonym>	"prebone"	
<http://purl.obolibrary.org/obo/XAO_0004321>	<http://www.geneontology.org/formats/oboInOwl#hasExactSynonym>	"DCLV"	
<http://purl.obolibrary.org/obo/XAO_0000154>	<http://www.geneontology.org/formats/oboInOwl#hasExactSynonym>	"urinary bladder"	
<http://purl.obolibrary.org/obo/XAO_0003091>	<http://www.geneontology.org/formats/oboInOwl#hasExactSynonym>	"trochlearis"	
<http://purl.obolibrary.org/obo/XAO_0003091>	<http://www.geneontology.org/formats/oboInOwl#hasExactSynonym>	"cranial nerve IV"	
<http://purl.obolibrary.org/obo/XAO_0003091>	<http://www.geneontology.org/formats/oboInOwl#hasExactSynonym>	"pathetic nerve"	
<http://purl.obolibrary.org/obo/XAO_0005165>	<http://www.geneontology.org/formats/oboInOwl#hasExactSynonym>	"beta-cell"	
<http://purl.obolibrary.org/obo/XAO_0003099>	<http://www.geneontology.org/formats/oboInOwl#hasExactSynonym>	"IVth ventricle"	
<http://purl.obolibrary.org/obo/XAO_0003099>	<http://www.geneontology.org/formats/oboInOwl#hasExactSynonym>	"4th ventricle"	
<http://purl.obolibrary.org/obo/XAO_0000405>	<http://www.geneontology.org/formats/oboInOwl#hasExactSynonym>	"somite Z"	
<http://purl.obolibrary.org/obo/XAO_0003062>	<http://www.geneontology.org/formats/oboInOwl#hasExactSynonym>	"hind limb skeleton"	
<http://purl.obolibrary.org/obo/XAO_0004239>	<http://www.geneontology.org/formats/oboInOwl#hasExactSynonym>	"pedal digit 1"	
<http://purl.obolibrary.org/obo/XAO_0004239>	<http://www.geneontology.org/formats/oboInOwl#hasExactSynonym>	"hind digit 1"	
<http://purl.obolibrary.org/obo/XAO_0004239>	<http://www.geneontology.org/formats/oboInOwl#hasExactSynonym>	"toe 1"	
<http://purl.obolibrary.org/obo/XAO_0004239>	<http://www.geneontology.org/formats/oboInOwl#hasExactSynonym>	"toe I"	
<http://purl.obolibrary.org/obo/XAO_0005136>	<http://www.geneontology.org/formats/oboInOwl#hasExactSynonym>	"dorsal IMZ"	
<http://purl.obolibrary.org/obo/XAO_0005136>	<http://www.geneontology.org/formats/oboInOwl#hasExactSynonym>	"DIMZ"	
<http://purl.obolibrary.org/obo/XAO_0000056>	<http://www.geneontology.org/formats/oboInOwl#hasExactSynonym>	"ipochord"	
<http://purl.obolibrary.org/obo/XAO_0005292>	<http://www.geneontology.org/formats/oboInOwl#hasExactSynonym>	"nervus nasociliaris"	
<http://purl.obolibrary.org/obo/XAO_1000018>	<http://www.geneontology.org/formats/oboInOwl#hasExactSynonym>	"128-cell stage"	
<http://purl.obolibrary.org/obo/XAO_0000412>	<http://www.geneontology.org/formats/oboInOwl#hasExactSynonym>	"somite 7"	
<http://purl.obolibrary.org/obo/XAO_0003137>	<http://www.geneontology.org/formats/oboInOwl#hasExactSynonym>	"sclerotome of trunk somite 15"	
<http://purl.obolibrary.org/obo/XAO_0003137>	<http://www.geneontology.org/formats/oboInOwl#hasExactSynonym>	"sclerotome of somite 15"	
<http://purl.obolibrary.org/obo/XAO_0004074>	<http://www.geneontology.org/formats/oboInOwl#hasExactSynonym>	"intersomitic junction"	
<http://purl.obolibrary.org/obo/XAO_0003030>	<http://www.geneontology.org/formats/oboInOwl#hasExactSynonym>	"fore limb"	
<http://purl.obolibrary.org/obo/XAO_0003030>	<http://www.geneontology.org/formats/oboInOwl#hasExactSynonym>	"anterior limb"	
<http://purl.obolibrary.org/obo/XAO_0000421>	<http://www.geneontology.org/formats/oboInOwl#hasExactSynonym>	"somite 13"	
<http://purl.obolibrary.org/obo/XAO_0004360>	<http://www.geneontology.org/formats/oboInOwl#hasExactSynonym>	"cbl-II"	
<http://purl.obolibrary.org/obo/XAO_0004246>	<http://www.geneontology.org/formats/oboInOwl#hasExactSynonym>	"r7"	
<http://purl.obolibrary.org/obo/XAO_0004246>	<http://www.geneontology.org/formats/oboInOwl#hasExactSynonym>	"rhombomere 7"	
<http://purl.obolibrary.org/obo/XAO_0001001>	<http://www.geneontology.org/formats/oboInOwl#hasExactSynonym>	"CNC"	
<http://purl.obolibrary.org/obo/XAO_0004368>	<http://www.geneontology.org/formats/oboInOwl#hasExactSynonym>	"io"	
<http://purl.obolibrary.org/obo/XAO_0000072>	<http://www.geneontology.org/formats/oboInOwl#hasExactSynonym>	"DMZ"	
<http://purl.obolibrary.org/obo/XAO_0000245>	<http://www.geneontology.org/formats/oboInOwl#hasExactSynonym>	"Balbiani body"	
<http://purl.obolibrary.org/obo/XAO_0000245>	<http://www.geneontology.org/formats/oboInOwl#hasExactSynonym>	"mitochondrial aggregate"	
<http://purl.obolibrary.org/obo/XAO_0004289>	<http://www.geneontology.org/formats/oboInOwl#hasExactSynonym>	"subdivision of skeleton"	
<http://purl.obolibrary.org/obo/XAO_0003123>	<http://www.geneontology.org/formats/oboInOwl#hasExactSynonym>	"sclerotome of somite 7"	
<http://purl.obolibrary.org/obo/XAO_0004390>	<http://www.geneontology.org/formats/oboInOwl#hasExactSynonym>	"DT"	
<http://purl.obolibrary.org/obo/XAO_0004305>	<http://www.geneontology.org/formats/oboInOwl#hasExactSynonym>	"Zli"	
<http://purl.obolibrary.org/obo/XAO_0000017>	<http://www.geneontology.org/formats/oboInOwl#hasExactSynonym>	"Hyp"	
<http://purl.obolibrary.org/obo/XAO_0004081>	<http://www.geneontology.org/formats/oboInOwl#hasExactSynonym>	"rhombomere 3"	
<http://purl.obolibrary.org/obo/XAO_0004081>	<http://www.geneontology.org/formats/oboInOwl#hasExactSynonym>	"r3"	
<http://purl.obolibrary.org/obo/XAO_0004339>	<http://www.geneontology.org/formats/oboInOwl#hasExactSynonym>	"mtvII"	
<http://purl.obolibrary.org/obo/XAO_0004226>	<http://www.geneontology.org/formats/oboInOwl#hasExactSynonym>	"tegmentum ventrale"	
<http://purl.obolibrary.org/obo/XAO_0005141>	<http://www.geneontology.org/formats/oboInOwl#hasExactSynonym>	"extracolumella"	
<http://purl.obolibrary.org/obo/XAO_0005141>	<http://www.geneontology.org/formats/oboInOwl#hasExactSynonym>	"extrastapes"	
<http://purl.obolibrary.org/obo/XAO_0004606>	<http://www.geneontology.org/formats/oboInOwl#hasExactSynonym>	"Tub"	
<http://purl.obolibrary.org/obo/XAO_0000447>	<http://www.geneontology.org/formats/oboInOwl#hasExactSynonym>	"first branchial arch"	
<http://purl.obolibrary.org/obo/XAO_0004341>	<http://www.geneontology.org/formats/oboInOwl#hasExactSynonym>	"mlabII"	
<http://purl.obolibrary.org/obo/XAO_0004013>	<http://www.geneontology.org/formats/oboInOwl#hasExactSynonym>	"cartilaginous element"	
<http://purl.obolibrary.org/obo/XAO_0004013>	<http://www.geneontology.org/formats/oboInOwl#hasExactSynonym>	"chondrogenic element"	
<http://purl.obolibrary.org/obo/XAO_0004262>	<http://www.geneontology.org/formats/oboInOwl#hasExactSynonym>	"VCLV"	
<http://purl.obolibrary.org/obo/XAO_0004384>	<http://www.geneontology.org/formats/oboInOwl#hasExactSynonym>	"peripheral vegetal cell mass"	
<http://purl.obolibrary.org/obo/XAO_1000005>	<http://www.geneontology.org/formats/oboInOwl#hasExactSynonym>	"gastrula"	
<http://purl.obolibrary.org/obo/XAO_0004212>	<http://www.geneontology.org/formats/oboInOwl#hasExactSynonym>	"petrosal placode"	
<http://purl.obolibrary.org/obo/XAO_0004212>	<http://www.geneontology.org/formats/oboInOwl#hasExactSynonym>	"epIX"	
<http://purl.obolibrary.org/obo/XAO_0000418>	<http://www.geneontology.org/formats/oboInOwl#hasExactSynonym>	"somite 10"	
<http://purl.obolibrary.org/obo/XAO_0004464>	<http://www.geneontology.org/formats/oboInOwl#hasExactSynonym>	"r1"	
<http://purl.obolibrary.org/obo/XAO_0005156>	<http://www.geneontology.org/formats/oboInOwl#hasExactSynonym>	"gastric body"	
<http://purl.obolibrary.org/obo/XAO_0005156>	<http://www.geneontology.org/formats/oboInOwl#hasExactSynonym>	"body of stomach"	
<http://purl.obolibrary.org/obo/XAO_0004414>	<http://www.geneontology.org/formats/oboInOwl#hasExactSynonym>	"pedal digit 4"	
<http://purl.obolibrary.org/obo/XAO_0004414>	<http://www.geneontology.org/formats/oboInOwl#hasExactSynonym>	"hind digit 4"	
<http://purl.obolibrary.org/obo/XAO_0004414>	<http://www.geneontology.org/formats/oboInOwl#hasExactSynonym>	"toe 4"	
<http://purl.obolibrary.org/obo/XAO_0004414>	<http://www.geneontology.org/formats/oboInOwl#hasExactSynonym>	"toe IV"	
<http://purl.obolibrary.org/obo/XAO_0004020>	<http://www.geneontology.org/formats/oboInOwl#hasExactSynonym>	"ridge"	
<http://purl.obolibrary.org/obo/XAO_0004020>	<http://www.geneontology.org/formats/oboInOwl#hasExactSynonym>	"flange"	
<http://purl.obolibrary.org/obo/XAO_0004020>	<http://www.geneontology.org/formats/oboInOwl#hasExactSynonym>	"shelf"	
<http://purl.obolibrary.org/obo/XAO_0004020>	<http://www.geneontology.org/formats/oboInOwl#hasExactSynonym>	"lamellae"	
<http://purl.obolibrary.org/obo/XAO_0004020>	<http://www.geneontology.org/formats/oboInOwl#hasExactSynonym>	"laminae"	
<http://purl.obolibrary.org/obo/XAO_0004020>	<http://www.geneontology.org/formats/oboInOwl#hasExactSynonym>	"projection"	
<http://purl.obolibrary.org/obo/XAO_0003040>	<http://www.geneontology.org/formats/oboInOwl#hasExactSynonym>	"portion of tissue"	
<http://purl.obolibrary.org/obo/XAO_0005076>	<http://www.geneontology.org/formats/oboInOwl#hasExactSynonym>	"AEP"	
<http://purl.obolibrary.org/obo/XAO_0004092>	<http://www.geneontology.org/formats/oboInOwl#hasExactSynonym>	"pre-placodal ectoderm"	
<http://purl.obolibrary.org/obo/XAO_0004092>	<http://www.geneontology.org/formats/oboInOwl#hasExactSynonym>	"PPE"	
<http://purl.obolibrary.org/obo/XAO_0003157>	<http://www.geneontology.org/formats/oboInOwl#hasExactSynonym>	"T lymphocyte"	
<http://purl.obolibrary.org/obo/XAO_0003157>	<http://www.geneontology.org/formats/oboInOwl#hasExactSynonym>	"T cell"	
<http://purl.obolibrary.org/obo/XAO_0004144>	<http://www.geneontology.org/formats/oboInOwl#hasExactSynonym>	"aVBI"	
<http://purl.obolibrary.org/obo/XAO_0005183>	<http://www.geneontology.org/formats/oboInOwl#hasExactSynonym>	"cIN"	
<http://purl.obolibrary.org/obo/XAO_0004052>	<http://www.geneontology.org/formats/oboInOwl#hasExactSynonym>	"predentine tissue"	
<http://purl.obolibrary.org/obo/XAO_0004052>	<http://www.geneontology.org/formats/oboInOwl#hasExactSynonym>	"pre-dentine tissue"	
<http://purl.obolibrary.org/obo/XAO_0005047>	<http://www.geneontology.org/formats/oboInOwl#hasExactSynonym>	"RT"	
<http://purl.obolibrary.org/obo/XAO_0004115>	<http://www.geneontology.org/formats/oboInOwl#hasExactSynonym>	"early vitellogenic oocyte"	
<http://purl.obolibrary.org/obo/XAO_0004376>	<http://www.geneontology.org/formats/oboInOwl#hasExactSynonym>	"pmpq"	
<http://purl.obolibrary.org/obo/XAO_0004033>	<http://www.geneontology.org/formats/oboInOwl#hasExactSynonym>	"avascular glycosaminoglycan-rich matrix"	
<http://purl.obolibrary.org/obo/XAO_0004033>	<http://www.geneontology.org/formats/oboInOwl#hasExactSynonym>	"cartilage matrix"	
<http://purl.obolibrary.org/obo/XAO_0004033>	<http://www.geneontology.org/formats/oboInOwl#hasExactSynonym>	"cartilage-like matrix"	
<http://purl.obolibrary.org/obo/XAO_0004192>	<http://www.geneontology.org/formats/oboInOwl#hasExactSynonym>	"SNC"	
<http://purl.obolibrary.org/obo/XAO_0004107>	<http://www.geneontology.org/formats/oboInOwl#hasExactSynonym>	"regenerating hind limb"	
<http://purl.obolibrary.org/obo/XAO_0004131>	<http://www.geneontology.org/formats/oboInOwl#hasExactSynonym>	"horizontal crista"	
<http://purl.obolibrary.org/obo/XAO_0004362>	<http://www.geneontology.org/formats/oboInOwl#hasExactSynonym>	"cbl-IV"	
<http://purl.obolibrary.org/obo/XAO_0005052>	<http://www.geneontology.org/formats/oboInOwl#hasExactSynonym>	"Rm"	
<http://purl.obolibrary.org/obo/XAO_0004047>	<http://www.geneontology.org/formats/oboInOwl#hasExactSynonym>	"oropharyngeal dental papilla"	
<http://purl.obolibrary.org/obo/XAO_0004333>	<http://www.geneontology.org/formats/oboInOwl#hasExactSynonym>	"intermandibular muscle"	
<http://purl.obolibrary.org/obo/XAO_0004333>	<http://www.geneontology.org/formats/oboInOwl#hasExactSynonym>	"mim"	
<http://purl.obolibrary.org/obo/XAO_0005134>	<http://www.geneontology.org/formats/oboInOwl#hasExactSynonym>	"microglia"	
<http://purl.obolibrary.org/obo/XAO_0000048>	<http://www.geneontology.org/formats/oboInOwl#hasExactSynonym>	"NC"	
<http://purl.obolibrary.org/obo/XAO_0004123>	<http://www.geneontology.org/formats/oboInOwl#hasExactSynonym>	"AV canal"	
<http://purl.obolibrary.org/obo/XAO_1000091>	<http://www.geneontology.org/formats/oboInOwl#hasExactSynonym>	"climax"	
<http://purl.obolibrary.org/obo/XAO_0003085>	<http://www.geneontology.org/formats/oboInOwl#hasExactSynonym>	"cm"	
<http://purl.obolibrary.org/obo/XAO_0006010>	<http://www.geneontology.org/formats/oboInOwl#hasExactSynonym>	"outer segment disc"	
<http://purl.obolibrary.org/obo/XAO_0003135>	<http://www.geneontology.org/formats/oboInOwl#hasExactSynonym>	"sclerotome of somite 14"	
<http://purl.obolibrary.org/obo/XAO_0003135>	<http://www.geneontology.org/formats/oboInOwl#hasExactSynonym>	"sclerotome of trunk somite 14"	
<http://purl.obolibrary.org/obo/XAO_0005114>	<http://www.geneontology.org/formats/oboInOwl#hasExactSynonym>	"VVHB"	
<http://purl.obolibrary.org/obo/XAO_0000316>	<http://www.geneontology.org/formats/oboInOwl#hasExactSynonym>	"heart epicardium"	
<http://purl.obolibrary.org/obo/XAO_0000167>	<http://www.geneontology.org/formats/oboInOwl#hasExactSynonym>	"parathyroid gland"	
<http://purl.obolibrary.org/obo/XAO_0005169>	<http://www.geneontology.org/formats/oboInOwl#hasExactSynonym>	"left-right organiser primordium"	
<http://purl.obolibrary.org/obo/XAO_0000241>	<http://www.geneontology.org/formats/oboInOwl#hasExactSynonym>	"PCV"	
<http://purl.obolibrary.org/obo/XAO_0005316>	<http://www.geneontology.org/formats/oboInOwl#hasExactSynonym>	"POM"	
<http://purl.obolibrary.org/obo/XAO_0003121>	<http://www.geneontology.org/formats/oboInOwl#hasExactSynonym>	"sclerotome of somite 5"	
<http://purl.obolibrary.org/obo/XAO_0000409>	<http://www.geneontology.org/formats/oboInOwl#hasExactSynonym>	"somite 4"	
<http://purl.obolibrary.org/obo/XAO_1000030>	<http://www.geneontology.org/formats/oboInOwl#hasExactSynonym>	"NF stage 10+"	
<http://purl.obolibrary.org/obo/XAO_0004346>	<http://www.geneontology.org/formats/oboInOwl#hasExactSynonym>	"mcbIV"	
<http://purl.obolibrary.org/obo/XAO_0000439>	<http://www.geneontology.org/formats/oboInOwl#hasExactSynonym>	"filter apparatus"	
<http://purl.obolibrary.org/obo/XAO_0000439>	<http://www.geneontology.org/formats/oboInOwl#hasExactSynonym>	"peribranchial chamber"	
<http://purl.obolibrary.org/obo/XAO_0004271>	<http://www.geneontology.org/formats/oboInOwl#hasExactSynonym>	"tegmentum mesencephali"	
<http://purl.obolibrary.org/obo/XAO_0004271>	<http://www.geneontology.org/formats/oboInOwl#hasExactSynonym>	"Tegm"	
<http://purl.obolibrary.org/obo/XAO_0000366>	<http://www.geneontology.org/formats/oboInOwl#hasExactSynonym>	"ICA"	
<http://purl.obolibrary.org/obo/XAO_1000003>	<http://www.geneontology.org/formats/oboInOwl#hasExactSynonym>	"blastula"	
<http://purl.obolibrary.org/obo/XAO_0004210>	<http://www.geneontology.org/formats/oboInOwl#hasExactSynonym>	"pituitary stalk"	
<http://purl.obolibrary.org/obo/XAO_0004210>	<http://www.geneontology.org/formats/oboInOwl#hasExactSynonym>	"infundibulum of hypothalamus"	
<http://purl.obolibrary.org/obo/XAO_0004210>	<http://www.geneontology.org/formats/oboInOwl#hasExactSynonym>	"hypophysial stalk"	
<http://purl.obolibrary.org/obo/XAO_0000425>	<http://www.geneontology.org/formats/oboInOwl#hasExactSynonym>	"trunk somite 17"	
<http://purl.obolibrary.org/obo/XAO_0000425>	<http://www.geneontology.org/formats/oboInOwl#hasExactSynonym>	"somite 17"	
<http://purl.obolibrary.org/obo/XAO_0004578>	<http://www.geneontology.org/formats/oboInOwl#hasExactSynonym>	"Pa"	
<http://purl.obolibrary.org/obo/XAO_0004578>	<http://www.geneontology.org/formats/oboInOwl#hasExactSynonym>	"globus pallidus"	
<http://purl.obolibrary.org/obo/XAO_0004259>	<http://www.geneontology.org/formats/oboInOwl#hasExactSynonym>	"MGE"	
<http://purl.obolibrary.org/obo/XAO_0004412>	<http://www.geneontology.org/formats/oboInOwl#hasExactSynonym>	"toe 2"	
<http://purl.obolibrary.org/obo/XAO_0004412>	<http://www.geneontology.org/formats/oboInOwl#hasExactSynonym>	"hind digit 2"	
<http://purl.obolibrary.org/obo/XAO_0004412>	<http://www.geneontology.org/formats/oboInOwl#hasExactSynonym>	"pedal digit 2"	
<http://purl.obolibrary.org/obo/XAO_0004412>	<http://www.geneontology.org/formats/oboInOwl#hasExactSynonym>	"toe II"	
<http://purl.obolibrary.org/obo/XAO_0005038>	<http://www.geneontology.org/formats/oboInOwl#hasExactSynonym>	"cell nucleus"	
<http://purl.obolibrary.org/obo/XAO_0003127>	<http://www.geneontology.org/formats/oboInOwl#hasExactSynonym>	"sclerotome of somite 10"	
<http://purl.obolibrary.org/obo/XAO_0000254>	<http://www.geneontology.org/formats/oboInOwl#hasExactSynonym>	"fourth visceral pouch"	
<http://purl.obolibrary.org/obo/XAO_0005195>	<http://www.geneontology.org/formats/oboInOwl#hasExactSynonym>	"ENS"	
<http://purl.obolibrary.org/obo/XAO_0004564>	<http://www.geneontology.org/formats/oboInOwl#hasExactSynonym>	"septum lateralis"	
<http://purl.obolibrary.org/obo/XAO_0004564>	<http://www.geneontology.org/formats/oboInOwl#hasExactSynonym>	"Sl"	
<http://purl.obolibrary.org/obo/XAO_0003055>	<http://www.geneontology.org/formats/oboInOwl#hasExactSynonym>	"HSC"	
<http://purl.obolibrary.org/obo/XAO_0003055>	<http://www.geneontology.org/formats/oboInOwl#hasExactSynonym>	"HSPC"	
<http://purl.obolibrary.org/obo/XAO_0004509>	<http://www.geneontology.org/formats/oboInOwl#hasExactSynonym>	"DLPM"	
<http://purl.obolibrary.org/obo/XAO_0004380>	<http://www.geneontology.org/formats/oboInOwl#hasExactSynonym>	"sp"	
<http://purl.obolibrary.org/obo/XAO_0004017>	<http://www.geneontology.org/formats/oboInOwl#hasExactSynonym>	"endochondral replacement element"	
<http://purl.obolibrary.org/obo/XAO_0000062>	<http://www.geneontology.org/formats/oboInOwl#hasExactSynonym>	"nephrostome"	
<http://purl.obolibrary.org/obo/XAO_0000379>	<http://www.geneontology.org/formats/oboInOwl#hasExactSynonym>	"external jugular"	
<http://purl.obolibrary.org/obo/XAO_0000370>	<http://www.geneontology.org/formats/oboInOwl#hasExactSynonym>	"posterior mesenteric artery"	
<http://purl.obolibrary.org/obo/XAO_0005054>	<http://www.geneontology.org/formats/oboInOwl#hasExactSynonym>	"Ri"	
<http://purl.obolibrary.org/obo/XAO_0004571>	<http://www.geneontology.org/formats/oboInOwl#hasExactSynonym>	"septum medialis"	
<http://purl.obolibrary.org/obo/XAO_0004571>	<http://www.geneontology.org/formats/oboInOwl#hasExactSynonym>	"Sm"	
<http://purl.obolibrary.org/obo/XAO_0000215>	<http://www.geneontology.org/formats/oboInOwl#hasExactSynonym>	"CNS"	
<http://purl.obolibrary.org/obo/XAO_0005425>	<http://www.geneontology.org/formats/oboInOwl#hasExactSynonym>	"transient TES"	
<http://purl.obolibrary.org/obo/XAO_0000181>	<http://www.geneontology.org/formats/oboInOwl#hasExactSynonym>	"eye ball"	
<http://purl.obolibrary.org/obo/XAO_0004374>	<http://www.geneontology.org/formats/oboInOwl#hasExactSynonym>	"plhb"	
<http://purl.obolibrary.org/obo/XAO_1000093>	<http://www.geneontology.org/formats/oboInOwl#hasExactSynonym>	"adult frog"	
<http://purl.obolibrary.org/obo/XAO_0004202>	<http://www.geneontology.org/formats/oboInOwl#hasExactSynonym>	"preenamel tissue"	
<http://purl.obolibrary.org/obo/XAO_0004202>	<http://www.geneontology.org/formats/oboInOwl#hasExactSynonym>	"pre-enamel tissue"	
<http://purl.obolibrary.org/obo/XAO_1000010>	<http://www.geneontology.org/formats/oboInOwl#hasExactSynonym>	"juvenile frog"	
<http://purl.obolibrary.org/obo/XAO_0000417>	<http://www.geneontology.org/formats/oboInOwl#hasExactSynonym>	"somite 9"	
<http://purl.obolibrary.org/obo/XAO_0004481>	<http://www.geneontology.org/formats/oboInOwl#hasExactSynonym>	"fore digit 5"	
<http://purl.obolibrary.org/obo/XAO_0004481>	<http://www.geneontology.org/formats/oboInOwl#hasExactSynonym>	"manual digit 5"	
<http://purl.obolibrary.org/obo/XAO_0005120>	<http://www.geneontology.org/formats/oboInOwl#hasExactSynonym>	"ER"	
<http://purl.obolibrary.org/obo/XAO_0000108>	<http://www.geneontology.org/formats/oboInOwl#hasExactSynonym>	"chordo neural hinge"	
<http://purl.obolibrary.org/obo/XAO_0000108>	<http://www.geneontology.org/formats/oboInOwl#hasExactSynonym>	"CNH"	
<http://purl.obolibrary.org/obo/XAO_0000453>	<http://www.geneontology.org/formats/oboInOwl#hasExactSynonym>	"fourth branchial arch"	
<http://purl.obolibrary.org/obo/XAO_0000403>	<http://www.geneontology.org/formats/oboInOwl#hasExactSynonym>	"somite X"	
<http://purl.obolibrary.org/obo/XAO_0004170>	<http://www.geneontology.org/formats/oboInOwl#hasExactSynonym>	"VCM"	
<http://purl.obolibrary.org/obo/XAO_0004045>	<http://www.geneontology.org/formats/oboInOwl#hasExactSynonym>	"odontogenic condensation"	
<http://purl.obolibrary.org/obo/XAO_0004331>	<http://www.geneontology.org/formats/oboInOwl#hasExactSynonym>	"mlma"	
<http://purl.obolibrary.org/obo/XAO_0004331>	<http://www.geneontology.org/formats/oboInOwl#hasExactSynonym>	"articularis mandibular levator muscle"	
<http://purl.obolibrary.org/obo/XAO_0004119>	<http://www.geneontology.org/formats/oboInOwl#hasExactSynonym>	"post-vitellogenic oocyte"	
<http://purl.obolibrary.org/obo/XAO_0004340>	<http://www.geneontology.org/formats/oboInOwl#hasExactSynonym>	"mlabI"	
<http://purl.obolibrary.org/obo/XAO_0004128>	<http://www.geneontology.org/formats/oboInOwl#hasExactSynonym>	"rectus abdominis"	
<http://purl.obolibrary.org/obo/XAO_0005295>	<http://www.geneontology.org/formats/oboInOwl#hasExactSynonym>	"nervus frontalis"	
<http://purl.obolibrary.org/obo/XAO_0004529>	<http://www.geneontology.org/formats/oboInOwl#hasExactSynonym>	"uvea"	
<http://purl.obolibrary.org/obo/XAO_0004420>	<http://www.geneontology.org/formats/oboInOwl#hasExactSynonym>	"claw of hind digit 4"	
<http://purl.obolibrary.org/obo/XAO_0004208>	<http://www.geneontology.org/formats/oboInOwl#hasExactSynonym>	"pituitary placode"	
<http://purl.obolibrary.org/obo/XAO_0004542>	<http://www.geneontology.org/formats/oboInOwl#hasExactSynonym>	"CeA"	
<http://purl.obolibrary.org/obo/XAO_1000016>	<http://www.geneontology.org/formats/oboInOwl#hasExactSynonym>	"32-cell stage"	
<http://purl.obolibrary.org/obo/XAO_0000410>	<http://www.geneontology.org/formats/oboInOwl#hasExactSynonym>	"somite 5"	
<http://purl.obolibrary.org/obo/XAO_0004072>	<http://www.geneontology.org/formats/oboInOwl#hasExactSynonym>	"SCN"	
<http://purl.obolibrary.org/obo/XAO_0005009>	<http://www.geneontology.org/formats/oboInOwl#hasExactSynonym>	"spindle"	
<http://purl.obolibrary.org/obo/XAO_0005112>	<http://www.geneontology.org/formats/oboInOwl#hasExactSynonym>	"DVHB"	
<http://purl.obolibrary.org/obo/XAO_0003142>	<http://www.geneontology.org/formats/oboInOwl#hasExactSynonym>	"myotome of somite 17"	
<http://purl.obolibrary.org/obo/XAO_0003142>	<http://www.geneontology.org/formats/oboInOwl#hasExactSynonym>	"myotome of trunk somite 17"	
<http://purl.obolibrary.org/obo/XAO_0000191>	<http://www.geneontology.org/formats/oboInOwl#hasExactSynonym>	"tympanic cavity"	
<http://purl.obolibrary.org/obo/XAO_0004366>	<http://www.geneontology.org/formats/oboInOwl#hasExactSynonym>	"fhpq"	
<http://purl.obolibrary.org/obo/XAO_0005167>	<http://www.geneontology.org/formats/oboInOwl#hasExactSynonym>	"epsilon-cell"	
<http://purl.obolibrary.org/obo/XAO_0005032>	<http://www.geneontology.org/formats/oboInOwl#hasExactSynonym>	"neuronal stem cell"	
<http://purl.obolibrary.org/obo/XAO_0005032>	<http://www.geneontology.org/formats/oboInOwl#hasExactSynonym>	"NSC"	
<http://purl.obolibrary.org/obo/XAO_0003113>	<http://www.geneontology.org/formats/oboInOwl#hasExactSynonym>	"sclerotome of somite 1"	
<http://purl.obolibrary.org/obo/XAO_0000121>	<http://www.geneontology.org/formats/oboInOwl#hasExactSynonym>	"bronchial tube"	
<http://purl.obolibrary.org/obo/XAO_0004303>	<http://www.geneontology.org/formats/oboInOwl#hasExactSynonym>	"PT"	
<http://purl.obolibrary.org/obo/XAO_0004337>	<http://www.geneontology.org/formats/oboInOwl#hasExactSynonym>	"msr"	
<http://purl.obolibrary.org/obo/XAO_0005197>	<http://www.geneontology.org/formats/oboInOwl#hasExactSynonym>	"lateral PPE"	
<http://purl.obolibrary.org/obo/XAO_0005197>	<http://www.geneontology.org/formats/oboInOwl#hasExactSynonym>	"LPPE"	
<http://purl.obolibrary.org/obo/XAO_0000288>	<http://www.geneontology.org/formats/oboInOwl#hasExactSynonym>	"proximal tubule 2"	
<http://purl.obolibrary.org/obo/XAO_0000288>	<http://www.geneontology.org/formats/oboInOwl#hasExactSynonym>	"proximal tubule segment 2"	
<http://purl.obolibrary.org/obo/XAO_0000288>	<http://www.geneontology.org/formats/oboInOwl#hasExactSynonym>	"PT2"	
<http://purl.obolibrary.org/obo/XAO_0005025>	<http://www.geneontology.org/formats/oboInOwl#hasExactSynonym>	"histiocyte"	
<http://purl.obolibrary.org/obo/XAO_0004265>	<http://www.geneontology.org/formats/oboInOwl#hasExactSynonym>	"acropodium"	
<http://purl.obolibrary.org/obo/XAO_0004265>	<http://www.geneontology.org/formats/oboInOwl#hasExactSynonym>	"autopodium"	
<http://purl.obolibrary.org/obo/XAO_0004496>	<http://www.geneontology.org/formats/oboInOwl#hasExactSynonym>	"iliac bone"	
<http://purl.obolibrary.org/obo/XAO_1000008>	<http://www.geneontology.org/formats/oboInOwl#hasExactSynonym>	"tadpole"	
<http://purl.obolibrary.org/obo/XAO_0005227>	<http://www.geneontology.org/formats/oboInOwl#hasExactSynonym>	"FO"	
<http://purl.obolibrary.org/obo/XAO_0003139>	<http://www.geneontology.org/formats/oboInOwl#hasExactSynonym>	"sclerotome of somite 16"	
<http://purl.obolibrary.org/obo/XAO_0003139>	<http://www.geneontology.org/formats/oboInOwl#hasExactSynonym>	"sclerotome of trunk somite 16"	
<http://purl.obolibrary.org/obo/XAO_0000423>	<http://www.geneontology.org/formats/oboInOwl#hasExactSynonym>	"trunk somite 15"	
<http://purl.obolibrary.org/obo/XAO_0000423>	<http://www.geneontology.org/formats/oboInOwl#hasExactSynonym>	"somite 15"	
<http://purl.obolibrary.org/obo/XAO_0004185>	<http://www.geneontology.org/formats/oboInOwl#hasExactSynonym>	"first heart field"	
<http://purl.obolibrary.org/obo/XAO_0000344>	<http://www.geneontology.org/formats/oboInOwl#hasExactSynonym>	"third aortic arch"	
<http://purl.obolibrary.org/obo/XAO_0004023>	<http://www.geneontology.org/formats/oboInOwl#hasExactSynonym>	"cranio-facial skeleton"	
<http://purl.obolibrary.org/obo/XAO_0003119>	<http://www.geneontology.org/formats/oboInOwl#hasExactSynonym>	"myotome of somite 7"	
<http://purl.obolibrary.org/obo/XAO_0000102>	<http://www.geneontology.org/formats/oboInOwl#hasExactSynonym>	"first visceral pouch"	
<http://purl.obolibrary.org/obo/XAO_0005042>	<http://www.geneontology.org/formats/oboInOwl#hasExactSynonym>	"inferior semicircular canal"	
<http://purl.obolibrary.org/obo/XAO_0003094>	<http://www.geneontology.org/formats/oboInOwl#hasExactSynonym>	"facialis"	
<http://purl.obolibrary.org/obo/XAO_0003094>	<http://www.geneontology.org/formats/oboInOwl#hasExactSynonym>	"cranial nerve VII"	
<http://purl.obolibrary.org/obo/XAO_1000079>	<http://www.geneontology.org/formats/oboInOwl#hasExactSynonym>	"metamorphosing tadpole"	
<http://purl.obolibrary.org/obo/XAO_0004142>	<http://www.geneontology.org/formats/oboInOwl#hasExactSynonym>	"statoacoustic ganglion"	
<http://purl.obolibrary.org/obo/XAO_0004142>	<http://www.geneontology.org/formats/oboInOwl#hasExactSynonym>	"vestibulocochlear VIII ganglion"	
<http://purl.obolibrary.org/obo/XAO_0004142>	<http://www.geneontology.org/formats/oboInOwl#hasExactSynonym>	"statoacoustic (VIII) ganglion"	
<http://purl.obolibrary.org/obo/XAO_0004050>	<http://www.geneontology.org/formats/oboInOwl#hasExactSynonym>	"perichordal sheath"	
<http://purl.obolibrary.org/obo/XAO_0004050>	<http://www.geneontology.org/formats/oboInOwl#hasExactSynonym>	"perichordal sheath tissue"	
<http://purl.obolibrary.org/obo/XAO_0004050>	<http://www.geneontology.org/formats/oboInOwl#hasExactSynonym>	"perichordal connective tissue"	
<http://purl.obolibrary.org/obo/XAO_0004533>	<http://www.geneontology.org/formats/oboInOwl#hasExactSynonym>	"AC"	
<http://purl.obolibrary.org/obo/XAO_0004058>	<http://www.geneontology.org/formats/oboInOwl#hasExactSynonym>	"neural ampulla"	
<http://purl.obolibrary.org/obo/XAO_0004622>	<http://www.geneontology.org/formats/oboInOwl#hasExactSynonym>	"myotome of trunk somite 18"	
<http://purl.obolibrary.org/obo/XAO_0000213>	<http://www.geneontology.org/formats/oboInOwl#hasExactSynonym>	"eustachian tube"	
<http://purl.obolibrary.org/obo/XAO_0000213>	<http://www.geneontology.org/formats/oboInOwl#hasExactSynonym>	"pharyngotympanic tube"	
<http://purl.obolibrary.org/obo/XAO_0004029>	<http://www.geneontology.org/formats/oboInOwl#hasExactSynonym>	"hyaline cartilage"	
<http://purl.obolibrary.org/obo/XAO_0004161>	<http://www.geneontology.org/formats/oboInOwl#hasExactSynonym>	"mid-cerebral vein"	
<http://purl.obolibrary.org/obo/XAO_0004161>	<http://www.geneontology.org/formats/oboInOwl#hasExactSynonym>	"mid cerebral vein"	
<http://purl.obolibrary.org/obo/XAO_0005066>	<http://www.geneontology.org/formats/oboInOwl#hasExactSynonym>	"optic nerve head"	
<http://purl.obolibrary.org/obo/XAO_0003051>	<http://www.geneontology.org/formats/oboInOwl#hasExactSynonym>	"ADLPR"	
<http://purl.obolibrary.org/obo/XAO_0005003>	<http://www.geneontology.org/formats/oboInOwl#hasExactSynonym>	"larval gut epithelium"	
<http://purl.obolibrary.org/obo/XAO_0004568>	<http://www.geneontology.org/formats/oboInOwl#hasExactSynonym>	"MeA"	
<http://purl.obolibrary.org/obo/XAO_0005282>	<http://www.geneontology.org/formats/oboInOwl#hasExactSynonym>	"YP"	
<http://purl.obolibrary.org/obo/XAO_0000451>	<http://www.geneontology.org/formats/oboInOwl#hasExactSynonym>	"third branchial arch"	
<http://purl.obolibrary.org/obo/XAO_0005050>	<http://www.geneontology.org/formats/oboInOwl#hasExactSynonym>	"parabrachial nucleus"	
<http://purl.obolibrary.org/obo/XAO_0005050>	<http://www.geneontology.org/formats/oboInOwl#hasExactSynonym>	"PB"	
<http://purl.obolibrary.org/obo/XAO_0003126>	<http://www.geneontology.org/formats/oboInOwl#hasExactSynonym>	"sclerotome of somite 9"	
<http://purl.obolibrary.org/obo/XAO_0000383>	<http://www.geneontology.org/formats/oboInOwl#hasExactSynonym>	"ACV"	
<http://purl.obolibrary.org/obo/XAO_0004176>	<http://www.geneontology.org/formats/oboInOwl#hasExactSynonym>	"choriocapillaris"	
<http://purl.obolibrary.org/obo/XAO_0004176>	<http://www.geneontology.org/formats/oboInOwl#hasExactSynonym>	"capillary lamina of choroid"	
<http://purl.obolibrary.org/obo/XAO_0004176>	<http://www.geneontology.org/formats/oboInOwl#hasExactSynonym>	"choroidal vascular plexus"	
<http://purl.obolibrary.org/obo/XAO_0004084>	<http://www.geneontology.org/formats/oboInOwl#hasExactSynonym>	"r6"	
<http://purl.obolibrary.org/obo/XAO_0004084>	<http://www.geneontology.org/formats/oboInOwl#hasExactSynonym>	"rhombomere 6"	
<http://purl.obolibrary.org/obo/XAO_0005132>	<http://www.geneontology.org/formats/oboInOwl#hasExactSynonym>	"astrocyte endfoot"	
<http://purl.obolibrary.org/obo/XAO_0003162>	<http://www.geneontology.org/formats/oboInOwl#hasExactSynonym>	"acellular structure"	
<http://purl.obolibrary.org/obo/XAO_0004370>	<http://www.geneontology.org/formats/oboInOwl#hasExactSynonym>	"parpq"	
<http://purl.obolibrary.org/obo/XAO_1000002>	<http://www.geneontology.org/formats/oboInOwl#hasExactSynonym>	"early tailbud"	
<http://purl.obolibrary.org/obo/XAO_0004378>	<http://www.geneontology.org/formats/oboInOwl#hasExactSynonym>	"pq"	
<http://purl.obolibrary.org/obo/XAO_0004378>	<http://www.geneontology.org/formats/oboInOwl#hasExactSynonym>	"palatoquadrate cartilage"	
<http://purl.obolibrary.org/obo/XAO_0004387>	<http://www.geneontology.org/formats/oboInOwl#hasExactSynonym>	"ciliary marginal zone stem cell region"	
<http://purl.obolibrary.org/obo/XAO_0004387>	<http://www.geneontology.org/formats/oboInOwl#hasExactSynonym>	"CMZ stem cell region"	
<http://purl.obolibrary.org/obo/XAO_0004387>	<http://www.geneontology.org/formats/oboInOwl#hasExactSynonym>	"RSCR"	
<http://purl.obolibrary.org/obo/XAO_0004206>	<http://www.geneontology.org/formats/oboInOwl#hasExactSynonym>	"APA"	
<http://purl.obolibrary.org/obo/XAO_0004328>	<http://www.geneontology.org/formats/oboInOwl#hasExactSynonym>	"mlmli"	
<http://purl.obolibrary.org/obo/XAO_0003133>	<http://www.geneontology.org/formats/oboInOwl#hasExactSynonym>	"sclerotome of somite 13"	
<http://purl.obolibrary.org/obo/XAO_0004215>	<http://www.geneontology.org/formats/oboInOwl#hasExactSynonym>	"hypoglossus"	
<http://purl.obolibrary.org/obo/XAO_0004215>	<http://www.geneontology.org/formats/oboInOwl#hasExactSynonym>	"cranial nerve XII"	
<http://purl.obolibrary.org/obo/XAO_0005188>	<http://www.geneontology.org/formats/oboInOwl#hasExactSynonym>	"pars distalis of adenohypophysis"	
<http://purl.obolibrary.org/obo/XAO_0000279>	<http://www.geneontology.org/formats/oboInOwl#hasExactSynonym>	"vegetal hemisphere blastomere"	
<http://purl.obolibrary.org/obo/XAO_0004570>	<http://www.geneontology.org/formats/oboInOwl#hasExactSynonym>	"MP"	
<http://purl.obolibrary.org/obo/XAO_0004358>	<http://www.geneontology.org/formats/oboInOwl#hasExactSynonym>	"basihyobranchial"	
<http://purl.obolibrary.org/obo/XAO_0004358>	<http://www.geneontology.org/formats/oboInOwl#hasExactSynonym>	"bhb"	
<http://purl.obolibrary.org/obo/XAO_0005159>	<http://www.geneontology.org/formats/oboInOwl#hasExactSynonym>	"cardiac stomach"	
<http://purl.obolibrary.org/obo/XAO_0005159>	<http://www.geneontology.org/formats/oboInOwl#hasExactSynonym>	"cardia of stomach"	
<http://purl.obolibrary.org/obo/XAO_0005159>	<http://www.geneontology.org/formats/oboInOwl#hasExactSynonym>	"gastric cardia"	
<http://purl.obolibrary.org/obo/XAO_0004417>	<http://www.geneontology.org/formats/oboInOwl#hasExactSynonym>	"claw of hind digit 1"	
<http://purl.obolibrary.org/obo/XAO_0003248>	<http://www.geneontology.org/formats/oboInOwl#hasExactSynonym>	"endoderm cell"	
<http://purl.obolibrary.org/obo/XAO_0004285>	<http://www.geneontology.org/formats/oboInOwl#hasExactSynonym>	"posterior paired appendage"	
<http://purl.obolibrary.org/obo/XAO_0000407>	<http://www.geneontology.org/formats/oboInOwl#hasExactSynonym>	"somite 2"	
<http://purl.obolibrary.org/obo/XAO_0004344>	<http://www.geneontology.org/formats/oboInOwl#hasExactSynonym>	"mcbII"	
<http://purl.obolibrary.org/obo/XAO_0000286>	<http://www.geneontology.org/formats/oboInOwl#hasExactSynonym>	"proximal tubule 3"	
<http://purl.obolibrary.org/obo/XAO_0000286>	<http://www.geneontology.org/formats/oboInOwl#hasExactSynonym>	"late proximal segment"	
<http://purl.obolibrary.org/obo/XAO_0000286>	<http://www.geneontology.org/formats/oboInOwl#hasExactSynonym>	"PT3"	
<http://purl.obolibrary.org/obo/XAO_0000286>	<http://www.geneontology.org/formats/oboInOwl#hasExactSynonym>	"proximal tubule segment 3"	
<http://purl.obolibrary.org/obo/XAO_0005145>	<http://www.geneontology.org/formats/oboInOwl#hasExactSynonym>	"fundus of stomach"	
<http://purl.obolibrary.org/obo/XAO_0005145>	<http://www.geneontology.org/formats/oboInOwl#hasExactSynonym>	"fundic stomach"	
<http://purl.obolibrary.org/obo/XAO_0005145>	<http://www.geneontology.org/formats/oboInOwl#hasExactSynonym>	"gastric fundus"	
<http://purl.obolibrary.org/obo/XAO_0005044>	<http://www.geneontology.org/formats/oboInOwl#hasExactSynonym>	"neurilemmal cell"	
<http://purl.obolibrary.org/obo/XAO_0003096>	<http://www.geneontology.org/formats/oboInOwl#hasExactSynonym>	"cranial nerve IX"	
<http://purl.obolibrary.org/obo/XAO_0000306>	<http://www.geneontology.org/formats/oboInOwl#hasExactSynonym>	"floorplate"	
<http://purl.obolibrary.org/obo/XAO_0005116>	<http://www.geneontology.org/formats/oboInOwl#hasExactSynonym>	"melanotroph"	
<http://purl.obolibrary.org/obo/XAO_0005116>	<http://www.geneontology.org/formats/oboInOwl#hasExactSynonym>	"melanocyte stimulating hormone secreting cell"	
<http://purl.obolibrary.org/obo/XAO_0005116>	<http://www.geneontology.org/formats/oboInOwl#hasExactSynonym>	"melanotrope cell"	
<http://purl.obolibrary.org/obo/XAO_0000272>	<http://www.geneontology.org/formats/oboInOwl#hasExactSynonym>	"organon vomeronasale"	
<http://purl.obolibrary.org/obo/XAO_0000272>	<http://www.geneontology.org/formats/oboInOwl#hasExactSynonym>	"VNO"	
<http://purl.obolibrary.org/obo/XAO_0000272>	<http://www.geneontology.org/formats/oboInOwl#hasExactSynonym>	"vomeronasal organ"	
<http://purl.obolibrary.org/obo/XAO_0005234>	<http://www.geneontology.org/formats/oboInOwl#hasExactSynonym>	"SCC"	
<http://purl.obolibrary.org/obo/XAO_0005268>	<http://www.geneontology.org/formats/oboInOwl#hasExactSynonym>	"thrombocyte, adult"	
<http://purl.obolibrary.org/obo/XAO_0004118>	<http://www.geneontology.org/formats/oboInOwl#hasExactSynonym>	"late vitellogenic oocyte"	
<http://purl.obolibrary.org/obo/XAO_0000342>	<http://www.geneontology.org/formats/oboInOwl#hasExactSynonym>	"first aortic arch"	
<http://purl.obolibrary.org/obo/XAO_0001017>	<http://www.geneontology.org/formats/oboInOwl#hasExactSynonym>	"portion of connective tissue"	
<http://purl.obolibrary.org/obo/XAO_0004290>	<http://www.geneontology.org/formats/oboInOwl#hasExactSynonym>	"cell component"	
<http://purl.obolibrary.org/obo/XAO_0005036>	<http://www.geneontology.org/formats/oboInOwl#hasExactSynonym>	"EK layer"	
<http://purl.obolibrary.org/obo/XAO_0000361>	<http://www.geneontology.org/formats/oboInOwl#hasExactSynonym>	"common iliac artery"	
<http://purl.obolibrary.org/obo/XAO_0003117>	<http://www.geneontology.org/formats/oboInOwl#hasExactSynonym>	"myotome of somite 5"	
<http://purl.obolibrary.org/obo/XAO_0000252>	<http://www.geneontology.org/formats/oboInOwl#hasExactSynonym>	"neural tube lumen"	
<http://purl.obolibrary.org/obo/XAO_0004154>	<http://www.geneontology.org/formats/oboInOwl#hasExactSynonym>	"hyaloid blood vessels"	<http://purl.obolibrary.org/obo/OMO_0003004>
<http://purl.obolibrary.org/obo/XAO_0004154>	<http://www.geneontology.org/formats/oboInOwl#hasExactSynonym>	"hyaloid vessels"	<http://purl.obolibrary.org/obo/OMO_0003004>
<http://purl.obolibrary.org/obo/XAO_0004154>	<http://www.geneontology.org/formats/oboInOwl#hasExactSynonym>	"hyaloid vessel"	
<http://purl.obolibrary.org/obo/XAO_0004104>	<http://www.geneontology.org/formats/oboInOwl#hasExactSynonym>	"NPB"	
<http://purl.obolibrary.org/obo/XAO_0004608>	<http://www.geneontology.org/formats/oboInOwl#hasExactSynonym>	"3rd ventricle"	
<http://purl.obolibrary.org/obo/XAO_0004197>	<http://www.geneontology.org/formats/oboInOwl#hasExactSynonym>	"elastic cartilage"	
<http://purl.obolibrary.org/obo/XAO_0004269>	<http://www.geneontology.org/formats/oboInOwl#hasExactSynonym>	"pAD"	
<http://purl.obolibrary.org/obo/XAO_0004269>	<http://www.geneontology.org/formats/oboInOwl#hasExactSynonym>	"antero-dorsal lateral line placode"	
<http://purl.obolibrary.org/obo/XAO_0004269>	<http://www.geneontology.org/formats/oboInOwl#hasExactSynonym>	"anterior dorsal lateral line placode"	
<http://purl.obolibrary.org/obo/XAO_0000377>	<http://www.geneontology.org/formats/oboInOwl#hasExactSynonym>	"liver capillary"	
<http://purl.obolibrary.org/obo/XAO_0005166>	<http://www.geneontology.org/formats/oboInOwl#hasExactSynonym>	"delta-cell"	
<http://purl.obolibrary.org/obo/XAO_0003255>	<http://www.geneontology.org/formats/oboInOwl#hasExactSynonym>	"mesoderm cell"	
<http://purl.obolibrary.org/obo/XAO_0005057>	<http://www.geneontology.org/formats/oboInOwl#hasExactSynonym>	"st"	
<http://purl.obolibrary.org/obo/XAO_0004336>	<http://www.geneontology.org/formats/oboInOwl#hasExactSynonym>	"mih"	
<http://purl.obolibrary.org/obo/XAO_0004336>	<http://www.geneontology.org/formats/oboInOwl#hasExactSynonym>	"interhyoidal muscle"	
<http://purl.obolibrary.org/obo/XAO_0004111>	<http://www.geneontology.org/formats/oboInOwl#hasExactSynonym>	"cone photoreceptor cell"	
<http://purl.obolibrary.org/obo/XAO_0004111>	<http://www.geneontology.org/formats/oboInOwl#hasExactSynonym>	"eye photoreceptor cell (cone)"	
<http://purl.obolibrary.org/obo/XAO_0003226>	<http://www.geneontology.org/formats/oboInOwl#hasExactSynonym>	"OT"	
<http://purl.obolibrary.org/obo/XAO_0004027>	<http://www.geneontology.org/formats/oboInOwl#hasExactSynonym>	"ECM"	
<http://purl.obolibrary.org/obo/XAO_0004372>	<http://www.geneontology.org/formats/oboInOwl#hasExactSynonym>	"pk"	
<http://purl.obolibrary.org/obo/XAO_0005075>	<http://www.geneontology.org/formats/oboInOwl#hasExactSynonym>	"olfactory gland"	
<http://purl.obolibrary.org/obo/XAO_0005075>	<http://www.geneontology.org/formats/oboInOwl#hasExactSynonym>	"olfactory gland of Bowman"	
<http://purl.obolibrary.org/obo/XAO_1000080>	<http://www.geneontology.org/formats/oboInOwl#hasExactSynonym>	"late tailbud"	
<http://purl.obolibrary.org/obo/XAO_0004282>	<http://www.geneontology.org/formats/oboInOwl#hasExactSynonym>	"unpaired fin skeleton"	
<http://purl.obolibrary.org/obo/XAO_0004282>	<http://www.geneontology.org/formats/oboInOwl#hasExactSynonym>	"axial fin skeleton"	
<http://purl.obolibrary.org/obo/XAO_0005190>	<http://www.geneontology.org/formats/oboInOwl#hasExactSynonym>	"pars intermedis"	
<http://purl.obolibrary.org/obo/XAO_0005190>	<http://www.geneontology.org/formats/oboInOwl#hasExactSynonym>	"pars intermedia of adenohypophysis"	
<http://purl.obolibrary.org/obo/XAO_0003124>	<http://www.geneontology.org/formats/oboInOwl#hasExactSynonym>	"sclerotome of somite 8"	
<http://purl.obolibrary.org/obo/XAO_0006028>	<http://www.geneontology.org/formats/oboInOwl#hasExactSynonym>	"cMoP"	
<http://purl.obolibrary.org/obo/XAO_0000171>	<http://www.geneontology.org/formats/oboInOwl#hasExactSynonym>	"articulation"	
<http://purl.obolibrary.org/obo/XAO_0004418>	<http://www.geneontology.org/formats/oboInOwl#hasExactSynonym>	"claw of hind digit 2"	
<http://purl.obolibrary.org/obo/XAO_0004276>	<http://www.geneontology.org/formats/oboInOwl#hasExactSynonym>	"bone organ"	
<http://purl.obolibrary.org/obo/XAO_0005062>	<http://www.geneontology.org/formats/oboInOwl#hasExactSynonym>	"PE"	
<http://purl.obolibrary.org/obo/XAO_0005293>	<http://www.geneontology.org/formats/oboInOwl#hasExactSynonym>	"nervus maxillare"	
<http://purl.obolibrary.org/obo/XAO_0004527>	<http://www.geneontology.org/formats/oboInOwl#hasExactSynonym>	"OSN"	
<http://purl.obolibrary.org/obo/XAO_0004527>	<http://www.geneontology.org/formats/oboInOwl#hasExactSynonym>	"olfactory receptor neuron"	
<http://purl.obolibrary.org/obo/XAO_0004527>	<http://www.geneontology.org/formats/oboInOwl#hasExactSynonym>	"ORN"	
<http://purl.obolibrary.org/obo/XAO_0003138>	<http://www.geneontology.org/formats/oboInOwl#hasExactSynonym>	"myotome of somite 15"	
<http://purl.obolibrary.org/obo/XAO_0003138>	<http://www.geneontology.org/formats/oboInOwl#hasExactSynonym>	"myotome of trunk somite 15"	
<http://purl.obolibrary.org/obo/XAO_0004385>	<http://www.geneontology.org/formats/oboInOwl#hasExactSynonym>	"gill basket"	
<http://purl.obolibrary.org/obo/XAO_0003031>	<http://www.geneontology.org/formats/oboInOwl#hasExactSynonym>	"posterior limb"	
<http://purl.obolibrary.org/obo/XAO_0003031>	<http://www.geneontology.org/formats/oboInOwl#hasExactSynonym>	"hind limb"	
<http://purl.obolibrary.org/obo/XAO_0000319>	<http://www.geneontology.org/formats/oboInOwl#hasExactSynonym>	"TNC"	
<http://purl.obolibrary.org/obo/XAO_0005007>	<http://www.geneontology.org/formats/oboInOwl#hasExactSynonym>	"Müller cell"	
<http://purl.obolibrary.org/obo/XAO_0005007>	<http://www.geneontology.org/formats/oboInOwl#hasExactSynonym>	"Muller cell"	
<http://purl.obolibrary.org/obo/XAO_0003131>	<http://www.geneontology.org/formats/oboInOwl#hasExactSynonym>	"sclerotome of somite 12"	
<http://purl.obolibrary.org/obo/XAO_0004213>	<http://www.geneontology.org/formats/oboInOwl#hasExactSynonym>	"nodose placode"	
<http://purl.obolibrary.org/obo/XAO_0004213>	<http://www.geneontology.org/formats/oboInOwl#hasExactSynonym>	"nodose placodes"	<http://purl.obolibrary.org/obo/OMO_0003004>
<http://purl.obolibrary.org/obo/XAO_0004213>	<http://www.geneontology.org/formats/oboInOwl#hasExactSynonym>	"vagal epibranchial placodes"	<http://purl.obolibrary.org/obo/OMO_0003004>
<http://purl.obolibrary.org/obo/XAO_0000419>	<http://www.geneontology.org/formats/oboInOwl#hasExactSynonym>	"somite 11"	
<http://purl.obolibrary.org/obo/XAO_0003140>	<http://www.geneontology.org/formats/oboInOwl#hasExactSynonym>	"myotome of somite 16"	
<http://purl.obolibrary.org/obo/XAO_0003140>	<http://www.geneontology.org/formats/oboInOwl#hasExactSynonym>	"myotome of trunk somite 16"	
<http://purl.obolibrary.org/obo/XAO_0000355>	<http://www.geneontology.org/formats/oboInOwl#hasExactSynonym>	"fourth aortic arch"	
<http://purl.obolibrary.org/obo/XAO_0004587>	<http://www.geneontology.org/formats/oboInOwl#hasExactSynonym>	"Str"	
<http://purl.obolibrary.org/obo/XAO_0004391>	<http://www.geneontology.org/formats/oboInOwl#hasExactSynonym>	"TM"	
<http://purl.obolibrary.org/obo/XAO_0004415>	<http://www.geneontology.org/formats/oboInOwl#hasExactSynonym>	"pedal digit 5"	
<http://purl.obolibrary.org/obo/XAO_0004415>	<http://www.geneontology.org/formats/oboInOwl#hasExactSynonym>	"hind digit 5"	
<http://purl.obolibrary.org/obo/XAO_0004415>	<http://www.geneontology.org/formats/oboInOwl#hasExactSynonym>	"toe 5"	
<http://purl.obolibrary.org/obo/XAO_0004415>	<http://www.geneontology.org/formats/oboInOwl#hasExactSynonym>	"toe V"	
<http://purl.obolibrary.org/obo/XAO_0004306>	<http://www.geneontology.org/formats/oboInOwl#hasExactSynonym>	"Th"	
<http://purl.obolibrary.org/obo/XAO_0003111>	<http://www.geneontology.org/formats/oboInOwl#hasExactSynonym>	"myotome of somite 4"	
<http://purl.obolibrary.org/obo/XAO_0004558>	<http://www.geneontology.org/formats/oboInOwl#hasExactSynonym>	"LA"	
<http://purl.obolibrary.org/obo/XAO_0004220>	<http://www.geneontology.org/formats/oboInOwl#hasExactSynonym>	"anterior ventral lateral line placode"	
<http://purl.obolibrary.org/obo/XAO_0004220>	<http://www.geneontology.org/formats/oboInOwl#hasExactSynonym>	"pAV"	
<http://purl.obolibrary.org/obo/XAO_0004342>	<http://www.geneontology.org/formats/oboInOwl#hasExactSynonym>	"mlabIII"	
<http://purl.obolibrary.org/obo/XAO_0004263>	<http://www.geneontology.org/formats/oboInOwl#hasExactSynonym>	"stylopodium"	
<http://purl.obolibrary.org/obo/XAO_0004263>	<http://www.geneontology.org/formats/oboInOwl#hasExactSynonym>	"mesopodium"	
<http://purl.obolibrary.org/obo/XAO_1000006>	<http://www.geneontology.org/formats/oboInOwl#hasExactSynonym>	"neurula"	
<http://purl.obolibrary.org/obo/XAO_0004219>	<http://www.geneontology.org/formats/oboInOwl#hasExactSynonym>	"ch"	
<http://purl.obolibrary.org/obo/XAO_0005232>	<http://www.geneontology.org/formats/oboInOwl#hasExactSynonym>	"ICa"	
<http://purl.obolibrary.org/obo/XAO_0005232>	<http://www.geneontology.org/formats/oboInOwl#hasExactSynonym>	"alpha ionocyte"	
<http://purl.obolibrary.org/obo/XAO_0005232>	<http://www.geneontology.org/formats/oboInOwl#hasExactSynonym>	"alpha-PSC"	
<http://purl.obolibrary.org/obo/XAO_0004614>	<http://www.geneontology.org/formats/oboInOwl#hasExactSynonym>	"axoneme"	
<http://purl.obolibrary.org/obo/XAO_0000051>	<http://www.geneontology.org/formats/oboInOwl#hasExactSynonym>	"aorta dorsalis"	
<http://purl.obolibrary.org/obo/XAO_0001010>	<http://www.geneontology.org/formats/oboInOwl#hasExactSynonym>	"vascular system"	
<http://purl.obolibrary.org/obo/XAO_0005034>	<http://www.geneontology.org/formats/oboInOwl#hasExactSynonym>	"NPC"	
<http://purl.obolibrary.org/obo/XAO_0005034>	<http://www.geneontology.org/formats/oboInOwl#hasExactSynonym>	"neuronal progenitor cell"	
<http://purl.obolibrary.org/obo/XAO_0000022>	<http://www.geneontology.org/formats/oboInOwl#hasExactSynonym>	"roofplate"	
<http://purl.obolibrary.org/obo/XAO_0003158>	<http://www.geneontology.org/formats/oboInOwl#hasExactSynonym>	"B lymphocyte"	
<http://purl.obolibrary.org/obo/XAO_0003158>	<http://www.geneontology.org/formats/oboInOwl#hasExactSynonym>	"B cell"	
<http://purl.obolibrary.org/obo/XAO_0003217>	<http://www.geneontology.org/formats/oboInOwl#hasExactSynonym>	"RPE"	
<http://purl.obolibrary.org/obo/XAO_0004077>	<http://www.geneontology.org/formats/oboInOwl#hasExactSynonym>	"intersomitic membrane"	
<http://purl.obolibrary.org/obo/XAO_0005040>	<http://www.geneontology.org/formats/oboInOwl#hasExactSynonym>	"superior semicircular canal"	
<http://purl.obolibrary.org/obo/XAO_0003092>	<http://www.geneontology.org/formats/oboInOwl#hasExactSynonym>	"cranial nerve V"	
<http://purl.obolibrary.org/obo/XAO_0003092>	<http://www.geneontology.org/formats/oboInOwl#hasExactSynonym>	"trigeminus"	
<http://purl.obolibrary.org/obo/XAO_0004363>	<http://www.geneontology.org/formats/oboInOwl#hasExactSynonym>	"cqca"	
<http://purl.obolibrary.org/obo/XAO_0005048>	<http://www.geneontology.org/formats/oboInOwl#hasExactSynonym>	"solitary nucleus"	
<http://purl.obolibrary.org/obo/XAO_0005048>	<http://www.geneontology.org/formats/oboInOwl#hasExactSynonym>	"nucleus of solitary tract"	
<http://purl.obolibrary.org/obo/XAO_0005048>	<http://www.geneontology.org/formats/oboInOwl#hasExactSynonym>	"Nsol"	
<http://purl.obolibrary.org/obo/XAO_1000082>	<http://www.geneontology.org/formats/oboInOwl#hasExactSynonym>	"unfertilized egg"	
<http://purl.obolibrary.org/obo/XAO_0004531>	<http://www.geneontology.org/formats/oboInOwl#hasExactSynonym>	"Amyg"	
<http://purl.obolibrary.org/obo/XAO_0004187>	<http://www.geneontology.org/formats/oboInOwl#hasExactSynonym>	"ABC"	
<http://purl.obolibrary.org/obo/XAO_0004334>	<http://www.geneontology.org/formats/oboInOwl#hasExactSynonym>	"quadrato-hyoangularis muscle"	
<http://purl.obolibrary.org/obo/XAO_0004334>	<http://www.geneontology.org/formats/oboInOwl#hasExactSynonym>	"mqh"	
<http://purl.obolibrary.org/obo/XAO_0004478>	<http://www.geneontology.org/formats/oboInOwl#hasExactSynonym>	"fore digit 2"	
<http://purl.obolibrary.org/obo/XAO_0004478>	<http://www.geneontology.org/formats/oboInOwl#hasExactSynonym>	"manual digit 2"	
<http://purl.obolibrary.org/obo/XAO_0000211>	<http://www.geneontology.org/formats/oboInOwl#hasExactSynonym>	"sympathetic trunk"	
<http://purl.obolibrary.org/obo/XAO_0000127>	<http://www.geneontology.org/formats/oboInOwl#hasExactSynonym>	"oesophagus"	
<http://purl.obolibrary.org/obo/XAO_1000013>	<http://www.geneontology.org/formats/oboInOwl#hasExactSynonym>	"4-cell stage"	
<http://purl.obolibrary.org/obo/XAO_0000162>	<http://www.geneontology.org/formats/oboInOwl#hasExactSynonym>	"thyroid gland"	
<http://purl.obolibrary.org/obo/XAO_0004369>	<http://www.geneontology.org/formats/oboInOwl#hasExactSynonym>	"pach"	
<http://purl.obolibrary.org/obo/XAO_0005053>	<http://www.geneontology.org/formats/oboInOwl#hasExactSynonym>	"Rs"	
<http://purl.obolibrary.org/obo/XAO_0003240>	<http://www.geneontology.org/formats/oboInOwl#hasExactSynonym>	"digestive enzyme secreting cells"	<http://purl.obolibrary.org/obo/OMO_0003004>
<http://purl.obolibrary.org/obo/XAO_0004300>	<http://www.geneontology.org/formats/oboInOwl#hasExactSynonym>	"hind foot"	
<http://purl.obolibrary.org/obo/XAO_0004082>	<http://www.geneontology.org/formats/oboInOwl#hasExactSynonym>	"r4"	
<http://purl.obolibrary.org/obo/XAO_0004082>	<http://www.geneontology.org/formats/oboInOwl#hasExactSynonym>	"rhombomere 4"	
<http://purl.obolibrary.org/obo/XAO_0000049>	<http://www.geneontology.org/formats/oboInOwl#hasExactSynonym>	"adhesive organ primordium"	
<http://purl.obolibrary.org/obo/XAO_0000049>	<http://www.geneontology.org/formats/oboInOwl#hasExactSynonym>	"cement gland anlage"	
<http://purl.obolibrary.org/obo/XAO_0000188>	<http://www.geneontology.org/formats/oboInOwl#hasExactSynonym>	"cranial nerve II"	
<http://purl.obolibrary.org/obo/XAO_0000188>	<http://www.geneontology.org/formats/oboInOwl#hasExactSynonym>	"opticus"	
<http://purl.obolibrary.org/obo/XAO_0000188>	<http://www.geneontology.org/formats/oboInOwl#hasExactSynonym>	"ON"	
<http://purl.obolibrary.org/obo/XAO_0004099>	<http://www.geneontology.org/formats/oboInOwl#hasExactSynonym>	"amacrine neuron"	
<http://purl.obolibrary.org/obo/XAO_0005291>	<http://www.geneontology.org/formats/oboInOwl#hasExactSynonym>	"oral plate membrane"	
<http://purl.obolibrary.org/obo/XAO_0003136>	<http://www.geneontology.org/formats/oboInOwl#hasExactSynonym>	"myotome of trunk somite 14"	
<http://purl.obolibrary.org/obo/XAO_0003136>	<http://www.geneontology.org/formats/oboInOwl#hasExactSynonym>	"myotome of somite 14"	
<http://purl.obolibrary.org/obo/XAO_0005186>	<http://www.geneontology.org/formats/oboInOwl#hasExactSynonym>	"anterior hypophysis"	
<http://purl.obolibrary.org/obo/XAO_0005186>	<http://www.geneontology.org/formats/oboInOwl#hasExactSynonym>	"anterior pituitary"	
<http://purl.obolibrary.org/obo/XAO_0005186>	<http://www.geneontology.org/formats/oboInOwl#hasExactSynonym>	"anterior lobe of pituitary gland"	
<http://purl.obolibrary.org/obo/XAO_0000277>	<http://www.geneontology.org/formats/oboInOwl#hasExactSynonym>	"posterior nasal apperture"	
<http://purl.obolibrary.org/obo/XAO_0000426>	<http://www.geneontology.org/formats/oboInOwl#hasExactSynonym>	"cranial nerve I"	
<http://purl.obolibrary.org/obo/XAO_0004627>	<http://www.geneontology.org/formats/oboInOwl#hasExactSynonym>	"vbib"	
<http://purl.obolibrary.org/obo/XAO_0000353>	<http://www.geneontology.org/formats/oboInOwl#hasExactSynonym>	"sixth aortic arch"	
<http://purl.obolibrary.org/obo/XAO_0003078>	<http://www.geneontology.org/formats/oboInOwl#hasExactSynonym>	"ninth vertebra"	
<http://purl.obolibrary.org/obo/XAO_0005157>	<http://www.geneontology.org/formats/oboInOwl#hasExactSynonym>	"antrum of stomach"	
<http://purl.obolibrary.org/obo/XAO_0005157>	<http://www.geneontology.org/formats/oboInOwl#hasExactSynonym>	"pyloric antrum"	
<http://purl.obolibrary.org/obo/XAO_0000016>	<http://www.geneontology.org/formats/oboInOwl#hasExactSynonym>	"MHB"	
<http://purl.obolibrary.org/obo/XAO_0003128>	<http://www.geneontology.org/formats/oboInOwl#hasExactSynonym>	"myotome of somite 10"	
<http://purl.obolibrary.org/obo/XAO_0004456>	<http://www.geneontology.org/formats/oboInOwl#hasExactSynonym>	"Brachy's cleft"	
<http://purl.obolibrary.org/obo/XAO_0003211>	<http://www.geneontology.org/formats/oboInOwl#hasExactSynonym>	"tarsalia"	
<http://purl.obolibrary.org/obo/XAO_0003108>	<http://www.geneontology.org/formats/oboInOwl#hasExactSynonym>	"myotome of somite 1"	
<http://purl.obolibrary.org/obo/XAO_0004381>	<http://www.geneontology.org/formats/oboInOwl#hasExactSynonym>	"trabecular cartilage"	
<http://purl.obolibrary.org/obo/XAO_0004381>	<http://www.geneontology.org/formats/oboInOwl#hasExactSynonym>	"tc"	
<http://purl.obolibrary.org/obo/XAO_1000004>	<http://www.geneontology.org/formats/oboInOwl#hasExactSynonym>	"cleavage"	
<http://purl.obolibrary.org/obo/XAO_0000135>	<http://www.geneontology.org/formats/oboInOwl#hasExactSynonym>	"gallbladder"	
<http://purl.obolibrary.org/obo/XAO_0004389>	<http://www.geneontology.org/formats/oboInOwl#hasExactSynonym>	"OM"	
<http://purl.obolibrary.org/obo/XAO_0003035>	<http://www.geneontology.org/formats/oboInOwl#hasExactSynonym>	"toe"	
<http://purl.obolibrary.org/obo/XAO_0003035>	<http://www.geneontology.org/formats/oboInOwl#hasExactSynonym>	"hind digit"	
<http://purl.obolibrary.org/obo/XAO_0003035>	<http://www.geneontology.org/formats/oboInOwl#hasExactSynonym>	"pedal digit"	
<http://purl.obolibrary.org/obo/XAO_0004217>	<http://www.geneontology.org/formats/oboInOwl#hasExactSynonym>	"motoneuron"	
<http://purl.obolibrary.org/obo/XAO_0004116>	<http://www.geneontology.org/formats/oboInOwl#hasExactSynonym>	"mid-vitellogenic oocyte"	
<http://purl.obolibrary.org/obo/XAO_0005031>	<http://www.geneontology.org/formats/oboInOwl#hasExactSynonym>	"RG"	
<http://purl.obolibrary.org/obo/XAO_0000364>	<http://www.geneontology.org/formats/oboInOwl#hasExactSynonym>	"CA"	
<http://purl.obolibrary.org/obo/XAO_0003115>	<http://www.geneontology.org/formats/oboInOwl#hasExactSynonym>	"sclerotome of somite 3"	
<http://purl.obolibrary.org/obo/XAO_0004296>	<http://www.geneontology.org/formats/oboInOwl#hasExactSynonym>	"upper leg"	
<http://purl.obolibrary.org/obo/XAO_1000094>	<http://www.geneontology.org/formats/oboInOwl#hasExactSynonym>	"Nieuwkoop and Faber stage"	
<http://purl.obolibrary.org/obo/XAO_1000094>	<http://www.geneontology.org/formats/oboInOwl#hasExactSynonym>	"Nieuwkoop-Faber stage"	
<http://purl.obolibrary.org/obo/XAO_0004018>	<http://www.geneontology.org/formats/oboInOwl#hasExactSynonym>	"ossified chondrogenic bone"	
<http://purl.obolibrary.org/obo/XAO_0000063>	<http://www.geneontology.org/formats/oboInOwl#hasExactSynonym>	"Wolffian duct"	
<http://purl.obolibrary.org/obo/XAO_0000063>	<http://www.geneontology.org/formats/oboInOwl#hasExactSynonym>	"DT2"	
<http://purl.obolibrary.org/obo/XAO_0000063>	<http://www.geneontology.org/formats/oboInOwl#hasExactSynonym>	"nephric duct"	
<http://purl.obolibrary.org/obo/XAO_0000063>	<http://www.geneontology.org/formats/oboInOwl#hasExactSynonym>	"distal tubule segment 2"	
<http://purl.obolibrary.org/obo/XAO_0003090>	<http://www.geneontology.org/formats/oboInOwl#hasExactSynonym>	"cranial nerve III"	
<http://purl.obolibrary.org/obo/XAO_0003090>	<http://www.geneontology.org/formats/oboInOwl#hasExactSynonym>	"oculomotorius"	
<http://purl.obolibrary.org/obo/XAO_0005046>	<http://www.geneontology.org/formats/oboInOwl#hasExactSynonym>	"CT"	
<http://purl.obolibrary.org/obo/XAO_0005164>	<http://www.geneontology.org/formats/oboInOwl#hasExactSynonym>	"alpha-cell"	
<http://purl.obolibrary.org/obo/XAO_0005055>	<http://www.geneontology.org/formats/oboInOwl#hasExactSynonym>	"Sv"	
<http://purl.obolibrary.org/obo/XAO_0005055>	<http://www.geneontology.org/formats/oboInOwl#hasExactSynonym>	"septum ventralis"	
<http://purl.obolibrary.org/obo/XAO_0003245>	<http://www.geneontology.org/formats/oboInOwl#hasExactSynonym>	"ectoderm cell"	
<http://purl.obolibrary.org/obo/XAO_0000404>	<http://www.geneontology.org/formats/oboInOwl#hasExactSynonym>	"somite Y"	
<http://purl.obolibrary.org/obo/XAO_0004054>	<http://www.geneontology.org/formats/oboInOwl#hasExactSynonym>	"notochord proper"	
<http://purl.obolibrary.org/obo/XAO_0004129>	<http://www.geneontology.org/formats/oboInOwl#hasExactSynonym>	"rectus cervicis"	
<http://purl.obolibrary.org/obo/XAO_0004129>	<http://www.geneontology.org/formats/oboInOwl#hasExactSynonym>	"mrc"	
<http://purl.obolibrary.org/obo/XAO_0000182>	<http://www.geneontology.org/formats/oboInOwl#hasExactSynonym>	"conjunctivae"	<http://purl.obolibrary.org/obo/OMO_0003004>
<http://purl.obolibrary.org/obo/XAO_0000182>	<http://www.geneontology.org/formats/oboInOwl#hasExactSynonym>	"conjunctivas"	<http://purl.obolibrary.org/obo/OMO_0003004>
<http://purl.obolibrary.org/obo/XAO_0004375>	<http://www.geneontology.org/formats/oboInOwl#hasExactSynonym>	"plta"	
<http://purl.obolibrary.org/obo/XAO_0004203>	<http://www.geneontology.org/formats/oboInOwl#hasExactSynonym>	"non-mineralized enameloid tissue"	
<http://purl.obolibrary.org/obo/XAO_1000011>	<http://www.geneontology.org/formats/oboInOwl#hasExactSynonym>	"2-cell stage"	
<http://purl.obolibrary.org/obo/XAO_0005073>	<http://www.geneontology.org/formats/oboInOwl#hasExactSynonym>	"mucus gland"	
<http://purl.obolibrary.org/obo/XAO_0003130>	<http://www.geneontology.org/formats/oboInOwl#hasExactSynonym>	"myotome of somite 11"	
<http://purl.obolibrary.org/obo/XAO_0000311>	<http://www.geneontology.org/formats/oboInOwl#hasExactSynonym>	"LPM"	
<http://purl.obolibrary.org/obo/XAO_0004191>	<http://www.geneontology.org/formats/oboInOwl#hasExactSynonym>	"VNC"	
<http://purl.obolibrary.org/obo/XAO_0000411>	<http://www.geneontology.org/formats/oboInOwl#hasExactSynonym>	"somite 6"	
<http://purl.obolibrary.org/obo/XAO_0000420>	<http://www.geneontology.org/formats/oboInOwl#hasExactSynonym>	"somite 12"	
<http://purl.obolibrary.org/obo/XAO_0004199>	<http://www.geneontology.org/formats/oboInOwl#hasExactSynonym>	"enameloid tissue"	
<http://purl.obolibrary.org/obo/XAO_0004199>	<http://www.geneontology.org/formats/oboInOwl#hasExactSynonym>	"vitrodentine"	
<http://purl.obolibrary.org/obo/XAO_0004199>	<http://www.geneontology.org/formats/oboInOwl#hasExactSynonym>	"durodentine"	
<http://purl.obolibrary.org/obo/XAO_0004199>	<http://www.geneontology.org/formats/oboInOwl#hasExactSynonym>	"bitypic enamel"	
<http://purl.obolibrary.org/obo/XAO_0000035>	<http://www.geneontology.org/formats/oboInOwl#hasExactSynonym>	"fertilized egg"	
<http://purl.obolibrary.org/obo/XAO_0000069>	<http://www.geneontology.org/formats/oboInOwl#hasExactSynonym>	"VMZ"	
<http://purl.obolibrary.org/obo/XAO_0000111>	<http://www.geneontology.org/formats/oboInOwl#hasExactSynonym>	"germ cells"	<http://purl.obolibrary.org/obo/OMO_0003004>
<http://purl.obolibrary.org/obo/XAO_0004367>	<http://www.geneontology.org/formats/oboInOwl#hasExactSynonym>	"fso"	
<http://purl.obolibrary.org/obo/XAO_0003122>	<http://www.geneontology.org/formats/oboInOwl#hasExactSynonym>	"sclerotome of somite 6"	
<http://purl.obolibrary.org/obo/XAO_0004179>	<http://www.geneontology.org/formats/oboInOwl#hasExactSynonym>	"DLAV - right branch"	
<http://purl.obolibrary.org/obo/XAO_0004338>	<http://www.geneontology.org/formats/oboInOwl#hasExactSynonym>	"mta"	
<http://purl.obolibrary.org/obo/XAO_0000042>	<http://www.geneontology.org/formats/oboInOwl#hasExactSynonym>	"neurectoderm"	
<http://purl.obolibrary.org/obo/XAO_0004500>	<http://www.geneontology.org/formats/oboInOwl#hasExactSynonym>	"vertebral rib"	
<http://purl.obolibrary.org/obo/XAO_0004030>	<http://www.geneontology.org/formats/oboInOwl#hasExactSynonym>	"dense regular collagenous tissue"	
<http://purl.obolibrary.org/obo/XAO_0004030>	<http://www.geneontology.org/formats/oboInOwl#hasExactSynonym>	"regular dense connective tissue"	
<http://purl.obolibrary.org/obo/XAO_0004030>	<http://www.geneontology.org/formats/oboInOwl#hasExactSynonym>	"dense fibrous connective tissue"	
<http://purl.obolibrary.org/obo/XAO_0004030>	<http://www.geneontology.org/formats/oboInOwl#hasExactSynonym>	"dense regular collagenous connective tissue"	
<http://purl.obolibrary.org/obo/XAO_0004274>	<http://www.geneontology.org/formats/oboInOwl#hasExactSynonym>	"joint system"	
<http://purl.obolibrary.org/obo/XAO_0004421>	<http://www.geneontology.org/formats/oboInOwl#hasExactSynonym>	"claw of hind digit 5"	
<http://purl.obolibrary.org/obo/XAO_0004209>	<http://www.geneontology.org/formats/oboInOwl#hasExactSynonym>	"ANR"	
<http://purl.obolibrary.org/obo/XAO_1000017>	<http://www.geneontology.org/formats/oboInOwl#hasExactSynonym>	"64-cell stage"	
<http://purl.obolibrary.org/obo/XAO_0004549>	<http://www.geneontology.org/formats/oboInOwl#hasExactSynonym>	"Sd"	
<http://purl.obolibrary.org/obo/XAO_0004549>	<http://www.geneontology.org/formats/oboInOwl#hasExactSynonym>	"septum dorsalis"	
<http://purl.obolibrary.org/obo/XAO_0004211>	<http://www.geneontology.org/formats/oboInOwl#hasExactSynonym>	"geniculate placode"	
<http://purl.obolibrary.org/obo/XAO_0004211>	<http://www.geneontology.org/formats/oboInOwl#hasExactSynonym>	"epVII"	
<http://purl.obolibrary.org/obo/XAO_0000275>	<http://www.geneontology.org/formats/oboInOwl#hasExactSynonym>	"nasal pit"	
<http://purl.obolibrary.org/obo/XAO_0000345>	<http://www.geneontology.org/formats/oboInOwl#hasExactSynonym>	"ECA"	
<http://purl.obolibrary.org/obo/XAO_0004585>	<http://www.geneontology.org/formats/oboInOwl#hasExactSynonym>	"septum of telencephalon"	
<http://purl.obolibrary.org/obo/XAO_0003076>	<http://www.geneontology.org/formats/oboInOwl#hasExactSynonym>	"first vertebra"	
<http://purl.obolibrary.org/obo/XAO_0003076>	<http://www.geneontology.org/formats/oboInOwl#hasExactSynonym>	"atlas vertebra"	
<http://purl.obolibrary.org/obo/XAO_0000467>	<http://www.geneontology.org/formats/oboInOwl#hasExactSynonym>	"primary pancreatic bud"	
<http://purl.obolibrary.org/obo/XAO_0003114>	<http://www.geneontology.org/formats/oboInOwl#hasExactSynonym>	"sclerotome of somite 2"	
<http://purl.obolibrary.org/obo/XAO_0004413>	<http://www.geneontology.org/formats/oboInOwl#hasExactSynonym>	"hind digit 3"	
<http://purl.obolibrary.org/obo/XAO_0004413>	<http://www.geneontology.org/formats/oboInOwl#hasExactSynonym>	"pedal digit 3"	
<http://purl.obolibrary.org/obo/XAO_0004413>	<http://www.geneontology.org/formats/oboInOwl#hasExactSynonym>	"toe 3"	
<http://purl.obolibrary.org/obo/XAO_0004413>	<http://www.geneontology.org/formats/oboInOwl#hasExactSynonym>	"toe III"	
<http://purl.obolibrary.org/obo/XAO_0000122>	<http://www.geneontology.org/formats/oboInOwl#hasExactSynonym>	"haematological system"	
<http://purl.obolibrary.org/obo/XAO_0000122>	<http://www.geneontology.org/formats/oboInOwl#hasExactSynonym>	"haematopoietic system"	
<http://purl.obolibrary.org/obo/XAO_0004304>	<http://www.geneontology.org/formats/oboInOwl#hasExactSynonym>	"PTh"	
<http://purl.obolibrary.org/obo/XAO_0000255>	<http://www.geneontology.org/formats/oboInOwl#hasExactSynonym>	"fifth visceral pouch"	
<http://purl.obolibrary.org/obo/XAO_0004605>	<http://www.geneontology.org/formats/oboInOwl#hasExactSynonym>	"corpus mamillare"	
<http://purl.obolibrary.org/obo/XAO_0004605>	<http://www.geneontology.org/formats/oboInOwl#hasExactSynonym>	"MA"	
<http://purl.obolibrary.org/obo/XAO_0004556>	<http://www.geneontology.org/formats/oboInOwl#hasExactSynonym>	"Hb"	
<http://purl.obolibrary.org/obo/XAO_0000289>	<http://www.geneontology.org/formats/oboInOwl#hasExactSynonym>	"late distal segment"	
<http://purl.obolibrary.org/obo/XAO_0000289>	<http://www.geneontology.org/formats/oboInOwl#hasExactSynonym>	"distal tubule segment 1"	
<http://purl.obolibrary.org/obo/XAO_0000289>	<http://www.geneontology.org/formats/oboInOwl#hasExactSynonym>	"DT1"	
<http://purl.obolibrary.org/obo/XAO_0004091>	<http://www.geneontology.org/formats/oboInOwl#hasExactSynonym>	"NNE"	
<http://purl.obolibrary.org/obo/XAO_0000081>	<http://www.geneontology.org/formats/oboInOwl#hasExactSynonym>	"hind limb region"	
<http://purl.obolibrary.org/obo/XAO_0005182>	<http://www.geneontology.org/formats/oboInOwl#hasExactSynonym>	"dIN"	
<http://purl.obolibrary.org/obo/XAO_0003149>	<http://www.geneontology.org/formats/oboInOwl#hasExactSynonym>	"PGC"	
<http://purl.obolibrary.org/obo/XAO_0004186>	<http://www.geneontology.org/formats/oboInOwl#hasExactSynonym>	"second heart field"	
<http://purl.obolibrary.org/obo/XAO_0004114>	<http://www.geneontology.org/formats/oboInOwl#hasExactSynonym>	"pre-vitellogenic oocyte"	
<http://purl.obolibrary.org/obo/XAO_0001013>	<http://www.geneontology.org/formats/oboInOwl#hasExactSynonym>	"facial muscles"	<http://purl.obolibrary.org/obo/OMO_0003004>
<http://purl.obolibrary.org/obo/XAO_0001013>	<http://www.geneontology.org/formats/oboInOwl#hasExactSynonym>	"facial muscle"	
<http://purl.obolibrary.org/obo/XAO_0003229>	<http://www.geneontology.org/formats/oboInOwl#hasExactSynonym>	"epaxial muscles"	<http://purl.obolibrary.org/obo/OMO_0003004>
<http://purl.obolibrary.org/obo/XAO_0004100>	<http://www.geneontology.org/formats/oboInOwl#hasExactSynonym>	"RGC"	
<http://purl.obolibrary.org/obo/XAO_0004075>	<http://www.geneontology.org/formats/oboInOwl#hasExactSynonym>	"intersomitic blood vessel"	
<http://purl.obolibrary.org/obo/XAO_0003095>	<http://www.geneontology.org/formats/oboInOwl#hasExactSynonym>	"cranial nerve VIII"	
<http://purl.obolibrary.org/obo/XAO_0003095>	<http://www.geneontology.org/formats/oboInOwl#hasExactSynonym>	"stato-acoustic nerve"	
<http://purl.obolibrary.org/obo/XAO_0000109>	<http://www.geneontology.org/formats/oboInOwl#hasExactSynonym>	"posterior wall of NEC"	
<http://purl.obolibrary.org/obo/XAO_0004361>	<http://www.geneontology.org/formats/oboInOwl#hasExactSynonym>	"cbl-III"	
<http://purl.obolibrary.org/obo/XAO_0005193>	<http://www.geneontology.org/formats/oboInOwl#hasExactSynonym>	"prominentia nasalis lateralis"	
<http://purl.obolibrary.org/obo/XAO_0004046>	<http://www.geneontology.org/formats/oboInOwl#hasExactSynonym>	"odontogenic tissue"	
<http://purl.obolibrary.org/obo/XAO_0004332>	<http://www.geneontology.org/formats/oboInOwl#hasExactSynonym>	"external mandibular levator muscle"	
<http://purl.obolibrary.org/obo/XAO_0004332>	<http://www.geneontology.org/formats/oboInOwl#hasExactSynonym>	"mlme"	
<http://purl.obolibrary.org/obo/XAO_0004623>	<http://www.geneontology.org/formats/oboInOwl#hasExactSynonym>	"sclerotome of somite 18"	
<http://purl.obolibrary.org/obo/XAO_0004623>	<http://www.geneontology.org/formats/oboInOwl#hasExactSynonym>	"sclerotome of trunk somite 18"	
<http://purl.obolibrary.org/obo/XAO_1000090>	<http://www.geneontology.org/formats/oboInOwl#hasExactSynonym>	"prometamorphosis"	
<http://purl.obolibrary.org/obo/XAO_0005004>	<http://www.geneontology.org/formats/oboInOwl#hasExactSynonym>	"adult gut epithelium"	
<http://purl.obolibrary.org/obo/XAO_0000416>	<http://www.geneontology.org/formats/oboInOwl#hasExactSynonym>	"somite 8"	
<http://purl.obolibrary.org/obo/XAO_0005113>	<http://www.geneontology.org/formats/oboInOwl#hasExactSynonym>	"DAHB"	
<http://purl.obolibrary.org/obo/XAO_0000067>	<http://www.geneontology.org/formats/oboInOwl#hasExactSynonym>	"VBI"	
<http://purl.obolibrary.org/obo/XAO_0005051>	<http://www.geneontology.org/formats/oboInOwl#hasExactSynonym>	"RM"	
<http://purl.obolibrary.org/obo/XAO_0003120>	<http://www.geneontology.org/formats/oboInOwl#hasExactSynonym>	"myotome of somite 8"	
<http://purl.obolibrary.org/obo/XAO_0000408>	<http://www.geneontology.org/formats/oboInOwl#hasExactSynonym>	"somite 3"	
<http://purl.obolibrary.org/obo/XAO_0004177>	<http://www.geneontology.org/formats/oboInOwl#hasExactSynonym>	"DLAV"	
<http://purl.obolibrary.org/obo/XAO_0004295>	<http://www.geneontology.org/formats/oboInOwl#hasExactSynonym>	"upper arm"	
<http://purl.obolibrary.org/obo/XAO_0004085>	<http://www.geneontology.org/formats/oboInOwl#hasExactSynonym>	"IC"	
<http://purl.obolibrary.org/obo/XAO_0004236>	<http://www.geneontology.org/formats/oboInOwl#hasExactSynonym>	"basal hypothalamus"	
<http://purl.obolibrary.org/obo/XAO_0003209>	<http://www.geneontology.org/formats/oboInOwl#hasExactSynonym>	"radius-ulna"	
<http://purl.obolibrary.org/obo/XAO_0003209>	<http://www.geneontology.org/formats/oboInOwl#hasExactSynonym>	"radioulna"	
<http://purl.obolibrary.org/obo/XAO_0004345>	<http://www.geneontology.org/formats/oboInOwl#hasExactSynonym>	"mcbIII"	
<http://purl.obolibrary.org/obo/XAO_0004371>	<http://www.geneontology.org/formats/oboInOwl#hasExactSynonym>	"paspq"	
<http://purl.obolibrary.org/obo/XAO_0004379>	<http://www.geneontology.org/formats/oboInOwl#hasExactSynonym>	"prmc"	
<http://purl.obolibrary.org/obo/XAO_0004266>	<http://www.geneontology.org/formats/oboInOwl#hasExactSynonym>	"r8"	
<http://purl.obolibrary.org/obo/XAO_0004266>	<http://www.geneontology.org/formats/oboInOwl#hasExactSynonym>	"rhombomere 8"	
<http://purl.obolibrary.org/obo/XAO_0000365>	<http://www.geneontology.org/formats/oboInOwl#hasExactSynonym>	"subclavian artery"	
<http://purl.obolibrary.org/obo/XAO_0000007>	<http://www.geneontology.org/formats/oboInOwl#hasExactSynonym>	"ventral eyelid"	
<http://purl.obolibrary.org/obo/XAO_0004388>	<http://www.geneontology.org/formats/oboInOwl#hasExactSynonym>	"RPCR"	
<http://purl.obolibrary.org/obo/XAO_0004388>	<http://www.geneontology.org/formats/oboInOwl#hasExactSynonym>	"ciliary marginal zone progenitor cell region"	
<http://purl.obolibrary.org/obo/XAO_0004388>	<http://www.geneontology.org/formats/oboInOwl#hasExactSynonym>	"CMZ progenitor cell region"	
<http://purl.obolibrary.org/obo/XAO_0004207>	<http://www.geneontology.org/formats/oboInOwl#hasExactSynonym>	"PPA"	
<http://purl.obolibrary.org/obo/XAO_1000015>	<http://www.geneontology.org/formats/oboInOwl#hasExactSynonym>	"16-cell stage"	
<http://purl.obolibrary.org/obo/XAO_0003134>	<http://www.geneontology.org/formats/oboInOwl#hasExactSynonym>	"myotome of somite 13"	
<http://purl.obolibrary.org/obo/XAO_0005189>	<http://www.geneontology.org/formats/oboInOwl#hasExactSynonym>	"posterior lobe of neurohypophysis"	
<http://purl.obolibrary.org/obo/XAO_0005189>	<http://www.geneontology.org/formats/oboInOwl#hasExactSynonym>	"neural lobe of neurohypophysis"	
<http://purl.obolibrary.org/obo/XAO_0000424>	<http://www.geneontology.org/formats/oboInOwl#hasExactSynonym>	"trunk somite 16"	
<http://purl.obolibrary.org/obo/XAO_0000424>	<http://www.geneontology.org/formats/oboInOwl#hasExactSynonym>	"somite 16"	
<http://purl.obolibrary.org/obo/XAO_0004359>	<http://www.geneontology.org/formats/oboInOwl#hasExactSynonym>	"cbl-I"	
<http://purl.obolibrary.org/obo/XAO_0004583>	<http://www.geneontology.org/formats/oboInOwl#hasExactSynonym>	"PO"	
<http://purl.obolibrary.org/obo/XAO_0004395>	<http://www.geneontology.org/formats/oboInOwl#hasExactSynonym>	"central vegetal cell mass"	
<http://purl.obolibrary.org/obo/XAO_0000253>	<http://www.geneontology.org/formats/oboInOwl#hasExactSynonym>	"NIMZ"	
<http://purl.obolibrary.org/obo/XAO_0004223>	<http://www.geneontology.org/formats/oboInOwl#hasExactSynonym>	"pP"	
<http://purl.obolibrary.org/obo/XAO_0000287>	<http://www.geneontology.org/formats/oboInOwl#hasExactSynonym>	"intermediate tubule segment 1"	
<http://purl.obolibrary.org/obo/XAO_0000287>	<http://www.geneontology.org/formats/oboInOwl#hasExactSynonym>	"pronephric early distal tubule"	
<http://purl.obolibrary.org/obo/XAO_0000287>	<http://www.geneontology.org/formats/oboInOwl#hasExactSynonym>	"pronephric distal early tubule"	
<http://purl.obolibrary.org/obo/XAO_0000287>	<http://www.geneontology.org/formats/oboInOwl#hasExactSynonym>	"IT1"	
<http://purl.obolibrary.org/obo/XAO_0000287>	<http://www.geneontology.org/formats/oboInOwl#hasExactSynonym>	"distal early tubule"	
<http://purl.obolibrary.org/obo/XAO_0000287>	<http://www.geneontology.org/formats/oboInOwl#hasExactSynonym>	"intermediate tubule"	
<http://purl.obolibrary.org/obo/XAO_0004198>	<http://www.geneontology.org/formats/oboInOwl#hasExactSynonym>	"tooth enamel"	
<http://purl.obolibrary.org/obo/XAO_0004198>	<http://www.geneontology.org/formats/oboInOwl#hasExactSynonym>	"enamel tissue"	
